
  ....................................................................
  :   OUTRUN OS  --  bare-metal kernel 0.57.0-metal                   :
  :   Assembly bootstrap -> x86_64 long mode -> freestanding C core  :
  ....................................................................

[kernel ] long mode active, kernel at 1 MiB, first GiB identity-mapped
[kernel ] IDT loaded (52 vectors incl. IPI 48-50 + slice tick 51), PIC remapped, PIT @ 100 Hz, IRQs on
[kernel ] consoles: VGA text + COM1 serial (115200 8N1) — both live
[kernel ] booted by: GRUB 2.12-1ubuntu7.3
[kernel ] boot module 'user_init.elf' at phys 00000000002d2000..00000000002e4688 (user ELF)
[kernel ] physical memory map (Multiboot2):
           0000000000000000 + 000000000009fc00  USABLE RAM
           000000000009fc00 + 0000000000000400  reserved
           00000000000f0000 + 0000000000010000  reserved
           0000000000100000 + 000000001fedc000  USABLE RAM
           000000001ffdc000 + 0000000000024000  reserved
           00000000b0000000 + 0000000010000000  reserved
           00000000fed1c000 + 0000000000004000  reserved
           00000000fffc0000 + 0000000000040000  reserved
           000000fd00000000 + 0000000300000000  reserved
           total usable: 511 MiB
[kernel ] framebuffer: 1024x768 x32 bpp, pitch 4096, phys 00000000fe000000
[acpi   ] RSDP (ACPI 1.0) provided by bootloader
[kernel ] capability table initialized (16 slots, kernel-owned)
[kernel ] paging: boot PML4 @ phys 000000000014e000; process frame pool from 16 MiB
[kernel ] W^X enforced: kernel .text R+X, all other pages RW+NX
[sweep  ] descriptor-table integrity sweep armed: 64 entries/tick @ 100 Hz

-- real 4-level page-table hardware passthrough --
[hw     ] device 'sensor0' registers at phys 0000000001002000, sentinel 0x00000000cafebabe, requires CAMERA
[kernel ] spawned pid 1 'stream-app' caps 0000000000000003 — private PML4 @ phys 0000000001003000
[kernel ] spawned pid 2 'sketchy-app' caps 0000000000000020 — private PML4 @ phys 0000000001004000

[test   ] authorized process maps the device:
[hw     ] GRANT  pid 1 'stream-app' -> 'sensor0': phys 0000000001002000 mapped at vaddr 0000400040000000 (1 pages)
[paging ] 'stream-app' PTE: vaddr 0000400040000000 -> phys 0000000001002000
[paging ] 'stream-app' read through its OWN address space: 0x00000000cafebabe  == sentinel (REAL mapping resolves)

[test   ] unauthorized process attempts the same device:
[hw     ] DENIED pid 2 'sketchy-app' -> 'sensor0': lacks CAP_HW_PASSTHROUGH
[paging ] 'sketchy-app' passthrough returned -2; device vaddr present in its space? NO (sandboxed, nothing mapped)
-- done: authorized app holds a real MMIO mapping; unauthorized was dropped --
[iommu  ] DMAR found: host address width 39 bits, flags 0
[iommu  ] DRHD #1: regs @ phys 00000000fed90000  segment 0  scoped devices
[iommu  ] VT-d version 1.0  cap 00d2008c22260286  ecap 0000000000000f42
[iommu  ] domains 65536  MGAW 39-bit  SAGAW 2  superpages 3  no IR
[iommu  ] second-level tables: 3-level, 2 MiB pages, identity-mapped 1024 MiB
[iommu  ] DMA REMAPPING ENABLED (GSTS.TES set) — every device DMA now walks our page tables

[pci    ] enumerating bus 0 (config mechanism #1, ports 0xCF8/0xCFC):
[pci    ]   0:00.0  vendor 8086 device 29c0 class 600
[pci    ]   1:00.0  vendor 1af4 device 1050 class 300
[vgpu   ] virtio-gpu at 0:1.0 — bringing up control queue
[vgpu   ] DRIVER_OK — controlq size 16, notify_off 0 — READY (2D resources only, polling completion)
[pci    ]   2:00.0  vendor 1af4 device 1042 class 100
[vblk   ] virtio-blk at 0:2.0 — bringing up modern driver
[vblk   ] device features: hi 103 lo 30007e54 (VERSION_1=1)
[vblk   ] negotiated VIRTIO_F_ACCESS_PLATFORM (DMA via IOMMU)
[vblk   ] capacity: 8192 sectors (4 MiB)
[vblk   ] DRIVER_OK — queue0 size 64, notify_off 0, mult 4 — READY
[vblk   ] interrupt-driven: INTx on IRQ 11 (vector 43), ISR reg mapped
[pci    ]   3:00.0  vendor 1af4 device 1041 class 200
[vnet   ] virtio-net at 0:3.0 — bringing up modern driver
[vnet   ] negotiated VIRTIO_F_ACCESS_PLATFORM (DMA via IOMMU)
[vnet   ] MAC 52:54:0:ab:cd:ef
[vnet   ] DRIVER_OK — rxq 16 txq 16, INTx IRQ 11 — READY
[pci    ]   31:00.0  vendor 8086 device 2918 class 601
[sched  ] round-robin up: main=tid0, idle=tid1 (PIT preemption on demand)
[poly   ] C++ SPSC ring: pushed 12, popped 12 -> "polyglot-ipc" (depth 0)
-- content-addressable storage on virtio-blk (Rust-hashed) --
[cas    ] no volume signature; formatting a fresh CAS volume
[cas    ] formatted 8192 blocks: bitmap@1(2) index@3(512) dir@515(32) vjrnl@547(33) cjrnl@580(4) data@616
[cas    ]   raw-block scratch region: 32 block(s) at 584 (reserved, never allocated)
[cas    ] put len 46 hash 155c834afdff66eb -> block 616 (stored)
[cas    ] put len 47 hash bc6c7bd024077f72 -> block 617 (stored)
[cas    ] put len 46 hash 155c834afdff66eb -> DEDUP to block 616 (no write)
[cas    ] get 155c834afdff66eb -> "Hello, Outrun CAS! The content is the address." (46 bytes read from disk)
[cas    ] dedup: hash(a)==hash(a')? YES ; blocks used this run +2
[vblk   ] I/O completions delivered by INTERRUPT: 615
-- done (state persisted to disk) --
-- VFS: named files over CAS (multi-block, dedup, copy-on-write) --
[cas    ] put len 512 hash 283c1f83cff9ad6c -> block 618 (stored)
[cas    ] put len 512 hash 16629655a6c80b54 -> block 619 (stored)
[cas    ] put len 512 hash 5c41c703d97cddf8 -> block 620 (stored)
[cas    ] put len 512 hash b79de96fbf1825b8 -> block 621 (stored)
[cas    ] put len 512 hash c19e7f06eb7c79d0 -> block 622 (stored)
[cas    ] put len 512 hash 99e97dc701c96e37 -> block 623 (stored)
[cas    ] put len 512 hash 342d2b7ae70a6113 -> block 624 (stored)
[cas    ] put len 512 hash 1ea798dfe0d513c6 -> block 625 (stored)
[cas    ] put len 512 hash f7a5a88bcd0629a2 -> block 626 (stored)
[cas    ] put len 512 hash 31896655d91e6fe4 -> block 627 (stored)
[cas    ] put len 512 hash 22fb2a7330d72d0a -> block 628 (stored)
[cas    ] put len 512 hash 7e496a061afdc868 -> block 629 (stored)
[cas    ] put len 512 hash c09ebf12b9f9215c -> block 630 (stored)
[cas    ] put len 512 hash b45955e884a0f94f -> block 631 (stored)
[cas    ] put len 512 hash 8174defd6f049c81 -> block 632 (stored)
[cas    ] put len 512 hash b536fb382fd80e6d -> block 633 (stored)
[cas    ] put len 512 hash cbecbfcdc8599470 -> block 634 (stored)
[cas    ] put len 512 hash c14672390d692b15 -> block 635 (stored)
[cas    ] put len 512 hash e2d31bf578c9e22a -> block 636 (stored)
[cas    ] put len 512 hash 02c29bef023dd120 -> block 637 (stored)
[cas    ] put len 512 hash a0ac90903ed4c08d -> block 638 (stored)
[cas    ] put len 512 hash 6c7ccaec510a5a60 -> block 639 (stored)
[cas    ] put len 512 hash c6d00f64aa6fd143 -> block 640 (stored)
[cas    ] put len 512 hash 7a59b2418191b1ae -> block 641 (stored)
[cas    ] put len 512 hash b3b7261d89b241c3 -> block 642 (stored)
[cas    ] put len 512 hash 809702c1c3734163 -> block 643 (stored)
[cas    ] put len 512 hash 8fb8d077bdb28e2c -> block 644 (stored)
[cas    ] put len 512 hash 601468e3dc054cc8 -> block 645 (stored)
[cas    ] put len 512 hash 8277356999afebc7 -> block 646 (stored)
[cas    ] put len 512 hash ab2c0eb4fff7d4be -> block 647 (stored)
[cas    ] put len 512 hash 6bdcd66653514248 -> block 648 (stored)
[cas    ] put len 512 hash df7024fc59275404 -> block 649 (stored)
[cas    ] put len 512 hash f29d1fc727085618 -> block 650 (stored)
[cas    ] put len 512 hash b2042b5f2b47d948 -> block 651 (stored)
[cas    ] put len 512 hash 4c48e7aaa1563bd1 -> block 652 (stored)
[cas    ] put len 512 hash a31d846ffa212019 -> block 653 (stored)
[cas    ] put len 512 hash 52713510a76ef545 -> block 654 (stored)
[cas    ] put len 512 hash 04af7fe909d30ddb -> block 655 (stored)
[cas    ] put len 512 hash 601fcb83f024df49 -> block 656 (stored)
[cas    ] put len 512 hash cdeaa9ba354d38db -> block 657 (stored)
[cas    ] put len 512 hash 60a294edd265c995 -> block 658 (stored)
[cas    ] put len 512 hash a6ea0d757d1a3311 -> block 659 (stored)
[cas    ] put len 512 hash 6c86696232b8dbf8 -> block 660 (stored)
[cas    ] put len 512 hash 9d5f4b0e220b7d49 -> block 661 (stored)
[cas    ] put len 512 hash e65e09831f8820dd -> block 662 (stored)
[cas    ] put len 512 hash 8841405ad54fadb6 -> block 663 (stored)
[cas    ] put len 512 hash 7d7dcd16135439eb -> block 664 (stored)
[cas    ] put len 512 hash 6fed86e083fe90e6 -> block 665 (stored)
[cas    ] put len 512 hash 2e31435cc05a3121 -> block 666 (stored)
[cas    ] put len 512 hash 030b1d81b74121b1 -> block 667 (stored)
[cas    ] put len 512 hash a03d5cae1eb5a861 -> block 668 (stored)
[cas    ] put len 512 hash ed84cfd7e1fb1bf5 -> block 669 (stored)
[cas    ] put len 512 hash 6bfce4ae0858b0cc -> block 670 (stored)
[cas    ] put len 512 hash 6d6dad4315408ebc -> block 671 (stored)
[cas    ] put len 512 hash 0db4061667f286ad -> block 672 (stored)
[cas    ] put len 512 hash a9f804c1eb2a0ef2 -> block 673 (stored)
[cas    ] put len 512 hash 5ba17bbc7b7ce6c5 -> block 674 (stored)
[cas    ] put len 512 hash a2a81cd48ef3a57c -> block 675 (stored)
[cas    ] put len 512 hash dda30de1833c88b0 -> block 676 (stored)
[cas    ] put len 512 hash c34901b45aba7ebf -> block 677 (stored)
[cas    ] put len 512 hash 90b356b333e64ca6 -> block 678 (stored)
[cas    ] put len 512 hash 8bfdb37b4bda55d7 -> block 679 (stored)
[cas    ] put len 512 hash 77560cded39c9f47 -> block 680 (stored)
[cas    ] put len 512 hash 54a6906d42365cb9 -> block 681 (stored)
[cas    ] put len 512 hash 7a7d59b723984935 -> block 682 (stored)
[cas    ] put len 512 hash bf01ce0815f1454d -> block 683 (stored)
[cas    ] put len 512 hash d186a3c900ccda17 -> block 684 (stored)
[cas    ] put len 512 hash 25d4873c820fab5c -> block 685 (stored)
[cas    ] put len 512 hash 96b317cdb4df51e8 -> block 686 (stored)
[cas    ] put len 512 hash ef63f440cd03b504 -> block 687 (stored)
[cas    ] put len 512 hash c546e3f536c06acb -> block 688 (stored)
[cas    ] put len 512 hash 9fa3d0d5f8aac291 -> block 689 (stored)
[cas    ] put len 512 hash a93de40d51a10f1f -> block 690 (stored)
[cas    ] put len 512 hash c3067c30b7cb9e01 -> block 691 (stored)
[cas    ] put len 512 hash b6fcce1cbce51fc2 -> block 692 (stored)
[cas    ] put len 512 hash 8781e9bd8af66160 -> block 693 (stored)
[cas    ] put len 512 hash 22eb4ca1b5aa54b2 -> block 694 (stored)
[cas    ] put len 512 hash a0e65af1a730d80d -> block 695 (stored)
[cas    ] put len 512 hash df3f84d906c384f2 -> block 696 (stored)
[cas    ] put len 512 hash 4e41088587cdf6f4 -> block 697 (stored)
[cas    ] put len 512 hash 0a81e4ea18b69149 -> block 698 (stored)
[cas    ] put len 512 hash 65c7af84d363b31c -> block 699 (stored)
[cas    ] put len 512 hash 4c8e8755e715c7e9 -> block 700 (stored)
[cas    ] put len 512 hash 743a01fbd5a1da2c -> block 701 (stored)
[cas    ] put len 512 hash 42a91272572c67d8 -> block 702 (stored)
[cas    ] put len 512 hash 22e310df68286949 -> block 703 (stored)
[cas    ] put len 512 hash 2c7ae31d63a36780 -> block 704 (stored)
[cas    ] put len 512 hash 007786f506aa4cd3 -> block 705 (stored)
[cas    ] put len 512 hash 93feae334ec4fe1c -> block 706 (stored)
[cas    ] put len 512 hash 66106576d22dc3e2 -> block 707 (stored)
[cas    ] put len 512 hash 679ce23f36494afe -> block 708 (stored)
[cas    ] put len 512 hash 7920405479821ff0 -> block 709 (stored)
[cas    ] put len 512 hash 641b9bf5565fa136 -> block 710 (stored)
[cas    ] put len 512 hash b1c442552ef3c858 -> block 711 (stored)
[cas    ] put len 512 hash 42a2e8505e48ece1 -> block 712 (stored)
[cas    ] put len 512 hash 97a69c6b379f75b9 -> block 713 (stored)
[cas    ] put len 512 hash 6d127bed18e05828 -> block 714 (stored)
[cas    ] put len 512 hash 1f9dd3a4891eb4d3 -> block 715 (stored)
[cas    ] put len 512 hash ee632e36223abd9e -> block 716 (stored)
[cas    ] put len 512 hash 83cc549b5f884ee1 -> block 717 (stored)
[cas    ] put len 512 hash ae3a9701784d0b0f -> block 718 (stored)
[cas    ] put len 512 hash 0dac7a550880cbd0 -> block 719 (stored)
[cas    ] put len 512 hash 0ad81cefc488b7a8 -> block 720 (stored)
[cas    ] put len 512 hash 341b84aa7e6ad3ef -> block 721 (stored)
[cas    ] put len 512 hash 98763caa37e7443b -> block 722 (stored)
[cas    ] put len 512 hash c0559ca2e3cc6713 -> block 723 (stored)
[cas    ] put len 512 hash 74bc4f02042534f0 -> block 724 (stored)
[cas    ] put len 512 hash 9484ba6e53156b6b -> block 725 (stored)
[cas    ] put len 512 hash 741e3b2ce502bbd9 -> block 726 (stored)
[cas    ] put len 512 hash 7e52e46308a8bece -> block 727 (stored)
[cas    ] put len 512 hash 4524640039b75991 -> block 728 (stored)
[cas    ] put len 512 hash 5dee4e7cdf9e1c09 -> block 729 (stored)
[cas    ] put len 512 hash 27a8c5fbbd5b4c27 -> block 730 (stored)
[cas    ] put len 512 hash 25b431305ab3f6af -> block 731 (stored)
[cas    ] put len 512 hash 872d91499c877c77 -> block 732 (stored)
[cas    ] put len 512 hash beecf6fa9c2a174d -> block 733 (stored)
[cas    ] put len 512 hash de49107cff909c79 -> block 734 (stored)
[cas    ] put len 512 hash 9381ce87c027047e -> block 735 (stored)
[cas    ] put len 512 hash 08a6b6a43889d470 -> block 736 (stored)
[cas    ] put len 512 hash 2c5fea0a2f52c71f -> block 737 (stored)
[cas    ] put len 512 hash be17dbff7543353a -> block 738 (stored)
[cas    ] put len 512 hash 8e9eeacdaab85583 -> block 739 (stored)
[cas    ] put len 512 hash e0fa52d6a383cb64 -> block 740 (stored)
[cas    ] put len 512 hash 1a540585a97b0e29 -> block 741 (stored)
[cas    ] put len 512 hash 243c25a140099dc4 -> block 742 (stored)
[cas    ] put len 512 hash 367b5716fe455d6b -> block 743 (stored)
[cas    ] put len 512 hash 9f8864b9c6043a0e -> block 744 (stored)
[cas    ] put len 512 hash 03b4a4bbd06ad911 -> block 745 (stored)
[cas    ] put len 512 hash 52a593684d9c6bff -> block 746 (stored)
[cas    ] put len 512 hash 20db7abf698952e0 -> block 747 (stored)
[cas    ] put len 512 hash eded70e163b23676 -> block 748 (stored)
[cas    ] put len 512 hash dc90c0fc5bbba19c -> block 749 (stored)
[cas    ] put len 512 hash e4ce524b9c61988e -> block 750 (stored)
[cas    ] put len 512 hash e146af444226a07a -> block 751 (stored)
[cas    ] put len 512 hash 6935659f9a9091bd -> block 752 (stored)
[cas    ] put len 512 hash 2037c356805eb9f8 -> block 753 (stored)
[cas    ] put len 512 hash 1da2fac28630caca -> block 754 (stored)
[cas    ] put len 512 hash b9070509df3d1af0 -> block 755 (stored)
[cas    ] put len 512 hash 7a1a2a892707d093 -> block 756 (stored)
[cas    ] put len 512 hash 8f70124b74c64e41 -> block 757 (stored)
[cas    ] put len 512 hash 5abfc16d5d534cfa -> block 758 (stored)
[cas    ] put len 512 hash 8140a62a8fafdf51 -> block 759 (stored)
[cas    ] put len 512 hash 7f04fa565c7336c5 -> block 760 (stored)
[cas    ] put len 512 hash ed8347748be25877 -> block 761 (stored)
[cas    ] put len 512 hash ca492f28d6fd5641 -> block 762 (stored)
[cas    ] put len 512 hash 6e74ebe98693f77f -> block 763 (stored)
[cas    ] put len 512 hash b868139760f006ed -> block 764 (stored)
[cas    ] put len 136 hash 2674aa20cf8bc698 -> block 765 (stored)
[cas    ] put len 512 hash e6db94bbf528a473 -> block 766 (stored)
[cas    ] put len 512 hash a7c39f860e3e0c99 -> block 767 (stored)
[cas    ] put len 512 hash 2589f4b1af428ad3 -> block 768 (stored)
[cas    ] put len 512 hash f5aef9805a0337c0 -> block 769 (stored)
[cas    ] put len 512 hash 283c1f83cff9ad6c -> DEDUP to block 618 (no write)
[cas    ] put len 512 hash 16629655a6c80b54 -> DEDUP to block 619 (no write)
[cas    ] put len 512 hash 5c41c703d97cddf8 -> DEDUP to block 620 (no write)
[cas    ] put len 512 hash b79de96fbf1825b8 -> DEDUP to block 621 (no write)
[cas    ] put len 512 hash c19e7f06eb7c79d0 -> DEDUP to block 622 (no write)
[cas    ] put len 512 hash 99e97dc701c96e37 -> DEDUP to block 623 (no write)
[cas    ] put len 512 hash 342d2b7ae70a6113 -> DEDUP to block 624 (no write)
[cas    ] put len 512 hash 1ea798dfe0d513c6 -> DEDUP to block 625 (no write)
[cas    ] put len 512 hash f7a5a88bcd0629a2 -> DEDUP to block 626 (no write)
[cas    ] put len 512 hash 31896655d91e6fe4 -> DEDUP to block 627 (no write)
[cas    ] put len 512 hash 22fb2a7330d72d0a -> DEDUP to block 628 (no write)
[cas    ] put len 512 hash 7e496a061afdc868 -> DEDUP to block 629 (no write)
[cas    ] put len 512 hash c09ebf12b9f9215c -> DEDUP to block 630 (no write)
[cas    ] put len 512 hash b45955e884a0f94f -> DEDUP to block 631 (no write)
[cas    ] put len 512 hash 8174defd6f049c81 -> DEDUP to block 632 (no write)
[cas    ] put len 512 hash b536fb382fd80e6d -> DEDUP to block 633 (no write)
[cas    ] put len 512 hash cbecbfcdc8599470 -> DEDUP to block 634 (no write)
[cas    ] put len 512 hash c14672390d692b15 -> DEDUP to block 635 (no write)
[cas    ] put len 512 hash e2d31bf578c9e22a -> DEDUP to block 636 (no write)
[cas    ] put len 512 hash 02c29bef023dd120 -> DEDUP to block 637 (no write)
[cas    ] put len 512 hash a0ac90903ed4c08d -> DEDUP to block 638 (no write)
[cas    ] put len 512 hash 6c7ccaec510a5a60 -> DEDUP to block 639 (no write)
[cas    ] put len 512 hash c6d00f64aa6fd143 -> DEDUP to block 640 (no write)
[cas    ] put len 512 hash 7a59b2418191b1ae -> DEDUP to block 641 (no write)
[cas    ] put len 512 hash b3b7261d89b241c3 -> DEDUP to block 642 (no write)
[cas    ] put len 512 hash 809702c1c3734163 -> DEDUP to block 643 (no write)
[cas    ] put len 512 hash 8fb8d077bdb28e2c -> DEDUP to block 644 (no write)
[cas    ] put len 512 hash 601468e3dc054cc8 -> DEDUP to block 645 (no write)
[cas    ] put len 512 hash 8277356999afebc7 -> DEDUP to block 646 (no write)
[cas    ] put len 512 hash ab2c0eb4fff7d4be -> DEDUP to block 647 (no write)
[cas    ] put len 512 hash 6bdcd66653514248 -> DEDUP to block 648 (no write)
[cas    ] put len 512 hash df7024fc59275404 -> DEDUP to block 649 (no write)
[cas    ] put len 512 hash f29d1fc727085618 -> DEDUP to block 650 (no write)
[cas    ] put len 512 hash b2042b5f2b47d948 -> DEDUP to block 651 (no write)
[cas    ] put len 512 hash 4c48e7aaa1563bd1 -> DEDUP to block 652 (no write)
[cas    ] put len 512 hash a31d846ffa212019 -> DEDUP to block 653 (no write)
[cas    ] put len 512 hash 52713510a76ef545 -> DEDUP to block 654 (no write)
[cas    ] put len 512 hash 04af7fe909d30ddb -> DEDUP to block 655 (no write)
[cas    ] put len 512 hash 601fcb83f024df49 -> DEDUP to block 656 (no write)
[cas    ] put len 512 hash cdeaa9ba354d38db -> DEDUP to block 657 (no write)
[cas    ] put len 512 hash 60a294edd265c995 -> DEDUP to block 658 (no write)
[cas    ] put len 512 hash a6ea0d757d1a3311 -> DEDUP to block 659 (no write)
[cas    ] put len 512 hash 6c86696232b8dbf8 -> DEDUP to block 660 (no write)
[cas    ] put len 512 hash 9d5f4b0e220b7d49 -> DEDUP to block 661 (no write)
[cas    ] put len 512 hash e65e09831f8820dd -> DEDUP to block 662 (no write)
[cas    ] put len 512 hash 8841405ad54fadb6 -> DEDUP to block 663 (no write)
[cas    ] put len 512 hash 7d7dcd16135439eb -> DEDUP to block 664 (no write)
[cas    ] put len 512 hash 6fed86e083fe90e6 -> DEDUP to block 665 (no write)
[cas    ] put len 512 hash 2e31435cc05a3121 -> DEDUP to block 666 (no write)
[cas    ] put len 512 hash 030b1d81b74121b1 -> DEDUP to block 667 (no write)
[cas    ] put len 512 hash a03d5cae1eb5a861 -> DEDUP to block 668 (no write)
[cas    ] put len 512 hash ed84cfd7e1fb1bf5 -> DEDUP to block 669 (no write)
[cas    ] put len 512 hash 6bfce4ae0858b0cc -> DEDUP to block 670 (no write)
[cas    ] put len 512 hash 6d6dad4315408ebc -> DEDUP to block 671 (no write)
[cas    ] put len 512 hash 0db4061667f286ad -> DEDUP to block 672 (no write)
[cas    ] put len 512 hash a9f804c1eb2a0ef2 -> DEDUP to block 673 (no write)
[cas    ] put len 512 hash 5ba17bbc7b7ce6c5 -> DEDUP to block 674 (no write)
[cas    ] put len 512 hash a2a81cd48ef3a57c -> DEDUP to block 675 (no write)
[cas    ] put len 512 hash dda30de1833c88b0 -> DEDUP to block 676 (no write)
[cas    ] put len 512 hash c34901b45aba7ebf -> DEDUP to block 677 (no write)
[cas    ] put len 512 hash 90b356b333e64ca6 -> DEDUP to block 678 (no write)
[cas    ] put len 512 hash 8bfdb37b4bda55d7 -> DEDUP to block 679 (no write)
[cas    ] put len 512 hash 77560cded39c9f47 -> DEDUP to block 680 (no write)
[cas    ] put len 512 hash 54a6906d42365cb9 -> DEDUP to block 681 (no write)
[cas    ] put len 512 hash 7a7d59b723984935 -> DEDUP to block 682 (no write)
[cas    ] put len 512 hash bf01ce0815f1454d -> DEDUP to block 683 (no write)
[cas    ] put len 512 hash d186a3c900ccda17 -> DEDUP to block 684 (no write)
[cas    ] put len 512 hash 25d4873c820fab5c -> DEDUP to block 685 (no write)
[cas    ] put len 512 hash 96b317cdb4df51e8 -> DEDUP to block 686 (no write)
[cas    ] put len 512 hash ef63f440cd03b504 -> DEDUP to block 687 (no write)
[cas    ] put len 512 hash c546e3f536c06acb -> DEDUP to block 688 (no write)
[cas    ] put len 512 hash 9fa3d0d5f8aac291 -> DEDUP to block 689 (no write)
[cas    ] put len 512 hash a93de40d51a10f1f -> DEDUP to block 690 (no write)
[cas    ] put len 512 hash c3067c30b7cb9e01 -> DEDUP to block 691 (no write)
[cas    ] put len 512 hash b6fcce1cbce51fc2 -> DEDUP to block 692 (no write)
[cas    ] put len 512 hash 8781e9bd8af66160 -> DEDUP to block 693 (no write)
[cas    ] put len 512 hash 22eb4ca1b5aa54b2 -> DEDUP to block 694 (no write)
[cas    ] put len 512 hash a0e65af1a730d80d -> DEDUP to block 695 (no write)
[cas    ] put len 512 hash df3f84d906c384f2 -> DEDUP to block 696 (no write)
[cas    ] put len 512 hash 4e41088587cdf6f4 -> DEDUP to block 697 (no write)
[cas    ] put len 512 hash 0a81e4ea18b69149 -> DEDUP to block 698 (no write)
[cas    ] put len 512 hash 65c7af84d363b31c -> DEDUP to block 699 (no write)
[cas    ] put len 512 hash 4c8e8755e715c7e9 -> DEDUP to block 700 (no write)
[cas    ] put len 512 hash 743a01fbd5a1da2c -> DEDUP to block 701 (no write)
[cas    ] put len 512 hash 42a91272572c67d8 -> DEDUP to block 702 (no write)
[cas    ] put len 512 hash 22e310df68286949 -> DEDUP to block 703 (no write)
[cas    ] put len 512 hash 2c7ae31d63a36780 -> DEDUP to block 704 (no write)
[cas    ] put len 512 hash 007786f506aa4cd3 -> DEDUP to block 705 (no write)
[cas    ] put len 512 hash 93feae334ec4fe1c -> DEDUP to block 706 (no write)
[cas    ] put len 512 hash 66106576d22dc3e2 -> DEDUP to block 707 (no write)
[cas    ] put len 512 hash 679ce23f36494afe -> DEDUP to block 708 (no write)
[cas    ] put len 512 hash 7920405479821ff0 -> DEDUP to block 709 (no write)
[cas    ] put len 512 hash 641b9bf5565fa136 -> DEDUP to block 710 (no write)
[cas    ] put len 512 hash b1c442552ef3c858 -> DEDUP to block 711 (no write)
[cas    ] put len 512 hash 42a2e8505e48ece1 -> DEDUP to block 712 (no write)
[cas    ] put len 512 hash 97a69c6b379f75b9 -> DEDUP to block 713 (no write)
[cas    ] put len 512 hash 6d127bed18e05828 -> DEDUP to block 714 (no write)
[cas    ] put len 512 hash 1f9dd3a4891eb4d3 -> DEDUP to block 715 (no write)
[cas    ] put len 512 hash ee632e36223abd9e -> DEDUP to block 716 (no write)
[cas    ] put len 512 hash 83cc549b5f884ee1 -> DEDUP to block 717 (no write)
[cas    ] put len 512 hash ae3a9701784d0b0f -> DEDUP to block 718 (no write)
[cas    ] put len 512 hash 0dac7a550880cbd0 -> DEDUP to block 719 (no write)
[cas    ] put len 512 hash 0ad81cefc488b7a8 -> DEDUP to block 720 (no write)
[cas    ] put len 512 hash 341b84aa7e6ad3ef -> DEDUP to block 721 (no write)
[cas    ] put len 512 hash 98763caa37e7443b -> DEDUP to block 722 (no write)
[cas    ] put len 512 hash c0559ca2e3cc6713 -> DEDUP to block 723 (no write)
[cas    ] put len 512 hash 74bc4f02042534f0 -> DEDUP to block 724 (no write)
[cas    ] put len 512 hash 9484ba6e53156b6b -> DEDUP to block 725 (no write)
[cas    ] put len 512 hash 741e3b2ce502bbd9 -> DEDUP to block 726 (no write)
[cas    ] put len 512 hash 7e52e46308a8bece -> DEDUP to block 727 (no write)
[cas    ] put len 512 hash 4524640039b75991 -> DEDUP to block 728 (no write)
[cas    ] put len 512 hash 5dee4e7cdf9e1c09 -> DEDUP to block 729 (no write)
[cas    ] put len 512 hash 27a8c5fbbd5b4c27 -> DEDUP to block 730 (no write)
[cas    ] put len 512 hash 25b431305ab3f6af -> DEDUP to block 731 (no write)
[cas    ] put len 512 hash 872d91499c877c77 -> DEDUP to block 732 (no write)
[cas    ] put len 512 hash beecf6fa9c2a174d -> DEDUP to block 733 (no write)
[cas    ] put len 512 hash de49107cff909c79 -> DEDUP to block 734 (no write)
[cas    ] put len 512 hash 9381ce87c027047e -> DEDUP to block 735 (no write)
[cas    ] put len 512 hash 08a6b6a43889d470 -> DEDUP to block 736 (no write)
[cas    ] put len 512 hash 2c5fea0a2f52c71f -> DEDUP to block 737 (no write)
[cas    ] put len 512 hash be17dbff7543353a -> DEDUP to block 738 (no write)
[cas    ] put len 512 hash 8e9eeacdaab85583 -> DEDUP to block 739 (no write)
[cas    ] put len 512 hash e0fa52d6a383cb64 -> DEDUP to block 740 (no write)
[cas    ] put len 512 hash 1a540585a97b0e29 -> DEDUP to block 741 (no write)
[cas    ] put len 512 hash 243c25a140099dc4 -> DEDUP to block 742 (no write)
[cas    ] put len 512 hash 367b5716fe455d6b -> DEDUP to block 743 (no write)
[cas    ] put len 512 hash 9f8864b9c6043a0e -> DEDUP to block 744 (no write)
[cas    ] put len 512 hash 03b4a4bbd06ad911 -> DEDUP to block 745 (no write)
[cas    ] put len 512 hash 52a593684d9c6bff -> DEDUP to block 746 (no write)
[cas    ] put len 512 hash 20db7abf698952e0 -> DEDUP to block 747 (no write)
[cas    ] put len 512 hash eded70e163b23676 -> DEDUP to block 748 (no write)
[cas    ] put len 512 hash dc90c0fc5bbba19c -> DEDUP to block 749 (no write)
[cas    ] put len 512 hash e4ce524b9c61988e -> DEDUP to block 750 (no write)
[cas    ] put len 512 hash e146af444226a07a -> DEDUP to block 751 (no write)
[cas    ] put len 512 hash 6935659f9a9091bd -> DEDUP to block 752 (no write)
[cas    ] put len 512 hash 2037c356805eb9f8 -> DEDUP to block 753 (no write)
[cas    ] put len 512 hash 1da2fac28630caca -> DEDUP to block 754 (no write)
[cas    ] put len 512 hash b9070509df3d1af0 -> DEDUP to block 755 (no write)
[cas    ] put len 512 hash 7a1a2a892707d093 -> DEDUP to block 756 (no write)
[cas    ] put len 512 hash 8f70124b74c64e41 -> DEDUP to block 757 (no write)
[cas    ] put len 512 hash 5abfc16d5d534cfa -> DEDUP to block 758 (no write)
[cas    ] put len 512 hash 8140a62a8fafdf51 -> DEDUP to block 759 (no write)
[cas    ] put len 512 hash 7f04fa565c7336c5 -> DEDUP to block 760 (no write)
[cas    ] put len 512 hash ed8347748be25877 -> DEDUP to block 761 (no write)
[cas    ] put len 512 hash ca492f28d6fd5641 -> DEDUP to block 762 (no write)
[cas    ] put len 512 hash 6e74ebe98693f77f -> DEDUP to block 763 (no write)
[cas    ] put len 512 hash b868139760f006ed -> DEDUP to block 764 (no write)
[cas    ] put len 136 hash 2674aa20cf8bc698 -> DEDUP to block 765 (no write)
[cas    ] put len 512 hash e6db94bbf528a473 -> DEDUP to block 766 (no write)
[cas    ] put len 512 hash a7c39f860e3e0c99 -> DEDUP to block 767 (no write)
[cas    ] put len 512 hash 2589f4b1af428ad3 -> DEDUP to block 768 (no write)
[cas    ] put len 512 hash f5aef9805a0337c0 -> DEDUP to block 769 (no write)
[cas    ] put len 512 hash d1a9fdb1b665802a -> block 770 (stored)
[cas    ] put len 512 hash 63ef783144edd099 -> block 771 (stored)
[cas    ] put len 512 hash e8cfd51f050a500e -> block 772 (stored)
[cas    ] put len 512 hash 70ce5ccac17869b0 -> block 773 (stored)
[cas    ] put len 388 hash 4b6b3f543c8f806c -> block 774 (stored)
[cas    ] put len 512 hash 82f0c0b6af482e14 -> block 775 (stored)
[cas    ] put len 512 hash e80301acf63cf8e0 -> block 776 (stored)
[cas    ] put len 18 hash 2f71ffef9e1647df -> block 777 (stored)
[cas    ] put len 512 hash d3b73aebeaffbaae -> block 778 (stored)
[cas    ] put len 338 hash d6798ca1e451dba3 -> block 779 (stored)
[cas    ] put len 236 hash 35eb625e4b55e0db -> block 780 (stored)
[cas    ] put len 512 hash 03b3344f674dd7bf -> block 781 (stored)
[cas    ] put len 237 hash 89c7fd540a5245ec -> block 782 (stored)
[cas    ] put len 512 hash 92230377d5c0ec7b -> block 783 (stored)
[cas    ] put len 405 hash 39d22a9edb87e795 -> block 784 (stored)
[cas    ] put len 512 hash ade54827f00ed4ae -> block 785 (stored)
[cas    ] put len 416 hash c54ec09dd72780e1 -> block 786 (stored)
[cas    ] put len 512 hash 11188debb868a72c -> block 787 (stored)
[cas    ] put len 512 hash 7430f73288cf6b50 -> block 788 (stored)
[cas    ] put len 512 hash 17f2df541e2b4ef2 -> block 789 (stored)
[cas    ] put len 512 hash db2c65d66c2d9d09 -> block 790 (stored)
[cas    ] put len 512 hash 1a56537ed8c6ddc0 -> block 791 (stored)
[cas    ] put len 512 hash 8b55da0d44002fc6 -> block 792 (stored)
[cas    ] put len 512 hash 8b3db027ddc73974 -> block 793 (stored)
[cas    ] put len 512 hash bb5ba6b0de18c100 -> block 794 (stored)
[cas    ] put len 441 hash da88c8840c46a2f3 -> block 795 (stored)
[cas    ] put len 512 hash 1d0ce35c77705482 -> block 796 (stored)
[cas    ] put len 495 hash 003da873f8b391fe -> block 797 (stored)
[sdk    ] installed 9/9 SDK files (12702 bytes): 7 headers in /usr/include, the runtime + README in /usr/lib
[cas    ] put len 70 hash 84244543d2d93a3d -> block 798 (stored)
[cas    ] put len 512 hash aea49363f1ef848d -> block 799 (stored)
[cas    ] put len 512 hash fb04efdab6d2ed4d -> block 800 (stored)
[cas    ] put len 376 hash 7f4fe244e98a0963 -> block 801 (stored)
[vfs    ] directory:
[vfs    ]   /bin/init  (75400 bytes, 148 chunks, hash 178a7b0e23d1f07f)
[vfs    ]   /bin/occ  (75400 bytes, 148 chunks, hash 178a7b0e23d1f07f)
[vfs    ]   /usr/include/outrun_abi.h  (2436 bytes, 5 chunks, hash 2772bf5a00bb4289)
[vfs    ]   /usr/include/stdio.h  (1042 bytes, 3 chunks, hash 6483f514a3f0e163)
[vfs    ]   /usr/include/stdlib.h  (850 bytes, 2 chunks, hash 15d881c173141bd0)
[vfs    ]   /usr/include/string.h  (236 bytes, 1 chunks, hash 35eb625e4b55e0db)
[vfs    ]   /usr/include/unistd.h  (749 bytes, 2 chunks, hash ff80a2ecabd052d2)
[vfs    ]   /usr/include/signal.h  (917 bytes, 2 chunks, hash 76fed0b6b26b35c7)
[vfs    ]   /usr/include/pthread.h  (928 bytes, 2 chunks, hash fecc5ba3bfcccc0e)
[vfs    ]   /usr/lib/libc.oc  (4537 bytes, 9 chunks, hash dc11e0548ddce528)
[vfs    ]   /usr/lib/README  (1007 bytes, 2 chunks, hash f420065d37ac7407)
[vfs    ]   motd  (70 bytes, 1 chunks, hash 84244543d2d93a3d)
[vfs    ]   readme  (1400 bytes, 3 chunks, hash 0abbc20b3944d403)
[vfs    ] read 'readme' (1400 bytes, spans 3 blocks): content verified
[cas    ] put len 32 hash 50fc444c0771b178 -> block 802 (stored)
[vfs    ] copy-on-write 'motd': hash 84244543d2d93a3d -> 50fc444c0771b178 (immutable blocks, name repointed)
[cas    ] put len 512 hash aea49363f1ef848d -> DEDUP to block 799 (no write)
[cas    ] put len 512 hash fb04efdab6d2ed4d -> DEDUP to block 800 (no write)
[cas    ] put len 376 hash 7f4fe244e98a0963 -> DEDUP to block 801 (no write)
[vfs    ] 'readme_copy' identical to 'readme' -> blocks used +0 (CAS dedup)
-- done --
-- preemptive scheduler + multiple outstanding I/O --
[sched  ] submitted 8 reads without blocking; in-flight now 8
[sched  ] all 8 done; PEAK concurrent in-flight tags = 8
[worker ] tid5 did 4 write+read cycles: verified
[worker ] tid2 did 4 write+read cycles: verified
[worker ] tid3 did 4 write+read cycles: verified
[worker ] tid4 did 4 write+read cycles: verified
[sched  ] 4 worker threads completed; wakes routed to specific TIDs
[sched  ] preemption proof: non-yielding spinner advanced to 18360665 while main
[sched  ]   also ran (0 would mean no time-slicing occurred)
[vblk   ] lifetime interrupt completions: 3996
-- done --
-- async IRQ routing: NIC interrupt wakes a parked thread --
[netd   ] tid2 holds CAP_NETWORK; TX ARP who-has 10.0.2.2
[netd   ] sys_wait_event(NET_RX): parking until the NIC interrupts...
[netd   ] woken by IRQ; RX 76 bytes, ethertype 806
[netd   ] ARP reply: 10.0.2.2 is-at 52:55:a:0:2:2 (parsed in place)
[net    ] zero-copy IP/UDP router: DHCP round-trip through a port filter
[dhcpd  ] tid2 bound UDP port 68 -> execution slot 0
[dhcpd  ] TX DHCPDISCOVER (291 bytes), waiting on port-68 slot...
[dhcpd  ] router delivered 548-byte UDP payload (zero-copy pointer)
[dhcpd  ] DHCP OFFER: offered IP 10.0.2.15, server 10.0.2.2
-- done --
-- Time-Stream Engine: chronological index + local vector query --
[stream ] chronological timeline (20 events, all vector-indexed):
[stream ]  #0  t=286  FILE  vfs: wrote file /bin/init
[stream ]  #1  t=373  FILE  vfs: wrote file /bin/occ
[stream ]  #2  t=383  FILE  vfs: wrote file /usr/include/outrun_abi.h
[stream ]  #3  t=392  FILE  vfs: wrote file /usr/include/stdio.h
[stream ]  #4  t=399  FILE  vfs: wrote file /usr/include/stdlib.h
[stream ]  #5  t=405  FILE  vfs: wrote file /usr/include/string.h
[stream ]  #6  t=412  FILE  vfs: wrote file /usr/include/unistd.h
[stream ]  #7  t=418  FILE  vfs: wrote file /usr/include/signal.h
[stream ]  #8  t=425  FILE  vfs: wrote file /usr/include/pthread.h
[stream ]  #9  t=441  FILE  vfs: wrote file /usr/lib/libc.oc
[stream ]  #10  t=447  FILE  vfs: wrote file /usr/lib/README
[stream ]  #11  t=452  FILE  vfs: wrote file motd
[stream ]  #12  t=460  FILE  vfs: wrote file readme
[stream ]  #13  t=469  FILE  vfs: wrote file motd
[stream ]  #14  t=475  FILE  vfs: wrote file readme_copy
[stream ]  #15  t=499  COMM  Sarah: shared the Q3 revenue chart deck
[stream ]  #16  t=499  COMM  DevTeam: merged the microkernel scheduler patch
[stream ]  #17  t=499  COMM  Ops: flagged a network gateway DHCP change
[stream ]  #18  t=499  SYS   netd: received DHCP offer 10.0.2.15 from gateway
[stream ]  #19  t=499  SYS   sched: ran four concurrent worker threads
[stream ] query "the Q3 chart Sarah sent":
[stream ]   -> COMM Sarah: shared the Q3 revenue chart deck  (score 4)
[stream ]   -> FILE vfs: wrote file /usr/include/pthread.h  (score 1)
[stream ] query "scheduler patch":
[stream ]   -> COMM DevTeam: merged the microkernel scheduler patch  (score 2)
[stream ] query "dhcp gateway address":
[stream ]   -> COMM Ops: flagged a network gateway DHCP change  (score 2)
[stream ]   -> SYS  netd: received DHCP offer 10.0.2.15 from gateway  (score 2)
-- done --
-- PRODUCTION VALIDATION MATRIX --
[valid  ] capability audit:
[kernel ] spawned pid 3 'audit-none' caps 0000000000000000 — private PML4 @ phys 000000000101c000
[kernel ] spawned pid 4 'audit-fs' caps 0000000000000020 — private PML4 @ phys 000000000101d000
[valid  ]  PASS  sys_open  denied w/o CAP_FILESYSTEM
[valid  ]  PASS  sys_read  denied w/o CAP_FILESYSTEM
[valid  ]  PASS  sys_write denied w/o CAP_FILESYSTEM
[valid  ]  PASS  sys_wait_event denied w/o CAP_NETWORK
[valid  ]  PASS  sys_map_fb denied w/o CAP_FRAMEBUFFER
[valid  ]  PASS  sys_open  passes cap gate w/ CAP_FILESYSTEM
[valid  ] ELF loader bounds-checking:
[elf    ] PT_LOAD vaddr 0000500000000000 filesz 0000000000000000 memsz 0000000000001000 (ro) -> mapped USER (bounds ok)
[valid  ]  PASS  valid minimal ELF accepted
[elf    ] reject: image smaller than ELF header
[valid  ]  PASS  reject: image smaller than header
[elf    ] reject: program header table out of bounds
[valid  ]  PASS  reject: phdr table out of bounds
[elf    ] reject: segment file range out of bounds
[valid  ]  PASS  reject: segment file range out of bounds
[elf    ] reject: segment vaddr 0000000000001000 outside user range
[valid  ]  PASS  reject: segment vaddr outside user range
[elf    ] reject: entry 0000000000001000 outside user range
[valid  ]  PASS  reject: entry outside user range
[elf    ] reject: memsz < filesz
[valid  ]  PASS  reject: memsz < filesz
[valid  ] CAS/VFS round-trip integrity:
[cas    ] put len 512 hash 6404ff35e8dec725 -> block 803 (stored)
[valid  ]  PASS  CAS put/get byte-exact round-trip
[cas    ] put len 512 hash 6404ff35e8dec725 -> DEDUP to block 803 (no write)
[valid  ]  PASS  CAS dedup: identical put -> same hash
[valid  ]  PASS  CAS dedup: identical put -> no new block
[valid  ]  PASS  CAS get of unknown hash -> not found
[cas    ] put len 512 hash 510b231af2415325 -> block 804 (stored)
[cas    ] put len 512 hash 510b231af2415325 -> DEDUP to block 804 (no write)
[cas    ] put len 276 hash ab06722f02efa055 -> block 805 (stored)
[valid  ]  PASS  VFS multi-block write/read round-trip
[cas    ] put len 512 hash 510b231af2415325 -> DEDUP to block 804 (no write)
[cas    ] put len 388 hash 668072e4108a11d5 -> block 806 (stored)
[valid  ]  PASS  VFS copy-on-write changes file hash
[valid  ] RESULT: 19 passed, 0 failed
[valid  ] ALL CHECKS PASSED — image is production-verified
-- done --
-- EXHAUSTIVE ISOLATION & HARDENING INVARIANTS --
[kernel ] spawned pid 5 'inv-cap' caps 0000000000000000 — private PML4 @ phys 0000000001027000
[invar  ]  PASS  no cap-mask escalates sys_open
[invar  ]  PASS  no cap-mask escalates sys_read
[invar  ]  PASS  no cap-mask escalates sys_write_file
[invar  ]  PASS  no cap-mask escalates sys_wait_event
[invar  ]  PASS  no cap-mask escalates sys_map_framebuffer
[hw     ] DENIED pid 5 'inv-cap' -> 'sensor0': lacks CAP_HW_PASSTHROUGH
[hw     ] DENIED pid 5 'inv-cap' -> 'sensor0': lacks CAP_HW_PASSTHROUGH
[hw     ] DENIED pid 5 'inv-cap' -> 'sensor0': lacks CAP_HW_PASSTHROUGH
[hw     ] DENIED pid 5 'inv-cap' -> 'sensor0': lacks CAP_HW_PASSTHROUGH
[hw     ] DENIED pid 5 'inv-cap' -> 'sensor0': lacks CAP_HW_PASSTHROUGH
[hw     ] DENIED pid 5 'inv-cap' -> 'sensor0': lacks CAP_HW_PASSTHROUGH
[hw     ] DENIED pid 5 'inv-cap' -> 'sensor0': lacks CAP_HW_PASSTHROUGH
[hw     ] DENIED pid 5 'inv-cap' -> 'sensor0': lacks CAP_HW_PASSTHROUGH
[hw     ] DENIED pid 5 'inv-cap' -> 'sensor0': lacks CAP_HW_PASSTHROUGH
[hw     ] DENIED pid 5 'inv-cap' -> 'sensor0': lacks CAP_HW_PASSTHROUGH
[hw     ] DENIED pid 5 'inv-cap' -> 'sensor0': lacks CAP_HW_PASSTHROUGH
[hw     ] DENIED pid 5 'inv-cap' -> 'sensor0': lacks CAP_HW_PASSTHROUGH
[hw     ] DENIED pid 5 'inv-cap' -> 'sensor0': lacks CAP_HW_PASSTHROUGH
[hw     ] DENIED pid 5 'inv-cap' -> 'sensor0': lacks CAP_HW_PASSTHROUGH
[hw     ] DENIED pid 5 'inv-cap' -> 'sensor0': lacks CAP_HW_PASSTHROUGH
[hw     ] DENIED pid 5 'inv-cap' -> 'sensor0': lacks CAP_HW_PASSTHROUGH
[hw     ] DENIED pid 5 'inv-cap' -> 'sensor0': lacks CAP_HW_PASSTHROUGH
[hw     ] DENIED pid 5 'inv-cap' -> 'sensor0': lacks CAP_HW_PASSTHROUGH
[hw     ] DENIED pid 5 'inv-cap' -> 'sensor0': lacks CAP_HW_PASSTHROUGH
[hw     ] DENIED pid 5 'inv-cap' -> 'sensor0': lacks CAP_HW_PASSTHROUGH
[hw     ] DENIED pid 5 'inv-cap' -> 'sensor0': lacks CAP_HW_PASSTHROUGH
[hw     ] DENIED pid 5 'inv-cap' -> 'sensor0': lacks CAP_HW_PASSTHROUGH
[hw     ] DENIED pid 5 'inv-cap' -> 'sensor0': lacks CAP_HW_PASSTHROUGH
[hw     ] DENIED pid 5 'inv-cap' -> 'sensor0': lacks CAP_HW_PASSTHROUGH
[hw     ] DENIED pid 5 'inv-cap' -> 'sensor0': lacks CAP_HW_PASSTHROUGH
[hw     ] DENIED pid 5 'inv-cap' -> 'sensor0': lacks CAP_HW_PASSTHROUGH
[hw     ] DENIED pid 5 'inv-cap' -> 'sensor0': lacks CAP_HW_PASSTHROUGH
[hw     ] DENIED pid 5 'inv-cap' -> 'sensor0': lacks CAP_HW_PASSTHROUGH
[hw     ] DENIED pid 5 'inv-cap' -> 'sensor0': lacks CAP_HW_PASSTHROUGH
[hw     ] DENIED pid 5 'inv-cap' -> 'sensor0': lacks CAP_HW_PASSTHROUGH
[hw     ] DENIED pid 5 'inv-cap' -> 'sensor0': lacks CAP_HW_PASSTHROUGH
[hw     ] DENIED pid 5 'inv-cap' -> 'sensor0': lacks CAP_HW_PASSTHROUGH
[invar  ]  PASS  no cap-mask escalates sys_hw_passthrough
[invar  ] capability space swept: 192/192 denial checks held
[kernel ] spawned pid 6 'inv-A' caps 0000000000000000 — private PML4 @ phys 0000000001028000
[kernel ] spawned pid 7 'inv-B' caps 0000000000000000 — private PML4 @ phys 0000000001029000
[invar  ]  PASS  same vaddr resolves to A's own frame in A
[invar  ]  PASS  same vaddr resolves to B's own frame in B
[invar  ]  PASS  processes get physically distinct frames
[invar  ]  PASS  A-private page is NOT visible in B
[invar  ]  PASS  user page PTE present + USER + WRITE
[invar  ]  PASS  kernel page reachable via shared identity
[invar  ]  PASS  kernel page is SUPERVISOR-only (ring3 blocked)
[invar  ]  PASS  processes SHARE identity PML4[0]
[invar  ]  PASS  processes SHARE device-MMIO PML4[0xC0]
[invar  ]  PASS  processes have PRIVATE user PML4[0xA0]
[kernel ] spawned pid 8 'inv-hw' caps 0000000000000003 — private PML4 @ phys 0000000001036000
[kernel ] spawned pid 9 'inv-hw2' caps 0000000000000001 — private PML4 @ phys 0000000001037000
[invar  ]  PASS  passthrough rejects invalid device handle
[hw     ] GRANT  pid 8 'inv-hw' -> 'sensor0': phys 0000000001002000 mapped at vaddr 0000400200000000 (1 pages)
[invar  ]  PASS  passthrough grants valid device w/ HW+device cap
[hw     ] DENIED pid 9 'inv-hw2' -> 'sensor0': missing device capability
[invar  ]  PASS  passthrough denies device w/o its device-cap (2-level gate)
[invar  ]  PASS  granted device page is USER + cache-disabled
[invar  ]  PASS  device mapping absent from an unrelated space
[invar  ] RESULT: 21 passed, 0 failed
[invar  ] CORE SECURITY BOUNDARY VERIFIED — isolation is airtight
-- done --
[kernel ] ring-3 enabled: GDT (8 TSS slots) + BSP TSS loaded, SYSCALL/SYSRET armed
[kernel ]   STAR kern=0x08 user=0x1B, LSTAR=00000000001012f0, TSS0.rsp0=000000000021c980
-- SMP GROUNDWORK: boot every core, prove the cross-core protocols --
[smp    ] MADT: 4 enabled cpu(s): apic0 apic1 apic2 apic3
[smp    ] BSP: apic id 0, LAPIC at 00000000fee00000 (virtual-wire kept: PIT/PIC unchanged)
[smp    ] trampoline staged: 166 bytes at 0000000000008000 (R+X), mailbox at 0000000000009000 (RW+NX)
[smp    ] cpu1 online: long mode, own TSS (sel 0000000000000040)+SYSCALL, LAPIC id 1, gs 00000000002c9318
[smp    ] cpu2 online: long mode, own TSS (sel 0000000000000050)+SYSCALL, LAPIC id 2, gs 00000000002c9450
[smp    ] cpu3 online: long mode, own TSS (sel 0000000000000060)+SYSCALL, LAPIC id 3, gs 00000000002c9588
[smp    ] 4/4 cpus online — scheduler stays BSP-only BY POLICY (invariants preserved)
-- done --
-- STRESS & ENFORCEMENT (fault injection + TLB/CR3 + W^X/NX) --
[stress ]  PASS  kernel address space has ZERO writable+executable pages
[stress ] scanned 1548 kernel leaf pages, 0 W+X
[kernel ] spawned pid 10 'stress-wx' caps 0000000000000020 — private PML4 @ phys 000000000103d000
[stress ]  PASS  user address space has ZERO writable+executable pages
[stress ]  PASS  executing a data page traps (#PF, NX enforced)
[stress ]  PASS  writing to R+X kernel code traps (#PF, code immutable)
[stress ]  PASS  invlpg after remap: no stale TLB entry (sees new frame, all cores shot down)
[kernel ] spawned pid 11 'churn-A' caps 0000000000000000 — private PML4 @ phys 0000000001048000
[kernel ] spawned pid 12 'churn-B' caps 0000000000000000 — private PML4 @ phys 0000000001049000
[stress ]  PASS  20000 CR3 switches under preemption keep spaces isolated
[stress ]  PASS  page-table auditor detects a flipped reserved bit
[kernel ] spawned pid 13 'oom' caps 0000000000000020 — private PML4 @ phys 0000000001052000
[stress ]  PASS  allocator exhaustion returns failure cleanly (no panic)
[kernel ] spawned pid 14 'stack-bomb' caps 0000000000000000 — private PML4 @ phys 0000000001057000

[kernel ] --> RING 3 as pid 14 'stack-bomb' (entry 0000500000000000, caps 0000000000000000, cr3 0000000001057000)

[guard  ] STACK OVERFLOW: ring-3 pid 14 hit guard page @ 0000500000fefff8 — task terminated
[kernel ] <-- RING 0: 'stack-bomb' returned via SYS_EXIT
[stress ]  PASS  ring-3 stack overflow trapped by guard page
[stress ]  PASS  stack canary detects local buffer overflow
[stress ] RESULT: 10 passed, 0 failed
[stress ] STRESS & ENFORCEMENT CLEAN — no races, W^X/NX hold
-- done --
-- SYSCALL ARGUMENT FUZZING --
[kernel ] spawned pid 15 'fuzz' caps 0000000000000000 — private PML4 @ phys 0000000001061000
[fuzz   ]  PASS  SYS_OPEN valid user name pointer succeeds
[fuzz   ]  PASS  SYS_OPEN kernel-address name rejected (EFAULT)
[fuzz   ]  PASS  SYS_WRITE kernel-address string rejected (no kernel leak)
[fuzz   ]  PASS  SYS_WRITE unmapped user pointer rejected
[fuzz   ]  PASS  SYS_READ into kernel memory rejected (no kernel write)
[fuzz   ]  PASS  SYS_READ into valid user buffer succeeds
[fuzz   ] 20000 randomized calls: 12338 rejected, 7662 ok — kernel never faulted
[fuzz   ]  PASS  post-fuzz: kernel still has ZERO writable+executable pages
[fuzz   ]  PASS  post-fuzz: fuzz process isolation intact (private user PML4)
[fuzz   ] RESULT: 8 passed, 0 failed
[fuzz   ] SYSCALL BOUNDARY HARDENED — all adversarial pointers rejected
-- done --
-- DESCRIPTOR-TABLE INTEGRITY SWEEP (background, tick-driven) --
[sweep  ] armed=1  batch=64 entries/tick @ 100 Hz
[sweep  ] full passes completed: 23
[sweep  ] leaf entries audited:  35649
[sweep  ] violations found:      0
[sweep  ] injecting reserved-bit flip into live PD entry 2 ...
[sweep  ]  PASS  background sweep caught corruption at va 0000000000400000 after 15 ticks
[sweep  ] entry repaired; violations counter now 1
-- done --
-- SMP: per-CPU state, IPIs, TLB shootdown, cross-core atomics --
[smp    ] 4 cpu(s) in MADT, 4 online
[smp    ]  PASS  every MADT-enumerated cpu reached 64-bit kernel C (or single-cpu boot)
[smp    ]  PASS  per-CPU areas via GS: each cpu sees its own identity, APIC ids distinct
[smp    ]  PASS  targeted fixed-vector IPI delivered to and acknowledged by every AP
[smp    ] 4 cpus x 100000 lock-xadd -> counter 400000 (want 400000)
[smp    ]  PASS  concurrent lock-xadd from ALL cpus totals exactly (no lost increment)
[smp    ] shootdown of 0000500000050000: 3/3 remote acks; remote reads primed=1 fresh=1
[smp    ]  PASS  TLB shootdown acknowledged by every remote cpu
[smp    ]  PASS  after remap+shootdown every remote cpu reads the NEW frame (primed on the old one first)
[smp    ] RESULT: 6 passed, 0 failed
[smp    ] SMP GROUNDWORK VERIFIED — every core boots, IPIs and shootdowns are real
-- done --
-- PARALLEL WORK DISPATCH: work-stealing job runner across cores --
[par    ] 2048 units over 4 core(s): cpu0=675 cpu1=634 cpu2=219 cpu3=520 | result d522f943ba492800 vs serial d522f943ba492800
[par    ]  PASS  work conservation: every unit processed exactly once (sum of claims == units)
[par    ]  PASS  correctness: parallel reduction equals the serial reference bit-for-bit
[par    ]  PASS  distribution: the job was spread across multiple cores (or 1 on a uniprocessor)
[par    ]  PASS  sensitivity: a one-bit change to the data changes the parallel result
[par    ]  PASS  determinism: restoring the data reproduces the original result
[par    ] RESULT: 5 passed, 0 failed
[par    ] PARALLEL DISPATCH VERIFIED — all cores share the work, reduction is exact
-- done --
-- PARALLEL PAGE-TABLE INTEGRITY AUDIT (real workload on all cores) --
[audit  ] enumerated 515 PD-entry units across the kernel address space
[audit  ]  PASS  enumeration fit the audit table (no truncation)
[audit  ] 515 units over 4 core(s): cpu0=510 cpu1=1 cpu2=3 cpu3=1 | parallel viol 0 vs serial 0
[audit  ]  PASS  work conservation: every enumerated unit audited exactly once
[audit  ]  PASS  clean kernel: the parallel audit finds ZERO violations
[audit  ]  PASS  parallel verdict equals the serial auditor bit-for-bit
[audit  ]  PASS  distribution: the audit was spread across cores (or 1 on a uniprocessor)
[audit  ] injected 1 corruption at huge PDE 2 -> parallel audit saw 1 (want 1), after repair 0
[audit  ]  PASS  injected reserved-bit corruption is CAUGHT by the parallel audit
[audit  ]  PASS  after repair the parallel audit returns to a clean verdict
[audit  ] RESULT: 7 passed, 0 failed
[audit  ] PARALLEL INTEGRITY AUDIT VERIFIED — all cores, exact, corruption caught
-- done --
-- MULTI-CORE SCHEDULING: an AP autonomously runs a ring-3 thread --
[kernel ] spawned pid 16 'mc-thread' caps 0000000000000000 — private PML4 @ phys 000000000119a000
[elf    ] PT_LOAD vaddr 0000500000000000 filesz 000000000000e423 memsz 000000000000e423 (ro) -> mapped USER (bounds ok)
[elf    ] PT_LOAD vaddr 000050000000f000 filesz 00000000000029ac memsz 00000000000029ac (ro) -> mapped USER (bounds ok)
[elf    ] PT_LOAD vaddr 0000500000012000 filesz 0000000000000180 memsz 000000000001d220 (rw) -> mapped USER (bounds ok)
[mcsched] queued pid 16 on cpu1's run queue (apic 1); the AP pulls it itself
  [mc :r3] ring-3 thread executing on an APPLICATION PROCESSOR
  [mc :r3] SYS_GETPID via the AP's own SYSCALL path -> pid 0000000000000010
[mcsched]  PASS  an application processor executed the ring-3 thread and it returned
[mcsched]  PASS  the AP's capability gate resolved the thread's identity (exit code == pid)
[mcsched] cpu1 ran pid 16 -> exit code 16 (want 16) [ran_on mask 2]
[mcsched] RESULT: 2 passed, 0 failed
[mcsched] MULTI-CORE SCHEDULING VERIFIED — a ring-3 thread ran on an application processor
-- done --
-- CONCURRENT SCHEDULING: per-CPU queues, stealing, several cores in ring 3 at once --
[kernel ] spawned pid 17 'mcq-probe' caps 0000000000000000 — private PML4 @ phys 000000000119a000
[elf    ] PT_LOAD vaddr 0000500000000000 filesz 000000000000e423 memsz 000000000000e423 (ro) -> mapped USER (bounds ok)
[elf    ] PT_LOAD vaddr 000050000000f000 filesz 00000000000029ac memsz 00000000000029ac (ro) -> mapped USER (bounds ok)
[elf    ] PT_LOAD vaddr 0000500000012000 filesz 0000000000000180 memsz 000000000001d220 (rw) -> mapped USER (bounds ok)
[kernel ] spawned pid 18 'mcq-probe' caps 0000000000000000 — private PML4 @ phys 00000000011d3000
[elf    ] PT_LOAD vaddr 0000500000000000 filesz 000000000000e423 memsz 000000000000e423 (ro) -> mapped USER (bounds ok)
[elf    ] PT_LOAD vaddr 000050000000f000 filesz 00000000000029ac memsz 00000000000029ac (ro) -> mapped USER (bounds ok)
[elf    ] PT_LOAD vaddr 0000500000012000 filesz 0000000000000180 memsz 000000000001d220 (rw) -> mapped USER (bounds ok)
[kernel ] spawned pid 19 'mcq-probe' caps 0000000000000000 — private PML4 @ phys 000000000120c000
[elf    ] PT_LOAD vaddr 0000500000000000 filesz 000000000000e423 memsz 000000000000e423 (ro) -> mapped USER (bounds ok)
[elf    ] PT_LOAD vaddr 000050000000f000 filesz 00000000000029ac memsz 00000000000029ac (ro) -> mapped USER (bounds ok)
[elf    ] PT_LOAD vaddr 0000500000012000 filesz 0000000000000180 memsz 000000000001d220 (rw) -> mapped USER (bounds ok)
[kernel ] spawned pid 20 'mcq-probe' caps 0000000000000000 — private PML4 @ phys 0000000001245000
[elf    ] PT_LOAD vaddr 0000500000000000 filesz 000000000000e423 memsz 000000000000e423 (ro) -> mapped USER (bounds ok)
[elf    ] PT_LOAD vaddr 000050000000f000 filesz 00000000000029ac memsz 00000000000029ac (ro) -> mapped USER (bounds ok)
[elf    ] PT_LOAD vaddr 0000500000012000 filesz 0000000000000180 memsz 000000000001d220 (rw) -> mapped USER (bounds ok)
[mcq    ] 3 task(s) piled on cpu1's queue alone; waking every AP to pull/steal
[mcq    ] BSP entering ring 3 CONCURRENTLY with the APs...
[mcq    ]   pid 17: exit 17 (want 17)  ran_on mask 1  finish#4
[mcq    ]   pid 18: exit 18 (want 18)  ran_on mask 8  finish#2
[mcq    ]   pid 19: exit 19 (want 19)  ran_on mask 2  finish#3
[mcq    ]   pid 20: exit 20 (want 20)  ran_on mask 4  finish#5
[mcq    ]   cpu0 ran 1 task(s), stole 0
[mcq    ]   cpu1 ran 1 task(s), stole 0
[mcq    ]   cpu2 ran 1 task(s), stole 1
[mcq    ]   cpu3 ran 1 task(s), stole 1
[mcq    ] ring-3 concurrency high-water mark: 4 core(s) at once
[mcq    ]  PASS  every probe ran to completion
[mcq    ]  PASS  every exit code == its pid (no identity bleed across per-CPU entry paths)
[mcq    ]  PASS  the executed-task count matches the probes dispatched
[mcq    ]  PASS  two or more cores were IN RING 3 SIMULTANEOUSLY (the v0.39 headline)
[mcq    ]  PASS  idle APs STOLE work from cpu1's overloaded queue (dynamic balancing)
[mcq    ]  PASS  more than one AP executed tasks (the pile-up was spread out)
[mcq    ] RESULT: 6 passed, 0 failed
[mcq    ] CONCURRENT SCHEDULING VERIFIED — queues drained autonomously, ring 3 in parallel
-- done --
-- IPI PREEMPTION: force a ring-3 thread off its core mid-loop, resume it on ANOTHER --
[kernel ] spawned pid 21 'mcpre-long' caps 0000000000000000 — private PML4 @ phys 0000000001245000
[elf    ] PT_LOAD vaddr 0000500000000000 filesz 000000000000e423 memsz 000000000000e423 (ro) -> mapped USER (bounds ok)
[elf    ] PT_LOAD vaddr 000050000000f000 filesz 00000000000029ac memsz 00000000000029ac (ro) -> mapped USER (bounds ok)
[elf    ] PT_LOAD vaddr 0000500000012000 filesz 0000000000000180 memsz 000000000001d220 (rw) -> mapped USER (bounds ok)
[kernel ] spawned pid 22 'mcpre-hi' caps 0000000000000000 — private PML4 @ phys 000000000119a000
[elf    ] PT_LOAD vaddr 0000500000000000 filesz 000000000000e423 memsz 000000000000e423 (ro) -> mapped USER (bounds ok)
[elf    ] PT_LOAD vaddr 000050000000f000 filesz 00000000000029ac memsz 00000000000029ac (ro) -> mapped USER (bounds ok)
[elf    ] PT_LOAD vaddr 0000500000012000 filesz 0000000000000180 memsz 000000000001d220 (rw) -> mapped USER (bounds ok)
[mcpre  ] pid 21 is mid-loop in ring 3 on cpu1; queueing pid 22 AT THE FRONT and firing IPI 50
[mcpre  ] cpu1 preempt_count +1; long: exit 21 ran_on 6 finish#7 | hi: exit 22 ran_on 4 finish#6
[mcpre  ]  PASS  the cross-core IPI PREEMPTED the running ring-3 thread (context captured mid-loop)
[mcpre  ]  PASS  the high-priority thread ran on the freed core and completed (exit == pid)
[mcpre  ]  PASS  the preempted thread RESUMED and finished intact (registers/stack/identity: exit == pid)
[mcpre  ]  PASS  completion order inverted: the later, higher-priority thread finished FIRST
[mcpre  ]  PASS  the captured context MIGRATED CORES: started on cpu1, finished on cpu2
[mcpre  ] RESULT: 5 passed, 0 failed
[mcpre  ] IPI PREEMPTION VERIFIED — a ring-3 context was forced out, migrated, and resumed
-- done --
-- TIME-SLICING: one AP round-robins several ring-3 threads off its own LAPIC timer --
[kernel ] spawned pid 23 'slice-probe' caps 0000000000000000 — private PML4 @ phys 0000000001245000
[elf    ] PT_LOAD vaddr 0000500000000000 filesz 000000000000e423 memsz 000000000000e423 (ro) -> mapped USER (bounds ok)
[elf    ] PT_LOAD vaddr 000050000000f000 filesz 00000000000029ac memsz 00000000000029ac (ro) -> mapped USER (bounds ok)
[elf    ] PT_LOAD vaddr 0000500000012000 filesz 0000000000000180 memsz 000000000001d220 (rw) -> mapped USER (bounds ok)
[kernel ] spawned pid 24 'slice-probe' caps 0000000000000000 — private PML4 @ phys 000000000119a000
[elf    ] PT_LOAD vaddr 0000500000000000 filesz 000000000000e423 memsz 000000000000e423 (ro) -> mapped USER (bounds ok)
[elf    ] PT_LOAD vaddr 000050000000f000 filesz 00000000000029ac memsz 00000000000029ac (ro) -> mapped USER (bounds ok)
[elf    ] PT_LOAD vaddr 0000500000012000 filesz 0000000000000180 memsz 000000000001d220 (rw) -> mapped USER (bounds ok)
[kernel ] spawned pid 25 'slice-probe' caps 0000000000000000 — private PML4 @ phys 000000000120c000
[elf    ] PT_LOAD vaddr 0000500000000000 filesz 000000000000e423 memsz 000000000000e423 (ro) -> mapped USER (bounds ok)
[elf    ] PT_LOAD vaddr 000050000000f000 filesz 00000000000029ac memsz 00000000000029ac (ro) -> mapped USER (bounds ok)
[elf    ] PT_LOAD vaddr 0000500000012000 filesz 0000000000000180 memsz 000000000001d220 (rw) -> mapped USER (bounds ok)
[slice  ] 3 threads on cpu1's queue, slice gate OPEN — its timer takes it from here
[slice  ]   cpu1's timer sliced 5 context(s) out mid-loop
[slice  ]   cpu2's timer sliced 4 context(s) out mid-loop
[slice  ]   cpu3's timer sliced 4 context(s) out mid-loop
[slice  ] dispatch order (all cores): 23 24 25 23 24 25 23 24 25 23 24 25 23 24 25 23
[slice  ]   pid 23: exit 23 (want 23)  dispatched 6 time(s)  ran_on a
[slice  ]   pid 24: exit 24 (want 24)  dispatched 5 time(s)  ran_on 2
[slice  ]   pid 25: exit 25 (want 25)  dispatched 5 time(s)  ran_on 4
[slice  ]  PASS  all three threads completed with intact checksums (exit == pid) despite slicing
[slice  ]  PASS  AP timers forced context switches (total slice count >= 2)
[slice  ]  PASS  every thread was set down and picked back up (each dispatched >= 2 times)
[slice  ]  PASS  the dispatch log shows ROUND-ROBIN interleaving (>= 4 alternations between threads)
[slice  ] RESULT: 4 passed, 0 failed
[slice  ] TIME-SLICING VERIFIED — an AP preemptively multitasks ring-3 threads on its own clock
-- done --
-- CONCURRENT IO: BSP + APs execute VFS/CAS/surface syscalls simultaneously --
[kernel ] spawned pid 26 'cio-file' caps 0000000000000020 — private PML4 @ phys 000000000120c000
[elf    ] PT_LOAD vaddr 0000500000000000 filesz 000000000000e423 memsz 000000000000e423 (ro) -> mapped USER (bounds ok)
[elf    ] PT_LOAD vaddr 000050000000f000 filesz 00000000000029ac memsz 00000000000029ac (ro) -> mapped USER (bounds ok)
[elf    ] PT_LOAD vaddr 0000500000012000 filesz 0000000000000180 memsz 000000000001d220 (rw) -> mapped USER (bounds ok)
[kernel ] spawned pid 27 'cio-file' caps 0000000000000020 — private PML4 @ phys 0000000001245000
[elf    ] PT_LOAD vaddr 0000500000000000 filesz 000000000000e423 memsz 000000000000e423 (ro) -> mapped USER (bounds ok)
[elf    ] PT_LOAD vaddr 000050000000f000 filesz 00000000000029ac memsz 00000000000029ac (ro) -> mapped USER (bounds ok)
[elf    ] PT_LOAD vaddr 0000500000012000 filesz 0000000000000180 memsz 000000000001d220 (rw) -> mapped USER (bounds ok)
[kernel ] spawned pid 28 'cio-file' caps 0000000000000020 — private PML4 @ phys 000000000119a000
[elf    ] PT_LOAD vaddr 0000500000000000 filesz 000000000000e423 memsz 000000000000e423 (ro) -> mapped USER (bounds ok)
[elf    ] PT_LOAD vaddr 000050000000f000 filesz 00000000000029ac memsz 00000000000029ac (ro) -> mapped USER (bounds ok)
[elf    ] PT_LOAD vaddr 0000500000012000 filesz 0000000000000180 memsz 000000000001d220 (rw) -> mapped USER (bounds ok)
[kernel ] spawned pid 29 'cio-file' caps 0000000000000020 — private PML4 @ phys 00000000011d3000
[elf    ] PT_LOAD vaddr 0000500000000000 filesz 000000000000e423 memsz 000000000000e423 (ro) -> mapped USER (bounds ok)
[elf    ] PT_LOAD vaddr 000050000000f000 filesz 00000000000029ac memsz 00000000000029ac (ro) -> mapped USER (bounds ok)
[elf    ] PT_LOAD vaddr 0000500000012000 filesz 0000000000000180 memsz 000000000001d220 (rw) -> mapped USER (bounds ok)
[kernel ] spawned pid 30 'cio-surf' caps 0000000000000040 — private PML4 @ phys 000000000127e000
[elf    ] PT_LOAD vaddr 0000500000000000 filesz 000000000000e423 memsz 000000000000e423 (ro) -> mapped USER (bounds ok)
[elf    ] PT_LOAD vaddr 000050000000f000 filesz 00000000000029ac memsz 00000000000029ac (ro) -> mapped USER (bounds ok)
[elf    ] PT_LOAD vaddr 0000500000012000 filesz 0000000000000180 memsz 000000000001d220 (rw) -> mapped USER (bounds ok)
[kernel ] spawned pid 31 'cio-surf' caps 0000000000000040 — private PML4 @ phys 00000000012b7000
[elf    ] PT_LOAD vaddr 0000500000000000 filesz 000000000000e423 memsz 000000000000e423 (ro) -> mapped USER (bounds ok)
[elf    ] PT_LOAD vaddr 000050000000f000 filesz 00000000000029ac memsz 00000000000029ac (ro) -> mapped USER (bounds ok)
[elf    ] PT_LOAD vaddr 0000500000012000 filesz 0000000000000180 memsz 000000000001d220 (rw) -> mapped USER (bounds ok)
[cas    ] put len 512 hash 16c88502da606f25 -> block 807 (stored)
[cas    ] put len 512 hash 16c88502da606f25 -> DEDUP to block 807 (no write)
[cas    ] put len 512 hash f7771db7687e3525 -> block 808 (stored)
[cas    ] put len 512 hash f7771db7687e3525 -> DEDUP to block 808 (no write)
[cas    ] put len 512 hash da68ad7a2ba9c725 -> block 809 (stored)
[cas    ] put len 512 hash da68ad7a2ba9c725 -> DEDUP to block 809 (no write)
[cas    ] put len 512 hash 683dff86887ab325 -> block 810 (stored)
[cas    ] put len 512 hash 683dff86887ab325 -> DEDUP to block 810 (no write)
[cas    ] put len 512 hash 53c11ff5a77cc725 -> block 811 (stored)
[cas    ] put len 512 hash 53c11ff5a77cc725 -> DEDUP to block 811 (no write)
[cio    ] 5 workers queued on 3 APs; BSP entering ring 3 with its own file worker
[cas    ] put len 512 hash eca08411bb16c725 -> block 812 (stored)
[cas    ] put len 512 hash eca08411bb16c725 -> DEDUP to block 812 (no write)
[cas    ] put len 512 hash 751ae4196671dd25 -> block 813 (stored)
[cas    ] put len 512 hash 751ae4196671dd25 -> DEDUP to block 813 (no write)
[cas    ] put len 512 hash 4809e6c59e0e5f25 -> block 814 (stored)
[cas    ] put len 512 hash 4809e6c59e0e5f25 -> DEDUP to block 814 (no write)
[cas    ] put len 512 hash eca08411bb16c725 -> DEDUP to block 812 (no write)
[cas    ] put len 512 hash eca08411bb16c725 -> DEDUP to block 812 (no write)
[cas    ] put len 512 hash 751ae4196671dd25 -> DEDUP to block 813 (no write)
[cas    ] put len 512 hash 751ae4196671dd25 -> DEDUP to block 813 (no write)
[cas    ] put len 512 hash 4809e6c59e0e5f25 -> DEDUP to block 814 (no write)
[cas    ] put len 512 hash 4809e6c59e0e5f25 -> DEDUP to block 814 (no write)
[cas    ] put len 512 hash 0b590a9bb8c43325 -> block 815 (stored)
[cas    ] put len 512 hash 0b590a9bb8c43325 -> DEDUP to block 815 (no write)
[cas    ] put len 512 hash 1ca318f360da8925 -> block 816 (stored)
[cas    ] put len 512 hash 1ca318f360da8925 -> DEDUP to block 816 (no write)
[cas    ] put len 512 hash 77c875e013111725 -> block 817 (stored)
[cas    ] put len 512 hash 77c875e013111725 -> DEDUP to block 817 (no write)
[cas    ] put len 512 hash 6b5e3055140e6325 -> block 818 (stored)
[cas    ] put len 512 hash 6b5e3055140e6325 -> DEDUP to block 818 (no write)
[cas    ] put len 512 hash 0b590a9bb8c43325 -> DEDUP to block 815 (no write)
[cas    ] put len 512 hash 0b590a9bb8c43325 -> DEDUP to block 815 (no write)
[cas    ] put len 512 hash 1ca318f360da8925 -> DEDUP to block 816 (no write)
[cas    ] put len 512 hash 1ca318f360da8925 -> DEDUP to block 816 (no write)
[cas    ] put len 512 hash 77c875e013111725 -> DEDUP to block 817 (no write)
[cas    ] put len 512 hash 77c875e013111725 -> DEDUP to block 817 (no write)
[cas    ] put len 512 hash f4d54f796431db25 -> block 819 (stored)
[cas    ] put len 512 hash f4d54f796431db25 -> DEDUP to block 819 (no write)
[cas    ] put len 512 hash 41f0d3bd144beb25 -> block 820 (stored)
[cas    ] put len 512 hash 41f0d3bd144beb25 -> DEDUP to block 820 (no write)
[cas    ] put len 512 hash 6b5e3055140e6325 -> DEDUP to block 818 (no write)
[cas    ] put len 512 hash 6b5e3055140e6325 -> DEDUP to block 818 (no write)
[cas    ] put len 512 hash 60a5faf6856c5f25 -> block 821 (stored)
[cas    ] put len 512 hash 60a5faf6856c5f25 -> DEDUP to block 821 (no write)
[cas    ] put len 512 hash f4d54f796431db25 -> DEDUP to block 819 (no write)
[cas    ] put len 512 hash f4d54f796431db25 -> DEDUP to block 819 (no write)
[cas    ] put len 512 hash 41f0d3bd144beb25 -> DEDUP to block 820 (no write)
[cas    ] put len 512 hash 41f0d3bd144beb25 -> DEDUP to block 820 (no write)
[cas    ] put len 512 hash 60a5faf6856c5f25 -> DEDUP to block 821 (no write)
[cas    ] put len 512 hash 60a5faf6856c5f25 -> DEDUP to block 821 (no write)
[cas    ] put len 512 hash a7c35d39c5cbc725 -> block 822 (stored)
[cas    ] put len 512 hash a7c35d39c5cbc725 -> DEDUP to block 822 (no write)
[cas    ] put len 512 hash d233bdd2e3fb3525 -> block 823 (stored)
[cas    ] put len 512 hash d233bdd2e3fb3525 -> DEDUP to block 823 (no write)
[cas    ] put len 512 hash 5c0cb4979c3b3325 -> block 824 (stored)
[cas    ] put len 512 hash 5c0cb4979c3b3325 -> DEDUP to block 824 (no write)
[cas    ] put len 512 hash b687b3ba465c9f25 -> block 825 (stored)
[cas    ] put len 512 hash b687b3ba465c9f25 -> DEDUP to block 825 (no write)
[cas    ] put len 512 hash a7c35d39c5cbc725 -> DEDUP to block 822 (no write)
[cas    ] put len 512 hash a7c35d39c5cbc725 -> DEDUP to block 822 (no write)
[cas    ] put len 512 hash d233bdd2e3fb3525 -> DEDUP to block 823 (no write)
[cas    ] put len 512 hash d233bdd2e3fb3525 -> DEDUP to block 823 (no write)
[cas    ] put len 512 hash 5c0cb4979c3b3325 -> DEDUP to block 824 (no write)
[cas    ] put len 512 hash 5c0cb4979c3b3325 -> DEDUP to block 824 (no write)
[surface] pid 30 owns surface 6 (64x64) DOUBLE-BUFFERED at user vaddr 0000530000000000 (+4 pages back)
[surface] pid 31 owns surface 7 (64x64) DOUBLE-BUFFERED at user vaddr 0000530000000000 (+4 pages back)
[cas    ] put len 512 hash b687b3ba465c9f25 -> DEDUP to block 825 (no write)
[surface] slot 6 reclaimed on owner exit — 8 pages (phys 00000000012f0000) back on the free list
[cas    ] put len 512 hash b687b3ba465c9f25 -> DEDUP to block 825 (no write)
[surface] pid 30 owns surface 6 (64x64) DOUBLE-BUFFERED at user vaddr 0000530000000000 (+4 pages back) (recycled pixel buffers)
[surface] slot 7 reclaimed on owner exit — 8 pages (phys 00000000012f8000) back on the free list
[surface] pid 31 owns surface 7 (64x64) DOUBLE-BUFFERED at user vaddr 0000530000000000 (+4 pages back) (recycled pixel buffers)
[surface] slot 6 reclaimed on owner exit — 8 pages (phys 00000000012f0000) back on the free list
[cas    ] put len 512 hash 6c6cd45d24dda925 -> block 826 (stored)
[surface] slot 7 reclaimed on owner exit — 8 pages (phys 00000000012f8000) back on the free list
[cas    ] put len 512 hash 6c6cd45d24dda925 -> DEDUP to block 826 (no write)
[cas    ] put len 512 hash 6c6cd45d24dda925 -> DEDUP to block 826 (no write)
[cas    ] put len 512 hash 6c6cd45d24dda925 -> DEDUP to block 826 (no write)
[cas    ] put len 512 hash bc8500dbc142f725 -> block 827 (stored)
[cas    ] put len 512 hash bc8500dbc142f725 -> DEDUP to block 827 (no write)
[cas    ] put len 512 hash bc8500dbc142f725 -> DEDUP to block 827 (no write)
[cas    ] put len 512 hash bc8500dbc142f725 -> DEDUP to block 827 (no write)
[cio    ]  PASS  all six workers ran to completion (watchdog: no cross-core deadlock)
[cio    ]   pid 26 'cio-file': exit 26 (want 26)  ran_on 1
[cio    ]   pid 27 'cio-file': exit 27 (want 27)  ran_on 2
[cio    ]   pid 28 'cio-file': exit 28 (want 28)  ran_on 4
[cio    ]   pid 29 'cio-file': exit 29 (want 29)  ran_on 8
[cio    ]   pid 30 'cio-surf': exit 30 (want 30)  ran_on 2
[cio    ]   pid 31 'cio-surf': exit 31 (want 31)  ran_on 4
[cio    ]  PASS  every worker verified every byte it read back (exit == pid, no 6xx/7xx)
[cio    ]   cpu0 dispatched 32 file syscalls
[cio    ]   cpu1 dispatched 32 file syscalls
[cio    ]   cpu2 dispatched 32 file syscalls
[cio    ]   cpu3 dispatched 32 file syscalls
[cio    ]  PASS  file syscalls were dispatched by >= 2 distinct cores
[cio    ] file-syscall in-flight high-water: 29
[cio    ]  PASS  >= 2 cores were INSIDE file syscalls at the same instant
[cio    ]  PASS  each worker file holds EXACTLY its final-round pattern (no torn write)
[cio    ]  PASS  the shared file (16 racing writes) is ONE uniform image (whole-file writes atomic)
[cio    ]  PASS  directory: no duplicate names claimed by racing writers
[cio    ]  PASS  every live chunk hash resolves in the CAS index
[cio    ] allocation bitmap: 828 bits set, superblock used_blocks 828
[cio    ]  PASS  used_blocks == popcount(bitmap) (no double-allocated or leaked block)
[cio    ]  PASS  descriptor array fully released after the storm
[cio    ] surface free list: 2 chunk(s)
[cio    ]  PASS  both churn surfaces were reclaimed on exit (AP exit path reclaims now)
[cio    ]  PASS  free-list pixel chunks are pairwise disjoint (no double-free/overlap)
[cio    ]   lock ofile (rank 1): 872 acquisitions, 2 contended
[cio    ]   lock vfs (rank 2): 133 acquisitions, 74 contended
[cio    ]   lock cas (rank 3): 1252 acquisitions, 0 contended
[cio    ]   lock vblk (rank 4): 7109 acquisitions, 0 contended
[cio    ]   lock surf (rank 5): 21 acquisitions, 3 contended
[cio    ]  PASS  no lock left held at quiescence
[cio    ]  PASS  ZERO rank violations across the whole run (lock order held everywhere)
[cio    ] RESULT: 14 passed, 0 failed
[cio    ] CONCURRENT IO VERIFIED — the VFS/CAS/surface stack is multi-core reentrant
-- done --
-- SMP STRESS: mixed workload + v0.49 TLB shootdown/affinity/migration, biased across every core --
[kernel ] spawned pid 32 'smp-stress' caps 0000000000000040 — private PML4 @ phys 000000000120c000
[elf    ] PT_LOAD vaddr 0000500000000000 filesz 000000000000e423 memsz 000000000000e423 (ro) -> mapped USER (bounds ok)
[elf    ] PT_LOAD vaddr 000050000000f000 filesz 00000000000029ac memsz 00000000000029ac (ro) -> mapped USER (bounds ok)
[elf    ] PT_LOAD vaddr 0000500000012000 filesz 0000000000000180 memsz 000000000001d220 (rw) -> mapped USER (bounds ok)
[kernel ] spawned pid 33 'smp-stress' caps 0000000000000040 — private PML4 @ phys 00000000012b7000
[elf    ] PT_LOAD vaddr 0000500000000000 filesz 000000000000e423 memsz 000000000000e423 (ro) -> mapped USER (bounds ok)
[elf    ] PT_LOAD vaddr 000050000000f000 filesz 00000000000029ac memsz 00000000000029ac (ro) -> mapped USER (bounds ok)
[elf    ] PT_LOAD vaddr 0000500000012000 filesz 0000000000000180 memsz 000000000001d220 (rw) -> mapped USER (bounds ok)
[kernel ] spawned pid 34 'smp-stress' caps 0000000000000020 — private PML4 @ phys 00000000012bd000
[elf    ] PT_LOAD vaddr 0000500000000000 filesz 000000000000e423 memsz 000000000000e423 (ro) -> mapped USER (bounds ok)
[elf    ] PT_LOAD vaddr 000050000000f000 filesz 00000000000029ac memsz 00000000000029ac (ro) -> mapped USER (bounds ok)
[elf    ] PT_LOAD vaddr 0000500000012000 filesz 0000000000000180 memsz 000000000001d220 (rw) -> mapped USER (bounds ok)
[cas    ] put len 512 hash 476bec07673a5325 -> block 828 (stored)
[cas    ] put len 512 hash 476bec07673a5325 -> DEDUP to block 828 (no write)
[kernel ] spawned pid 35 'smp-stress' caps 0000000000000020 — private PML4 @ phys 0000000001287000
[elf    ] PT_LOAD vaddr 0000500000000000 filesz 000000000000e423 memsz 000000000000e423 (ro) -> mapped USER (bounds ok)
[elf    ] PT_LOAD vaddr 000050000000f000 filesz 00000000000029ac memsz 00000000000029ac (ro) -> mapped USER (bounds ok)
[elf    ] PT_LOAD vaddr 0000500000012000 filesz 0000000000000180 memsz 000000000001d220 (rw) -> mapped USER (bounds ok)
[cas    ] put len 512 hash fdb47022d5709925 -> block 829 (stored)
[cas    ] put len 512 hash fdb47022d5709925 -> DEDUP to block 829 (no write)
[kernel ] spawned pid 36 'smp-stress' caps 0000000000000020 — private PML4 @ phys 0000000001206000
[elf    ] PT_LOAD vaddr 0000500000000000 filesz 000000000000e423 memsz 000000000000e423 (ro) -> mapped USER (bounds ok)
[elf    ] PT_LOAD vaddr 000050000000f000 filesz 00000000000029ac memsz 00000000000029ac (ro) -> mapped USER (bounds ok)
[elf    ] PT_LOAD vaddr 0000500000012000 filesz 0000000000000180 memsz 000000000001d220 (rw) -> mapped USER (bounds ok)
[cas    ] put len 512 hash 18d4c639ce7e3725 -> block 830 (stored)
[cas    ] put len 512 hash 18d4c639ce7e3725 -> DEDUP to block 830 (no write)
[kernel ] spawned pid 37 'smp-stress' caps 0000000000000020 — private PML4 @ phys 00000000011a0000
[elf    ] PT_LOAD vaddr 0000500000000000 filesz 000000000000e423 memsz 000000000000e423 (ro) -> mapped USER (bounds ok)
[elf    ] PT_LOAD vaddr 000050000000f000 filesz 00000000000029ac memsz 00000000000029ac (ro) -> mapped USER (bounds ok)
[elf    ] PT_LOAD vaddr 0000500000012000 filesz 0000000000000180 memsz 000000000001d220 (rw) -> mapped USER (bounds ok)
[cas    ] put len 512 hash 15b15b1791ff7b25 -> block 831 (stored)
[cas    ] put len 512 hash 15b15b1791ff7b25 -> DEDUP to block 831 (no write)
[kernel ] spawned pid 38 'smp-stress' caps 0000000000000000 — private PML4 @ phys 0000000001300000
[elf    ] PT_LOAD vaddr 0000500000000000 filesz 000000000000e423 memsz 000000000000e423 (ro) -> mapped USER (bounds ok)
[elf    ] PT_LOAD vaddr 000050000000f000 filesz 00000000000029ac memsz 00000000000029ac (ro) -> mapped USER (bounds ok)
[elf    ] PT_LOAD vaddr 0000500000012000 filesz 0000000000000180 memsz 000000000001d220 (rw) -> mapped USER (bounds ok)
[kernel ] spawned pid 39 'smp-stress' caps 0000000000000000 — private PML4 @ phys 0000000001339000
[elf    ] PT_LOAD vaddr 0000500000000000 filesz 000000000000e423 memsz 000000000000e423 (ro) -> mapped USER (bounds ok)
[elf    ] PT_LOAD vaddr 000050000000f000 filesz 00000000000029ac memsz 00000000000029ac (ro) -> mapped USER (bounds ok)
[elf    ] PT_LOAD vaddr 0000500000012000 filesz 0000000000000180 memsz 000000000001d220 (rw) -> mapped USER (bounds ok)
[kernel ] spawned pid 40 'smp-stress' caps 0000000000000000 — private PML4 @ phys 0000000001372000
[elf    ] PT_LOAD vaddr 0000500000000000 filesz 000000000000e423 memsz 000000000000e423 (ro) -> mapped USER (bounds ok)
[elf    ] PT_LOAD vaddr 000050000000f000 filesz 00000000000029ac memsz 00000000000029ac (ro) -> mapped USER (bounds ok)
[elf    ] PT_LOAD vaddr 0000500000012000 filesz 0000000000000180 memsz 000000000001d220 (rw) -> mapped USER (bounds ok)
[kernel ] spawned pid 41 'smp-stress' caps 0000000000000000 — private PML4 @ phys 00000000013ab000
[elf    ] PT_LOAD vaddr 0000500000000000 filesz 000000000000e423 memsz 000000000000e423 (ro) -> mapped USER (bounds ok)
[elf    ] PT_LOAD vaddr 000050000000f000 filesz 00000000000029ac memsz 00000000000029ac (ro) -> mapped USER (bounds ok)
[elf    ] PT_LOAD vaddr 0000500000012000 filesz 0000000000000180 memsz 000000000001d220 (rw) -> mapped USER (bounds ok)
[cas    ] put len 512 hash dcf9aab778309f25 -> block 832 (stored)
[cas    ] put len 512 hash dcf9aab778309f25 -> DEDUP to block 832 (no write)
[smpstrs] 10 workers (2 surface + 4 VFS + 4 syscall) biased round-robin across 4 cores
[surface] pid 33 owns surface 7 (64x64) DOUBLE-BUFFERED at user vaddr 0000530000000000 (+4 pages back) (recycled pixel buffers)
[surface] pid 32 owns surface 6 (64x64) DOUBLE-BUFFERED at user vaddr 0000530000000000 (+4 pages back) (recycled pixel buffers)
[surface] slot 7 reclaimed on owner exit — 8 pages (phys 00000000012f8000) back on the free list
[cas    ] put len 512 hash 1da8e73a0a4ebb25 -> block 833 (stored)
[surface] pid 33 owns surface 7 (64x64) DOUBLE-BUFFERED at user vaddr 0000530000000000 (+4 pages back) (recycled pixel buffers)
[surface] slot 6 reclaimed on owner exit — 8 pages (phys 00000000012f0000) back on the free list
[surface] pid 32 owns surface 6 (64x64) DOUBLE-BUFFERED at user vaddr 0000530000000000 (+4 pages back) (recycled pixel buffers)
[surface] slot 7 reclaimed on owner exit — 8 pages (phys 00000000012f8000) back on the free list
[cas    ] put len 512 hash 1da8e73a0a4ebb25 -> DEDUP to block 833 (no write)
[surface] slot 6 reclaimed on owner exit — 8 pages (phys 00000000012f0000) back on the free list
[cas    ] put len 512 hash 4c440c8773a70325 -> block 834 (stored)
[cas    ] put len 512 hash 4c440c8773a70325 -> DEDUP to block 834 (no write)
[cas    ] put len 512 hash 0dda4b3e985b8b25 -> block 835 (stored)
[cas    ] put len 512 hash 0dda4b3e985b8b25 -> DEDUP to block 835 (no write)
[cas    ] put len 512 hash 4c440c8773a70325 -> DEDUP to block 834 (no write)
[cas    ] put len 512 hash 4c440c8773a70325 -> DEDUP to block 834 (no write)
[cas    ] put len 512 hash 0dda4b3e985b8b25 -> DEDUP to block 835 (no write)
[cas    ] put len 512 hash 0dda4b3e985b8b25 -> DEDUP to block 835 (no write)
[cas    ] put len 512 hash 1da8e73a0a4ebb25 -> DEDUP to block 833 (no write)
[cas    ] put len 512 hash 1da8e73a0a4ebb25 -> DEDUP to block 833 (no write)
[cas    ] put len 512 hash eb841c765f973325 -> block 836 (stored)
[cas    ] put len 512 hash eb841c765f973325 -> DEDUP to block 836 (no write)
[cas    ] put len 512 hash ce74f9bde46ffd25 -> block 837 (stored)
[cas    ] put len 512 hash ce74f9bde46ffd25 -> DEDUP to block 837 (no write)
[cas    ] put len 512 hash 3f0b668bf3624725 -> block 838 (stored)
[cas    ] put len 512 hash 3f0b668bf3624725 -> DEDUP to block 838 (no write)
[cas    ] put len 512 hash 49d82685c139c925 -> block 839 (stored)
[cas    ] put len 512 hash 49d82685c139c925 -> DEDUP to block 839 (no write)
[cas    ] put len 512 hash eb841c765f973325 -> DEDUP to block 836 (no write)
[cas    ] put len 512 hash eb841c765f973325 -> DEDUP to block 836 (no write)
[cas    ] put len 512 hash 3f0b668bf3624725 -> DEDUP to block 838 (no write)
[cas    ] put len 512 hash 3f0b668bf3624725 -> DEDUP to block 838 (no write)
[cas    ] put len 512 hash 34e68523327bab25 -> block 840 (stored)
[cas    ] put len 512 hash 34e68523327bab25 -> DEDUP to block 840 (no write)
[cas    ] put len 512 hash ce74f9bde46ffd25 -> DEDUP to block 837 (no write)
[cas    ] put len 512 hash ce74f9bde46ffd25 -> DEDUP to block 837 (no write)
[cas    ] put len 512 hash 06239da2bfd7c925 -> block 841 (stored)
[cas    ] put len 512 hash 06239da2bfd7c925 -> DEDUP to block 841 (no write)
[cas    ] put len 512 hash 67f9f2c9e70a9325 -> block 842 (stored)
[cas    ] put len 512 hash 67f9f2c9e70a9325 -> DEDUP to block 842 (no write)
[cas    ] put len 512 hash 34e68523327bab25 -> DEDUP to block 840 (no write)
[cas    ] put len 512 hash 34e68523327bab25 -> DEDUP to block 840 (no write)
[cas    ] put len 512 hash 06239da2bfd7c925 -> DEDUP to block 841 (no write)
[cas    ] put len 512 hash 06239da2bfd7c925 -> DEDUP to block 841 (no write)
[cas    ] put len 512 hash f080decace288325 -> block 843 (stored)
[cas    ] put len 512 hash f080decace288325 -> DEDUP to block 843 (no write)
[cas    ] put len 512 hash dffea1f1e3af5d25 -> block 844 (stored)
[cas    ] put len 512 hash dffea1f1e3af5d25 -> DEDUP to block 844 (no write)
[cas    ] put len 512 hash 67f9f2c9e70a9325 -> DEDUP to block 842 (no write)
[cas    ] put len 512 hash 67f9f2c9e70a9325 -> DEDUP to block 842 (no write)
[cas    ] put len 512 hash dffea1f1e3af5d25 -> DEDUP to block 844 (no write)
[cas    ] put len 512 hash dffea1f1e3af5d25 -> DEDUP to block 844 (no write)
  [mc :r3] ring-3 thread executing on an APPLICATION PROCESSOR
  [mc :r3] SYS_GETPID via the AP's own SYSCALL path -> pid [cas    ] put len 512 hash f080decace288325 -> DEDUP to block 843 (no write)
0000000000000027
  [mc :r3] ring-3 thread executing on an APPLICATION PROCESSOR
  [mc :r3] SYS_GETPID via the AP's own SYSCALL path -> pid [cas    ] put len 512 hash f080decace288325 -> DEDUP to block 843 (no write)
0000000000000028
  [mc :r3] ring-3 thread executing on an APPLICATION PROCESSOR
  [mc :r3] SYS_GETPID via the AP's own SYSCALL path -> pid 0000000000000029
  [mc :r3] ring-3 thread executing on an APPLICATION PROCESSOR
  [mc :r3] SYS_GETPID via the AP's own SYSCALL path -> pid 0000000000000026
[cas    ] put len 512 hash db6ad8b32fddfb25 -> block 845 (stored)
[cas    ] put len 512 hash db6ad8b32fddfb25 -> DEDUP to block 845 (no write)
[cas    ] put len 512 hash db6ad8b32fddfb25 -> DEDUP to block 845 (no write)
[cas    ] put len 512 hash db6ad8b32fddfb25 -> DEDUP to block 845 (no write)
[cas    ] put len 512 hash 49d82685c139c925 -> DEDUP to block 839 (no write)
[cas    ] put len 512 hash 49d82685c139c925 -> DEDUP to block 839 (no write)
[cas    ] put len 512 hash 24e37d4a77f08725 -> block 846 (stored)
[cas    ] put len 512 hash 24e37d4a77f08725 -> DEDUP to block 846 (no write)
[cas    ] put len 512 hash 24e37d4a77f08725 -> DEDUP to block 846 (no write)
[cas    ] put len 512 hash 24e37d4a77f08725 -> DEDUP to block 846 (no write)
[cas    ] put len 512 hash 89dac747637a2325 -> block 847 (stored)
[cas    ] put len 512 hash 89dac747637a2325 -> DEDUP to block 847 (no write)
[cas    ] put len 512 hash 89dac747637a2325 -> DEDUP to block 847 (no write)
[cas    ] put len 512 hash 89dac747637a2325 -> DEDUP to block 847 (no write)
[cas    ] put len 512 hash e258dea3c1444725 -> block 848 (stored)
[cas    ] put len 512 hash e258dea3c1444725 -> DEDUP to block 848 (no write)
[cas    ] put len 512 hash e258dea3c1444725 -> DEDUP to block 848 (no write)
[cas    ] put len 512 hash e258dea3c1444725 -> DEDUP to block 848 (no write)
[smpstrs]   pid 32 role 10: exit 32 (want 32) ran_on 1
[smpstrs]   pid 33 role 10: exit 33 (want 33) ran_on 2
[smpstrs]   pid 34 role 9: exit 34 (want 34) ran_on 4
[smpstrs]   pid 35 role 9: exit 35 (want 35) ran_on 8
[smpstrs]   pid 36 role 9: exit 36 (want 36) ran_on 1
[smpstrs]   pid 37 role 9: exit 37 (want 37) ran_on 2
[smpstrs]   pid 38 role 6: exit 38 (want 38) ran_on 8
[smpstrs]   pid 39 role 6: exit 39 (want 39) ran_on 8
[smpstrs]   pid 40 role 6: exit 40 (want 40) ran_on 8
[smpstrs]   pid 41 role 6: exit 41 (want 41) ran_on 8
[smpstrs]  PASS  no watchdog timeout — every worker reached a terminal state (no deadlock)
[smpstrs]  PASS  every worker's exit code == its pid (no 6xx/7xx: VFS/surface work was correct)
[smpstrs] 4 distinct core(s) executed part of this mixed workload
[smpstrs]  PASS  >= 2 distinct cores executed part of the mix (bias + stealing both worked)
[smpstrs]  PASS  ZERO cross-core lock-rank violations across the whole mixed run
[smpstrs] -- v0.49 phase 2: TLB shootdown + affinity + remap/unmap migration --
[kernel ] spawned pid 42 'smpstrs-noadmin' caps 0000000000000000 — private PML4 @ phys 0000000001206000
[smpstrs]  PASS  every v0.49 SMP syscall denied without PCAP_SMP_ADMIN
[kernel ] spawned pid 43 'smp-migrate' caps 0000000000000200 — private PML4 @ phys 0000000001207000
[elf    ] PT_LOAD vaddr 0000500000000000 filesz 000000000000e423 memsz 000000000000e423 (ro) -> mapped USER (bounds ok)
[elf    ] PT_LOAD vaddr 000050000000f000 filesz 00000000000029ac memsz 00000000000029ac (ro) -> mapped USER (bounds ok)
[elf    ] PT_LOAD vaddr 0000500000012000 filesz 0000000000000180 memsz 000000000001d220 (rw) -> mapped USER (bounds ok)
[kernel ] spawned pid 44 'smp-migrate' caps 0000000000000200 — private PML4 @ phys 00000000011a1000
[elf    ] PT_LOAD vaddr 0000500000000000 filesz 000000000000e423 memsz 000000000000e423 (ro) -> mapped USER (bounds ok)
[elf    ] PT_LOAD vaddr 000050000000f000 filesz 00000000000029ac memsz 00000000000029ac (ro) -> mapped USER (bounds ok)
[elf    ] PT_LOAD vaddr 0000500000012000 filesz 0000000000000180 memsz 000000000001d220 (rw) -> mapped USER (bounds ok)
[kernel ] spawned pid 45 'smp-migrate' caps 0000000000000200 — private PML4 @ phys 00000000012b8000
[elf    ] PT_LOAD vaddr 0000500000000000 filesz 000000000000e423 memsz 000000000000e423 (ro) -> mapped USER (bounds ok)
[elf    ] PT_LOAD vaddr 000050000000f000 filesz 00000000000029ac memsz 00000000000029ac (ro) -> mapped USER (bounds ok)
[elf    ] PT_LOAD vaddr 0000500000012000 filesz 0000000000000180 memsz 000000000001d220 (rw) -> mapped USER (bounds ok)
[kernel ] spawned pid 46 'smp-migrate' caps 0000000000000200 — private PML4 @ phys 0000000001302000
[elf    ] PT_LOAD vaddr 0000500000000000 filesz 000000000000e423 memsz 000000000000e423 (ro) -> mapped USER (bounds ok)
[elf    ] PT_LOAD vaddr 000050000000f000 filesz 00000000000029ac memsz 00000000000029ac (ro) -> mapped USER (bounds ok)
[elf    ] PT_LOAD vaddr 0000500000012000 filesz 0000000000000180 memsz 000000000001d220 (rw) -> mapped USER (bounds ok)
[kernel ] spawned pid 47 'smp-migrate' caps 0000000000000200 — private PML4 @ phys 00000000013ad000
[elf    ] PT_LOAD vaddr 0000500000000000 filesz 000000000000e423 memsz 000000000000e423 (ro) -> mapped USER (bounds ok)
[elf    ] PT_LOAD vaddr 000050000000f000 filesz 00000000000029ac memsz 00000000000029ac (ro) -> mapped USER (bounds ok)
[elf    ] PT_LOAD vaddr 0000500000012000 filesz 0000000000000180 memsz 000000000001d220 (rw) -> mapped USER (bounds ok)
[kernel ] spawned pid 48 'smp-migrate' caps 0000000000000200 — private PML4 @ phys 0000000001374000
[elf    ] PT_LOAD vaddr 0000500000000000 filesz 000000000000e423 memsz 000000000000e423 (ro) -> mapped USER (bounds ok)
[elf    ] PT_LOAD vaddr 000050000000f000 filesz 00000000000029ac memsz 00000000000029ac (ro) -> mapped USER (bounds ok)
[elf    ] PT_LOAD vaddr 0000500000012000 filesz 0000000000000180 memsz 000000000001d220 (rw) -> mapped USER (bounds ok)
[kernel ] spawned pid 49 'smp-migrate' caps 0000000000000200 — private PML4 @ phys 000000000133b000
[elf    ] PT_LOAD vaddr 0000500000000000 filesz 000000000000e423 memsz 000000000000e423 (ro) -> mapped USER (bounds ok)
[elf    ] PT_LOAD vaddr 000050000000f000 filesz 00000000000029ac memsz 00000000000029ac (ro) -> mapped USER (bounds ok)
[elf    ] PT_LOAD vaddr 0000500000012000 filesz 0000000000000180 memsz 000000000001d220 (rw) -> mapped USER (bounds ok)
[kernel ] spawned pid 50 'smp-migrate' caps 0000000000000200 — private PML4 @ phys 0000000001285000
[elf    ] PT_LOAD vaddr 0000500000000000 filesz 000000000000e423 memsz 000000000000e423 (ro) -> mapped USER (bounds ok)
[elf    ] PT_LOAD vaddr 000050000000f000 filesz 00000000000029ac memsz 00000000000029ac (ro) -> mapped USER (bounds ok)
[elf    ] PT_LOAD vaddr 0000500000012000 filesz 0000000000000180 memsz 000000000001d220 (rw) -> mapped USER (bounds ok)
[smpstrs]   pid 43 (role 16): exit 43 (want 43) ran_on 1 affinity 1
[smpstrs]   pid 44 (role 16): exit 44 (want 44) ran_on 2 affinity 0
[smpstrs]   pid 45 (role 16): exit 45 (want 45) ran_on 1 affinity 1
[smpstrs]   pid 46 (role 16): exit 46 (want 46) ran_on 8 affinity 0
[smpstrs]   pid 47 (role 16): exit 47 (want 47) ran_on 1 affinity 1
[smpstrs]   pid 48 (role 16): exit 48 (want 48) ran_on 8 affinity 0
[smpstrs]   pid 49 (role 16): exit 49 (want 49) ran_on 1 affinity 1
[smpstrs]   pid 50 (role 16): exit 50 (want 50) ran_on 4 affinity 0
[smpstrs]  PASS  no watchdog timeout — every remap/unmap/migration worker finished (0 IPI deadlocks)
[smpstrs]  PASS  every worker's exit code == its pid (0 stale TLB reads across remap/unmap/migration)
[smpstrs]  PASS  every pid-pinned worker's ran_on stayed inside its affinity mask (cpu0 only)
[smpstrs] phase 2: 2 task(s) stolen, 0 non-blocking steal attempt(s) backed off busy
[smpstrs]  PASS  ZERO cross-core lock-rank violations across the migration phase
[smpstrs] RESULT: 9 passed, 0 failed
[smpstrs] SMP STRESS VERIFIED — mixed syscall/VFS/compositor workload survives across every core
-- done --
-- DMA STRESS: real passthrough/DMA grants held and revoked across genuine kproc exit --
[kernel ] spawned pid 51 'dma-stress' caps 0000000000000003 — private PML4 @ phys 000000000133b000
[elf    ] PT_LOAD vaddr 0000500000000000 filesz 000000000000e423 memsz 000000000000e423 (ro) -> mapped USER (bounds ok)
[elf    ] PT_LOAD vaddr 000050000000f000 filesz 00000000000029ac memsz 00000000000029ac (ro) -> mapped USER (bounds ok)
[elf    ] PT_LOAD vaddr 0000500000012000 filesz 0000000000000180 memsz 000000000001d220 (rw) -> mapped USER (bounds ok)
[kernel ] spawned pid 52 'dma-stress' caps 0000000000000003 — private PML4 @ phys 000000000136d000
[elf    ] PT_LOAD vaddr 0000500000000000 filesz 000000000000e423 memsz 000000000000e423 (ro) -> mapped USER (bounds ok)
[elf    ] PT_LOAD vaddr 000050000000f000 filesz 00000000000029ac memsz 00000000000029ac (ro) -> mapped USER (bounds ok)
[elf    ] PT_LOAD vaddr 0000500000012000 filesz 0000000000000180 memsz 000000000001d220 (rw) -> mapped USER (bounds ok)
[kernel ] spawned pid 53 'dma-stress' caps 0000000000000003 — private PML4 @ phys 00000000013df000
[elf    ] PT_LOAD vaddr 0000500000000000 filesz 000000000000e423 memsz 000000000000e423 (ro) -> mapped USER (bounds ok)
[elf    ] PT_LOAD vaddr 000050000000f000 filesz 00000000000029ac memsz 00000000000029ac (ro) -> mapped USER (bounds ok)
[elf    ] PT_LOAD vaddr 0000500000012000 filesz 0000000000000180 memsz 000000000001d220 (rw) -> mapped USER (bounds ok)
[kernel ] spawned pid 54 'dma-stress' caps 0000000000000003 — private PML4 @ phys 000000000128c000
[elf    ] PT_LOAD vaddr 0000500000000000 filesz 000000000000e423 memsz 000000000000e423 (ro) -> mapped USER (bounds ok)
[elf    ] PT_LOAD vaddr 000050000000f000 filesz 00000000000029ac memsz 00000000000029ac (ro) -> mapped USER (bounds ok)
[elf    ] PT_LOAD vaddr 0000500000012000 filesz 0000000000000180 memsz 000000000001d220 (rw) -> mapped USER (bounds ok)
[kernel ] spawned pid 55 'dma-stress' caps 0000000000000020 — private PML4 @ phys 00000000013a6000
[elf    ] PT_LOAD vaddr 0000500000000000 filesz 000000000000e423 memsz 000000000000e423 (ro) -> mapped USER (bounds ok)
[elf    ] PT_LOAD vaddr 000050000000f000 filesz 00000000000029ac memsz 00000000000029ac (ro) -> mapped USER (bounds ok)
[elf    ] PT_LOAD vaddr 0000500000012000 filesz 0000000000000180 memsz 000000000001d220 (rw) -> mapped USER (bounds ok)
[cas    ] put len 512 hash 7d5e5bb2c86a3525 -> block 849 (stored)
[cas    ] put len 512 hash 7d5e5bb2c86a3525 -> DEDUP to block 849 (no write)
[kernel ] spawned pid 56 'dma-stress' caps 0000000000000020 — private PML4 @ phys 0000000001276000
[elf    ] PT_LOAD vaddr 0000500000000000 filesz 000000000000e423 memsz 000000000000e423 (ro) -> mapped USER (bounds ok)
[elf    ] PT_LOAD vaddr 000050000000f000 filesz 00000000000029ac memsz 00000000000029ac (ro) -> mapped USER (bounds ok)
[elf    ] PT_LOAD vaddr 0000500000012000 filesz 0000000000000180 memsz 000000000001d220 (rw) -> mapped USER (bounds ok)
[cas    ] put len 512 hash 0864315f6d949f25 -> block 850 (stored)
[cas    ] put len 512 hash 0864315f6d949f25 -> DEDUP to block 850 (no write)
[kernel ] spawned pid 57 'dma-stress' caps 0000000000000020 — private PML4 @ phys 00000000011ab000
[elf    ] PT_LOAD vaddr 0000500000000000 filesz 000000000000e423 memsz 000000000000e423 (ro) -> mapped USER (bounds ok)
[elf    ] PT_LOAD vaddr 000050000000f000 filesz 00000000000029ac memsz 00000000000029ac (ro) -> mapped USER (bounds ok)
[elf    ] PT_LOAD vaddr 0000500000012000 filesz 0000000000000180 memsz 000000000001d220 (rw) -> mapped USER (bounds ok)
[cas    ] put len 512 hash 2b2dd9f3dad22725 -> block 851 (stored)
[cas    ] put len 512 hash 2b2dd9f3dad22725 -> DEDUP to block 851 (no write)
[kernel ] spawned pid 58 'dma-stress' caps 0000000000000020 — private PML4 @ phys 00000000011f7000
[elf    ] PT_LOAD vaddr 0000500000000000 filesz 000000000000e423 memsz 000000000000e423 (ro) -> mapped USER (bounds ok)
[elf    ] PT_LOAD vaddr 000050000000f000 filesz 00000000000029ac memsz 00000000000029ac (ro) -> mapped USER (bounds ok)
[elf    ] PT_LOAD vaddr 0000500000012000 filesz 0000000000000180 memsz 000000000001d220 (rw) -> mapped USER (bounds ok)
[cas    ] put len 512 hash e085cb17b8543325 -> block 852 (stored)
[cas    ] put len 512 hash e085cb17b8543325 -> DEDUP to block 852 (no write)
[kernel ] spawned pid 59 'dma-stress' caps 0000000000000040 — private PML4 @ phys 0000000001329000
[elf    ] PT_LOAD vaddr 0000500000000000 filesz 000000000000e423 memsz 000000000000e423 (ro) -> mapped USER (bounds ok)
[elf    ] PT_LOAD vaddr 000050000000f000 filesz 00000000000029ac memsz 00000000000029ac (ro) -> mapped USER (bounds ok)
[elf    ] PT_LOAD vaddr 0000500000012000 filesz 0000000000000180 memsz 000000000001d220 (rw) -> mapped USER (bounds ok)
[kernel ] spawned pid 60 'dma-stress' caps 0000000000000040 — private PML4 @ phys 0000000001243000
[elf    ] PT_LOAD vaddr 0000500000000000 filesz 000000000000e423 memsz 000000000000e423 (ro) -> mapped USER (bounds ok)
[elf    ] PT_LOAD vaddr 000050000000f000 filesz 00000000000029ac memsz 00000000000029ac (ro) -> mapped USER (bounds ok)
[elf    ] PT_LOAD vaddr 0000500000012000 filesz 0000000000000180 memsz 000000000001d220 (rw) -> mapped USER (bounds ok)
[cas    ] put len 512 hash 476bec07673a5325 -> DEDUP to block 828 (no write)
[cas    ] put len 512 hash 476bec07673a5325 -> DEDUP to block 828 (no write)
[dmastrs] 10 workers (4 DMA-churn + 4 VFS + 2 surface) biased round-robin across 4 cores
[hw     ] GRANT  pid 53 'dma-stress' -> 'sensor0': phys 0000000001002000 mapped at vaddr 0000400d40000000 (1 pages)
[hw     ] GRANT  pid 54 'dma-stress' -> 'sensor0': phys 0000000001002000 mapped at vaddr 0000400d80000000 (1 pages)
[hw     ] GRANT  pid 51 'dma-stress' -> 'sensor0': phys 0000000001002000 mapped at vaddr 0000400cc0000000 (1 pages)
[hw     ] GRANT  pid 52 'dma-stress' -> 'sensor0': phys 0000000001002000 mapped at vaddr 0000400d00000000 (1 pages)
[cas    ] put len 512 hash 883306c5ffebeb25 -> block 853 (stored)
[cas    ] put len 512 hash 883306c5ffebeb25 -> DEDUP to block 853 (no write)
[cas    ] put len 512 hash 39c814782ab9a925 -> block 854 (stored)
[cas    ] put len 512 hash 39c814782ab9a925 -> DEDUP to block 854 (no write)
[cas    ] put len 512 hash f2c16c5d6c3e4325 -> block 855 (stored)
[cas    ] put len 512 hash f2c16c5d6c3e4325 -> DEDUP to block 855 (no write)
[cas    ] put len 512 hash 39c814782ab9a925 -> DEDUP to block 854 (no write)
[cas    ] put len 512 hash 39c814782ab9a925 -> DEDUP to block 854 (no write)
[cas    ] put len 512 hash e2f59a6cfd17ef25 -> block 856 (stored)
[cas    ] put len 512 hash e2f59a6cfd17ef25 -> DEDUP to block 856 (no write)
[cas    ] put len 512 hash f2c16c5d6c3e4325 -> DEDUP to block 855 (no write)
[cas    ] put len 512 hash f2c16c5d6c3e4325 -> DEDUP to block 855 (no write)
[cas    ] put len 512 hash 883306c5ffebeb25 -> DEDUP to block 853 (no write)
[cas    ] put len 512 hash 883306c5ffebeb25 -> DEDUP to block 853 (no write)
[cas    ] put len 512 hash f3e1d779b042f725 -> block 857 (stored)
[cas    ] put len 512 hash f3e1d779b042f725 -> DEDUP to block 857 (no write)
[cas    ] put len 512 hash 8853658101b3c725 -> block 858 (stored)
[cas    ] put len 512 hash 8853658101b3c725 -> DEDUP to block 858 (no write)
[cas    ] put len 512 hash 3a3f56b88e0f3525 -> block 859 (stored)
[cas    ] put len 512 hash 3a3f56b88e0f3525 -> DEDUP to block 859 (no write)
[cas    ] put len 512 hash f3e1d779b042f725 -> DEDUP to block 857 (no write)
[cas    ] put len 512 hash f3e1d779b042f725 -> DEDUP to block 857 (no write)
[cas    ] put len 512 hash e2f59a6cfd17ef25 -> DEDUP to block 856 (no write)
[cas    ] put len 512 hash e2f59a6cfd17ef25 -> DEDUP to block 856 (no write)
[cas    ] put len 512 hash 8853658101b3c725 -> DEDUP to block 858 (no write)
[cas    ] put len 512 hash 8853658101b3c725 -> DEDUP to block 858 (no write)
[cas    ] put len 512 hash ac8db1bccaead325 -> block 860 (stored)
[cas    ] put len 512 hash ac8db1bccaead325 -> DEDUP to block 860 (no write)
[cas    ] put len 512 hash 3e740ef66f728925 -> block 861 (stored)
[cas    ] put len 512 hash 3e740ef66f728925 -> DEDUP to block 861 (no write)
[cas    ] put len 512 hash 3a3f56b88e0f3525 -> DEDUP to block 859 (no write)
[cas    ] put len 512 hash 3a3f56b88e0f3525 -> DEDUP to block 859 (no write)
[cas    ] put len 512 hash ac8db1bccaead325 -> DEDUP to block 860 (no write)
[cas    ] put len 512 hash ac8db1bccaead325 -> DEDUP to block 860 (no write)
[cas    ] put len 512 hash 3e740ef66f728925 -> DEDUP to block 861 (no write)
[cas    ] put len 512 hash 3e740ef66f728925 -> DEDUP to block 861 (no write)
[cas    ] put len 512 hash fa90b9db9a1c0b25 -> block 862 (stored)
[cas    ] put len 512 hash fa90b9db9a1c0b25 -> DEDUP to block 862 (no write)
[cas    ] put len 512 hash c059f731fb0cef25 -> block 863 (stored)
[cas    ] put len 512 hash c059f731fb0cef25 -> DEDUP to block 863 (no write)
[cas    ] put len 512 hash 809b80e76635ef25 -> block 864 (stored)
[cas    ] put len 512 hash 809b80e76635ef25 -> DEDUP to block 864 (no write)
[cas    ] put len 512 hash 50a0d687781f0325 -> block 865 (stored)
[cas    ] put len 512 hash 50a0d687781f0325 -> DEDUP to block 865 (no write)
[cas    ] put len 512 hash c059f731fb0cef25 -> DEDUP to block 863 (no write)
[cas    ] put len 512 hash c059f731fb0cef25 -> DEDUP to block 863 (no write)
[surface] pid 59 owns surface 7 (64x64) DOUBLE-BUFFERED at user vaddr 0000530000000000 (+4 pages back) (recycled pixel buffers)
[cas    ] put len 512 hash 50a0d687781f0325 -> DEDUP to block 865 (no write)
[surface] slot 7 reclaimed on owner exit — 8 pages (phys 00000000012f0000) back on the free list
[cas    ] put len 512 hash 50a0d687781f0325 -> DEDUP to block 865 (no write)
[surface] pid 59 owns surface 7 (64x64) DOUBLE-BUFFERED at user vaddr 0000530000000000 (+4 pages back) (recycled pixel buffers)
[surface] slot 7 reclaimed on owner exit — 8 pages (phys 00000000012f0000) back on the free list
[surface] pid 60 owns surface 6 (64x64) DOUBLE-BUFFERED at user vaddr 0000530000000000 (+4 pages back) (recycled pixel buffers)
[surface] slot 6 reclaimed on owner exit — 8 pages (phys 00000000012f0000) back on the free list
[surface] pid 60 owns surface 6 (64x64) DOUBLE-BUFFERED at user vaddr 0000530000000000 (+4 pages back) (recycled pixel buffers)
[surface] slot 6 reclaimed on owner exit — 8 pages (phys 00000000012f0000) back on the free list
[cas    ] put len 512 hash 809b80e76635ef25 -> DEDUP to block 864 (no write)
[cas    ] put len 512 hash 809b80e76635ef25 -> DEDUP to block 864 (no write)
[cas    ] put len 512 hash fa90b9db9a1c0b25 -> DEDUP to block 862 (no write)
[cas    ] put len 512 hash fa90b9db9a1c0b25 -> DEDUP to block 862 (no write)
[cas    ] put len 512 hash 1cddc760d80c3325 -> block 866 (stored)
[cas    ] put len 512 hash 1cddc760d80c3325 -> DEDUP to block 866 (no write)
[cas    ] put len 512 hash 1cddc760d80c3325 -> DEDUP to block 866 (no write)
[cas    ] put len 512 hash 1cddc760d80c3325 -> DEDUP to block 866 (no write)
[cas    ] put len 512 hash 9170cc4bc2363725 -> block 867 (stored)
[cas    ] put len 512 hash 9170cc4bc2363725 -> DEDUP to block 867 (no write)
[cas    ] put len 512 hash 9170cc4bc2363725 -> DEDUP to block 867 (no write)
[cas    ] put len 512 hash 9170cc4bc2363725 -> DEDUP to block 867 (no write)
[cas    ] put len 512 hash e03f3400edbdc925 -> block 868 (stored)
[cas    ] put len 512 hash e03f3400edbdc925 -> DEDUP to block 868 (no write)
[cas    ] put len 512 hash e03f3400edbdc925 -> DEDUP to block 868 (no write)
[cas    ] put len 512 hash e03f3400edbdc925 -> DEDUP to block 868 (no write)
[dmastrs]   pid 51 role 11: exit 51 (want 51) grants=0 slpt=0000000000000000 finish#37
[dmastrs]   pid 52 role 11: exit 52 (want 52) grants=0 slpt=0000000000000000 finish#38
[dmastrs]   pid 53 role 11: exit 53 (want 53) grants=0 slpt=0000000000000000 finish#35
[dmastrs]   pid 54 role 11: exit 54 (want 54) grants=0 slpt=0000000000000000 finish#36
[dmastrs]   pid 55 role 9: exit 55 (want 55) grants=0 slpt=0000000000000000 finish#44
[dmastrs]   pid 56 role 9: exit 56 (want 56) grants=0 slpt=0000000000000000 finish#42
[dmastrs]   pid 57 role 9: exit 57 (want 57) grants=0 slpt=0000000000000000 finish#43
[dmastrs]   pid 58 role 9: exit 58 (want 58) grants=0 slpt=0000000000000000 finish#39
[dmastrs]   pid 59 role 10: exit 59 (want 59) grants=0 slpt=0000000000000000 finish#40
[dmastrs]   pid 60 role 10: exit 60 (want 60) grants=0 slpt=0000000000000000 finish#41
[dmastrs]  PASS  no watchdog timeout — every worker reached a terminal state
[dmastrs]  PASS  every worker's exit code == its pid (DMA/passthrough work was correct)
[dmastrs]  PASS  every worker's DMA grant table is empty after exit (all revoked)
[dmastrs]  PASS  every worker's IOMMU domain (g_proc_slpt) was freed and zeroed on exit
[dmastrs]  PASS  no descriptor leaks (open-file table fully released)
[dmastrs] this run: +608 freed, +20 reused; global depth 593 reconciles: freed=2630 reused=2037
[dmastrs]  PASS  free-frame count reconciles (g_frame_free_depth == lifetime freed - reused)
[dmastrs] RESULT: 6 passed, 0 failed
[dmastrs] DMA STRESS VERIFIED — every grant revoked, every domain freed, no leaks, no contamination
-- done --
-- LEAK CHECK: heavy spawn/destroy loop proves 100% physical-frame reclamation --
[kernel ] spawned pid 61 'leak-probe' caps 0000000000000000 — private PML4 @ phys 00000000013a6000
[elf    ] PT_LOAD vaddr 0000500000000000 filesz 000000000000e423 memsz 000000000000e423 (ro) -> mapped USER (bounds ok)
[elf    ] PT_LOAD vaddr 000050000000f000 filesz 00000000000029ac memsz 00000000000029ac (ro) -> mapped USER (bounds ok)
[elf    ] PT_LOAD vaddr 0000500000012000 filesz 0000000000000180 memsz 000000000001d220 (rw) -> mapped USER (bounds ok)
  [mc :r3] ring-3 thread executing on an APPLICATION PROCESSOR
  [mc :r3] SYS_GETPID via the AP's own SYSCALL path -> pid 000000000000003d
[elf    ] PT_LOAD vaddr 0000500000000000 filesz 000000000000e423 memsz 000000000000e423 (ro) -> mapped USER (bounds ok)
[elf    ] PT_LOAD vaddr 000050000000f000 filesz 00000000000029ac memsz 00000000000029ac (ro) -> mapped USER (bounds ok)
[elf    ] PT_LOAD vaddr 0000500000012000 filesz 0000000000000180 memsz 000000000001d220 (rw) -> mapped USER (bounds ok)
  [mc :r3] ring-3 thread executing on an APPLICATION PROCESSOR
  [mc :r3] SYS_GETPID via the AP's own SYSCALL path -> pid 000000000000003d
[elf    ] PT_LOAD vaddr 0000500000000000 filesz 000000000000e423 memsz 000000000000e423 (ro) -> mapped USER (bounds ok)
[elf    ] PT_LOAD vaddr 000050000000f000 filesz 00000000000029ac memsz 00000000000029ac (ro) -> mapped USER (bounds ok)
[elf    ] PT_LOAD vaddr 0000500000012000 filesz 0000000000000180 memsz 000000000001d220 (rw) -> mapped USER (bounds ok)
  [mc :r3] ring-3 thread executing on an APPLICATION PROCESSOR
  [mc :r3] SYS_GETPID via the AP's own SYSCALL path -> pid 000000000000003d
[elf    ] PT_LOAD vaddr 0000500000000000 filesz 000000000000e423 memsz 000000000000e423 (ro) -> mapped USER (bounds ok)
[elf    ] PT_LOAD vaddr 000050000000f000 filesz 00000000000029ac memsz 00000000000029ac (ro) -> mapped USER (bounds ok)
[elf    ] PT_LOAD vaddr 0000500000012000 filesz 0000000000000180 memsz 000000000001d220 (rw) -> mapped USER (bounds ok)
  [mc :r3] ring-3 thread executing on an APPLICATION PROCESSOR
  [mc :r3] SYS_GETPID via the AP's own SYSCALL path -> pid 000000000000003d
[elf    ] PT_LOAD vaddr 0000500000000000 filesz 000000000000e423 memsz 000000000000e423 (ro) -> mapped USER (bounds ok)
[elf    ] PT_LOAD vaddr 000050000000f000 filesz 00000000000029ac memsz 00000000000029ac (ro) -> mapped USER (bounds ok)
[elf    ] PT_LOAD vaddr 0000500000012000 filesz 0000000000000180 memsz 000000000001d220 (rw) -> mapped USER (bounds ok)
  [mc :r3] ring-3 thread executing on an APPLICATION PROCESSOR
  [mc :r3] SYS_GETPID via the AP's own SYSCALL path -> pid 000000000000003d
[elf    ] PT_LOAD vaddr 0000500000000000 filesz 000000000000e423 memsz 000000000000e423 (ro) -> mapped USER (bounds ok)
[elf    ] PT_LOAD vaddr 000050000000f000 filesz 00000000000029ac memsz 00000000000029ac (ro) -> mapped USER (bounds ok)
[elf    ] PT_LOAD vaddr 0000500000012000 filesz 0000000000000180 memsz 000000000001d220 (rw) -> mapped USER (bounds ok)
  [mc :r3] ring-3 thread executing on an APPLICATION PROCESSOR
  [mc :r3] SYS_GETPID via the AP's own SYSCALL path -> pid 000000000000003d
[elf    ] PT_LOAD vaddr 0000500000000000 filesz 000000000000e423 memsz 000000000000e423 (ro) -> mapped USER (bounds ok)
[elf    ] PT_LOAD vaddr 000050000000f000 filesz 00000000000029ac memsz 00000000000029ac (ro) -> mapped USER (bounds ok)
[elf    ] PT_LOAD vaddr 0000500000012000 filesz 0000000000000180 memsz 000000000001d220 (rw) -> mapped USER (bounds ok)
  [mc :r3] ring-3 thread executing on an APPLICATION PROCESSOR
  [mc :r3] SYS_GETPID via the AP's own SYSCALL path -> pid 000000000000003d
[elf    ] PT_LOAD vaddr 0000500000000000 filesz 000000000000e423 memsz 000000000000e423 (ro) -> mapped USER (bounds ok)
[elf    ] PT_LOAD vaddr 000050000000f000 filesz 00000000000029ac memsz 00000000000029ac (ro) -> mapped USER (bounds ok)
[elf    ] PT_LOAD vaddr 0000500000012000 filesz 0000000000000180 memsz 000000000001d220 (rw) -> mapped USER (bounds ok)
  [mc :r3] ring-3 thread executing on an APPLICATION PROCESSOR
  [mc :r3] SYS_GETPID via the AP's own SYSCALL path -> pid 000000000000003d
[elf    ] PT_LOAD vaddr 0000500000000000 filesz 000000000000e423 memsz 000000000000e423 (ro) -> mapped USER (bounds ok)
[elf    ] PT_LOAD vaddr 000050000000f000 filesz 00000000000029ac memsz 00000000000029ac (ro) -> mapped USER (bounds ok)
[elf    ] PT_LOAD vaddr 0000500000012000 filesz 0000000000000180 memsz 000000000001d220 (rw) -> mapped USER (bounds ok)
  [mc :r3] ring-3 thread executing on an APPLICATION PROCESSOR
  [mc :r3] SYS_GETPID via the AP's own SYSCALL path -> pid 000000000000003d
[elf    ] PT_LOAD vaddr 0000500000000000 filesz 000000000000e423 memsz 000000000000e423 (ro) -> mapped USER (bounds ok)
[elf    ] PT_LOAD vaddr 000050000000f000 filesz 00000000000029ac memsz 00000000000029ac (ro) -> mapped USER (bounds ok)
[elf    ] PT_LOAD vaddr 0000500000012000 filesz 0000000000000180 memsz 000000000001d220 (rw) -> mapped USER (bounds ok)
  [mc :r3] ring-3 thread executing on an APPLICATION PROCESSOR
  [mc :r3] SYS_GETPID via the AP's own SYSCALL path -> pid 000000000000003d
[elf    ] PT_LOAD vaddr 0000500000000000 filesz 000000000000e423 memsz 000000000000e423 (ro) -> mapped USER (bounds ok)
[elf    ] PT_LOAD vaddr 000050000000f000 filesz 00000000000029ac memsz 00000000000029ac (ro) -> mapped USER (bounds ok)
[elf    ] PT_LOAD vaddr 0000500000012000 filesz 0000000000000180 memsz 000000000001d220 (rw) -> mapped USER (bounds ok)
  [mc :r3] ring-3 thread executing on an APPLICATION PROCESSOR
  [mc :r3] SYS_GETPID via the AP's own SYSCALL path -> pid 000000000000003d
[elf    ] PT_LOAD vaddr 0000500000000000 filesz 000000000000e423 memsz 000000000000e423 (ro) -> mapped USER (bounds ok)
[elf    ] PT_LOAD vaddr 000050000000f000 filesz 00000000000029ac memsz 00000000000029ac (ro) -> mapped USER (bounds ok)
[elf    ] PT_LOAD vaddr 0000500000012000 filesz 0000000000000180 memsz 000000000001d220 (rw) -> mapped USER (bounds ok)
  [mc :r3] ring-3 thread executing on an APPLICATION PROCESSOR
  [mc :r3] SYS_GETPID via the AP's own SYSCALL path -> pid 000000000000003d
[elf    ] PT_LOAD vaddr 0000500000000000 filesz 000000000000e423 memsz 000000000000e423 (ro) -> mapped USER (bounds ok)
[elf    ] PT_LOAD vaddr 000050000000f000 filesz 00000000000029ac memsz 00000000000029ac (ro) -> mapped USER (bounds ok)
[elf    ] PT_LOAD vaddr 0000500000012000 filesz 0000000000000180 memsz 000000000001d220 (rw) -> mapped USER (bounds ok)
  [mc :r3] ring-3 thread executing on an APPLICATION PROCESSOR
  [mc :r3] SYS_GETPID via the AP's own SYSCALL path -> pid 000000000000003d
[elf    ] PT_LOAD vaddr 0000500000000000 filesz 000000000000e423 memsz 000000000000e423 (ro) -> mapped USER (bounds ok)
[elf    ] PT_LOAD vaddr 000050000000f000 filesz 00000000000029ac memsz 00000000000029ac (ro) -> mapped USER (bounds ok)
[elf    ] PT_LOAD vaddr 0000500000012000 filesz 0000000000000180 memsz 000000000001d220 (rw) -> mapped USER (bounds ok)
  [mc :r3] ring-3 thread executing on an APPLICATION PROCESSOR
  [mc :r3] SYS_GETPID via the AP's own SYSCALL path -> pid 000000000000003d
[elf    ] PT_LOAD vaddr 0000500000000000 filesz 000000000000e423 memsz 000000000000e423 (ro) -> mapped USER (bounds ok)
[elf    ] PT_LOAD vaddr 000050000000f000 filesz 00000000000029ac memsz 00000000000029ac (ro) -> mapped USER (bounds ok)
[elf    ] PT_LOAD vaddr 0000500000012000 filesz 0000000000000180 memsz 000000000001d220 (rw) -> mapped USER (bounds ok)
  [mc :r3] ring-3 thread executing on an APPLICATION PROCESSOR
  [mc :r3] SYS_GETPID via the AP's own SYSCALL path -> pid 000000000000003d
[elf    ] PT_LOAD vaddr 0000500000000000 filesz 000000000000e423 memsz 000000000000e423 (ro) -> mapped USER (bounds ok)
[elf    ] PT_LOAD vaddr 000050000000f000 filesz 00000000000029ac memsz 00000000000029ac (ro) -> mapped USER (bounds ok)
[elf    ] PT_LOAD vaddr 0000500000012000 filesz 0000000000000180 memsz 000000000001d220 (rw) -> mapped USER (bounds ok)
  [mc :r3] ring-3 thread executing on an APPLICATION PROCESSOR
  [mc :r3] SYS_GETPID via the AP's own SYSCALL path -> pid 000000000000003d
[elf    ] PT_LOAD vaddr 0000500000000000 filesz 000000000000e423 memsz 000000000000e423 (ro) -> mapped USER (bounds ok)
[elf    ] PT_LOAD vaddr 000050000000f000 filesz 00000000000029ac memsz 00000000000029ac (ro) -> mapped USER (bounds ok)
[elf    ] PT_LOAD vaddr 0000500000012000 filesz 0000000000000180 memsz 000000000001d220 (rw) -> mapped USER (bounds ok)
  [mc :r3] ring-3 thread executing on an APPLICATION PROCESSOR
  [mc :r3] SYS_GETPID via the AP's own SYSCALL path -> pid 000000000000003d
[elf    ] PT_LOAD vaddr 0000500000000000 filesz 000000000000e423 memsz 000000000000e423 (ro) -> mapped USER (bounds ok)
[elf    ] PT_LOAD vaddr 000050000000f000 filesz 00000000000029ac memsz 00000000000029ac (ro) -> mapped USER (bounds ok)
[elf    ] PT_LOAD vaddr 0000500000012000 filesz 0000000000000180 memsz 000000000001d220 (rw) -> mapped USER (bounds ok)
  [mc :r3] ring-3 thread executing on an APPLICATION PROCESSOR
  [mc :r3] SYS_GETPID via the AP's own SYSCALL path -> pid 000000000000003d
[elf    ] PT_LOAD vaddr 0000500000000000 filesz 000000000000e423 memsz 000000000000e423 (ro) -> mapped USER (bounds ok)
[elf    ] PT_LOAD vaddr 000050000000f000 filesz 00000000000029ac memsz 00000000000029ac (ro) -> mapped USER (bounds ok)
[elf    ] PT_LOAD vaddr 0000500000012000 filesz 0000000000000180 memsz 000000000001d220 (rw) -> mapped USER (bounds ok)
  [mc :r3] ring-3 thread executing on an APPLICATION PROCESSOR
  [mc :r3] SYS_GETPID via the AP's own SYSCALL path -> pid 000000000000003d
[elf    ] PT_LOAD vaddr 0000500000000000 filesz 000000000000e423 memsz 000000000000e423 (ro) -> mapped USER (bounds ok)
[elf    ] PT_LOAD vaddr 000050000000f000 filesz 00000000000029ac memsz 00000000000029ac (ro) -> mapped USER (bounds ok)
[elf    ] PT_LOAD vaddr 0000500000012000 filesz 0000000000000180 memsz 000000000001d220 (rw) -> mapped USER (bounds ok)
  [mc :r3] ring-3 thread executing on an APPLICATION PROCESSOR
  [mc :r3] SYS_GETPID via the AP's own SYSCALL path -> pid 000000000000003d
[elf    ] PT_LOAD vaddr 0000500000000000 filesz 000000000000e423 memsz 000000000000e423 (ro) -> mapped USER (bounds ok)
[elf    ] PT_LOAD vaddr 000050000000f000 filesz 00000000000029ac memsz 00000000000029ac (ro) -> mapped USER (bounds ok)
[elf    ] PT_LOAD vaddr 0000500000012000 filesz 0000000000000180 memsz 000000000001d220 (rw) -> mapped USER (bounds ok)
  [mc :r3] ring-3 thread executing on an APPLICATION PROCESSOR
  [mc :r3] SYS_GETPID via the AP's own SYSCALL path -> pid 000000000000003d
[elf    ] PT_LOAD vaddr 0000500000000000 filesz 000000000000e423 memsz 000000000000e423 (ro) -> mapped USER (bounds ok)
[elf    ] PT_LOAD vaddr 000050000000f000 filesz 00000000000029ac memsz 00000000000029ac (ro) -> mapped USER (bounds ok)
[elf    ] PT_LOAD vaddr 0000500000012000 filesz 0000000000000180 memsz 000000000001d220 (rw) -> mapped USER (bounds ok)
  [mc :r3] ring-3 thread executing on an APPLICATION PROCESSOR
  [mc :r3] SYS_GETPID via the AP's own SYSCALL path -> pid 000000000000003d
[elf    ] PT_LOAD vaddr 0000500000000000 filesz 000000000000e423 memsz 000000000000e423 (ro) -> mapped USER (bounds ok)
[elf    ] PT_LOAD vaddr 000050000000f000 filesz 00000000000029ac memsz 00000000000029ac (ro) -> mapped USER (bounds ok)
[elf    ] PT_LOAD vaddr 0000500000012000 filesz 0000000000000180 memsz 000000000001d220 (rw) -> mapped USER (bounds ok)
  [mc :r3] ring-3 thread executing on an APPLICATION PROCESSOR
  [mc :r3] SYS_GETPID via the AP's own SYSCALL path -> pid 000000000000003d
[elf    ] PT_LOAD vaddr 0000500000000000 filesz 000000000000e423 memsz 000000000000e423 (ro) -> mapped USER (bounds ok)
[elf    ] PT_LOAD vaddr 000050000000f000 filesz 00000000000029ac memsz 00000000000029ac (ro) -> mapped USER (bounds ok)
[elf    ] PT_LOAD vaddr 0000500000012000 filesz 0000000000000180 memsz 000000000001d220 (rw) -> mapped USER (bounds ok)
  [mc :r3] ring-3 thread executing on an APPLICATION PROCESSOR
  [mc :r3] SYS_GETPID via the AP's own SYSCALL path -> pid 000000000000003d
[elf    ] PT_LOAD vaddr 0000500000000000 filesz 000000000000e423 memsz 000000000000e423 (ro) -> mapped USER (bounds ok)
[elf    ] PT_LOAD vaddr 000050000000f000 filesz 00000000000029ac memsz 00000000000029ac (ro) -> mapped USER (bounds ok)
[elf    ] PT_LOAD vaddr 0000500000012000 filesz 0000000000000180 memsz 000000000001d220 (rw) -> mapped USER (bounds ok)
  [mc :r3] ring-3 thread executing on an APPLICATION PROCESSOR
  [mc :r3] SYS_GETPID via the AP's own SYSCALL path -> pid 000000000000003d
[elf    ] PT_LOAD vaddr 0000500000000000 filesz 000000000000e423 memsz 000000000000e423 (ro) -> mapped USER (bounds ok)
[elf    ] PT_LOAD vaddr 000050000000f000 filesz 00000000000029ac memsz 00000000000029ac (ro) -> mapped USER (bounds ok)
[elf    ] PT_LOAD vaddr 0000500000012000 filesz 0000000000000180 memsz 000000000001d220 (rw) -> mapped USER (bounds ok)
  [mc :r3] ring-3 thread executing on an APPLICATION PROCESSOR
  [mc :r3] SYS_GETPID via the AP's own SYSCALL path -> pid 000000000000003d
[elf    ] PT_LOAD vaddr 0000500000000000 filesz 000000000000e423 memsz 000000000000e423 (ro) -> mapped USER (bounds ok)
[elf    ] PT_LOAD vaddr 000050000000f000 filesz 00000000000029ac memsz 00000000000029ac (ro) -> mapped USER (bounds ok)
[elf    ] PT_LOAD vaddr 0000500000012000 filesz 0000000000000180 memsz 000000000001d220 (rw) -> mapped USER (bounds ok)
  [mc :r3] ring-3 thread executing on an APPLICATION PROCESSOR
  [mc :r3] SYS_GETPID via the AP's own SYSCALL path -> pid 000000000000003d
[elf    ] PT_LOAD vaddr 0000500000000000 filesz 000000000000e423 memsz 000000000000e423 (ro) -> mapped USER (bounds ok)
[elf    ] PT_LOAD vaddr 000050000000f000 filesz 00000000000029ac memsz 00000000000029ac (ro) -> mapped USER (bounds ok)
[elf    ] PT_LOAD vaddr 0000500000012000 filesz 0000000000000180 memsz 000000000001d220 (rw) -> mapped USER (bounds ok)
  [mc :r3] ring-3 thread executing on an APPLICATION PROCESSOR
  [mc :r3] SYS_GETPID via the AP's own SYSCALL path -> pid 000000000000003d
[elf    ] PT_LOAD vaddr 0000500000000000 filesz 000000000000e423 memsz 000000000000e423 (ro) -> mapped USER (bounds ok)
[elf    ] PT_LOAD vaddr 000050000000f000 filesz 00000000000029ac memsz 00000000000029ac (ro) -> mapped USER (bounds ok)
[elf    ] PT_LOAD vaddr 0000500000012000 filesz 0000000000000180 memsz 000000000001d220 (rw) -> mapped USER (bounds ok)
  [mc :r3] ring-3 thread executing on an APPLICATION PROCESSOR
  [mc :r3] SYS_GETPID via the AP's own SYSCALL path -> pid 000000000000003d
[elf    ] PT_LOAD vaddr 0000500000000000 filesz 000000000000e423 memsz 000000000000e423 (ro) -> mapped USER (bounds ok)
[elf    ] PT_LOAD vaddr 000050000000f000 filesz 00000000000029ac memsz 00000000000029ac (ro) -> mapped USER (bounds ok)
[elf    ] PT_LOAD vaddr 0000500000012000 filesz 0000000000000180 memsz 000000000001d220 (rw) -> mapped USER (bounds ok)
  [mc :r3] ring-3 thread executing on an APPLICATION PROCESSOR
  [mc :r3] SYS_GETPID via the AP's own SYSCALL path -> pid 000000000000003d
[elf    ] PT_LOAD vaddr 0000500000000000 filesz 000000000000e423 memsz 000000000000e423 (ro) -> mapped USER (bounds ok)
[elf    ] PT_LOAD vaddr 000050000000f000 filesz 00000000000029ac memsz 00000000000029ac (ro) -> mapped USER (bounds ok)
[elf    ] PT_LOAD vaddr 0000500000012000 filesz 0000000000000180 memsz 000000000001d220 (rw) -> mapped USER (bounds ok)
  [mc :r3] ring-3 thread executing on an APPLICATION PROCESSOR
  [mc :r3] SYS_GETPID via the AP's own SYSCALL path -> pid 000000000000003d
[elf    ] PT_LOAD vaddr 0000500000000000 filesz 000000000000e423 memsz 000000000000e423 (ro) -> mapped USER (bounds ok)
[elf    ] PT_LOAD vaddr 000050000000f000 filesz 00000000000029ac memsz 00000000000029ac (ro) -> mapped USER (bounds ok)
[elf    ] PT_LOAD vaddr 0000500000012000 filesz 0000000000000180 memsz 000000000001d220 (rw) -> mapped USER (bounds ok)
  [mc :r3] ring-3 thread executing on an APPLICATION PROCESSOR
  [mc :r3] SYS_GETPID via the AP's own SYSCALL path -> pid 000000000000003d
[elf    ] PT_LOAD vaddr 0000500000000000 filesz 000000000000e423 memsz 000000000000e423 (ro) -> mapped USER (bounds ok)
[elf    ] PT_LOAD vaddr 000050000000f000 filesz 00000000000029ac memsz 00000000000029ac (ro) -> mapped USER (bounds ok)
[elf    ] PT_LOAD vaddr 0000500000012000 filesz 0000000000000180 memsz 000000000001d220 (rw) -> mapped USER (bounds ok)
  [mc :r3] ring-3 thread executing on an APPLICATION PROCESSOR
  [mc :r3] SYS_GETPID via the AP's own SYSCALL path -> pid 000000000000003d
[elf    ] PT_LOAD vaddr 0000500000000000 filesz 000000000000e423 memsz 000000000000e423 (ro) -> mapped USER (bounds ok)
[elf    ] PT_LOAD vaddr 000050000000f000 filesz 00000000000029ac memsz 00000000000029ac (ro) -> mapped USER (bounds ok)
[elf    ] PT_LOAD vaddr 0000500000012000 filesz 0000000000000180 memsz 000000000001d220 (rw) -> mapped USER (bounds ok)
  [mc :r3] ring-3 thread executing on an APPLICATION PROCESSOR
  [mc :r3] SYS_GETPID via the AP's own SYSCALL path -> pid 000000000000003d
[elf    ] PT_LOAD vaddr 0000500000000000 filesz 000000000000e423 memsz 000000000000e423 (ro) -> mapped USER (bounds ok)
[elf    ] PT_LOAD vaddr 000050000000f000 filesz 00000000000029ac memsz 00000000000029ac (ro) -> mapped USER (bounds ok)
[elf    ] PT_LOAD vaddr 0000500000012000 filesz 0000000000000180 memsz 000000000001d220 (rw) -> mapped USER (bounds ok)
  [mc :r3] ring-3 thread executing on an APPLICATION PROCESSOR
  [mc :r3] SYS_GETPID via the AP's own SYSCALL path -> pid 000000000000003d
[elf    ] PT_LOAD vaddr 0000500000000000 filesz 000000000000e423 memsz 000000000000e423 (ro) -> mapped USER (bounds ok)
[elf    ] PT_LOAD vaddr 000050000000f000 filesz 00000000000029ac memsz 00000000000029ac (ro) -> mapped USER (bounds ok)
[elf    ] PT_LOAD vaddr 0000500000012000 filesz 0000000000000180 memsz 000000000001d220 (rw) -> mapped USER (bounds ok)
  [mc :r3] ring-3 thread executing on an APPLICATION PROCESSOR
  [mc :r3] SYS_GETPID via the AP's own SYSCALL path -> pid 000000000000003d
[elf    ] PT_LOAD vaddr 0000500000000000 filesz 000000000000e423 memsz 000000000000e423 (ro) -> mapped USER (bounds ok)
[elf    ] PT_LOAD vaddr 000050000000f000 filesz 00000000000029ac memsz 00000000000029ac (ro) -> mapped USER (bounds ok)
[elf    ] PT_LOAD vaddr 0000500000012000 filesz 0000000000000180 memsz 000000000001d220 (rw) -> mapped USER (bounds ok)
  [mc :r3] ring-3 thread executing on an APPLICATION PROCESSOR
  [mc :r3] SYS_GETPID via the AP's own SYSCALL path -> pid 000000000000003d
[elf    ] PT_LOAD vaddr 0000500000000000 filesz 000000000000e423 memsz 000000000000e423 (ro) -> mapped USER (bounds ok)
[elf    ] PT_LOAD vaddr 000050000000f000 filesz 00000000000029ac memsz 00000000000029ac (ro) -> mapped USER (bounds ok)
[elf    ] PT_LOAD vaddr 0000500000012000 filesz 0000000000000180 memsz 000000000001d220 (rw) -> mapped USER (bounds ok)
  [mc :r3] ring-3 thread executing on an APPLICATION PROCESSOR
  [mc :r3] SYS_GETPID via the AP's own SYSCALL path -> pid 000000000000003d
[elf    ] PT_LOAD vaddr 0000500000000000 filesz 000000000000e423 memsz 000000000000e423 (ro) -> mapped USER (bounds ok)
[elf    ] PT_LOAD vaddr 000050000000f000 filesz 00000000000029ac memsz 00000000000029ac (ro) -> mapped USER (bounds ok)
[elf    ] PT_LOAD vaddr 0000500000012000 filesz 0000000000000180 memsz 000000000001d220 (rw) -> mapped USER (bounds ok)
  [mc :r3] ring-3 thread executing on an APPLICATION PROCESSOR
  [mc :r3] SYS_GETPID via the AP's own SYSCALL path -> pid 000000000000003d
[elf    ] PT_LOAD vaddr 0000500000000000 filesz 000000000000e423 memsz 000000000000e423 (ro) -> mapped USER (bounds ok)
[elf    ] PT_LOAD vaddr 000050000000f000 filesz 00000000000029ac memsz 00000000000029ac (ro) -> mapped USER (bounds ok)
[elf    ] PT_LOAD vaddr 0000500000012000 filesz 0000000000000180 memsz 000000000001d220 (rw) -> mapped USER (bounds ok)
  [mc :r3] ring-3 thread executing on an APPLICATION PROCESSOR
  [mc :r3] SYS_GETPID via the AP's own SYSCALL path -> pid 000000000000003d
[leakchk] 40 iterations of spawn -> elf_load -> run -> exit on ONE kproc slot (pid 61)
[leakchk] 57 frame(s) reclaimed per iteration; high-water after iter 0: 00000000013fc000, after iter 39: 00000000013fc000
[leakchk] this run: +2280 freed, +2281 reused-from-list; global depth 592, freed 4910, reused 4318
[leakchk]  PASS  every iteration ran to completion and exited cleanly (exit == pid)
[leakchk]  PASS  every iteration reclaimed the SAME nonzero frame count (deterministic teardown, no drift)
[leakchk]  PASS  the bump high-water mark did NOT move after iteration 0 (steady state: fully satisfied from the free list)
[leakchk]  PASS  free-list depth exactly reconciles with the allocator's lifetime counters (no phantom/lost frames)
[leakchk]  PASS  later iterations were satisfied from the free list, not fresh RAM (reuse actually happened)
[leakchk]  PASS  the frame allocator's leaf lock never triggered a rank violation
[leakchk] RESULT: 6 passed, 0 failed
[leakchk] LEAK CHECK VERIFIED — page_free_tree returns every private frame, every time
-- done --
-- KPROC STRESS: 200 spawn/run/exit cycles across surface/DMA roles (+ cio/VFS for the first few) --
[kernel ] spawned pid 62 'kp-stress' caps 0000000000000020 — private PML4 @ phys 0000000001375000
[elf    ] PT_LOAD vaddr 0000500000000000 filesz 000000000000e423 memsz 000000000000e423 (ro) -> mapped USER (bounds ok)
[elf    ] PT_LOAD vaddr 000050000000f000 filesz 00000000000029ac memsz 00000000000029ac (ro) -> mapped USER (bounds ok)
[elf    ] PT_LOAD vaddr 0000500000012000 filesz 0000000000000180 memsz 000000000001d220 (rw) -> mapped USER (bounds ok)
[cas    ] put len 512 hash 9d912f4bed808325 -> block 869 (stored)
[cas    ] put len 512 hash 9d912f4bed808325 -> DEDUP to block 869 (no write)
[kernel ] spawned pid 63 'kp-stress' caps 0000000000000040 — private PML4 @ phys 0000000001217000
[elf    ] PT_LOAD vaddr 0000500000000000 filesz 000000000000e423 memsz 000000000000e423 (ro) -> mapped USER (bounds ok)
[elf    ] PT_LOAD vaddr 000050000000f000 filesz 00000000000029ac memsz 00000000000029ac (ro) -> mapped USER (bounds ok)
[elf    ] PT_LOAD vaddr 0000500000012000 filesz 0000000000000180 memsz 000000000001d220 (rw) -> mapped USER (bounds ok)
[kernel ] spawned pid 64 'kp-stress' caps 0000000000000003 — private PML4 @ phys 0000000001278000
[elf    ] PT_LOAD vaddr 0000500000000000 filesz 000000000000e423 memsz 000000000000e423 (ro) -> mapped USER (bounds ok)
[elf    ] PT_LOAD vaddr 000050000000f000 filesz 00000000000029ac memsz 00000000000029ac (ro) -> mapped USER (bounds ok)
[elf    ] PT_LOAD vaddr 0000500000012000 filesz 0000000000000180 memsz 000000000001d220 (rw) -> mapped USER (bounds ok)
[hw     ] GRANT  pid 64 'kp-stress' -> 'sensor0': phys 0000000001002000 mapped at vaddr 0000401000000000 (1 pages)
[surface] pid 63 owns surface 7 (64x64) DOUBLE-BUFFERED at user vaddr 0000530000000000 (+4 pages back) (recycled pixel buffers)
[cas    ] put len 512 hash 47d27526fac81325 -> block 870 (stored)
[surface] slot 7 reclaimed on owner exit — 8 pages (phys 00000000012f0000) back on the free list
[surface] pid 63 owns surface 7 (64x64) DOUBLE-BUFFERED at user vaddr 0000530000000000 (+4 pages back) (recycled pixel buffers)
[cas    ] put len 512 hash 47d27526fac81325 -> DEDUP to block 870 (no write)
[surface] slot 7 reclaimed on owner exit — 8 pages (phys 00000000012f0000) back on the free list
[cas    ] put len 512 hash 47d27526fac81325 -> DEDUP to block 870 (no write)
[cas    ] put len 512 hash 47d27526fac81325 -> DEDUP to block 870 (no write)
[cas    ] put len 512 hash ad85e61a604def25 -> block 871 (stored)
[cas    ] put len 512 hash ad85e61a604def25 -> DEDUP to block 871 (no write)
[cas    ] put len 512 hash ad85e61a604def25 -> DEDUP to block 871 (no write)
[cas    ] put len 512 hash ad85e61a604def25 -> DEDUP to block 871 (no write)
[cas    ] put len 512 hash 80895235b027dd25 -> block 872 (stored)
[cas    ] put len 512 hash 80895235b027dd25 -> DEDUP to block 872 (no write)
[cas    ] put len 512 hash 80895235b027dd25 -> DEDUP to block 872 (no write)
[cas    ] put len 512 hash 80895235b027dd25 -> DEDUP to block 872 (no write)
[cas    ] put len 512 hash bc6ac16bce843325 -> block 873 (stored)
[cas    ] put len 512 hash bc6ac16bce843325 -> DEDUP to block 873 (no write)
[cas    ] put len 512 hash bc6ac16bce843325 -> DEDUP to block 873 (no write)
[cas    ] put len 512 hash bc6ac16bce843325 -> DEDUP to block 873 (no write)
[kernel ] spawned pid 65 'kp-stress' caps 0000000000000020 — private PML4 @ phys 0000000001375000
[elf    ] PT_LOAD vaddr 0000500000000000 filesz 000000000000e423 memsz 000000000000e423 (ro) -> mapped USER (bounds ok)
[elf    ] PT_LOAD vaddr 000050000000f000 filesz 00000000000029ac memsz 00000000000029ac (ro) -> mapped USER (bounds ok)
[elf    ] PT_LOAD vaddr 0000500000012000 filesz 0000000000000180 memsz 000000000001d220 (rw) -> mapped USER (bounds ok)
[cas    ] put len 512 hash cebe97bff8144325 -> block 874 (stored)
[cas    ] put len 512 hash cebe97bff8144325 -> DEDUP to block 874 (no write)
[kernel ] spawned pid 66 'kp-stress' caps 0000000000000040 — private PML4 @ phys 0000000001217000
[elf    ] PT_LOAD vaddr 0000500000000000 filesz 000000000000e423 memsz 000000000000e423 (ro) -> mapped USER (bounds ok)
[elf    ] PT_LOAD vaddr 000050000000f000 filesz 00000000000029ac memsz 00000000000029ac (ro) -> mapped USER (bounds ok)
[elf    ] PT_LOAD vaddr 0000500000012000 filesz 0000000000000180 memsz 000000000001d220 (rw) -> mapped USER (bounds ok)
[kernel ] spawned pid 67 'kp-stress' caps 0000000000000003 — private PML4 @ phys 000000000120a000
[elf    ] PT_LOAD vaddr 0000500000000000 filesz 000000000000e423 memsz 000000000000e423 (ro) -> mapped USER (bounds ok)
[elf    ] PT_LOAD vaddr 000050000000f000 filesz 00000000000029ac memsz 00000000000029ac (ro) -> mapped USER (bounds ok)
[elf    ] PT_LOAD vaddr 0000500000012000 filesz 0000000000000180 memsz 000000000001d220 (rw) -> mapped USER (bounds ok)
[hw     ] GRANT  pid 67 'kp-stress' -> 'sensor0': phys 0000000001002000 mapped at vaddr 00004010c0000000 (1 pages)
[surface] pid 66 owns surface 6 (64x64) DOUBLE-BUFFERED at user vaddr 0000530000000000 (+4 pages back) (recycled pixel buffers)
[cas    ] put len 512 hash e2ee2cd39143ab25 -> block 875 (stored)
[surface] slot 6 reclaimed on owner exit — 8 pages (phys 00000000012f0000) back on the free list
[surface] pid 66 owns surface 6 (64x64) DOUBLE-BUFFERED at user vaddr 0000530000000000 (+4 pages back) (recycled pixel buffers)
[surface] slot 6 reclaimed on owner exit — 8 pages (phys 00000000012f0000) back on the free list
[cas    ] put len 512 hash e2ee2cd39143ab25 -> DEDUP to block 875 (no write)
[cas    ] put len 512 hash e2ee2cd39143ab25 -> DEDUP to block 875 (no write)
[cas    ] put len 512 hash e2ee2cd39143ab25 -> DEDUP to block 875 (no write)
[cas    ] put len 512 hash 2b76833bfd9b5d25 -> block 876 (stored)
[cas    ] put len 512 hash 2b76833bfd9b5d25 -> DEDUP to block 876 (no write)
[cas    ] put len 512 hash 2b76833bfd9b5d25 -> DEDUP to block 876 (no write)
[cas    ] put len 512 hash 2b76833bfd9b5d25 -> DEDUP to block 876 (no write)
[cas    ] put len 512 hash 8043042585d3cb25 -> block 877 (stored)
[cas    ] put len 512 hash 8043042585d3cb25 -> DEDUP to block 877 (no write)
[cas    ] put len 512 hash 8043042585d3cb25 -> DEDUP to block 877 (no write)
[cas    ] put len 512 hash 8043042585d3cb25 -> DEDUP to block 877 (no write)
[cas    ] put len 512 hash 0511497226ff6b25 -> block 878 (stored)
[cas    ] put len 512 hash 0511497226ff6b25 -> DEDUP to block 878 (no write)
[cas    ] put len 512 hash 0511497226ff6b25 -> DEDUP to block 878 (no write)
[cas    ] put len 512 hash 0511497226ff6b25 -> DEDUP to block 878 (no write)
[kernel ] spawned pid 68 'kp-stress' caps 0000000000000020 — private PML4 @ phys 0000000001375000
[elf    ] PT_LOAD vaddr 0000500000000000 filesz 000000000000e423 memsz 000000000000e423 (ro) -> mapped USER (bounds ok)
[elf    ] PT_LOAD vaddr 000050000000f000 filesz 00000000000029ac memsz 00000000000029ac (ro) -> mapped USER (bounds ok)
[elf    ] PT_LOAD vaddr 0000500000012000 filesz 0000000000000180 memsz 000000000001d220 (rw) -> mapped USER (bounds ok)
[cas    ] put len 512 hash 6a6cb679009f3725 -> block 879 (stored)
[cas    ] put len 512 hash 6a6cb679009f3725 -> DEDUP to block 879 (no write)
[kernel ] spawned pid 69 'kp-stress' caps 0000000000000040 — private PML4 @ phys 0000000001217000
[elf    ] PT_LOAD vaddr 0000500000000000 filesz 000000000000e423 memsz 000000000000e423 (ro) -> mapped USER (bounds ok)
[elf    ] PT_LOAD vaddr 000050000000f000 filesz 00000000000029ac memsz 00000000000029ac (ro) -> mapped USER (bounds ok)
[elf    ] PT_LOAD vaddr 0000500000012000 filesz 0000000000000180 memsz 000000000001d220 (rw) -> mapped USER (bounds ok)
[kernel ] spawned pid 70 'kp-stress' caps 0000000000000003 — private PML4 @ phys 0000000001205000
[elf    ] PT_LOAD vaddr 0000500000000000 filesz 000000000000e423 memsz 000000000000e423 (ro) -> mapped USER (bounds ok)
[elf    ] PT_LOAD vaddr 000050000000f000 filesz 00000000000029ac memsz 00000000000029ac (ro) -> mapped USER (bounds ok)
[elf    ] PT_LOAD vaddr 0000500000012000 filesz 0000000000000180 memsz 000000000001d220 (rw) -> mapped USER (bounds ok)
[surface] pid 69 owns surface 7 (64x64) DOUBLE-BUFFERED at user vaddr 0000530000000000 (+4 pages back) (recycled pixel buffers)
[hw     ] GRANT  pid 70 'kp-stress' -> 'sensor0': phys 0000000001002000 mapped at vaddr 0000401180000000 (1 pages)
[cas    ] put len 512 hash 5ffeb9e778b32d25 -> block 880 (stored)
[surface] slot 7 reclaimed on owner exit — 8 pages (phys 00000000012f0000) back on the free list
[cas    ] put len 512 hash 5ffeb9e778b32d25 -> DEDUP to block 880 (no write)
[surface] pid 69 owns surface 7 (64x64) DOUBLE-BUFFERED at user vaddr 0000530000000000 (+4 pages back) (recycled pixel buffers)
[surface] slot 7 reclaimed on owner exit — 8 pages (phys 00000000012f0000) back on the free list
[cas    ] put len 512 hash 5ffeb9e778b32d25 -> DEDUP to block 880 (no write)
[cas    ] put len 512 hash 5ffeb9e778b32d25 -> DEDUP to block 880 (no write)
[cas    ] put len 512 hash 6c901128004a5325 -> block 881 (stored)
[cas    ] put len 512 hash 6c901128004a5325 -> DEDUP to block 881 (no write)
[cas    ] put len 512 hash 6c901128004a5325 -> DEDUP to block 881 (no write)
[cas    ] put len 512 hash 6c901128004a5325 -> DEDUP to block 881 (no write)
[cas    ] put len 512 hash e398304b4b0c1f25 -> block 882 (stored)
[cas    ] put len 512 hash e398304b4b0c1f25 -> DEDUP to block 882 (no write)
[cas    ] put len 512 hash e398304b4b0c1f25 -> DEDUP to block 882 (no write)
[cas    ] put len 512 hash e398304b4b0c1f25 -> DEDUP to block 882 (no write)
[cas    ] put len 512 hash 59d8a3aeda864725 -> block 883 (stored)
[cas    ] put len 512 hash 59d8a3aeda864725 -> DEDUP to block 883 (no write)
[cas    ] put len 512 hash 59d8a3aeda864725 -> DEDUP to block 883 (no write)
[cas    ] put len 512 hash 59d8a3aeda864725 -> DEDUP to block 883 (no write)
[kernel ] spawned pid 71 'kp-stress' caps 0000000000000020 — private PML4 @ phys 0000000001375000
[elf    ] PT_LOAD vaddr 0000500000000000 filesz 000000000000e423 memsz 000000000000e423 (ro) -> mapped USER (bounds ok)
[elf    ] PT_LOAD vaddr 000050000000f000 filesz 00000000000029ac memsz 00000000000029ac (ro) -> mapped USER (bounds ok)
[elf    ] PT_LOAD vaddr 0000500000012000 filesz 0000000000000180 memsz 000000000001d220 (rw) -> mapped USER (bounds ok)
[cas    ] put len 512 hash 28305d1e7e598925 -> block 884 (stored)
[cas    ] put len 512 hash 28305d1e7e598925 -> DEDUP to block 884 (no write)
[kernel ] spawned pid 72 'kp-stress' caps 0000000000000040 — private PML4 @ phys 0000000001217000
[elf    ] PT_LOAD vaddr 0000500000000000 filesz 000000000000e423 memsz 000000000000e423 (ro) -> mapped USER (bounds ok)
[elf    ] PT_LOAD vaddr 000050000000f000 filesz 00000000000029ac memsz 00000000000029ac (ro) -> mapped USER (bounds ok)
[elf    ] PT_LOAD vaddr 0000500000012000 filesz 0000000000000180 memsz 000000000001d220 (rw) -> mapped USER (bounds ok)
[kernel ] spawned pid 73 'kp-stress' caps 0000000000000003 — private PML4 @ phys 00000000011a8000
[elf    ] PT_LOAD vaddr 0000500000000000 filesz 000000000000e423 memsz 000000000000e423 (ro) -> mapped USER (bounds ok)
[elf    ] PT_LOAD vaddr 000050000000f000 filesz 00000000000029ac memsz 00000000000029ac (ro) -> mapped USER (bounds ok)
[elf    ] PT_LOAD vaddr 0000500000012000 filesz 0000000000000180 memsz 000000000001d220 (rw) -> mapped USER (bounds ok)
[hw     ] GRANT  pid 73 'kp-stress' -> 'sensor0': phys 0000000001002000 mapped at vaddr 0000401240000000 (1 pages)
[surface] pid 72 owns surface 6 (64x64) DOUBLE-BUFFERED at user vaddr 0000530000000000 (+4 pages back) (recycled pixel buffers)
[cas    ] put len 512 hash a35127485492ef25 -> block 885 (stored)
[surface] slot 6 reclaimed on owner exit — 8 pages (phys 00000000012f0000) back on the free list
[surface] pid 72 owns surface 6 (64x64) DOUBLE-BUFFERED at user vaddr 0000530000000000 (+4 pages back) (recycled pixel buffers)
[surface] slot 6 reclaimed on owner exit — 8 pages (phys 00000000012f0000) back on the free list
[cas    ] put len 512 hash a35127485492ef25 -> DEDUP to block 885 (no write)
[cas    ] put len 512 hash a35127485492ef25 -> DEDUP to block 885 (no write)
[cas    ] put len 512 hash a35127485492ef25 -> DEDUP to block 885 (no write)
[cas    ] put len 512 hash 765c6b1e9ab21725 -> block 886 (stored)
[cas    ] put len 512 hash 765c6b1e9ab21725 -> DEDUP to block 886 (no write)
[cas    ] put len 512 hash 765c6b1e9ab21725 -> DEDUP to block 886 (no write)
[cas    ] put len 512 hash 765c6b1e9ab21725 -> DEDUP to block 886 (no write)
[cas    ] put len 512 hash a2f02b3788070325 -> block 887 (stored)
[cas    ] put len 512 hash a2f02b3788070325 -> DEDUP to block 887 (no write)
[cas    ] put len 512 hash a2f02b3788070325 -> DEDUP to block 887 (no write)
[cas    ] put len 512 hash a2f02b3788070325 -> DEDUP to block 887 (no write)
[cas    ] put len 512 hash db91f582f85c4525 -> block 888 (stored)
[cas    ] put len 512 hash db91f582f85c4525 -> DEDUP to block 888 (no write)
[cas    ] put len 512 hash db91f582f85c4525 -> DEDUP to block 888 (no write)
[cas    ] put len 512 hash db91f582f85c4525 -> DEDUP to block 888 (no write)
[kernel ] spawned pid 74 'kp-stress' caps 0000000000000020 — private PML4 @ phys 0000000001375000
[elf    ] PT_LOAD vaddr 0000500000000000 filesz 000000000000e423 memsz 000000000000e423 (ro) -> mapped USER (bounds ok)
[elf    ] PT_LOAD vaddr 000050000000f000 filesz 00000000000029ac memsz 00000000000029ac (ro) -> mapped USER (bounds ok)
[elf    ] PT_LOAD vaddr 0000500000012000 filesz 0000000000000180 memsz 000000000001d220 (rw) -> mapped USER (bounds ok)
[cas    ] put len 512 hash 1c2383b135519f25 -> block 889 (stored)
[cas    ] put len 512 hash 1c2383b135519f25 -> DEDUP to block 889 (no write)
[kernel ] spawned pid 75 'kp-stress' caps 0000000000000040 — private PML4 @ phys 0000000001217000
[elf    ] PT_LOAD vaddr 0000500000000000 filesz 000000000000e423 memsz 000000000000e423 (ro) -> mapped USER (bounds ok)
[elf    ] PT_LOAD vaddr 000050000000f000 filesz 00000000000029ac memsz 00000000000029ac (ro) -> mapped USER (bounds ok)
[elf    ] PT_LOAD vaddr 0000500000012000 filesz 0000000000000180 memsz 000000000001d220 (rw) -> mapped USER (bounds ok)
[kernel ] spawned pid 76 'kp-stress' caps 0000000000000003 — private PML4 @ phys 00000000011d3000
[elf    ] PT_LOAD vaddr 0000500000000000 filesz 000000000000e423 memsz 000000000000e423 (ro) -> mapped USER (bounds ok)
[elf    ] PT_LOAD vaddr 000050000000f000 filesz 00000000000029ac memsz 00000000000029ac (ro) -> mapped USER (bounds ok)
[elf    ] PT_LOAD vaddr 0000500000012000 filesz 0000000000000180 memsz 000000000001d220 (rw) -> mapped USER (bounds ok)
[hw     ] GRANT  pid 76 'kp-stress' -> 'sensor0': phys 0000000001002000 mapped at vaddr 0000401300000000 (1 pages)
[surface] pid 75 owns surface 7 (64x64) DOUBLE-BUFFERED at user vaddr 0000530000000000 (+4 pages back) (recycled pixel buffers)
[cas    ] put len 512 hash c7886f1cb9d75f25 -> block 890 (stored)
[surface] slot 7 reclaimed on owner exit — 8 pages (phys 00000000012f0000) back on the free list
[surface] pid 75 owns surface 7 (64x64) DOUBLE-BUFFERED at user vaddr 0000530000000000 (+4 pages back) (recycled pixel buffers)
[cas    ] put len 512 hash c7886f1cb9d75f25 -> DEDUP to block 890 (no write)
[surface] slot 7 reclaimed on owner exit — 8 pages (phys 00000000012f0000) back on the free list
[cas    ] put len 512 hash c7886f1cb9d75f25 -> DEDUP to block 890 (no write)
[cas    ] put len 512 hash c7886f1cb9d75f25 -> DEDUP to block 890 (no write)
[cas    ] put len 512 hash 53c11ff5a77cc725 -> DEDUP to block 811 (no write)
[cas    ] put len 512 hash 53c11ff5a77cc725 -> DEDUP to block 811 (no write)
[cas    ] put len 512 hash 53c11ff5a77cc725 -> DEDUP to block 811 (no write)
[cas    ] put len 512 hash 53c11ff5a77cc725 -> DEDUP to block 811 (no write)
[cas    ] put len 512 hash e2f26f0fb00e3525 -> block 891 (stored)
[cas    ] put len 512 hash e2f26f0fb00e3525 -> DEDUP to block 891 (no write)
[cas    ] put len 512 hash e2f26f0fb00e3525 -> DEDUP to block 891 (no write)
[cas    ] put len 512 hash e2f26f0fb00e3525 -> DEDUP to block 891 (no write)
[cas    ] put len 512 hash f0f9775335f7ef25 -> block 892 (stored)
[cas    ] put len 512 hash f0f9775335f7ef25 -> DEDUP to block 892 (no write)
[cas    ] put len 512 hash f0f9775335f7ef25 -> DEDUP to block 892 (no write)
[cas    ] put len 512 hash f0f9775335f7ef25 -> DEDUP to block 892 (no write)
[kernel ] spawned pid 77 'kp-stress' caps 0000000000000020 — private PML4 @ phys 0000000001375000
[elf    ] PT_LOAD vaddr 0000500000000000 filesz 000000000000e423 memsz 000000000000e423 (ro) -> mapped USER (bounds ok)
[elf    ] PT_LOAD vaddr 000050000000f000 filesz 00000000000029ac memsz 00000000000029ac (ro) -> mapped USER (bounds ok)
[elf    ] PT_LOAD vaddr 0000500000012000 filesz 0000000000000180 memsz 000000000001d220 (rw) -> mapped USER (bounds ok)
[cas    ] put len 512 hash 43905bfca358a325 -> block 893 (stored)
[cas    ] put len 512 hash 43905bfca358a325 -> DEDUP to block 893 (no write)
[kernel ] spawned pid 78 'kp-stress' caps 0000000000000040 — private PML4 @ phys 0000000001217000
[elf    ] PT_LOAD vaddr 0000500000000000 filesz 000000000000e423 memsz 000000000000e423 (ro) -> mapped USER (bounds ok)
[elf    ] PT_LOAD vaddr 000050000000f000 filesz 00000000000029ac memsz 00000000000029ac (ro) -> mapped USER (bounds ok)
[elf    ] PT_LOAD vaddr 0000500000012000 filesz 0000000000000180 memsz 000000000001d220 (rw) -> mapped USER (bounds ok)
[kernel ] spawned pid 79 'kp-stress' caps 0000000000000003 — private PML4 @ phys 00000000011a9000
[elf    ] PT_LOAD vaddr 0000500000000000 filesz 000000000000e423 memsz 000000000000e423 (ro) -> mapped USER (bounds ok)
[elf    ] PT_LOAD vaddr 000050000000f000 filesz 00000000000029ac memsz 00000000000029ac (ro) -> mapped USER (bounds ok)
[elf    ] PT_LOAD vaddr 0000500000012000 filesz 0000000000000180 memsz 000000000001d220 (rw) -> mapped USER (bounds ok)
[hw     ] GRANT  pid 79 'kp-stress' -> 'sensor0': phys 0000000001002000 mapped at vaddr 00004013c0000000 (1 pages)
[cas    ] put len 512 hash da68ad7a2ba9c725 -> DEDUP to block 809 (no write)
[surface] pid 78 owns surface 6 (64x64) DOUBLE-BUFFERED at user vaddr 0000530000000000 (+4 pages back) (recycled pixel buffers)
[surface] slot 6 reclaimed on owner exit — 8 pages (phys 00000000012f0000) back on the free list
[cas    ] put len 512 hash da68ad7a2ba9c725 -> DEDUP to block 809 (no write)
[surface] pid 78 owns surface 6 (64x64) DOUBLE-BUFFERED at user vaddr 0000530000000000 (+4 pages back) (recycled pixel buffers)
[surface] slot 6 reclaimed on owner exit — 8 pages (phys 00000000012f0000) back on the free list
[cas    ] put len 512 hash da68ad7a2ba9c725 -> DEDUP to block 809 (no write)
[cas    ] put len 512 hash da68ad7a2ba9c725 -> DEDUP to block 809 (no write)
[cas    ] put len 512 hash 751ae4196671dd25 -> DEDUP to block 813 (no write)
[cas    ] put len 512 hash 751ae4196671dd25 -> DEDUP to block 813 (no write)
[cas    ] put len 512 hash 751ae4196671dd25 -> DEDUP to block 813 (no write)
[cas    ] put len 512 hash 751ae4196671dd25 -> DEDUP to block 813 (no write)
[cas    ] put len 512 hash 0b590a9bb8c43325 -> DEDUP to block 815 (no write)
[cas    ] put len 512 hash 0b590a9bb8c43325 -> DEDUP to block 815 (no write)
[cas    ] put len 512 hash 0b590a9bb8c43325 -> DEDUP to block 815 (no write)
[cas    ] put len 512 hash 0b590a9bb8c43325 -> DEDUP to block 815 (no write)
[cas    ] put len 512 hash f4d54f796431db25 -> DEDUP to block 819 (no write)
[cas    ] put len 512 hash f4d54f796431db25 -> DEDUP to block 819 (no write)
[cas    ] put len 512 hash f4d54f796431db25 -> DEDUP to block 819 (no write)
[cas    ] put len 512 hash f4d54f796431db25 -> DEDUP to block 819 (no write)
[kernel ] spawned pid 80 'kp-stress' caps 0000000000000040 — private PML4 @ phys 0000000001375000
[elf    ] PT_LOAD vaddr 0000500000000000 filesz 000000000000e423 memsz 000000000000e423 (ro) -> mapped USER (bounds ok)
[elf    ] PT_LOAD vaddr 000050000000f000 filesz 00000000000029ac memsz 00000000000029ac (ro) -> mapped USER (bounds ok)
[elf    ] PT_LOAD vaddr 0000500000012000 filesz 0000000000000180 memsz 000000000001d220 (rw) -> mapped USER (bounds ok)
[kernel ] spawned pid 81 'kp-stress' caps 0000000000000003 — private PML4 @ phys 0000000001217000
[elf    ] PT_LOAD vaddr 0000500000000000 filesz 000000000000e423 memsz 000000000000e423 (ro) -> mapped USER (bounds ok)
[elf    ] PT_LOAD vaddr 000050000000f000 filesz 00000000000029ac memsz 00000000000029ac (ro) -> mapped USER (bounds ok)
[elf    ] PT_LOAD vaddr 0000500000012000 filesz 0000000000000180 memsz 000000000001d220 (rw) -> mapped USER (bounds ok)
[surface] pid 80 owns surface 6 (64x64) DOUBLE-BUFFERED at user vaddr 0000530000000000 (+4 pages back) (recycled pixel buffers)
[hw     ] GRANT  pid 81 'kp-stress' -> 'sensor0': phys 0000000001002000 mapped at vaddr 0000401440000000 (1 pages)
[surface] slot 6 reclaimed on owner exit — 8 pages (phys 00000000012f0000) back on the free list
[surface] pid 80 owns surface 6 (64x64) DOUBLE-BUFFERED at user vaddr 0000530000000000 (+4 pages back) (recycled pixel buffers)
[surface] slot 6 reclaimed on owner exit — 8 pages (phys 00000000012f0000) back on the free list
[kernel ] spawned pid 82 'kp-stress' caps 0000000000000040 — private PML4 @ phys 0000000001375000
[elf    ] PT_LOAD vaddr 0000500000000000 filesz 000000000000e423 memsz 000000000000e423 (ro) -> mapped USER (bounds ok)
[elf    ] PT_LOAD vaddr 000050000000f000 filesz 00000000000029ac memsz 00000000000029ac (ro) -> mapped USER (bounds ok)
[elf    ] PT_LOAD vaddr 0000500000012000 filesz 0000000000000180 memsz 000000000001d220 (rw) -> mapped USER (bounds ok)
[kernel ] spawned pid 83 'kp-stress' caps 0000000000000003 — private PML4 @ phys 0000000001271000
[elf    ] PT_LOAD vaddr 0000500000000000 filesz 000000000000e423 memsz 000000000000e423 (ro) -> mapped USER (bounds ok)
[elf    ] PT_LOAD vaddr 000050000000f000 filesz 00000000000029ac memsz 00000000000029ac (ro) -> mapped USER (bounds ok)
[elf    ] PT_LOAD vaddr 0000500000012000 filesz 0000000000000180 memsz 000000000001d220 (rw) -> mapped USER (bounds ok)
[surface] pid 82 owns surface 6 (64x64) DOUBLE-BUFFERED at user vaddr 0000530000000000 (+4 pages back) (recycled pixel buffers)
[hw     ] GRANT  pid 83 'kp-stress' -> 'sensor0': phys 0000000001002000 mapped at vaddr 00004014c0000000 (1 pages)
[surface] slot 6 reclaimed on owner exit — 8 pages (phys 00000000012f0000) back on the free list
[surface] pid 82 owns surface 6 (64x64) DOUBLE-BUFFERED at user vaddr 0000530000000000 (+4 pages back) (recycled pixel buffers)
[surface] slot 6 reclaimed on owner exit — 8 pages (phys 00000000012f0000) back on the free list
[kernel ] spawned pid 84 'kp-stress' caps 0000000000000040 — private PML4 @ phys 0000000001375000
[elf    ] PT_LOAD vaddr 0000500000000000 filesz 000000000000e423 memsz 000000000000e423 (ro) -> mapped USER (bounds ok)
[elf    ] PT_LOAD vaddr 000050000000f000 filesz 00000000000029ac memsz 00000000000029ac (ro) -> mapped USER (bounds ok)
[elf    ] PT_LOAD vaddr 0000500000012000 filesz 0000000000000180 memsz 000000000001d220 (rw) -> mapped USER (bounds ok)
[kernel ] spawned pid 85 'kp-stress' caps 0000000000000003 — private PML4 @ phys 0000000001247000
[elf    ] PT_LOAD vaddr 0000500000000000 filesz 000000000000e423 memsz 000000000000e423 (ro) -> mapped USER (bounds ok)
[elf    ] PT_LOAD vaddr 000050000000f000 filesz 00000000000029ac memsz 00000000000029ac (ro) -> mapped USER (bounds ok)
[elf    ] PT_LOAD vaddr 0000500000012000 filesz 0000000000000180 memsz 000000000001d220 (rw) -> mapped USER (bounds ok)
[surface] pid 84 owns surface 6 (64x64) DOUBLE-BUFFERED at user vaddr 0000530000000000 (+4 pages back) (recycled pixel buffers)
[hw     ] GRANT  pid 85 'kp-stress' -> 'sensor0': phys 0000000001002000 mapped at vaddr 0000401540000000 (1 pages)
[surface] slot 6 reclaimed on owner exit — 8 pages (phys 00000000012f0000) back on the free list
[surface] pid 84 owns surface 6 (64x64) DOUBLE-BUFFERED at user vaddr 0000530000000000 (+4 pages back) (recycled pixel buffers)
[surface] slot 6 reclaimed on owner exit — 8 pages (phys 00000000012f0000) back on the free list
[kernel ] spawned pid 86 'kp-stress' caps 0000000000000040 — private PML4 @ phys 0000000001375000
[elf    ] PT_LOAD vaddr 0000500000000000 filesz 000000000000e423 memsz 000000000000e423 (ro) -> mapped USER (bounds ok)
[elf    ] PT_LOAD vaddr 000050000000f000 filesz 00000000000029ac memsz 00000000000029ac (ro) -> mapped USER (bounds ok)
[elf    ] PT_LOAD vaddr 0000500000012000 filesz 0000000000000180 memsz 000000000001d220 (rw) -> mapped USER (bounds ok)
[kernel ] spawned pid 87 'kp-stress' caps 0000000000000003 — private PML4 @ phys 000000000126e000
[elf    ] PT_LOAD vaddr 0000500000000000 filesz 000000000000e423 memsz 000000000000e423 (ro) -> mapped USER (bounds ok)
[elf    ] PT_LOAD vaddr 000050000000f000 filesz 00000000000029ac memsz 00000000000029ac (ro) -> mapped USER (bounds ok)
[elf    ] PT_LOAD vaddr 0000500000012000 filesz 0000000000000180 memsz 000000000001d220 (rw) -> mapped USER (bounds ok)
[surface] pid 86 owns surface 6 (64x64) DOUBLE-BUFFERED at user vaddr 0000530000000000 (+4 pages back) (recycled pixel buffers)
[hw     ] GRANT  pid 87 'kp-stress' -> 'sensor0': phys 0000000001002000 mapped at vaddr 00004015c0000000 (1 pages)
[surface] slot 6 reclaimed on owner exit — 8 pages (phys 00000000012f0000) back on the free list
[surface] pid 86 owns surface 6 (64x64) DOUBLE-BUFFERED at user vaddr 0000530000000000 (+4 pages back) (recycled pixel buffers)
[surface] slot 6 reclaimed on owner exit — 8 pages (phys 00000000012f0000) back on the free list
[kernel ] spawned pid 88 'kp-stress' caps 0000000000000040 — private PML4 @ phys 0000000001375000
[elf    ] PT_LOAD vaddr 0000500000000000 filesz 000000000000e423 memsz 000000000000e423 (ro) -> mapped USER (bounds ok)
[elf    ] PT_LOAD vaddr 000050000000f000 filesz 00000000000029ac memsz 00000000000029ac (ro) -> mapped USER (bounds ok)
[elf    ] PT_LOAD vaddr 0000500000012000 filesz 0000000000000180 memsz 000000000001d220 (rw) -> mapped USER (bounds ok)
[kernel ] spawned pid 89 'kp-stress' caps 0000000000000003 — private PML4 @ phys 0000000001270000
[elf    ] PT_LOAD vaddr 0000500000000000 filesz 000000000000e423 memsz 000000000000e423 (ro) -> mapped USER (bounds ok)
[elf    ] PT_LOAD vaddr 000050000000f000 filesz 00000000000029ac memsz 00000000000029ac (ro) -> mapped USER (bounds ok)
[elf    ] PT_LOAD vaddr 0000500000012000 filesz 0000000000000180 memsz 000000000001d220 (rw) -> mapped USER (bounds ok)
[surface] pid 88 owns surface 6 (64x64) DOUBLE-BUFFERED at user vaddr 0000530000000000 (+4 pages back) (recycled pixel buffers)
[hw     ] GRANT  pid 89 'kp-stress' -> 'sensor0': phys 0000000001002000 mapped at vaddr 0000401640000000 (1 pages)
[surface] slot 6 reclaimed on owner exit — 8 pages (phys 00000000012f0000) back on the free list
[surface] pid 88 owns surface 6 (64x64) DOUBLE-BUFFERED at user vaddr 0000530000000000 (+4 pages back) (recycled pixel buffers)
[surface] slot 6 reclaimed on owner exit — 8 pages (phys 00000000012f0000) back on the free list
[kernel ] spawned pid 90 'kp-stress' caps 0000000000000040 — private PML4 @ phys 0000000001375000
[elf    ] PT_LOAD vaddr 0000500000000000 filesz 000000000000e423 memsz 000000000000e423 (ro) -> mapped USER (bounds ok)
[elf    ] PT_LOAD vaddr 000050000000f000 filesz 00000000000029ac memsz 00000000000029ac (ro) -> mapped USER (bounds ok)
[elf    ] PT_LOAD vaddr 0000500000012000 filesz 0000000000000180 memsz 000000000001d220 (rw) -> mapped USER (bounds ok)
[kernel ] spawned pid 91 'kp-stress' caps 0000000000000003 — private PML4 @ phys 000000000126d000
[elf    ] PT_LOAD vaddr 0000500000000000 filesz 000000000000e423 memsz 000000000000e423 (ro) -> mapped USER (bounds ok)
[elf    ] PT_LOAD vaddr 000050000000f000 filesz 00000000000029ac memsz 00000000000029ac (ro) -> mapped USER (bounds ok)
[elf    ] PT_LOAD vaddr 0000500000012000 filesz 0000000000000180 memsz 000000000001d220 (rw) -> mapped USER (bounds ok)
[surface] pid 90 owns surface 6 (64x64) DOUBLE-BUFFERED at user vaddr 0000530000000000 (+4 pages back) (recycled pixel buffers)
[hw     ] GRANT  pid 91 'kp-stress' -> 'sensor0': phys 0000000001002000 mapped at vaddr 00004016c0000000 (1 pages)
[surface] slot 6 reclaimed on owner exit — 8 pages (phys 00000000012f0000) back on the free list
[surface] pid 90 owns surface 6 (64x64) DOUBLE-BUFFERED at user vaddr 0000530000000000 (+4 pages back) (recycled pixel buffers)
[surface] slot 6 reclaimed on owner exit — 8 pages (phys 00000000012f0000) back on the free list
[kernel ] spawned pid 92 'kp-stress' caps 0000000000000040 — private PML4 @ phys 0000000001375000
[elf    ] PT_LOAD vaddr 0000500000000000 filesz 000000000000e423 memsz 000000000000e423 (ro) -> mapped USER (bounds ok)
[elf    ] PT_LOAD vaddr 000050000000f000 filesz 00000000000029ac memsz 00000000000029ac (ro) -> mapped USER (bounds ok)
[elf    ] PT_LOAD vaddr 0000500000012000 filesz 0000000000000180 memsz 000000000001d220 (rw) -> mapped USER (bounds ok)
[kernel ] spawned pid 93 'kp-stress' caps 0000000000000003 — private PML4 @ phys 00000000011ab000
[elf    ] PT_LOAD vaddr 0000500000000000 filesz 000000000000e423 memsz 000000000000e423 (ro) -> mapped USER (bounds ok)
[elf    ] PT_LOAD vaddr 000050000000f000 filesz 00000000000029ac memsz 00000000000029ac (ro) -> mapped USER (bounds ok)
[elf    ] PT_LOAD vaddr 0000500000012000 filesz 0000000000000180 memsz 000000000001d220 (rw) -> mapped USER (bounds ok)
[surface] pid 92 owns surface 6 (64x64) DOUBLE-BUFFERED at user vaddr 0000530000000000 (+4 pages back) (recycled pixel buffers)
[hw     ] GRANT  pid 93 'kp-stress' -> 'sensor0': phys 0000000001002000 mapped at vaddr 0000401740000000 (1 pages)
[surface] slot 6 reclaimed on owner exit — 8 pages (phys 00000000012f0000) back on the free list
[surface] pid 92 owns surface 6 (64x64) DOUBLE-BUFFERED at user vaddr 0000530000000000 (+4 pages back) (recycled pixel buffers)
[surface] slot 6 reclaimed on owner exit — 8 pages (phys 00000000012f0000) back on the free list
[kernel ] spawned pid 94 'kp-stress' caps 0000000000000040 — private PML4 @ phys 0000000001375000
[elf    ] PT_LOAD vaddr 0000500000000000 filesz 000000000000e423 memsz 000000000000e423 (ro) -> mapped USER (bounds ok)
[elf    ] PT_LOAD vaddr 000050000000f000 filesz 00000000000029ac memsz 00000000000029ac (ro) -> mapped USER (bounds ok)
[elf    ] PT_LOAD vaddr 0000500000012000 filesz 0000000000000180 memsz 000000000001d220 (rw) -> mapped USER (bounds ok)
[kernel ] spawned pid 95 'kp-stress' caps 0000000000000003 — private PML4 @ phys 0000000001275000
[elf    ] PT_LOAD vaddr 0000500000000000 filesz 000000000000e423 memsz 000000000000e423 (ro) -> mapped USER (bounds ok)
[elf    ] PT_LOAD vaddr 000050000000f000 filesz 00000000000029ac memsz 00000000000029ac (ro) -> mapped USER (bounds ok)
[elf    ] PT_LOAD vaddr 0000500000012000 filesz 0000000000000180 memsz 000000000001d220 (rw) -> mapped USER (bounds ok)
[surface] pid 94 owns surface 6 (64x64) DOUBLE-BUFFERED at user vaddr 0000530000000000 (+4 pages back) (recycled pixel buffers)
[hw     ] GRANT  pid 95 'kp-stress' -> 'sensor0': phys 0000000001002000 mapped at vaddr 00004017c0000000 (1 pages)
[surface] slot 6 reclaimed on owner exit — 8 pages (phys 00000000012f0000) back on the free list
[surface] pid 94 owns surface 6 (64x64) DOUBLE-BUFFERED at user vaddr 0000530000000000 (+4 pages back) (recycled pixel buffers)
[surface] slot 6 reclaimed on owner exit — 8 pages (phys 00000000012f0000) back on the free list
[kernel ] spawned pid 96 'kp-stress' caps 0000000000000040 — private PML4 @ phys 0000000001375000
[elf    ] PT_LOAD vaddr 0000500000000000 filesz 000000000000e423 memsz 000000000000e423 (ro) -> mapped USER (bounds ok)
[elf    ] PT_LOAD vaddr 000050000000f000 filesz 00000000000029ac memsz 00000000000029ac (ro) -> mapped USER (bounds ok)
[elf    ] PT_LOAD vaddr 0000500000012000 filesz 0000000000000180 memsz 000000000001d220 (rw) -> mapped USER (bounds ok)
[kernel ] spawned pid 97 'kp-stress' caps 0000000000000003 — private PML4 @ phys 0000000001329000
[elf    ] PT_LOAD vaddr 0000500000000000 filesz 000000000000e423 memsz 000000000000e423 (ro) -> mapped USER (bounds ok)
[elf    ] PT_LOAD vaddr 000050000000f000 filesz 00000000000029ac memsz 00000000000029ac (ro) -> mapped USER (bounds ok)
[elf    ] PT_LOAD vaddr 0000500000012000 filesz 0000000000000180 memsz 000000000001d220 (rw) -> mapped USER (bounds ok)
[hw     ] GRANT  pid 97 'kp-stress' -> 'sensor0': phys 0000000001002000 mapped at vaddr 0000401840000000 (1 pages)
[surface] pid 96 owns surface 6 (64x64) DOUBLE-BUFFERED at user vaddr 0000530000000000 (+4 pages back) (recycled pixel buffers)
[surface] slot 6 reclaimed on owner exit — 8 pages (phys 00000000012f0000) back on the free list
[surface] pid 96 owns surface 6 (64x64) DOUBLE-BUFFERED at user vaddr 0000530000000000 (+4 pages back) (recycled pixel buffers)
[surface] slot 6 reclaimed on owner exit — 8 pages (phys 00000000012f0000) back on the free list
[kernel ] spawned pid 98 'kp-stress' caps 0000000000000040 — private PML4 @ phys 0000000001375000
[elf    ] PT_LOAD vaddr 0000500000000000 filesz 000000000000e423 memsz 000000000000e423 (ro) -> mapped USER (bounds ok)
[elf    ] PT_LOAD vaddr 000050000000f000 filesz 00000000000029ac memsz 00000000000029ac (ro) -> mapped USER (bounds ok)
[elf    ] PT_LOAD vaddr 0000500000012000 filesz 0000000000000180 memsz 000000000001d220 (rw) -> mapped USER (bounds ok)
[kernel ] spawned pid 99 'kp-stress' caps 0000000000000003 — private PML4 @ phys 0000000001246000
[elf    ] PT_LOAD vaddr 0000500000000000 filesz 000000000000e423 memsz 000000000000e423 (ro) -> mapped USER (bounds ok)
[elf    ] PT_LOAD vaddr 000050000000f000 filesz 00000000000029ac memsz 00000000000029ac (ro) -> mapped USER (bounds ok)
[elf    ] PT_LOAD vaddr 0000500000012000 filesz 0000000000000180 memsz 000000000001d220 (rw) -> mapped USER (bounds ok)
[hw     ] GRANT  pid 99 'kp-stress' -> 'sensor0': phys 0000000001002000 mapped at vaddr 00004018c0000000 (1 pages)
[surface] pid 98 owns surface 6 (64x64) DOUBLE-BUFFERED at user vaddr 0000530000000000 (+4 pages back) (recycled pixel buffers)
[surface] slot 6 reclaimed on owner exit — 8 pages (phys 00000000012f0000) back on the free list
[surface] pid 98 owns surface 6 (64x64) DOUBLE-BUFFERED at user vaddr 0000530000000000 (+4 pages back) (recycled pixel buffers)
[surface] slot 6 reclaimed on owner exit — 8 pages (phys 00000000012f0000) back on the free list
[kernel ] spawned pid 100 'kp-stress' caps 0000000000000040 — private PML4 @ phys 0000000001375000
[elf    ] PT_LOAD vaddr 0000500000000000 filesz 000000000000e423 memsz 000000000000e423 (ro) -> mapped USER (bounds ok)
[elf    ] PT_LOAD vaddr 000050000000f000 filesz 00000000000029ac memsz 00000000000029ac (ro) -> mapped USER (bounds ok)
[elf    ] PT_LOAD vaddr 0000500000012000 filesz 0000000000000180 memsz 000000000001d220 (rw) -> mapped USER (bounds ok)
[kernel ] spawned pid 101 'kp-stress' caps 0000000000000003 — private PML4 @ phys 00000000013fc000
[elf    ] PT_LOAD vaddr 0000500000000000 filesz 000000000000e423 memsz 000000000000e423 (ro) -> mapped USER (bounds ok)
[elf    ] PT_LOAD vaddr 000050000000f000 filesz 00000000000029ac memsz 00000000000029ac (ro) -> mapped USER (bounds ok)
[elf    ] PT_LOAD vaddr 0000500000012000 filesz 0000000000000180 memsz 000000000001d220 (rw) -> mapped USER (bounds ok)
[hw     ] GRANT  pid 101 'kp-stress' -> 'sensor0': phys 0000000001002000 mapped at vaddr 0000401940000000 (1 pages)
[surface] pid 100 owns surface 6 (64x64) DOUBLE-BUFFERED at user vaddr 0000530000000000 (+4 pages back) (recycled pixel buffers)
[surface] slot 6 reclaimed on owner exit — 8 pages (phys 00000000012f0000) back on the free list
[surface] pid 100 owns surface 6 (64x64) DOUBLE-BUFFERED at user vaddr 0000530000000000 (+4 pages back) (recycled pixel buffers)
[surface] slot 6 reclaimed on owner exit — 8 pages (phys 00000000012f0000) back on the free list
[kernel ] spawned pid 102 'kp-stress' caps 0000000000000040 — private PML4 @ phys 0000000001375000
[elf    ] PT_LOAD vaddr 0000500000000000 filesz 000000000000e423 memsz 000000000000e423 (ro) -> mapped USER (bounds ok)
[elf    ] PT_LOAD vaddr 000050000000f000 filesz 00000000000029ac memsz 00000000000029ac (ro) -> mapped USER (bounds ok)
[elf    ] PT_LOAD vaddr 0000500000012000 filesz 0000000000000180 memsz 000000000001d220 (rw) -> mapped USER (bounds ok)
[kernel ] spawned pid 103 'kp-stress' caps 0000000000000003 — private PML4 @ phys 0000000001217000
[elf    ] PT_LOAD vaddr 0000500000000000 filesz 000000000000e423 memsz 000000000000e423 (ro) -> mapped USER (bounds ok)
[elf    ] PT_LOAD vaddr 000050000000f000 filesz 00000000000029ac memsz 00000000000029ac (ro) -> mapped USER (bounds ok)
[elf    ] PT_LOAD vaddr 0000500000012000 filesz 0000000000000180 memsz 000000000001d220 (rw) -> mapped USER (bounds ok)
[surface] pid 102 owns surface 6 (64x64) DOUBLE-BUFFERED at user vaddr 0000530000000000 (+4 pages back) (recycled pixel buffers)
[hw     ] GRANT  pid 103 'kp-stress' -> 'sensor0': phys 0000000001002000 mapped at vaddr 00004019c0000000 (1 pages)
[surface] slot 6 reclaimed on owner exit — 8 pages (phys 00000000012f0000) back on the free list
[surface] pid 102 owns surface 6 (64x64) DOUBLE-BUFFERED at user vaddr 0000530000000000 (+4 pages back) (recycled pixel buffers)
[surface] slot 6 reclaimed on owner exit — 8 pages (phys 00000000012f0000) back on the free list
[kernel ] spawned pid 104 'kp-stress' caps 0000000000000040 — private PML4 @ phys 0000000001375000
[elf    ] PT_LOAD vaddr 0000500000000000 filesz 000000000000e423 memsz 000000000000e423 (ro) -> mapped USER (bounds ok)
[elf    ] PT_LOAD vaddr 000050000000f000 filesz 00000000000029ac memsz 00000000000029ac (ro) -> mapped USER (bounds ok)
[elf    ] PT_LOAD vaddr 0000500000012000 filesz 0000000000000180 memsz 000000000001d220 (rw) -> mapped USER (bounds ok)
[kernel ] spawned pid 105 'kp-stress' caps 0000000000000003 — private PML4 @ phys 0000000001271000
[elf    ] PT_LOAD vaddr 0000500000000000 filesz 000000000000e423 memsz 000000000000e423 (ro) -> mapped USER (bounds ok)
[elf    ] PT_LOAD vaddr 000050000000f000 filesz 00000000000029ac memsz 00000000000029ac (ro) -> mapped USER (bounds ok)
[elf    ] PT_LOAD vaddr 0000500000012000 filesz 0000000000000180 memsz 000000000001d220 (rw) -> mapped USER (bounds ok)
[hw     ] GRANT  pid 105 'kp-stress' -> 'sensor0': phys 0000000001002000 mapped at vaddr 0000401a40000000 (1 pages)
[surface] pid 104 owns surface 6 (64x64) DOUBLE-BUFFERED at user vaddr 0000530000000000 (+4 pages back) (recycled pixel buffers)
[surface] slot 6 reclaimed on owner exit — 8 pages (phys 00000000012f0000) back on the free list
[surface] pid 104 owns surface 6 (64x64) DOUBLE-BUFFERED at user vaddr 0000530000000000 (+4 pages back) (recycled pixel buffers)
[surface] slot 6 reclaimed on owner exit — 8 pages (phys 00000000012f0000) back on the free list
[kernel ] spawned pid 106 'kp-stress' caps 0000000000000040 — private PML4 @ phys 0000000001375000
[elf    ] PT_LOAD vaddr 0000500000000000 filesz 000000000000e423 memsz 000000000000e423 (ro) -> mapped USER (bounds ok)
[elf    ] PT_LOAD vaddr 000050000000f000 filesz 00000000000029ac memsz 00000000000029ac (ro) -> mapped USER (bounds ok)
[elf    ] PT_LOAD vaddr 0000500000012000 filesz 0000000000000180 memsz 000000000001d220 (rw) -> mapped USER (bounds ok)
[kernel ] spawned pid 107 'kp-stress' caps 0000000000000003 — private PML4 @ phys 0000000001247000
[elf    ] PT_LOAD vaddr 0000500000000000 filesz 000000000000e423 memsz 000000000000e423 (ro) -> mapped USER (bounds ok)
[elf    ] PT_LOAD vaddr 000050000000f000 filesz 00000000000029ac memsz 00000000000029ac (ro) -> mapped USER (bounds ok)
[elf    ] PT_LOAD vaddr 0000500000012000 filesz 0000000000000180 memsz 000000000001d220 (rw) -> mapped USER (bounds ok)
[hw     ] GRANT  pid 107 'kp-stress' -> 'sensor0': phys 0000000001002000 mapped at vaddr 0000401ac0000000 (1 pages)
[surface] pid 106 owns surface 6 (64x64) DOUBLE-BUFFERED at user vaddr 0000530000000000 (+4 pages back) (recycled pixel buffers)
[surface] slot 6 reclaimed on owner exit — 8 pages (phys 00000000012f0000) back on the free list
[surface] pid 106 owns surface 6 (64x64) DOUBLE-BUFFERED at user vaddr 0000530000000000 (+4 pages back) (recycled pixel buffers)
[surface] slot 6 reclaimed on owner exit — 8 pages (phys 00000000012f0000) back on the free list
[kernel ] spawned pid 108 'kp-stress' caps 0000000000000040 — private PML4 @ phys 0000000001375000
[elf    ] PT_LOAD vaddr 0000500000000000 filesz 000000000000e423 memsz 000000000000e423 (ro) -> mapped USER (bounds ok)
[elf    ] PT_LOAD vaddr 000050000000f000 filesz 00000000000029ac memsz 00000000000029ac (ro) -> mapped USER (bounds ok)
[elf    ] PT_LOAD vaddr 0000500000012000 filesz 0000000000000180 memsz 000000000001d220 (rw) -> mapped USER (bounds ok)
[kernel ] spawned pid 109 'kp-stress' caps 0000000000000003 — private PML4 @ phys 000000000126e000
[elf    ] PT_LOAD vaddr 0000500000000000 filesz 000000000000e423 memsz 000000000000e423 (ro) -> mapped USER (bounds ok)
[elf    ] PT_LOAD vaddr 000050000000f000 filesz 00000000000029ac memsz 00000000000029ac (ro) -> mapped USER (bounds ok)
[elf    ] PT_LOAD vaddr 0000500000012000 filesz 0000000000000180 memsz 000000000001d220 (rw) -> mapped USER (bounds ok)
[surface] pid 108 owns surface 6 (64x64) DOUBLE-BUFFERED at user vaddr 0000530000000000 (+4 pages back) (recycled pixel buffers)
[hw     ] GRANT  pid 109 'kp-stress' -> 'sensor0': phys 0000000001002000 mapped at vaddr 0000401b40000000 (1 pages)
[surface] slot 6 reclaimed on owner exit — 8 pages (phys 00000000012f0000) back on the free list
[surface] pid 108 owns surface 6 (64x64) DOUBLE-BUFFERED at user vaddr 0000530000000000 (+4 pages back) (recycled pixel buffers)
[surface] slot 6 reclaimed on owner exit — 8 pages (phys 00000000012f0000) back on the free list
[kernel ] spawned pid 110 'kp-stress' caps 0000000000000040 — private PML4 @ phys 0000000001375000
[elf    ] PT_LOAD vaddr 0000500000000000 filesz 000000000000e423 memsz 000000000000e423 (ro) -> mapped USER (bounds ok)
[elf    ] PT_LOAD vaddr 000050000000f000 filesz 00000000000029ac memsz 00000000000029ac (ro) -> mapped USER (bounds ok)
[elf    ] PT_LOAD vaddr 0000500000012000 filesz 0000000000000180 memsz 000000000001d220 (rw) -> mapped USER (bounds ok)
[kernel ] spawned pid 111 'kp-stress' caps 0000000000000003 — private PML4 @ phys 0000000001270000
[elf    ] PT_LOAD vaddr 0000500000000000 filesz 000000000000e423 memsz 000000000000e423 (ro) -> mapped USER (bounds ok)
[elf    ] PT_LOAD vaddr 000050000000f000 filesz 00000000000029ac memsz 00000000000029ac (ro) -> mapped USER (bounds ok)
[elf    ] PT_LOAD vaddr 0000500000012000 filesz 0000000000000180 memsz 000000000001d220 (rw) -> mapped USER (bounds ok)
[surface] pid 110 owns surface 6 (64x64) DOUBLE-BUFFERED at user vaddr 0000530000000000 (+4 pages back) (recycled pixel buffers)
[hw     ] GRANT  pid 111 'kp-stress' -> 'sensor0': phys 0000000001002000 mapped at vaddr 0000401bc0000000 (1 pages)
[surface] slot 6 reclaimed on owner exit — 8 pages (phys 00000000012f0000) back on the free list
[surface] pid 110 owns surface 6 (64x64) DOUBLE-BUFFERED at user vaddr 0000530000000000 (+4 pages back) (recycled pixel buffers)
[surface] slot 6 reclaimed on owner exit — 8 pages (phys 00000000012f0000) back on the free list
[kernel ] spawned pid 112 'kp-stress' caps 0000000000000040 — private PML4 @ phys 0000000001375000
[elf    ] PT_LOAD vaddr 0000500000000000 filesz 000000000000e423 memsz 000000000000e423 (ro) -> mapped USER (bounds ok)
[elf    ] PT_LOAD vaddr 000050000000f000 filesz 00000000000029ac memsz 00000000000029ac (ro) -> mapped USER (bounds ok)
[elf    ] PT_LOAD vaddr 0000500000012000 filesz 0000000000000180 memsz 000000000001d220 (rw) -> mapped USER (bounds ok)
[kernel ] spawned pid 113 'kp-stress' caps 0000000000000003 — private PML4 @ phys 0000000001415000
[elf    ] PT_LOAD vaddr 0000500000000000 filesz 000000000000e423 memsz 000000000000e423 (ro) -> mapped USER (bounds ok)
[elf    ] PT_LOAD vaddr 000050000000f000 filesz 00000000000029ac memsz 00000000000029ac (ro) -> mapped USER (bounds ok)
[elf    ] PT_LOAD vaddr 0000500000012000 filesz 0000000000000180 memsz 000000000001d220 (rw) -> mapped USER (bounds ok)
[surface] pid 112 owns surface 6 (64x64) DOUBLE-BUFFERED at user vaddr 0000530000000000 (+4 pages back) (recycled pixel buffers)
[hw     ] GRANT  pid 113 'kp-stress' -> 'sensor0': phys 0000000001002000 mapped at vaddr 0000401c40000000 (1 pages)
[surface] slot 6 reclaimed on owner exit — 8 pages (phys 00000000012f0000) back on the free list
[surface] pid 112 owns surface 6 (64x64) DOUBLE-BUFFERED at user vaddr 0000530000000000 (+4 pages back) (recycled pixel buffers)
[surface] slot 6 reclaimed on owner exit — 8 pages (phys 00000000012f0000) back on the free list
[kernel ] spawned pid 114 'kp-stress' caps 0000000000000040 — private PML4 @ phys 0000000001375000
[elf    ] PT_LOAD vaddr 0000500000000000 filesz 000000000000e423 memsz 000000000000e423 (ro) -> mapped USER (bounds ok)
[elf    ] PT_LOAD vaddr 000050000000f000 filesz 00000000000029ac memsz 00000000000029ac (ro) -> mapped USER (bounds ok)
[elf    ] PT_LOAD vaddr 0000500000012000 filesz 0000000000000180 memsz 000000000001d220 (rw) -> mapped USER (bounds ok)
[kernel ] spawned pid 115 'kp-stress' caps 0000000000000003 — private PML4 @ phys 00000000011ab000
[elf    ] PT_LOAD vaddr 0000500000000000 filesz 000000000000e423 memsz 000000000000e423 (ro) -> mapped USER (bounds ok)
[elf    ] PT_LOAD vaddr 000050000000f000 filesz 00000000000029ac memsz 00000000000029ac (ro) -> mapped USER (bounds ok)
[elf    ] PT_LOAD vaddr 0000500000012000 filesz 0000000000000180 memsz 000000000001d220 (rw) -> mapped USER (bounds ok)
[surface] pid 114 owns surface 6 (64x64) DOUBLE-BUFFERED at user vaddr 0000530000000000 (+4 pages back) (recycled pixel buffers)
[hw     ] GRANT  pid 115 'kp-stress' -> 'sensor0': phys 0000000001002000 mapped at vaddr 0000401cc0000000 (1 pages)
[surface] slot 6 reclaimed on owner exit — 8 pages (phys 00000000012f0000) back on the free list
[surface] pid 114 owns surface 6 (64x64) DOUBLE-BUFFERED at user vaddr 0000530000000000 (+4 pages back) (recycled pixel buffers)
[surface] slot 6 reclaimed on owner exit — 8 pages (phys 00000000012f0000) back on the free list
[kernel ] spawned pid 116 'kp-stress' caps 0000000000000040 — private PML4 @ phys 0000000001375000
[elf    ] PT_LOAD vaddr 0000500000000000 filesz 000000000000e423 memsz 000000000000e423 (ro) -> mapped USER (bounds ok)
[elf    ] PT_LOAD vaddr 000050000000f000 filesz 00000000000029ac memsz 00000000000029ac (ro) -> mapped USER (bounds ok)
[elf    ] PT_LOAD vaddr 0000500000012000 filesz 0000000000000180 memsz 000000000001d220 (rw) -> mapped USER (bounds ok)
[kernel ] spawned pid 117 'kp-stress' caps 0000000000000003 — private PML4 @ phys 0000000001275000
[elf    ] PT_LOAD vaddr 0000500000000000 filesz 000000000000e423 memsz 000000000000e423 (ro) -> mapped USER (bounds ok)
[elf    ] PT_LOAD vaddr 000050000000f000 filesz 00000000000029ac memsz 00000000000029ac (ro) -> mapped USER (bounds ok)
[elf    ] PT_LOAD vaddr 0000500000012000 filesz 0000000000000180 memsz 000000000001d220 (rw) -> mapped USER (bounds ok)
[hw     ] GRANT  pid 117 'kp-stress' -> 'sensor0': phys 0000000001002000 mapped at vaddr 0000401d40000000 (1 pages)
[surface] pid 116 owns surface 6 (64x64) DOUBLE-BUFFERED at user vaddr 0000530000000000 (+4 pages back) (recycled pixel buffers)
[surface] slot 6 reclaimed on owner exit — 8 pages (phys 00000000012f0000) back on the free list
[surface] pid 116 owns surface 6 (64x64) DOUBLE-BUFFERED at user vaddr 0000530000000000 (+4 pages back) (recycled pixel buffers)
[surface] slot 6 reclaimed on owner exit — 8 pages (phys 00000000012f0000) back on the free list
[kernel ] spawned pid 118 'kp-stress' caps 0000000000000040 — private PML4 @ phys 0000000001375000
[elf    ] PT_LOAD vaddr 0000500000000000 filesz 000000000000e423 memsz 000000000000e423 (ro) -> mapped USER (bounds ok)
[elf    ] PT_LOAD vaddr 000050000000f000 filesz 00000000000029ac memsz 00000000000029ac (ro) -> mapped USER (bounds ok)
[elf    ] PT_LOAD vaddr 0000500000012000 filesz 0000000000000180 memsz 000000000001d220 (rw) -> mapped USER (bounds ok)
[kernel ] spawned pid 119 'kp-stress' caps 0000000000000003 — private PML4 @ phys 0000000001329000
[elf    ] PT_LOAD vaddr 0000500000000000 filesz 000000000000e423 memsz 000000000000e423 (ro) -> mapped USER (bounds ok)
[elf    ] PT_LOAD vaddr 000050000000f000 filesz 00000000000029ac memsz 00000000000029ac (ro) -> mapped USER (bounds ok)
[elf    ] PT_LOAD vaddr 0000500000012000 filesz 0000000000000180 memsz 000000000001d220 (rw) -> mapped USER (bounds ok)
[hw     ] GRANT  pid 119 'kp-stress' -> 'sensor0': phys 0000000001002000 mapped at vaddr 0000401dc0000000 (1 pages)
[surface] pid 118 owns surface 6 (64x64) DOUBLE-BUFFERED at user vaddr 0000530000000000 (+4 pages back) (recycled pixel buffers)
[surface] slot 6 reclaimed on owner exit — 8 pages (phys 00000000012f0000) back on the free list
[surface] pid 118 owns surface 6 (64x64) DOUBLE-BUFFERED at user vaddr 0000530000000000 (+4 pages back) (recycled pixel buffers)
[surface] slot 6 reclaimed on owner exit — 8 pages (phys 00000000012f0000) back on the free list
[kernel ] spawned pid 120 'kp-stress' caps 0000000000000040 — private PML4 @ phys 0000000001375000
[elf    ] PT_LOAD vaddr 0000500000000000 filesz 000000000000e423 memsz 000000000000e423 (ro) -> mapped USER (bounds ok)
[elf    ] PT_LOAD vaddr 000050000000f000 filesz 00000000000029ac memsz 00000000000029ac (ro) -> mapped USER (bounds ok)
[elf    ] PT_LOAD vaddr 0000500000012000 filesz 0000000000000180 memsz 000000000001d220 (rw) -> mapped USER (bounds ok)
[kernel ] spawned pid 121 'kp-stress' caps 0000000000000003 — private PML4 @ phys 0000000001246000
[elf    ] PT_LOAD vaddr 0000500000000000 filesz 000000000000e423 memsz 000000000000e423 (ro) -> mapped USER (bounds ok)
[elf    ] PT_LOAD vaddr 000050000000f000 filesz 00000000000029ac memsz 00000000000029ac (ro) -> mapped USER (bounds ok)
[elf    ] PT_LOAD vaddr 0000500000012000 filesz 0000000000000180 memsz 000000000001d220 (rw) -> mapped USER (bounds ok)
[surface] pid 120 owns surface 6 (64x64) DOUBLE-BUFFERED at user vaddr 0000530000000000 (+4 pages back) (recycled pixel buffers)
[hw     ] GRANT  pid 121 'kp-stress' -> 'sensor0': phys 0000000001002000 mapped at vaddr 0000401e40000000 (1 pages)
[surface] slot 6 reclaimed on owner exit — 8 pages (phys 00000000012f0000) back on the free list
[surface] pid 120 owns surface 6 (64x64) DOUBLE-BUFFERED at user vaddr 0000530000000000 (+4 pages back) (recycled pixel buffers)
[surface] slot 6 reclaimed on owner exit — 8 pages (phys 00000000012f0000) back on the free list
[kernel ] spawned pid 122 'kp-stress' caps 0000000000000040 — private PML4 @ phys 0000000001375000
[elf    ] PT_LOAD vaddr 0000500000000000 filesz 000000000000e423 memsz 000000000000e423 (ro) -> mapped USER (bounds ok)
[elf    ] PT_LOAD vaddr 000050000000f000 filesz 00000000000029ac memsz 00000000000029ac (ro) -> mapped USER (bounds ok)
[elf    ] PT_LOAD vaddr 0000500000012000 filesz 0000000000000180 memsz 000000000001d220 (rw) -> mapped USER (bounds ok)
[kernel ] spawned pid 123 'kp-stress' caps 0000000000000003 — private PML4 @ phys 000000000141f000
[elf    ] PT_LOAD vaddr 0000500000000000 filesz 000000000000e423 memsz 000000000000e423 (ro) -> mapped USER (bounds ok)
[elf    ] PT_LOAD vaddr 000050000000f000 filesz 00000000000029ac memsz 00000000000029ac (ro) -> mapped USER (bounds ok)
[elf    ] PT_LOAD vaddr 0000500000012000 filesz 0000000000000180 memsz 000000000001d220 (rw) -> mapped USER (bounds ok)
[hw     ] GRANT  pid 123 'kp-stress' -> 'sensor0': phys 0000000001002000 mapped at vaddr 0000401ec0000000 (1 pages)
[surface] pid 122 owns surface 6 (64x64) DOUBLE-BUFFERED at user vaddr 0000530000000000 (+4 pages back) (recycled pixel buffers)
[surface] slot 6 reclaimed on owner exit — 8 pages (phys 00000000012f0000) back on the free list
[surface] pid 122 owns surface 6 (64x64) DOUBLE-BUFFERED at user vaddr 0000530000000000 (+4 pages back) (recycled pixel buffers)
[surface] slot 6 reclaimed on owner exit — 8 pages (phys 00000000012f0000) back on the free list
[kernel ] spawned pid 124 'kp-stress' caps 0000000000000040 — private PML4 @ phys 0000000001375000
[elf    ] PT_LOAD vaddr 0000500000000000 filesz 000000000000e423 memsz 000000000000e423 (ro) -> mapped USER (bounds ok)
[elf    ] PT_LOAD vaddr 000050000000f000 filesz 00000000000029ac memsz 00000000000029ac (ro) -> mapped USER (bounds ok)
[elf    ] PT_LOAD vaddr 0000500000012000 filesz 0000000000000180 memsz 000000000001d220 (rw) -> mapped USER (bounds ok)
[kernel ] spawned pid 125 'kp-stress' caps 0000000000000003 — private PML4 @ phys 0000000001217000
[elf    ] PT_LOAD vaddr 0000500000000000 filesz 000000000000e423 memsz 000000000000e423 (ro) -> mapped USER (bounds ok)
[elf    ] PT_LOAD vaddr 000050000000f000 filesz 00000000000029ac memsz 00000000000029ac (ro) -> mapped USER (bounds ok)
[elf    ] PT_LOAD vaddr 0000500000012000 filesz 0000000000000180 memsz 000000000001d220 (rw) -> mapped USER (bounds ok)
[surface] pid 124 owns surface 6 (64x64) DOUBLE-BUFFERED at user vaddr 0000530000000000 (+4 pages back) (recycled pixel buffers)
[hw     ] GRANT  pid 125 'kp-stress' -> 'sensor0': phys 0000000001002000 mapped at vaddr 0000401f40000000 (1 pages)
[surface] slot 6 reclaimed on owner exit — 8 pages (phys 00000000012f0000) back on the free list
[surface] pid 124 owns surface 6 (64x64) DOUBLE-BUFFERED at user vaddr 0000530000000000 (+4 pages back) (recycled pixel buffers)
[surface] slot 6 reclaimed on owner exit — 8 pages (phys 00000000012f0000) back on the free list
[kernel ] spawned pid 126 'kp-stress' caps 0000000000000040 — private PML4 @ phys 0000000001375000
[elf    ] PT_LOAD vaddr 0000500000000000 filesz 000000000000e423 memsz 000000000000e423 (ro) -> mapped USER (bounds ok)
[elf    ] PT_LOAD vaddr 000050000000f000 filesz 00000000000029ac memsz 00000000000029ac (ro) -> mapped USER (bounds ok)
[elf    ] PT_LOAD vaddr 0000500000012000 filesz 0000000000000180 memsz 000000000001d220 (rw) -> mapped USER (bounds ok)
[kernel ] spawned pid 127 'kp-stress' caps 0000000000000003 — private PML4 @ phys 0000000001271000
[elf    ] PT_LOAD vaddr 0000500000000000 filesz 000000000000e423 memsz 000000000000e423 (ro) -> mapped USER (bounds ok)
[elf    ] PT_LOAD vaddr 000050000000f000 filesz 00000000000029ac memsz 00000000000029ac (ro) -> mapped USER (bounds ok)
[elf    ] PT_LOAD vaddr 0000500000012000 filesz 0000000000000180 memsz 000000000001d220 (rw) -> mapped USER (bounds ok)
[surface] pid 126 owns surface 6 (64x64) DOUBLE-BUFFERED at user vaddr 0000530000000000 (+4 pages back) (recycled pixel buffers)
[hw     ] GRANT  pid 127 'kp-stress' -> 'sensor0': phys 0000000001002000 mapped at vaddr 0000401fc0000000 (1 pages)
[surface] slot 6 reclaimed on owner exit — 8 pages (phys 00000000012f0000) back on the free list
[surface] pid 126 owns surface 6 (64x64) DOUBLE-BUFFERED at user vaddr 0000530000000000 (+4 pages back) (recycled pixel buffers)
[surface] slot 6 reclaimed on owner exit — 8 pages (phys 00000000012f0000) back on the free list
[kernel ] spawned pid 128 'kp-stress' caps 0000000000000040 — private PML4 @ phys 0000000001375000
[elf    ] PT_LOAD vaddr 0000500000000000 filesz 000000000000e423 memsz 000000000000e423 (ro) -> mapped USER (bounds ok)
[elf    ] PT_LOAD vaddr 000050000000f000 filesz 00000000000029ac memsz 00000000000029ac (ro) -> mapped USER (bounds ok)
[elf    ] PT_LOAD vaddr 0000500000012000 filesz 0000000000000180 memsz 000000000001d220 (rw) -> mapped USER (bounds ok)
[kernel ] spawned pid 129 'kp-stress' caps 0000000000000003 — private PML4 @ phys 0000000001247000
[elf    ] PT_LOAD vaddr 0000500000000000 filesz 000000000000e423 memsz 000000000000e423 (ro) -> mapped USER (bounds ok)
[elf    ] PT_LOAD vaddr 000050000000f000 filesz 00000000000029ac memsz 00000000000029ac (ro) -> mapped USER (bounds ok)
[elf    ] PT_LOAD vaddr 0000500000012000 filesz 0000000000000180 memsz 000000000001d220 (rw) -> mapped USER (bounds ok)
[surface] pid 128 owns surface 6 (64x64) DOUBLE-BUFFERED at user vaddr 0000530000000000 (+4 pages back) (recycled pixel buffers)
[hw     ] GRANT  pid 129 'kp-stress' -> 'sensor0': phys 0000000001002000 mapped at vaddr 0000402040000000 (1 pages)
[surface] slot 6 reclaimed on owner exit — 8 pages (phys 00000000012f0000) back on the free list
[surface] pid 128 owns surface 6 (64x64) DOUBLE-BUFFERED at user vaddr 0000530000000000 (+4 pages back) (recycled pixel buffers)
[surface] slot 6 reclaimed on owner exit — 8 pages (phys 00000000012f0000) back on the free list
[kernel ] spawned pid 130 'kp-stress' caps 0000000000000040 — private PML4 @ phys 0000000001375000
[elf    ] PT_LOAD vaddr 0000500000000000 filesz 000000000000e423 memsz 000000000000e423 (ro) -> mapped USER (bounds ok)
[elf    ] PT_LOAD vaddr 000050000000f000 filesz 00000000000029ac memsz 00000000000029ac (ro) -> mapped USER (bounds ok)
[elf    ] PT_LOAD vaddr 0000500000012000 filesz 0000000000000180 memsz 000000000001d220 (rw) -> mapped USER (bounds ok)
[kernel ] spawned pid 131 'kp-stress' caps 0000000000000003 — private PML4 @ phys 000000000126e000
[elf    ] PT_LOAD vaddr 0000500000000000 filesz 000000000000e423 memsz 000000000000e423 (ro) -> mapped USER (bounds ok)
[elf    ] PT_LOAD vaddr 000050000000f000 filesz 00000000000029ac memsz 00000000000029ac (ro) -> mapped USER (bounds ok)
[elf    ] PT_LOAD vaddr 0000500000012000 filesz 0000000000000180 memsz 000000000001d220 (rw) -> mapped USER (bounds ok)
[surface] pid 130 owns surface 6 (64x64) DOUBLE-BUFFERED at user vaddr 0000530000000000 (+4 pages back) (recycled pixel buffers)
[hw     ] GRANT  pid 131 'kp-stress' -> 'sensor0': phys 0000000001002000 mapped at vaddr 00004020c0000000 (1 pages)
[surface] slot 6 reclaimed on owner exit — 8 pages (phys 00000000012f0000) back on the free list
[surface] pid 130 owns surface 6 (64x64) DOUBLE-BUFFERED at user vaddr 0000530000000000 (+4 pages back) (recycled pixel buffers)
[surface] slot 6 reclaimed on owner exit — 8 pages (phys 00000000012f0000) back on the free list
[kernel ] spawned pid 132 'kp-stress' caps 0000000000000040 — private PML4 @ phys 0000000001375000
[elf    ] PT_LOAD vaddr 0000500000000000 filesz 000000000000e423 memsz 000000000000e423 (ro) -> mapped USER (bounds ok)
[elf    ] PT_LOAD vaddr 000050000000f000 filesz 00000000000029ac memsz 00000000000029ac (ro) -> mapped USER (bounds ok)
[elf    ] PT_LOAD vaddr 0000500000012000 filesz 0000000000000180 memsz 000000000001d220 (rw) -> mapped USER (bounds ok)
[kernel ] spawned pid 133 'kp-stress' caps 0000000000000003 — private PML4 @ phys 0000000001429000
[elf    ] PT_LOAD vaddr 0000500000000000 filesz 000000000000e423 memsz 000000000000e423 (ro) -> mapped USER (bounds ok)
[elf    ] PT_LOAD vaddr 000050000000f000 filesz 00000000000029ac memsz 00000000000029ac (ro) -> mapped USER (bounds ok)
[elf    ] PT_LOAD vaddr 0000500000012000 filesz 0000000000000180 memsz 000000000001d220 (rw) -> mapped USER (bounds ok)
[hw     ] GRANT  pid 133 'kp-stress' -> 'sensor0': phys 0000000001002000 mapped at vaddr 0000402140000000 (1 pages)
[surface] pid 132 owns surface 6 (64x64) DOUBLE-BUFFERED at user vaddr 0000530000000000 (+4 pages back) (recycled pixel buffers)
[surface] slot 6 reclaimed on owner exit — 8 pages (phys 00000000012f0000) back on the free list
[surface] pid 132 owns surface 6 (64x64) DOUBLE-BUFFERED at user vaddr 0000530000000000 (+4 pages back) (recycled pixel buffers)
[surface] slot 6 reclaimed on owner exit — 8 pages (phys 00000000012f0000) back on the free list
[kernel ] spawned pid 134 'kp-stress' caps 0000000000000040 — private PML4 @ phys 0000000001375000
[elf    ] PT_LOAD vaddr 0000500000000000 filesz 000000000000e423 memsz 000000000000e423 (ro) -> mapped USER (bounds ok)
[elf    ] PT_LOAD vaddr 000050000000f000 filesz 00000000000029ac memsz 00000000000029ac (ro) -> mapped USER (bounds ok)
[elf    ] PT_LOAD vaddr 0000500000012000 filesz 0000000000000180 memsz 000000000001d220 (rw) -> mapped USER (bounds ok)
[kernel ] spawned pid 135 'kp-stress' caps 0000000000000003 — private PML4 @ phys 0000000001415000
[elf    ] PT_LOAD vaddr 0000500000000000 filesz 000000000000e423 memsz 000000000000e423 (ro) -> mapped USER (bounds ok)
[elf    ] PT_LOAD vaddr 000050000000f000 filesz 00000000000029ac memsz 00000000000029ac (ro) -> mapped USER (bounds ok)
[elf    ] PT_LOAD vaddr 0000500000012000 filesz 0000000000000180 memsz 000000000001d220 (rw) -> mapped USER (bounds ok)
[surface] pid 134 owns surface 6 (64x64) DOUBLE-BUFFERED at user vaddr 0000530000000000 (+4 pages back) (recycled pixel buffers)
[hw     ] GRANT  pid 135 'kp-stress' -> 'sensor0': phys 0000000001002000 mapped at vaddr 00004021c0000000 (1 pages)
[surface] slot 6 reclaimed on owner exit — 8 pages (phys 00000000012f0000) back on the free list
[surface] pid 134 owns surface 6 (64x64) DOUBLE-BUFFERED at user vaddr 0000530000000000 (+4 pages back) (recycled pixel buffers)
[surface] slot 6 reclaimed on owner exit — 8 pages (phys 00000000012f0000) back on the free list
[kernel ] spawned pid 136 'kp-stress' caps 0000000000000040 — private PML4 @ phys 0000000001375000
[elf    ] PT_LOAD vaddr 0000500000000000 filesz 000000000000e423 memsz 000000000000e423 (ro) -> mapped USER (bounds ok)
[elf    ] PT_LOAD vaddr 000050000000f000 filesz 00000000000029ac memsz 00000000000029ac (ro) -> mapped USER (bounds ok)
[elf    ] PT_LOAD vaddr 0000500000012000 filesz 0000000000000180 memsz 000000000001d220 (rw) -> mapped USER (bounds ok)
[kernel ] spawned pid 137 'kp-stress' caps 0000000000000003 — private PML4 @ phys 00000000011ab000
[elf    ] PT_LOAD vaddr 0000500000000000 filesz 000000000000e423 memsz 000000000000e423 (ro) -> mapped USER (bounds ok)
[elf    ] PT_LOAD vaddr 000050000000f000 filesz 00000000000029ac memsz 00000000000029ac (ro) -> mapped USER (bounds ok)
[elf    ] PT_LOAD vaddr 0000500000012000 filesz 0000000000000180 memsz 000000000001d220 (rw) -> mapped USER (bounds ok)
[surface] pid 136 owns surface 6 (64x64) DOUBLE-BUFFERED at user vaddr 0000530000000000 (+4 pages back) (recycled pixel buffers)
[hw     ] GRANT  pid 137 'kp-stress' -> 'sensor0': phys 0000000001002000 mapped at vaddr 0000402240000000 (1 pages)
[surface] slot 6 reclaimed on owner exit — 8 pages (phys 00000000012f0000) back on the free list
[surface] pid 136 owns surface 6 (64x64) DOUBLE-BUFFERED at user vaddr 0000530000000000 (+4 pages back) (recycled pixel buffers)
[surface] slot 6 reclaimed on owner exit — 8 pages (phys 00000000012f0000) back on the free list
[kernel ] spawned pid 138 'kp-stress' caps 0000000000000040 — private PML4 @ phys 0000000001375000
[elf    ] PT_LOAD vaddr 0000500000000000 filesz 000000000000e423 memsz 000000000000e423 (ro) -> mapped USER (bounds ok)
[elf    ] PT_LOAD vaddr 000050000000f000 filesz 00000000000029ac memsz 00000000000029ac (ro) -> mapped USER (bounds ok)
[elf    ] PT_LOAD vaddr 0000500000012000 filesz 0000000000000180 memsz 000000000001d220 (rw) -> mapped USER (bounds ok)
[kernel ] spawned pid 139 'kp-stress' caps 0000000000000003 — private PML4 @ phys 0000000001275000
[elf    ] PT_LOAD vaddr 0000500000000000 filesz 000000000000e423 memsz 000000000000e423 (ro) -> mapped USER (bounds ok)
[elf    ] PT_LOAD vaddr 000050000000f000 filesz 00000000000029ac memsz 00000000000029ac (ro) -> mapped USER (bounds ok)
[elf    ] PT_LOAD vaddr 0000500000012000 filesz 0000000000000180 memsz 000000000001d220 (rw) -> mapped USER (bounds ok)
[hw     ] GRANT  pid 139 'kp-stress' -> 'sensor0': phys 0000000001002000 mapped at vaddr 00004022c0000000 (1 pages)
[surface] pid 138 owns surface 6 (64x64) DOUBLE-BUFFERED at user vaddr 0000530000000000 (+4 pages back) (recycled pixel buffers)
[surface] slot 6 reclaimed on owner exit — 8 pages (phys 00000000012f0000) back on the free list
[surface] pid 138 owns surface 6 (64x64) DOUBLE-BUFFERED at user vaddr 0000530000000000 (+4 pages back) (recycled pixel buffers)
[surface] slot 6 reclaimed on owner exit — 8 pages (phys 00000000012f0000) back on the free list
[kernel ] spawned pid 140 'kp-stress' caps 0000000000000040 — private PML4 @ phys 0000000001375000
[elf    ] PT_LOAD vaddr 0000500000000000 filesz 000000000000e423 memsz 000000000000e423 (ro) -> mapped USER (bounds ok)
[elf    ] PT_LOAD vaddr 000050000000f000 filesz 00000000000029ac memsz 00000000000029ac (ro) -> mapped USER (bounds ok)
[elf    ] PT_LOAD vaddr 0000500000012000 filesz 0000000000000180 memsz 000000000001d220 (rw) -> mapped USER (bounds ok)
[kernel ] spawned pid 141 'kp-stress' caps 0000000000000003 — private PML4 @ phys 0000000001329000
[elf    ] PT_LOAD vaddr 0000500000000000 filesz 000000000000e423 memsz 000000000000e423 (ro) -> mapped USER (bounds ok)
[elf    ] PT_LOAD vaddr 000050000000f000 filesz 00000000000029ac memsz 00000000000029ac (ro) -> mapped USER (bounds ok)
[elf    ] PT_LOAD vaddr 0000500000012000 filesz 0000000000000180 memsz 000000000001d220 (rw) -> mapped USER (bounds ok)
[surface] pid 140 owns surface 6 (64x64) DOUBLE-BUFFERED at user vaddr 0000530000000000 (+4 pages back) (recycled pixel buffers)
[hw     ] GRANT  pid 141 'kp-stress' -> 'sensor0': phys 0000000001002000 mapped at vaddr 0000402340000000 (1 pages)
[surface] slot 6 reclaimed on owner exit — 8 pages (phys 00000000012f0000) back on the free list
[surface] pid 140 owns surface 6 (64x64) DOUBLE-BUFFERED at user vaddr 0000530000000000 (+4 pages back) (recycled pixel buffers)
[surface] slot 6 reclaimed on owner exit — 8 pages (phys 00000000012f0000) back on the free list
[kernel ] spawned pid 142 'kp-stress' caps 0000000000000040 — private PML4 @ phys 0000000001375000
[elf    ] PT_LOAD vaddr 0000500000000000 filesz 000000000000e423 memsz 000000000000e423 (ro) -> mapped USER (bounds ok)
[elf    ] PT_LOAD vaddr 000050000000f000 filesz 00000000000029ac memsz 00000000000029ac (ro) -> mapped USER (bounds ok)
[elf    ] PT_LOAD vaddr 0000500000012000 filesz 0000000000000180 memsz 000000000001d220 (rw) -> mapped USER (bounds ok)
[kernel ] spawned pid 143 'kp-stress' caps 0000000000000003 — private PML4 @ phys 0000000001246000
[elf    ] PT_LOAD vaddr 0000500000000000 filesz 000000000000e423 memsz 000000000000e423 (ro) -> mapped USER (bounds ok)
[elf    ] PT_LOAD vaddr 000050000000f000 filesz 00000000000029ac memsz 00000000000029ac (ro) -> mapped USER (bounds ok)
[elf    ] PT_LOAD vaddr 0000500000012000 filesz 0000000000000180 memsz 000000000001d220 (rw) -> mapped USER (bounds ok)
[hw     ] GRANT  pid 143 'kp-stress' -> 'sensor0': phys 0000000001002000 mapped at vaddr 00004023c0000000 (1 pages)
[surface] pid 142 owns surface 6 (64x64) DOUBLE-BUFFERED at user vaddr 0000530000000000 (+4 pages back) (recycled pixel buffers)
[surface] slot 6 reclaimed on owner exit — 8 pages (phys 00000000012f0000) back on the free list
[surface] pid 142 owns surface 6 (64x64) DOUBLE-BUFFERED at user vaddr 0000530000000000 (+4 pages back) (recycled pixel buffers)
[surface] slot 6 reclaimed on owner exit — 8 pages (phys 00000000012f0000) back on the free list
[kernel ] spawned pid 144 'kp-stress' caps 0000000000000040 — private PML4 @ phys 0000000001375000
[elf    ] PT_LOAD vaddr 0000500000000000 filesz 000000000000e423 memsz 000000000000e423 (ro) -> mapped USER (bounds ok)
[elf    ] PT_LOAD vaddr 000050000000f000 filesz 00000000000029ac memsz 00000000000029ac (ro) -> mapped USER (bounds ok)
[elf    ] PT_LOAD vaddr 0000500000012000 filesz 0000000000000180 memsz 000000000001d220 (rw) -> mapped USER (bounds ok)
[kernel ] spawned pid 145 'kp-stress' caps 0000000000000003 — private PML4 @ phys 000000000141f000
[elf    ] PT_LOAD vaddr 0000500000000000 filesz 000000000000e423 memsz 000000000000e423 (ro) -> mapped USER (bounds ok)
[elf    ] PT_LOAD vaddr 000050000000f000 filesz 00000000000029ac memsz 00000000000029ac (ro) -> mapped USER (bounds ok)
[elf    ] PT_LOAD vaddr 0000500000012000 filesz 0000000000000180 memsz 000000000001d220 (rw) -> mapped USER (bounds ok)
[hw     ] GRANT  pid 145 'kp-stress' -> 'sensor0': phys 0000000001002000 mapped at vaddr 0000402440000000 (1 pages)
[surface] pid 144 owns surface 6 (64x64) DOUBLE-BUFFERED at user vaddr 0000530000000000 (+4 pages back) (recycled pixel buffers)
[surface] slot 6 reclaimed on owner exit — 8 pages (phys 00000000012f0000) back on the free list
[surface] pid 144 owns surface 6 (64x64) DOUBLE-BUFFERED at user vaddr 0000530000000000 (+4 pages back) (recycled pixel buffers)
[surface] slot 6 reclaimed on owner exit — 8 pages (phys 00000000012f0000) back on the free list
[kernel ] spawned pid 146 'kp-stress' caps 0000000000000040 — private PML4 @ phys 0000000001375000
[elf    ] PT_LOAD vaddr 0000500000000000 filesz 000000000000e423 memsz 000000000000e423 (ro) -> mapped USER (bounds ok)
[elf    ] PT_LOAD vaddr 000050000000f000 filesz 00000000000029ac memsz 00000000000029ac (ro) -> mapped USER (bounds ok)
[elf    ] PT_LOAD vaddr 0000500000012000 filesz 0000000000000180 memsz 000000000001d220 (rw) -> mapped USER (bounds ok)
[kernel ] spawned pid 147 'kp-stress' caps 0000000000000003 — private PML4 @ phys 0000000001217000
[elf    ] PT_LOAD vaddr 0000500000000000 filesz 000000000000e423 memsz 000000000000e423 (ro) -> mapped USER (bounds ok)
[elf    ] PT_LOAD vaddr 000050000000f000 filesz 00000000000029ac memsz 00000000000029ac (ro) -> mapped USER (bounds ok)
[elf    ] PT_LOAD vaddr 0000500000012000 filesz 0000000000000180 memsz 000000000001d220 (rw) -> mapped USER (bounds ok)
[surface] pid 146 owns surface 6 (64x64) DOUBLE-BUFFERED at user vaddr 0000530000000000 (+4 pages back) (recycled pixel buffers)
[hw     ] GRANT  pid 147 'kp-stress' -> 'sensor0': phys 0000000001002000 mapped at vaddr 00004024c0000000 (1 pages)
[surface] slot 6 reclaimed on owner exit — 8 pages (phys 00000000012f0000) back on the free list
[surface] pid 146 owns surface 6 (64x64) DOUBLE-BUFFERED at user vaddr 0000530000000000 (+4 pages back) (recycled pixel buffers)
[surface] slot 6 reclaimed on owner exit — 8 pages (phys 00000000012f0000) back on the free list
[kernel ] spawned pid 148 'kp-stress' caps 0000000000000040 — private PML4 @ phys 0000000001375000
[elf    ] PT_LOAD vaddr 0000500000000000 filesz 000000000000e423 memsz 000000000000e423 (ro) -> mapped USER (bounds ok)
[elf    ] PT_LOAD vaddr 000050000000f000 filesz 00000000000029ac memsz 00000000000029ac (ro) -> mapped USER (bounds ok)
[elf    ] PT_LOAD vaddr 0000500000012000 filesz 0000000000000180 memsz 000000000001d220 (rw) -> mapped USER (bounds ok)
[kernel ] spawned pid 149 'kp-stress' caps 0000000000000003 — private PML4 @ phys 0000000001271000
[elf    ] PT_LOAD vaddr 0000500000000000 filesz 000000000000e423 memsz 000000000000e423 (ro) -> mapped USER (bounds ok)
[elf    ] PT_LOAD vaddr 000050000000f000 filesz 00000000000029ac memsz 00000000000029ac (ro) -> mapped USER (bounds ok)
[elf    ] PT_LOAD vaddr 0000500000012000 filesz 0000000000000180 memsz 000000000001d220 (rw) -> mapped USER (bounds ok)
[surface] pid 148 owns surface 6 (64x64) DOUBLE-BUFFERED at user vaddr 0000530000000000 (+4 pages back) (recycled pixel buffers)
[hw     ] GRANT  pid 149 'kp-stress' -> 'sensor0': phys 0000000001002000 mapped at vaddr 0000402540000000 (1 pages)
[surface] slot 6 reclaimed on owner exit — 8 pages (phys 00000000012f0000) back on the free list
[surface] pid 148 owns surface 6 (64x64) DOUBLE-BUFFERED at user vaddr 0000530000000000 (+4 pages back) (recycled pixel buffers)
[surface] slot 6 reclaimed on owner exit — 8 pages (phys 00000000012f0000) back on the free list
[kernel ] spawned pid 150 'kp-stress' caps 0000000000000040 — private PML4 @ phys 0000000001375000
[elf    ] PT_LOAD vaddr 0000500000000000 filesz 000000000000e423 memsz 000000000000e423 (ro) -> mapped USER (bounds ok)
[elf    ] PT_LOAD vaddr 000050000000f000 filesz 00000000000029ac memsz 00000000000029ac (ro) -> mapped USER (bounds ok)
[elf    ] PT_LOAD vaddr 0000500000012000 filesz 0000000000000180 memsz 000000000001d220 (rw) -> mapped USER (bounds ok)
[kernel ] spawned pid 151 'kp-stress' caps 0000000000000003 — private PML4 @ phys 0000000001247000
[elf    ] PT_LOAD vaddr 0000500000000000 filesz 000000000000e423 memsz 000000000000e423 (ro) -> mapped USER (bounds ok)
[elf    ] PT_LOAD vaddr 000050000000f000 filesz 00000000000029ac memsz 00000000000029ac (ro) -> mapped USER (bounds ok)
[elf    ] PT_LOAD vaddr 0000500000012000 filesz 0000000000000180 memsz 000000000001d220 (rw) -> mapped USER (bounds ok)
[hw     ] GRANT  pid 151 'kp-stress' -> 'sensor0': phys 0000000001002000 mapped at vaddr 00004025c0000000 (1 pages)
[surface] pid 150 owns surface 6 (64x64) DOUBLE-BUFFERED at user vaddr 0000530000000000 (+4 pages back) (recycled pixel buffers)
[surface] slot 6 reclaimed on owner exit — 8 pages (phys 00000000012f0000) back on the free list
[surface] pid 150 owns surface 6 (64x64) DOUBLE-BUFFERED at user vaddr 0000530000000000 (+4 pages back) (recycled pixel buffers)
[surface] slot 6 reclaimed on owner exit — 8 pages (phys 00000000012f0000) back on the free list
[kernel ] spawned pid 152 'kp-stress' caps 0000000000000040 — private PML4 @ phys 0000000001375000
[elf    ] PT_LOAD vaddr 0000500000000000 filesz 000000000000e423 memsz 000000000000e423 (ro) -> mapped USER (bounds ok)
[elf    ] PT_LOAD vaddr 000050000000f000 filesz 00000000000029ac memsz 00000000000029ac (ro) -> mapped USER (bounds ok)
[elf    ] PT_LOAD vaddr 0000500000012000 filesz 0000000000000180 memsz 000000000001d220 (rw) -> mapped USER (bounds ok)
[kernel ] spawned pid 153 'kp-stress' caps 0000000000000003 — private PML4 @ phys 000000000126e000
[elf    ] PT_LOAD vaddr 0000500000000000 filesz 000000000000e423 memsz 000000000000e423 (ro) -> mapped USER (bounds ok)
[elf    ] PT_LOAD vaddr 000050000000f000 filesz 00000000000029ac memsz 00000000000029ac (ro) -> mapped USER (bounds ok)
[elf    ] PT_LOAD vaddr 0000500000012000 filesz 0000000000000180 memsz 000000000001d220 (rw) -> mapped USER (bounds ok)
[surface] pid 152 owns surface 6 (64x64) DOUBLE-BUFFERED at user vaddr 0000530000000000 (+4 pages back) (recycled pixel buffers)
[hw     ] GRANT  pid 153 'kp-stress' -> 'sensor0': phys 0000000001002000 mapped at vaddr 0000402640000000 (1 pages)
[surface] slot 6 reclaimed on owner exit — 8 pages (phys 00000000012f0000) back on the free list
[surface] pid 152 owns surface 6 (64x64) DOUBLE-BUFFERED at user vaddr 0000530000000000 (+4 pages back) (recycled pixel buffers)
[surface] slot 6 reclaimed on owner exit — 8 pages (phys 00000000012f0000) back on the free list
[kernel ] spawned pid 154 'kp-stress' caps 0000000000000040 — private PML4 @ phys 0000000001375000
[elf    ] PT_LOAD vaddr 0000500000000000 filesz 000000000000e423 memsz 000000000000e423 (ro) -> mapped USER (bounds ok)
[elf    ] PT_LOAD vaddr 000050000000f000 filesz 00000000000029ac memsz 00000000000029ac (ro) -> mapped USER (bounds ok)
[elf    ] PT_LOAD vaddr 0000500000012000 filesz 0000000000000180 memsz 000000000001d220 (rw) -> mapped USER (bounds ok)
[kernel ] spawned pid 155 'kp-stress' caps 0000000000000003 — private PML4 @ phys 0000000001414000
[elf    ] PT_LOAD vaddr 0000500000000000 filesz 000000000000e423 memsz 000000000000e423 (ro) -> mapped USER (bounds ok)
[elf    ] PT_LOAD vaddr 000050000000f000 filesz 00000000000029ac memsz 00000000000029ac (ro) -> mapped USER (bounds ok)
[elf    ] PT_LOAD vaddr 0000500000012000 filesz 0000000000000180 memsz 000000000001d220 (rw) -> mapped USER (bounds ok)
[surface] pid 154 owns surface 6 (64x64) DOUBLE-BUFFERED at user vaddr 0000530000000000 (+4 pages back) (recycled pixel buffers)
[hw     ] GRANT  pid 155 'kp-stress' -> 'sensor0': phys 0000000001002000 mapped at vaddr 00004026c0000000 (1 pages)
[surface] slot 6 reclaimed on owner exit — 8 pages (phys 00000000012f0000) back on the free list
[surface] pid 154 owns surface 6 (64x64) DOUBLE-BUFFERED at user vaddr 0000530000000000 (+4 pages back) (recycled pixel buffers)
[surface] slot 6 reclaimed on owner exit — 8 pages (phys 00000000012f0000) back on the free list
[kernel ] spawned pid 156 'kp-stress' caps 0000000000000040 — private PML4 @ phys 0000000001375000
[elf    ] PT_LOAD vaddr 0000500000000000 filesz 000000000000e423 memsz 000000000000e423 (ro) -> mapped USER (bounds ok)
[elf    ] PT_LOAD vaddr 000050000000f000 filesz 00000000000029ac memsz 00000000000029ac (ro) -> mapped USER (bounds ok)
[elf    ] PT_LOAD vaddr 0000500000012000 filesz 0000000000000180 memsz 000000000001d220 (rw) -> mapped USER (bounds ok)
[kernel ] spawned pid 157 'kp-stress' caps 0000000000000003 — private PML4 @ phys 0000000001415000
[elf    ] PT_LOAD vaddr 0000500000000000 filesz 000000000000e423 memsz 000000000000e423 (ro) -> mapped USER (bounds ok)
[elf    ] PT_LOAD vaddr 000050000000f000 filesz 00000000000029ac memsz 00000000000029ac (ro) -> mapped USER (bounds ok)
[elf    ] PT_LOAD vaddr 0000500000012000 filesz 0000000000000180 memsz 000000000001d220 (rw) -> mapped USER (bounds ok)
[surface] pid 156 owns surface 6 (64x64) DOUBLE-BUFFERED at user vaddr 0000530000000000 (+4 pages back) (recycled pixel buffers)
[hw     ] GRANT  pid 157 'kp-stress' -> 'sensor0': phys 0000000001002000 mapped at vaddr 0000402740000000 (1 pages)
[surface] slot 6 reclaimed on owner exit — 8 pages (phys 00000000012f0000) back on the free list
[surface] pid 156 owns surface 6 (64x64) DOUBLE-BUFFERED at user vaddr 0000530000000000 (+4 pages back) (recycled pixel buffers)
[surface] slot 6 reclaimed on owner exit — 8 pages (phys 00000000012f0000) back on the free list
[kernel ] spawned pid 158 'kp-stress' caps 0000000000000040 — private PML4 @ phys 0000000001375000
[elf    ] PT_LOAD vaddr 0000500000000000 filesz 000000000000e423 memsz 000000000000e423 (ro) -> mapped USER (bounds ok)
[elf    ] PT_LOAD vaddr 000050000000f000 filesz 00000000000029ac memsz 00000000000029ac (ro) -> mapped USER (bounds ok)
[elf    ] PT_LOAD vaddr 0000500000012000 filesz 0000000000000180 memsz 000000000001d220 (rw) -> mapped USER (bounds ok)
[kernel ] spawned pid 159 'kp-stress' caps 0000000000000003 — private PML4 @ phys 00000000011ab000
[elf    ] PT_LOAD vaddr 0000500000000000 filesz 000000000000e423 memsz 000000000000e423 (ro) -> mapped USER (bounds ok)
[elf    ] PT_LOAD vaddr 000050000000f000 filesz 00000000000029ac memsz 00000000000029ac (ro) -> mapped USER (bounds ok)
[elf    ] PT_LOAD vaddr 0000500000012000 filesz 0000000000000180 memsz 000000000001d220 (rw) -> mapped USER (bounds ok)
[hw     ] GRANT  pid 159 'kp-stress' -> 'sensor0': phys 0000000001002000 mapped at vaddr 00004027c0000000 (1 pages)
[surface] pid 158 owns surface 6 (64x64) DOUBLE-BUFFERED at user vaddr 0000530000000000 (+4 pages back) (recycled pixel buffers)
[surface] slot 6 reclaimed on owner exit — 8 pages (phys 00000000012f0000) back on the free list
[surface] pid 158 owns surface 6 (64x64) DOUBLE-BUFFERED at user vaddr 0000530000000000 (+4 pages back) (recycled pixel buffers)
[surface] slot 6 reclaimed on owner exit — 8 pages (phys 00000000012f0000) back on the free list
[kernel ] spawned pid 160 'kp-stress' caps 0000000000000040 — private PML4 @ phys 0000000001375000
[elf    ] PT_LOAD vaddr 0000500000000000 filesz 000000000000e423 memsz 000000000000e423 (ro) -> mapped USER (bounds ok)
[elf    ] PT_LOAD vaddr 000050000000f000 filesz 00000000000029ac memsz 00000000000029ac (ro) -> mapped USER (bounds ok)
[elf    ] PT_LOAD vaddr 0000500000012000 filesz 0000000000000180 memsz 000000000001d220 (rw) -> mapped USER (bounds ok)
[kernel ] spawned pid 161 'kp-stress' caps 0000000000000003 — private PML4 @ phys 0000000001445000
[elf    ] PT_LOAD vaddr 0000500000000000 filesz 000000000000e423 memsz 000000000000e423 (ro) -> mapped USER (bounds ok)
[elf    ] PT_LOAD vaddr 000050000000f000 filesz 00000000000029ac memsz 00000000000029ac (ro) -> mapped USER (bounds ok)
[elf    ] PT_LOAD vaddr 0000500000012000 filesz 0000000000000180 memsz 000000000001d220 (rw) -> mapped USER (bounds ok)
[hw     ] GRANT  pid 161 'kp-stress' -> 'sensor0': phys 0000000001002000 mapped at vaddr 0000402840000000 (1 pages)
[surface] pid 160 owns surface 6 (64x64) DOUBLE-BUFFERED at user vaddr 0000530000000000 (+4 pages back) (recycled pixel buffers)
[surface] slot 6 reclaimed on owner exit — 8 pages (phys 00000000012f0000) back on the free list
[surface] pid 160 owns surface 6 (64x64) DOUBLE-BUFFERED at user vaddr 0000530000000000 (+4 pages back) (recycled pixel buffers)
[surface] slot 6 reclaimed on owner exit — 8 pages (phys 00000000012f0000) back on the free list
[kernel ] spawned pid 162 'kp-stress' caps 0000000000000040 — private PML4 @ phys 0000000001375000
[elf    ] PT_LOAD vaddr 0000500000000000 filesz 000000000000e423 memsz 000000000000e423 (ro) -> mapped USER (bounds ok)
[elf    ] PT_LOAD vaddr 000050000000f000 filesz 00000000000029ac memsz 00000000000029ac (ro) -> mapped USER (bounds ok)
[elf    ] PT_LOAD vaddr 0000500000012000 filesz 0000000000000180 memsz 000000000001d220 (rw) -> mapped USER (bounds ok)
[kernel ] spawned pid 163 'kp-stress' caps 0000000000000003 — private PML4 @ phys 0000000001329000
[elf    ] PT_LOAD vaddr 0000500000000000 filesz 000000000000e423 memsz 000000000000e423 (ro) -> mapped USER (bounds ok)
[elf    ] PT_LOAD vaddr 000050000000f000 filesz 00000000000029ac memsz 00000000000029ac (ro) -> mapped USER (bounds ok)
[elf    ] PT_LOAD vaddr 0000500000012000 filesz 0000000000000180 memsz 000000000001d220 (rw) -> mapped USER (bounds ok)
[hw     ] GRANT  pid 163 'kp-stress' -> 'sensor0': phys 0000000001002000 mapped at vaddr 00004028c0000000 (1 pages)
[surface] pid 162 owns surface 6 (64x64) DOUBLE-BUFFERED at user vaddr 0000530000000000 (+4 pages back) (recycled pixel buffers)
[surface] slot 6 reclaimed on owner exit — 8 pages (phys 00000000012f0000) back on the free list
[surface] pid 162 owns surface 6 (64x64) DOUBLE-BUFFERED at user vaddr 0000530000000000 (+4 pages back) (recycled pixel buffers)
[surface] slot 6 reclaimed on owner exit — 8 pages (phys 00000000012f0000) back on the free list
[kernel ] spawned pid 164 'kp-stress' caps 0000000000000040 — private PML4 @ phys 0000000001375000
[elf    ] PT_LOAD vaddr 0000500000000000 filesz 000000000000e423 memsz 000000000000e423 (ro) -> mapped USER (bounds ok)
[elf    ] PT_LOAD vaddr 000050000000f000 filesz 00000000000029ac memsz 00000000000029ac (ro) -> mapped USER (bounds ok)
[elf    ] PT_LOAD vaddr 0000500000012000 filesz 0000000000000180 memsz 000000000001d220 (rw) -> mapped USER (bounds ok)
[kernel ] spawned pid 165 'kp-stress' caps 0000000000000003 — private PML4 @ phys 0000000001246000
[elf    ] PT_LOAD vaddr 0000500000000000 filesz 000000000000e423 memsz 000000000000e423 (ro) -> mapped USER (bounds ok)
[elf    ] PT_LOAD vaddr 000050000000f000 filesz 00000000000029ac memsz 00000000000029ac (ro) -> mapped USER (bounds ok)
[elf    ] PT_LOAD vaddr 0000500000012000 filesz 0000000000000180 memsz 000000000001d220 (rw) -> mapped USER (bounds ok)
[hw     ] GRANT  pid 165 'kp-stress' -> 'sensor0': phys 0000000001002000 mapped at vaddr 0000402940000000 (1 pages)
[surface] pid 164 owns surface 6 (64x64) DOUBLE-BUFFERED at user vaddr 0000530000000000 (+4 pages back) (recycled pixel buffers)
[surface] slot 6 reclaimed on owner exit — 8 pages (phys 00000000012f0000) back on the free list
[surface] pid 164 owns surface 6 (64x64) DOUBLE-BUFFERED at user vaddr 0000530000000000 (+4 pages back) (recycled pixel buffers)
[surface] slot 6 reclaimed on owner exit — 8 pages (phys 00000000012f0000) back on the free list
[kernel ] spawned pid 166 'kp-stress' caps 0000000000000040 — private PML4 @ phys 0000000001375000
[elf    ] PT_LOAD vaddr 0000500000000000 filesz 000000000000e423 memsz 000000000000e423 (ro) -> mapped USER (bounds ok)
[elf    ] PT_LOAD vaddr 000050000000f000 filesz 00000000000029ac memsz 00000000000029ac (ro) -> mapped USER (bounds ok)
[elf    ] PT_LOAD vaddr 0000500000012000 filesz 0000000000000180 memsz 000000000001d220 (rw) -> mapped USER (bounds ok)
[kernel ] spawned pid 167 'kp-stress' caps 0000000000000003 — private PML4 @ phys 0000000001422000
[elf    ] PT_LOAD vaddr 0000500000000000 filesz 000000000000e423 memsz 000000000000e423 (ro) -> mapped USER (bounds ok)
[elf    ] PT_LOAD vaddr 000050000000f000 filesz 00000000000029ac memsz 00000000000029ac (ro) -> mapped USER (bounds ok)
[elf    ] PT_LOAD vaddr 0000500000012000 filesz 0000000000000180 memsz 000000000001d220 (rw) -> mapped USER (bounds ok)
[hw     ] GRANT  pid 167 'kp-stress' -> 'sensor0': phys 0000000001002000 mapped at vaddr 00004029c0000000 (1 pages)
[surface] pid 166 owns surface 6 (64x64) DOUBLE-BUFFERED at user vaddr 0000530000000000 (+4 pages back) (recycled pixel buffers)
[surface] slot 6 reclaimed on owner exit — 8 pages (phys 00000000012f0000) back on the free list
[surface] pid 166 owns surface 6 (64x64) DOUBLE-BUFFERED at user vaddr 0000530000000000 (+4 pages back) (recycled pixel buffers)
[surface] slot 6 reclaimed on owner exit — 8 pages (phys 00000000012f0000) back on the free list
[kpstrs] cycle 50/200 clean (slots seen so far: 3, recycled spawns: 103)
[kernel ] spawned pid 168 'kp-stress' caps 0000000000000040 — private PML4 @ phys 0000000001375000
[elf    ] PT_LOAD vaddr 0000500000000000 filesz 000000000000e423 memsz 000000000000e423 (ro) -> mapped USER (bounds ok)
[elf    ] PT_LOAD vaddr 000050000000f000 filesz 00000000000029ac memsz 00000000000029ac (ro) -> mapped USER (bounds ok)
[elf    ] PT_LOAD vaddr 0000500000012000 filesz 0000000000000180 memsz 000000000001d220 (rw) -> mapped USER (bounds ok)
[kernel ] spawned pid 169 'kp-stress' caps 0000000000000003 — private PML4 @ phys 0000000001217000
[elf    ] PT_LOAD vaddr 0000500000000000 filesz 000000000000e423 memsz 000000000000e423 (ro) -> mapped USER (bounds ok)
[elf    ] PT_LOAD vaddr 000050000000f000 filesz 00000000000029ac memsz 00000000000029ac (ro) -> mapped USER (bounds ok)
[elf    ] PT_LOAD vaddr 0000500000012000 filesz 0000000000000180 memsz 000000000001d220 (rw) -> mapped USER (bounds ok)
[surface] pid 168 owns surface 6 (64x64) DOUBLE-BUFFERED at user vaddr 0000530000000000 (+4 pages back) (recycled pixel buffers)
[hw     ] GRANT  pid 169 'kp-stress' -> 'sensor0': phys 0000000001002000 mapped at vaddr 0000402a40000000 (1 pages)
[surface] slot 6 reclaimed on owner exit — 8 pages (phys 00000000012f0000) back on the free list
[surface] pid 168 owns surface 6 (64x64) DOUBLE-BUFFERED at user vaddr 0000530000000000 (+4 pages back) (recycled pixel buffers)
[surface] slot 6 reclaimed on owner exit — 8 pages (phys 00000000012f0000) back on the free list
[kernel ] spawned pid 170 'kp-stress' caps 0000000000000040 — private PML4 @ phys 0000000001375000
[elf    ] PT_LOAD vaddr 0000500000000000 filesz 000000000000e423 memsz 000000000000e423 (ro) -> mapped USER (bounds ok)
[elf    ] PT_LOAD vaddr 000050000000f000 filesz 00000000000029ac memsz 00000000000029ac (ro) -> mapped USER (bounds ok)
[elf    ] PT_LOAD vaddr 0000500000012000 filesz 0000000000000180 memsz 000000000001d220 (rw) -> mapped USER (bounds ok)
[kernel ] spawned pid 171 'kp-stress' caps 0000000000000003 — private PML4 @ phys 0000000001271000
[elf    ] PT_LOAD vaddr 0000500000000000 filesz 000000000000e423 memsz 000000000000e423 (ro) -> mapped USER (bounds ok)
[elf    ] PT_LOAD vaddr 000050000000f000 filesz 00000000000029ac memsz 00000000000029ac (ro) -> mapped USER (bounds ok)
[elf    ] PT_LOAD vaddr 0000500000012000 filesz 0000000000000180 memsz 000000000001d220 (rw) -> mapped USER (bounds ok)
[hw     ] GRANT  pid 171 'kp-stress' -> 'sensor0': phys 0000000001002000 mapped at vaddr 0000402ac0000000 (1 pages)
[surface] pid 170 owns surface 6 (64x64) DOUBLE-BUFFERED at user vaddr 0000530000000000 (+4 pages back) (recycled pixel buffers)
[surface] slot 6 reclaimed on owner exit — 8 pages (phys 00000000012f0000) back on the free list
[surface] pid 170 owns surface 6 (64x64) DOUBLE-BUFFERED at user vaddr 0000530000000000 (+4 pages back) (recycled pixel buffers)
[surface] slot 6 reclaimed on owner exit — 8 pages (phys 00000000012f0000) back on the free list
[kernel ] spawned pid 172 'kp-stress' caps 0000000000000040 — private PML4 @ phys 0000000001375000
[elf    ] PT_LOAD vaddr 0000500000000000 filesz 000000000000e423 memsz 000000000000e423 (ro) -> mapped USER (bounds ok)
[elf    ] PT_LOAD vaddr 000050000000f000 filesz 00000000000029ac memsz 00000000000029ac (ro) -> mapped USER (bounds ok)
[elf    ] PT_LOAD vaddr 0000500000012000 filesz 0000000000000180 memsz 000000000001d220 (rw) -> mapped USER (bounds ok)
[kernel ] spawned pid 173 'kp-stress' caps 0000000000000003 — private PML4 @ phys 0000000001247000
[elf    ] PT_LOAD vaddr 0000500000000000 filesz 000000000000e423 memsz 000000000000e423 (ro) -> mapped USER (bounds ok)
[elf    ] PT_LOAD vaddr 000050000000f000 filesz 00000000000029ac memsz 00000000000029ac (ro) -> mapped USER (bounds ok)
[elf    ] PT_LOAD vaddr 0000500000012000 filesz 0000000000000180 memsz 000000000001d220 (rw) -> mapped USER (bounds ok)
[hw     ] GRANT  pid 173 'kp-stress' -> 'sensor0': phys 0000000001002000 mapped at vaddr 0000402b40000000 (1 pages)
[surface] pid 172 owns surface 6 (64x64) DOUBLE-BUFFERED at user vaddr 0000530000000000 (+4 pages back) (recycled pixel buffers)
[surface] slot 6 reclaimed on owner exit — 8 pages (phys 00000000012f0000) back on the free list
[surface] pid 172 owns surface 6 (64x64) DOUBLE-BUFFERED at user vaddr 0000530000000000 (+4 pages back) (recycled pixel buffers)
[surface] slot 6 reclaimed on owner exit — 8 pages (phys 00000000012f0000) back on the free list
[kernel ] spawned pid 174 'kp-stress' caps 0000000000000040 — private PML4 @ phys 0000000001375000
[elf    ] PT_LOAD vaddr 0000500000000000 filesz 000000000000e423 memsz 000000000000e423 (ro) -> mapped USER (bounds ok)
[elf    ] PT_LOAD vaddr 000050000000f000 filesz 00000000000029ac memsz 00000000000029ac (ro) -> mapped USER (bounds ok)
[elf    ] PT_LOAD vaddr 0000500000012000 filesz 0000000000000180 memsz 000000000001d220 (rw) -> mapped USER (bounds ok)
[kernel ] spawned pid 175 'kp-stress' caps 0000000000000003 — private PML4 @ phys 0000000001453000
[elf    ] PT_LOAD vaddr 0000500000000000 filesz 000000000000e423 memsz 000000000000e423 (ro) -> mapped USER (bounds ok)
[elf    ] PT_LOAD vaddr 000050000000f000 filesz 00000000000029ac memsz 00000000000029ac (ro) -> mapped USER (bounds ok)
[elf    ] PT_LOAD vaddr 0000500000012000 filesz 0000000000000180 memsz 000000000001d220 (rw) -> mapped USER (bounds ok)
[surface] pid 174 owns surface 6 (64x64) DOUBLE-BUFFERED at user vaddr 0000530000000000 (+4 pages back) (recycled pixel buffers)
[hw     ] GRANT  pid 175 'kp-stress' -> 'sensor0': phys 0000000001002000 mapped at vaddr 0000402bc0000000 (1 pages)
[surface] slot 6 reclaimed on owner exit — 8 pages (phys 00000000012f0000) back on the free list
[surface] pid 174 owns surface 6 (64x64) DOUBLE-BUFFERED at user vaddr 0000530000000000 (+4 pages back) (recycled pixel buffers)
[surface] slot 6 reclaimed on owner exit — 8 pages (phys 00000000012f0000) back on the free list
[kernel ] spawned pid 176 'kp-stress' caps 0000000000000040 — private PML4 @ phys 0000000001375000
[elf    ] PT_LOAD vaddr 0000500000000000 filesz 000000000000e423 memsz 000000000000e423 (ro) -> mapped USER (bounds ok)
[elf    ] PT_LOAD vaddr 000050000000f000 filesz 00000000000029ac memsz 00000000000029ac (ro) -> mapped USER (bounds ok)
[elf    ] PT_LOAD vaddr 0000500000012000 filesz 0000000000000180 memsz 000000000001d220 (rw) -> mapped USER (bounds ok)
[kernel ] spawned pid 177 'kp-stress' caps 0000000000000003 — private PML4 @ phys 0000000001455000
[elf    ] PT_LOAD vaddr 0000500000000000 filesz 000000000000e423 memsz 000000000000e423 (ro) -> mapped USER (bounds ok)
[elf    ] PT_LOAD vaddr 000050000000f000 filesz 00000000000029ac memsz 00000000000029ac (ro) -> mapped USER (bounds ok)
[elf    ] PT_LOAD vaddr 0000500000012000 filesz 0000000000000180 memsz 000000000001d220 (rw) -> mapped USER (bounds ok)
[surface] pid 176 owns surface 6 (64x64) DOUBLE-BUFFERED at user vaddr 0000530000000000 (+4 pages back) (recycled pixel buffers)
[hw     ] GRANT  pid 177 'kp-stress' -> 'sensor0': phys 0000000001002000 mapped at vaddr 0000402c40000000 (1 pages)
[surface] slot 6 reclaimed on owner exit — 8 pages (phys 00000000012f0000) back on the free list
[surface] pid 176 owns surface 6 (64x64) DOUBLE-BUFFERED at user vaddr 0000530000000000 (+4 pages back) (recycled pixel buffers)
[surface] slot 6 reclaimed on owner exit — 8 pages (phys 00000000012f0000) back on the free list
[kernel ] spawned pid 178 'kp-stress' caps 0000000000000040 — private PML4 @ phys 0000000001375000
[elf    ] PT_LOAD vaddr 0000500000000000 filesz 000000000000e423 memsz 000000000000e423 (ro) -> mapped USER (bounds ok)
[elf    ] PT_LOAD vaddr 000050000000f000 filesz 00000000000029ac memsz 00000000000029ac (ro) -> mapped USER (bounds ok)
[elf    ] PT_LOAD vaddr 0000500000012000 filesz 0000000000000180 memsz 000000000001d220 (rw) -> mapped USER (bounds ok)
[kernel ] spawned pid 179 'kp-stress' caps 0000000000000003 — private PML4 @ phys 0000000001457000
[elf    ] PT_LOAD vaddr 0000500000000000 filesz 000000000000e423 memsz 000000000000e423 (ro) -> mapped USER (bounds ok)
[elf    ] PT_LOAD vaddr 000050000000f000 filesz 00000000000029ac memsz 00000000000029ac (ro) -> mapped USER (bounds ok)
[elf    ] PT_LOAD vaddr 0000500000012000 filesz 0000000000000180 memsz 000000000001d220 (rw) -> mapped USER (bounds ok)
[surface] pid 178 owns surface 6 (64x64) DOUBLE-BUFFERED at user vaddr 0000530000000000 (+4 pages back) (recycled pixel buffers)
[hw     ] GRANT  pid 179 'kp-stress' -> 'sensor0': phys 0000000001002000 mapped at vaddr 0000402cc0000000 (1 pages)
[surface] slot 6 reclaimed on owner exit — 8 pages (phys 00000000012f0000) back on the free list
[surface] pid 178 owns surface 6 (64x64) DOUBLE-BUFFERED at user vaddr 0000530000000000 (+4 pages back) (recycled pixel buffers)
[surface] slot 6 reclaimed on owner exit — 8 pages (phys 00000000012f0000) back on the free list
[kernel ] spawned pid 180 'kp-stress' caps 0000000000000040 — private PML4 @ phys 0000000001375000
[elf    ] PT_LOAD vaddr 0000500000000000 filesz 000000000000e423 memsz 000000000000e423 (ro) -> mapped USER (bounds ok)
[elf    ] PT_LOAD vaddr 000050000000f000 filesz 00000000000029ac memsz 00000000000029ac (ro) -> mapped USER (bounds ok)
[elf    ] PT_LOAD vaddr 0000500000012000 filesz 0000000000000180 memsz 000000000001d220 (rw) -> mapped USER (bounds ok)
[kernel ] spawned pid 181 'kp-stress' caps 0000000000000003 — private PML4 @ phys 00000000011ab000
[elf    ] PT_LOAD vaddr 0000500000000000 filesz 000000000000e423 memsz 000000000000e423 (ro) -> mapped USER (bounds ok)
[elf    ] PT_LOAD vaddr 000050000000f000 filesz 00000000000029ac memsz 00000000000029ac (ro) -> mapped USER (bounds ok)
[elf    ] PT_LOAD vaddr 0000500000012000 filesz 0000000000000180 memsz 000000000001d220 (rw) -> mapped USER (bounds ok)
[surface] pid 180 owns surface 6 (64x64) DOUBLE-BUFFERED at user vaddr 0000530000000000 (+4 pages back) (recycled pixel buffers)
[hw     ] GRANT  pid 181 'kp-stress' -> 'sensor0': phys 0000000001002000 mapped at vaddr 0000402d40000000 (1 pages)
[surface] slot 6 reclaimed on owner exit — 8 pages (phys 00000000012f0000) back on the free list
[surface] pid 180 owns surface 6 (64x64) DOUBLE-BUFFERED at user vaddr 0000530000000000 (+4 pages back) (recycled pixel buffers)
[surface] slot 6 reclaimed on owner exit — 8 pages (phys 00000000012f0000) back on the free list
[kernel ] spawned pid 182 'kp-stress' caps 0000000000000040 — private PML4 @ phys 0000000001375000
[elf    ] PT_LOAD vaddr 0000500000000000 filesz 000000000000e423 memsz 000000000000e423 (ro) -> mapped USER (bounds ok)
[elf    ] PT_LOAD vaddr 000050000000f000 filesz 00000000000029ac memsz 00000000000029ac (ro) -> mapped USER (bounds ok)
[elf    ] PT_LOAD vaddr 0000500000012000 filesz 0000000000000180 memsz 000000000001d220 (rw) -> mapped USER (bounds ok)
[kernel ] spawned pid 183 'kp-stress' caps 0000000000000003 — private PML4 @ phys 000000000145b000
[elf    ] PT_LOAD vaddr 0000500000000000 filesz 000000000000e423 memsz 000000000000e423 (ro) -> mapped USER (bounds ok)
[elf    ] PT_LOAD vaddr 000050000000f000 filesz 00000000000029ac memsz 00000000000029ac (ro) -> mapped USER (bounds ok)
[elf    ] PT_LOAD vaddr 0000500000012000 filesz 0000000000000180 memsz 000000000001d220 (rw) -> mapped USER (bounds ok)
[surface] pid 182 owns surface 6 (64x64) DOUBLE-BUFFERED at user vaddr 0000530000000000 (+4 pages back) (recycled pixel buffers)
[hw     ] GRANT  pid 183 'kp-stress' -> 'sensor0': phys 0000000001002000 mapped at vaddr 0000402dc0000000 (1 pages)
[surface] slot 6 reclaimed on owner exit — 8 pages (phys 00000000012f0000) back on the free list
[surface] pid 182 owns surface 6 (64x64) DOUBLE-BUFFERED at user vaddr 0000530000000000 (+4 pages back) (recycled pixel buffers)
[surface] slot 6 reclaimed on owner exit — 8 pages (phys 00000000012f0000) back on the free list
[kernel ] spawned pid 184 'kp-stress' caps 0000000000000040 — private PML4 @ phys 0000000001375000
[elf    ] PT_LOAD vaddr 0000500000000000 filesz 000000000000e423 memsz 000000000000e423 (ro) -> mapped USER (bounds ok)
[elf    ] PT_LOAD vaddr 000050000000f000 filesz 00000000000029ac memsz 00000000000029ac (ro) -> mapped USER (bounds ok)
[elf    ] PT_LOAD vaddr 0000500000012000 filesz 0000000000000180 memsz 000000000001d220 (rw) -> mapped USER (bounds ok)
[kernel ] spawned pid 185 'kp-stress' caps 0000000000000003 — private PML4 @ phys 0000000001329000
[elf    ] PT_LOAD vaddr 0000500000000000 filesz 000000000000e423 memsz 000000000000e423 (ro) -> mapped USER (bounds ok)
[elf    ] PT_LOAD vaddr 000050000000f000 filesz 00000000000029ac memsz 00000000000029ac (ro) -> mapped USER (bounds ok)
[elf    ] PT_LOAD vaddr 0000500000012000 filesz 0000000000000180 memsz 000000000001d220 (rw) -> mapped USER (bounds ok)
[hw     ] GRANT  pid 185 'kp-stress' -> 'sensor0': phys 0000000001002000 mapped at vaddr 0000402e40000000 (1 pages)
[surface] pid 184 owns surface 6 (64x64) DOUBLE-BUFFERED at user vaddr 0000530000000000 (+4 pages back) (recycled pixel buffers)
[surface] slot 6 reclaimed on owner exit — 8 pages (phys 00000000012f0000) back on the free list
[surface] pid 184 owns surface 6 (64x64) DOUBLE-BUFFERED at user vaddr 0000530000000000 (+4 pages back) (recycled pixel buffers)
[surface] slot 6 reclaimed on owner exit — 8 pages (phys 00000000012f0000) back on the free list
[kernel ] spawned pid 186 'kp-stress' caps 0000000000000040 — private PML4 @ phys 0000000001375000
[elf    ] PT_LOAD vaddr 0000500000000000 filesz 000000000000e423 memsz 000000000000e423 (ro) -> mapped USER (bounds ok)
[elf    ] PT_LOAD vaddr 000050000000f000 filesz 00000000000029ac memsz 00000000000029ac (ro) -> mapped USER (bounds ok)
[elf    ] PT_LOAD vaddr 0000500000012000 filesz 0000000000000180 memsz 000000000001d220 (rw) -> mapped USER (bounds ok)
[kernel ] spawned pid 187 'kp-stress' caps 0000000000000003 — private PML4 @ phys 000000000145f000
[elf    ] PT_LOAD vaddr 0000500000000000 filesz 000000000000e423 memsz 000000000000e423 (ro) -> mapped USER (bounds ok)
[elf    ] PT_LOAD vaddr 000050000000f000 filesz 00000000000029ac memsz 00000000000029ac (ro) -> mapped USER (bounds ok)
[elf    ] PT_LOAD vaddr 0000500000012000 filesz 0000000000000180 memsz 000000000001d220 (rw) -> mapped USER (bounds ok)
[surface] pid 186 owns surface 6 (64x64) DOUBLE-BUFFERED at user vaddr 0000530000000000 (+4 pages back) (recycled pixel buffers)
[hw     ] GRANT  pid 187 'kp-stress' -> 'sensor0': phys 0000000001002000 mapped at vaddr 0000402ec0000000 (1 pages)
[surface] slot 6 reclaimed on owner exit — 8 pages (phys 00000000012f0000) back on the free list
[surface] pid 186 owns surface 6 (64x64) DOUBLE-BUFFERED at user vaddr 0000530000000000 (+4 pages back) (recycled pixel buffers)
[surface] slot 6 reclaimed on owner exit — 8 pages (phys 00000000012f0000) back on the free list
[kernel ] spawned pid 188 'kp-stress' caps 0000000000000040 — private PML4 @ phys 0000000001375000
[elf    ] PT_LOAD vaddr 0000500000000000 filesz 000000000000e423 memsz 000000000000e423 (ro) -> mapped USER (bounds ok)
[elf    ] PT_LOAD vaddr 000050000000f000 filesz 00000000000029ac memsz 00000000000029ac (ro) -> mapped USER (bounds ok)
[elf    ] PT_LOAD vaddr 0000500000012000 filesz 0000000000000180 memsz 000000000001d220 (rw) -> mapped USER (bounds ok)
[kernel ] spawned pid 189 'kp-stress' caps 0000000000000003 — private PML4 @ phys 0000000001460000
[elf    ] PT_LOAD vaddr 0000500000000000 filesz 000000000000e423 memsz 000000000000e423 (ro) -> mapped USER (bounds ok)
[elf    ] PT_LOAD vaddr 000050000000f000 filesz 00000000000029ac memsz 00000000000029ac (ro) -> mapped USER (bounds ok)
[elf    ] PT_LOAD vaddr 0000500000012000 filesz 0000000000000180 memsz 000000000001d220 (rw) -> mapped USER (bounds ok)
[surface] pid 188 owns surface 6 (64x64) DOUBLE-BUFFERED at user vaddr 0000530000000000 (+4 pages back) (recycled pixel buffers)
[hw     ] GRANT  pid 189 'kp-stress' -> 'sensor0': phys 0000000001002000 mapped at vaddr 0000402f40000000 (1 pages)
[surface] slot 6 reclaimed on owner exit — 8 pages (phys 00000000012f0000) back on the free list
[surface] pid 188 owns surface 6 (64x64) DOUBLE-BUFFERED at user vaddr 0000530000000000 (+4 pages back) (recycled pixel buffers)
[surface] slot 6 reclaimed on owner exit — 8 pages (phys 00000000012f0000) back on the free list
[kernel ] spawned pid 190 'kp-stress' caps 0000000000000040 — private PML4 @ phys 0000000001375000
[elf    ] PT_LOAD vaddr 0000500000000000 filesz 000000000000e423 memsz 000000000000e423 (ro) -> mapped USER (bounds ok)
[elf    ] PT_LOAD vaddr 000050000000f000 filesz 00000000000029ac memsz 00000000000029ac (ro) -> mapped USER (bounds ok)
[elf    ] PT_LOAD vaddr 0000500000012000 filesz 0000000000000180 memsz 000000000001d220 (rw) -> mapped USER (bounds ok)
[kernel ] spawned pid 191 'kp-stress' caps 0000000000000003 — private PML4 @ phys 0000000001217000
[elf    ] PT_LOAD vaddr 0000500000000000 filesz 000000000000e423 memsz 000000000000e423 (ro) -> mapped USER (bounds ok)
[elf    ] PT_LOAD vaddr 000050000000f000 filesz 00000000000029ac memsz 00000000000029ac (ro) -> mapped USER (bounds ok)
[elf    ] PT_LOAD vaddr 0000500000012000 filesz 0000000000000180 memsz 000000000001d220 (rw) -> mapped USER (bounds ok)
[surface] pid 190 owns surface 6 (64x64) DOUBLE-BUFFERED at user vaddr 0000530000000000 (+4 pages back) (recycled pixel buffers)
[hw     ] GRANT  pid 191 'kp-stress' -> 'sensor0': phys 0000000001002000 mapped at vaddr 0000402fc0000000 (1 pages)
[surface] slot 6 reclaimed on owner exit — 8 pages (phys 00000000012f0000) back on the free list
[surface] pid 190 owns surface 6 (64x64) DOUBLE-BUFFERED at user vaddr 0000530000000000 (+4 pages back) (recycled pixel buffers)
[surface] slot 6 reclaimed on owner exit — 8 pages (phys 00000000012f0000) back on the free list
[kernel ] spawned pid 192 'kp-stress' caps 0000000000000040 — private PML4 @ phys 0000000001375000
[elf    ] PT_LOAD vaddr 0000500000000000 filesz 000000000000e423 memsz 000000000000e423 (ro) -> mapped USER (bounds ok)
[elf    ] PT_LOAD vaddr 000050000000f000 filesz 00000000000029ac memsz 00000000000029ac (ro) -> mapped USER (bounds ok)
[elf    ] PT_LOAD vaddr 0000500000012000 filesz 0000000000000180 memsz 000000000001d220 (rw) -> mapped USER (bounds ok)
[kernel ] spawned pid 193 'kp-stress' caps 0000000000000003 — private PML4 @ phys 0000000001271000
[elf    ] PT_LOAD vaddr 0000500000000000 filesz 000000000000e423 memsz 000000000000e423 (ro) -> mapped USER (bounds ok)
[elf    ] PT_LOAD vaddr 000050000000f000 filesz 00000000000029ac memsz 00000000000029ac (ro) -> mapped USER (bounds ok)
[elf    ] PT_LOAD vaddr 0000500000012000 filesz 0000000000000180 memsz 000000000001d220 (rw) -> mapped USER (bounds ok)
[surface] pid 192 owns surface 6 (64x64) DOUBLE-BUFFERED at user vaddr 0000530000000000 (+4 pages back) (recycled pixel buffers)
[hw     ] GRANT  pid 193 'kp-stress' -> 'sensor0': phys 0000000001002000 mapped at vaddr 0000403040000000 (1 pages)
[surface] slot 6 reclaimed on owner exit — 8 pages (phys 00000000012f0000) back on the free list
[surface] pid 192 owns surface 6 (64x64) DOUBLE-BUFFERED at user vaddr 0000530000000000 (+4 pages back) (recycled pixel buffers)
[surface] slot 6 reclaimed on owner exit — 8 pages (phys 00000000012f0000) back on the free list
[kernel ] spawned pid 194 'kp-stress' caps 0000000000000040 — private PML4 @ phys 0000000001375000
[elf    ] PT_LOAD vaddr 0000500000000000 filesz 000000000000e423 memsz 000000000000e423 (ro) -> mapped USER (bounds ok)
[elf    ] PT_LOAD vaddr 000050000000f000 filesz 00000000000029ac memsz 00000000000029ac (ro) -> mapped USER (bounds ok)
[elf    ] PT_LOAD vaddr 0000500000012000 filesz 0000000000000180 memsz 000000000001d220 (rw) -> mapped USER (bounds ok)
[kernel ] spawned pid 195 'kp-stress' caps 0000000000000003 — private PML4 @ phys 0000000001247000
[elf    ] PT_LOAD vaddr 0000500000000000 filesz 000000000000e423 memsz 000000000000e423 (ro) -> mapped USER (bounds ok)
[elf    ] PT_LOAD vaddr 000050000000f000 filesz 00000000000029ac memsz 00000000000029ac (ro) -> mapped USER (bounds ok)
[elf    ] PT_LOAD vaddr 0000500000012000 filesz 0000000000000180 memsz 000000000001d220 (rw) -> mapped USER (bounds ok)
[hw     ] GRANT  pid 195 'kp-stress' -> 'sensor0': phys 0000000001002000 mapped at vaddr 00004030c0000000 (1 pages)
[surface] pid 194 owns surface 6 (64x64) DOUBLE-BUFFERED at user vaddr 0000530000000000 (+4 pages back) (recycled pixel buffers)
[surface] slot 6 reclaimed on owner exit — 8 pages (phys 00000000012f0000) back on the free list
[surface] pid 194 owns surface 6 (64x64) DOUBLE-BUFFERED at user vaddr 0000530000000000 (+4 pages back) (recycled pixel buffers)
[surface] slot 6 reclaimed on owner exit — 8 pages (phys 00000000012f0000) back on the free list
[kernel ] spawned pid 196 'kp-stress' caps 0000000000000040 — private PML4 @ phys 0000000001375000
[elf    ] PT_LOAD vaddr 0000500000000000 filesz 000000000000e423 memsz 000000000000e423 (ro) -> mapped USER (bounds ok)
[elf    ] PT_LOAD vaddr 000050000000f000 filesz 00000000000029ac memsz 00000000000029ac (ro) -> mapped USER (bounds ok)
[elf    ] PT_LOAD vaddr 0000500000012000 filesz 0000000000000180 memsz 000000000001d220 (rw) -> mapped USER (bounds ok)
[kernel ] spawned pid 197 'kp-stress' caps 0000000000000003 — private PML4 @ phys 0000000001453000
[elf    ] PT_LOAD vaddr 0000500000000000 filesz 000000000000e423 memsz 000000000000e423 (ro) -> mapped USER (bounds ok)
[elf    ] PT_LOAD vaddr 000050000000f000 filesz 00000000000029ac memsz 00000000000029ac (ro) -> mapped USER (bounds ok)
[elf    ] PT_LOAD vaddr 0000500000012000 filesz 0000000000000180 memsz 000000000001d220 (rw) -> mapped USER (bounds ok)
[hw     ] GRANT  pid 197 'kp-stress' -> 'sensor0': phys 0000000001002000 mapped at vaddr 0000403140000000 (1 pages)
[surface] pid 196 owns surface 6 (64x64) DOUBLE-BUFFERED at user vaddr 0000530000000000 (+4 pages back) (recycled pixel buffers)
[surface] slot 6 reclaimed on owner exit — 8 pages (phys 00000000012f0000) back on the free list
[surface] pid 196 owns surface 6 (64x64) DOUBLE-BUFFERED at user vaddr 0000530000000000 (+4 pages back) (recycled pixel buffers)
[surface] slot 6 reclaimed on owner exit — 8 pages (phys 00000000012f0000) back on the free list
[kernel ] spawned pid 198 'kp-stress' caps 0000000000000040 — private PML4 @ phys 0000000001375000
[elf    ] PT_LOAD vaddr 0000500000000000 filesz 000000000000e423 memsz 000000000000e423 (ro) -> mapped USER (bounds ok)
[elf    ] PT_LOAD vaddr 000050000000f000 filesz 00000000000029ac memsz 00000000000029ac (ro) -> mapped USER (bounds ok)
[elf    ] PT_LOAD vaddr 0000500000012000 filesz 0000000000000180 memsz 000000000001d220 (rw) -> mapped USER (bounds ok)
[kernel ] spawned pid 199 'kp-stress' caps 0000000000000003 — private PML4 @ phys 0000000001455000
[elf    ] PT_LOAD vaddr 0000500000000000 filesz 000000000000e423 memsz 000000000000e423 (ro) -> mapped USER (bounds ok)
[elf    ] PT_LOAD vaddr 000050000000f000 filesz 00000000000029ac memsz 00000000000029ac (ro) -> mapped USER (bounds ok)
[elf    ] PT_LOAD vaddr 0000500000012000 filesz 0000000000000180 memsz 000000000001d220 (rw) -> mapped USER (bounds ok)
[hw     ] GRANT  pid 199 'kp-stress' -> 'sensor0': phys 0000000001002000 mapped at vaddr 00004031c0000000 (1 pages)
[surface] pid 198 owns surface 6 (64x64) DOUBLE-BUFFERED at user vaddr 0000530000000000 (+4 pages back) (recycled pixel buffers)
[surface] slot 6 reclaimed on owner exit — 8 pages (phys 00000000012f0000) back on the free list
[surface] pid 198 owns surface 6 (64x64) DOUBLE-BUFFERED at user vaddr 0000530000000000 (+4 pages back) (recycled pixel buffers)
[surface] slot 6 reclaimed on owner exit — 8 pages (phys 00000000012f0000) back on the free list
[kernel ] spawned pid 200 'kp-stress' caps 0000000000000040 — private PML4 @ phys 0000000001375000
[elf    ] PT_LOAD vaddr 0000500000000000 filesz 000000000000e423 memsz 000000000000e423 (ro) -> mapped USER (bounds ok)
[elf    ] PT_LOAD vaddr 000050000000f000 filesz 00000000000029ac memsz 00000000000029ac (ro) -> mapped USER (bounds ok)
[elf    ] PT_LOAD vaddr 0000500000012000 filesz 0000000000000180 memsz 000000000001d220 (rw) -> mapped USER (bounds ok)
[kernel ] spawned pid 201 'kp-stress' caps 0000000000000003 — private PML4 @ phys 000000000146d000
[elf    ] PT_LOAD vaddr 0000500000000000 filesz 000000000000e423 memsz 000000000000e423 (ro) -> mapped USER (bounds ok)
[elf    ] PT_LOAD vaddr 000050000000f000 filesz 00000000000029ac memsz 00000000000029ac (ro) -> mapped USER (bounds ok)
[elf    ] PT_LOAD vaddr 0000500000012000 filesz 0000000000000180 memsz 000000000001d220 (rw) -> mapped USER (bounds ok)
[hw     ] GRANT  pid 201 'kp-stress' -> 'sensor0': phys 0000000001002000 mapped at vaddr 0000403240000000 (1 pages)
[surface] pid 200 owns surface 6 (64x64) DOUBLE-BUFFERED at user vaddr 0000530000000000 (+4 pages back) (recycled pixel buffers)
[surface] slot 6 reclaimed on owner exit — 8 pages (phys 00000000012f0000) back on the free list
[surface] pid 200 owns surface 6 (64x64) DOUBLE-BUFFERED at user vaddr 0000530000000000 (+4 pages back) (recycled pixel buffers)
[surface] slot 6 reclaimed on owner exit — 8 pages (phys 00000000012f0000) back on the free list
[kernel ] spawned pid 202 'kp-stress' caps 0000000000000040 — private PML4 @ phys 0000000001375000
[elf    ] PT_LOAD vaddr 0000500000000000 filesz 000000000000e423 memsz 000000000000e423 (ro) -> mapped USER (bounds ok)
[elf    ] PT_LOAD vaddr 000050000000f000 filesz 00000000000029ac memsz 00000000000029ac (ro) -> mapped USER (bounds ok)
[elf    ] PT_LOAD vaddr 0000500000012000 filesz 0000000000000180 memsz 000000000001d220 (rw) -> mapped USER (bounds ok)
[kernel ] spawned pid 203 'kp-stress' caps 0000000000000003 — private PML4 @ phys 00000000011ab000
[elf    ] PT_LOAD vaddr 0000500000000000 filesz 000000000000e423 memsz 000000000000e423 (ro) -> mapped USER (bounds ok)
[elf    ] PT_LOAD vaddr 000050000000f000 filesz 00000000000029ac memsz 00000000000029ac (ro) -> mapped USER (bounds ok)
[elf    ] PT_LOAD vaddr 0000500000012000 filesz 0000000000000180 memsz 000000000001d220 (rw) -> mapped USER (bounds ok)
[hw     ] GRANT  pid 203 'kp-stress' -> 'sensor0': phys 0000000001002000 mapped at vaddr 00004032c0000000 (1 pages)
[surface] pid 202 owns surface 6 (64x64) DOUBLE-BUFFERED at user vaddr 0000530000000000 (+4 pages back) (recycled pixel buffers)
[surface] slot 6 reclaimed on owner exit — 8 pages (phys 00000000012f0000) back on the free list
[surface] pid 202 owns surface 6 (64x64) DOUBLE-BUFFERED at user vaddr 0000530000000000 (+4 pages back) (recycled pixel buffers)
[surface] slot 6 reclaimed on owner exit — 8 pages (phys 00000000012f0000) back on the free list
[kernel ] spawned pid 204 'kp-stress' caps 0000000000000040 — private PML4 @ phys 0000000001375000
[elf    ] PT_LOAD vaddr 0000500000000000 filesz 000000000000e423 memsz 000000000000e423 (ro) -> mapped USER (bounds ok)
[elf    ] PT_LOAD vaddr 000050000000f000 filesz 00000000000029ac memsz 00000000000029ac (ro) -> mapped USER (bounds ok)
[elf    ] PT_LOAD vaddr 0000500000012000 filesz 0000000000000180 memsz 000000000001d220 (rw) -> mapped USER (bounds ok)
[kernel ] spawned pid 205 'kp-stress' caps 0000000000000003 — private PML4 @ phys 000000000145b000
[elf    ] PT_LOAD vaddr 0000500000000000 filesz 000000000000e423 memsz 000000000000e423 (ro) -> mapped USER (bounds ok)
[elf    ] PT_LOAD vaddr 000050000000f000 filesz 00000000000029ac memsz 00000000000029ac (ro) -> mapped USER (bounds ok)
[elf    ] PT_LOAD vaddr 0000500000012000 filesz 0000000000000180 memsz 000000000001d220 (rw) -> mapped USER (bounds ok)
[surface] pid 204 owns surface 6 (64x64) DOUBLE-BUFFERED at user vaddr 0000530000000000 (+4 pages back) (recycled pixel buffers)
[hw     ] GRANT  pid 205 'kp-stress' -> 'sensor0': phys 0000000001002000 mapped at vaddr 0000403340000000 (1 pages)
[surface] slot 6 reclaimed on owner exit — 8 pages (phys 00000000012f0000) back on the free list
[surface] pid 204 owns surface 6 (64x64) DOUBLE-BUFFERED at user vaddr 0000530000000000 (+4 pages back) (recycled pixel buffers)
[surface] slot 6 reclaimed on owner exit — 8 pages (phys 00000000012f0000) back on the free list
[kernel ] spawned pid 206 'kp-stress' caps 0000000000000040 — private PML4 @ phys 0000000001375000
[elf    ] PT_LOAD vaddr 0000500000000000 filesz 000000000000e423 memsz 000000000000e423 (ro) -> mapped USER (bounds ok)
[elf    ] PT_LOAD vaddr 000050000000f000 filesz 00000000000029ac memsz 00000000000029ac (ro) -> mapped USER (bounds ok)
[elf    ] PT_LOAD vaddr 0000500000012000 filesz 0000000000000180 memsz 000000000001d220 (rw) -> mapped USER (bounds ok)
[kernel ] spawned pid 207 'kp-stress' caps 0000000000000003 — private PML4 @ phys 0000000001329000
[elf    ] PT_LOAD vaddr 0000500000000000 filesz 000000000000e423 memsz 000000000000e423 (ro) -> mapped USER (bounds ok)
[elf    ] PT_LOAD vaddr 000050000000f000 filesz 00000000000029ac memsz 00000000000029ac (ro) -> mapped USER (bounds ok)
[elf    ] PT_LOAD vaddr 0000500000012000 filesz 0000000000000180 memsz 000000000001d220 (rw) -> mapped USER (bounds ok)
[hw     ] GRANT  pid 207 'kp-stress' -> 'sensor0': phys 0000000001002000 mapped at vaddr 00004033c0000000 (1 pages)
[surface] pid 206 owns surface 6 (64x64) DOUBLE-BUFFERED at user vaddr 0000530000000000 (+4 pages back) (recycled pixel buffers)
[surface] slot 6 reclaimed on owner exit — 8 pages (phys 00000000012f0000) back on the free list
[surface] pid 206 owns surface 6 (64x64) DOUBLE-BUFFERED at user vaddr 0000530000000000 (+4 pages back) (recycled pixel buffers)
[surface] slot 6 reclaimed on owner exit — 8 pages (phys 00000000012f0000) back on the free list
[kernel ] spawned pid 208 'kp-stress' caps 0000000000000040 — private PML4 @ phys 0000000001375000
[elf    ] PT_LOAD vaddr 0000500000000000 filesz 000000000000e423 memsz 000000000000e423 (ro) -> mapped USER (bounds ok)
[elf    ] PT_LOAD vaddr 000050000000f000 filesz 00000000000029ac memsz 00000000000029ac (ro) -> mapped USER (bounds ok)
[elf    ] PT_LOAD vaddr 0000500000012000 filesz 0000000000000180 memsz 000000000001d220 (rw) -> mapped USER (bounds ok)
[kernel ] spawned pid 209 'kp-stress' caps 0000000000000003 — private PML4 @ phys 000000000145f000
[elf    ] PT_LOAD vaddr 0000500000000000 filesz 000000000000e423 memsz 000000000000e423 (ro) -> mapped USER (bounds ok)
[elf    ] PT_LOAD vaddr 000050000000f000 filesz 00000000000029ac memsz 00000000000029ac (ro) -> mapped USER (bounds ok)
[elf    ] PT_LOAD vaddr 0000500000012000 filesz 0000000000000180 memsz 000000000001d220 (rw) -> mapped USER (bounds ok)
[surface] pid 208 owns surface 6 (64x64) DOUBLE-BUFFERED at user vaddr 0000530000000000 (+4 pages back) (recycled pixel buffers)
[hw     ] GRANT  pid 209 'kp-stress' -> 'sensor0': phys 0000000001002000 mapped at vaddr 0000403440000000 (1 pages)
[surface] slot 6 reclaimed on owner exit — 8 pages (phys 00000000012f0000) back on the free list
[surface] pid 208 owns surface 6 (64x64) DOUBLE-BUFFERED at user vaddr 0000530000000000 (+4 pages back) (recycled pixel buffers)
[surface] slot 6 reclaimed on owner exit — 8 pages (phys 00000000012f0000) back on the free list
[kernel ] spawned pid 210 'kp-stress' caps 0000000000000040 — private PML4 @ phys 0000000001375000
[elf    ] PT_LOAD vaddr 0000500000000000 filesz 000000000000e423 memsz 000000000000e423 (ro) -> mapped USER (bounds ok)
[elf    ] PT_LOAD vaddr 000050000000f000 filesz 00000000000029ac memsz 00000000000029ac (ro) -> mapped USER (bounds ok)
[elf    ] PT_LOAD vaddr 0000500000012000 filesz 0000000000000180 memsz 000000000001d220 (rw) -> mapped USER (bounds ok)
[kernel ] spawned pid 211 'kp-stress' caps 0000000000000003 — private PML4 @ phys 0000000001476000
[elf    ] PT_LOAD vaddr 0000500000000000 filesz 000000000000e423 memsz 000000000000e423 (ro) -> mapped USER (bounds ok)
[elf    ] PT_LOAD vaddr 000050000000f000 filesz 00000000000029ac memsz 00000000000029ac (ro) -> mapped USER (bounds ok)
[elf    ] PT_LOAD vaddr 0000500000012000 filesz 0000000000000180 memsz 000000000001d220 (rw) -> mapped USER (bounds ok)
[surface] pid 210 owns surface 6 (64x64) DOUBLE-BUFFERED at user vaddr 0000530000000000 (+4 pages back) (recycled pixel buffers)
[hw     ] GRANT  pid 211 'kp-stress' -> 'sensor0': phys 0000000001002000 mapped at vaddr 00004034c0000000 (1 pages)
[surface] slot 6 reclaimed on owner exit — 8 pages (phys 00000000012f0000) back on the free list
[surface] pid 210 owns surface 6 (64x64) DOUBLE-BUFFERED at user vaddr 0000530000000000 (+4 pages back) (recycled pixel buffers)
[surface] slot 6 reclaimed on owner exit — 8 pages (phys 00000000012f0000) back on the free list
[kernel ] spawned pid 212 'kp-stress' caps 0000000000000040 — private PML4 @ phys 0000000001375000
[elf    ] PT_LOAD vaddr 0000500000000000 filesz 000000000000e423 memsz 000000000000e423 (ro) -> mapped USER (bounds ok)
[elf    ] PT_LOAD vaddr 000050000000f000 filesz 00000000000029ac memsz 00000000000029ac (ro) -> mapped USER (bounds ok)
[elf    ] PT_LOAD vaddr 0000500000012000 filesz 0000000000000180 memsz 000000000001d220 (rw) -> mapped USER (bounds ok)
[kernel ] spawned pid 213 'kp-stress' caps 0000000000000003 — private PML4 @ phys 0000000001479000
[elf    ] PT_LOAD vaddr 0000500000000000 filesz 000000000000e423 memsz 000000000000e423 (ro) -> mapped USER (bounds ok)
[elf    ] PT_LOAD vaddr 000050000000f000 filesz 00000000000029ac memsz 00000000000029ac (ro) -> mapped USER (bounds ok)
[elf    ] PT_LOAD vaddr 0000500000012000 filesz 0000000000000180 memsz 000000000001d220 (rw) -> mapped USER (bounds ok)
[surface] pid 212 owns surface 6 (64x64) DOUBLE-BUFFERED at user vaddr 0000530000000000 (+4 pages back) (recycled pixel buffers)
[hw     ] GRANT  pid 213 'kp-stress' -> 'sensor0': phys 0000000001002000 mapped at vaddr 0000403540000000 (1 pages)
[surface] slot 6 reclaimed on owner exit — 8 pages (phys 00000000012f0000) back on the free list
[surface] pid 212 owns surface 6 (64x64) DOUBLE-BUFFERED at user vaddr 0000530000000000 (+4 pages back) (recycled pixel buffers)
[surface] slot 6 reclaimed on owner exit — 8 pages (phys 00000000012f0000) back on the free list
[kernel ] spawned pid 214 'kp-stress' caps 0000000000000040 — private PML4 @ phys 0000000001375000
[elf    ] PT_LOAD vaddr 0000500000000000 filesz 000000000000e423 memsz 000000000000e423 (ro) -> mapped USER (bounds ok)
[elf    ] PT_LOAD vaddr 000050000000f000 filesz 00000000000029ac memsz 00000000000029ac (ro) -> mapped USER (bounds ok)
[elf    ] PT_LOAD vaddr 0000500000012000 filesz 0000000000000180 memsz 000000000001d220 (rw) -> mapped USER (bounds ok)
[kernel ] spawned pid 215 'kp-stress' caps 0000000000000003 — private PML4 @ phys 000000000140e000
[elf    ] PT_LOAD vaddr 0000500000000000 filesz 000000000000e423 memsz 000000000000e423 (ro) -> mapped USER (bounds ok)
[elf    ] PT_LOAD vaddr 000050000000f000 filesz 00000000000029ac memsz 00000000000029ac (ro) -> mapped USER (bounds ok)
[elf    ] PT_LOAD vaddr 0000500000012000 filesz 0000000000000180 memsz 000000000001d220 (rw) -> mapped USER (bounds ok)
[hw     ] GRANT  pid 215 'kp-stress' -> 'sensor0': phys 0000000001002000 mapped at vaddr 00004035c0000000 (1 pages)
[surface] pid 214 owns surface 6 (64x64) DOUBLE-BUFFERED at user vaddr 0000530000000000 (+4 pages back) (recycled pixel buffers)
[surface] slot 6 reclaimed on owner exit — 8 pages (phys 00000000012f0000) back on the free list
[surface] pid 214 owns surface 6 (64x64) DOUBLE-BUFFERED at user vaddr 0000530000000000 (+4 pages back) (recycled pixel buffers)
[surface] slot 6 reclaimed on owner exit — 8 pages (phys 00000000012f0000) back on the free list
[kernel ] spawned pid 216 'kp-stress' caps 0000000000000040 — private PML4 @ phys 0000000001375000
[elf    ] PT_LOAD vaddr 0000500000000000 filesz 000000000000e423 memsz 000000000000e423 (ro) -> mapped USER (bounds ok)
[elf    ] PT_LOAD vaddr 000050000000f000 filesz 00000000000029ac memsz 00000000000029ac (ro) -> mapped USER (bounds ok)
[elf    ] PT_LOAD vaddr 0000500000012000 filesz 0000000000000180 memsz 000000000001d220 (rw) -> mapped USER (bounds ok)
[kernel ] spawned pid 217 'kp-stress' caps 0000000000000003 — private PML4 @ phys 000000000147d000
[elf    ] PT_LOAD vaddr 0000500000000000 filesz 000000000000e423 memsz 000000000000e423 (ro) -> mapped USER (bounds ok)
[elf    ] PT_LOAD vaddr 000050000000f000 filesz 00000000000029ac memsz 00000000000029ac (ro) -> mapped USER (bounds ok)
[elf    ] PT_LOAD vaddr 0000500000012000 filesz 0000000000000180 memsz 000000000001d220 (rw) -> mapped USER (bounds ok)
[surface] pid 216 owns surface 6 (64x64) DOUBLE-BUFFERED at user vaddr 0000530000000000 (+4 pages back) (recycled pixel buffers)
[hw     ] GRANT  pid 217 'kp-stress' -> 'sensor0': phys 0000000001002000 mapped at vaddr 0000403640000000 (1 pages)
[surface] slot 6 reclaimed on owner exit — 8 pages (phys 00000000012f0000) back on the free list
[surface] pid 216 owns surface 6 (64x64) DOUBLE-BUFFERED at user vaddr 0000530000000000 (+4 pages back) (recycled pixel buffers)
[surface] slot 6 reclaimed on owner exit — 8 pages (phys 00000000012f0000) back on the free list
[kernel ] spawned pid 218 'kp-stress' caps 0000000000000040 — private PML4 @ phys 0000000001375000
[elf    ] PT_LOAD vaddr 0000500000000000 filesz 000000000000e423 memsz 000000000000e423 (ro) -> mapped USER (bounds ok)
[elf    ] PT_LOAD vaddr 000050000000f000 filesz 00000000000029ac memsz 00000000000029ac (ro) -> mapped USER (bounds ok)
[elf    ] PT_LOAD vaddr 0000500000012000 filesz 0000000000000180 memsz 000000000001d220 (rw) -> mapped USER (bounds ok)
[kernel ] spawned pid 219 'kp-stress' caps 0000000000000003 — private PML4 @ phys 0000000001453000
[elf    ] PT_LOAD vaddr 0000500000000000 filesz 000000000000e423 memsz 000000000000e423 (ro) -> mapped USER (bounds ok)
[elf    ] PT_LOAD vaddr 000050000000f000 filesz 00000000000029ac memsz 00000000000029ac (ro) -> mapped USER (bounds ok)
[elf    ] PT_LOAD vaddr 0000500000012000 filesz 0000000000000180 memsz 000000000001d220 (rw) -> mapped USER (bounds ok)
[hw     ] GRANT  pid 219 'kp-stress' -> 'sensor0': phys 0000000001002000 mapped at vaddr 00004036c0000000 (1 pages)
[surface] pid 218 owns surface 6 (64x64) DOUBLE-BUFFERED at user vaddr 0000530000000000 (+4 pages back) (recycled pixel buffers)
[surface] slot 6 reclaimed on owner exit — 8 pages (phys 00000000012f0000) back on the free list
[surface] pid 218 owns surface 6 (64x64) DOUBLE-BUFFERED at user vaddr 0000530000000000 (+4 pages back) (recycled pixel buffers)
[surface] slot 6 reclaimed on owner exit — 8 pages (phys 00000000012f0000) back on the free list
[kernel ] spawned pid 220 'kp-stress' caps 0000000000000040 — private PML4 @ phys 0000000001375000
[elf    ] PT_LOAD vaddr 0000500000000000 filesz 000000000000e423 memsz 000000000000e423 (ro) -> mapped USER (bounds ok)
[elf    ] PT_LOAD vaddr 000050000000f000 filesz 00000000000029ac memsz 00000000000029ac (ro) -> mapped USER (bounds ok)
[elf    ] PT_LOAD vaddr 0000500000012000 filesz 0000000000000180 memsz 000000000001d220 (rw) -> mapped USER (bounds ok)
[kernel ] spawned pid 221 'kp-stress' caps 0000000000000003 — private PML4 @ phys 0000000001455000
[elf    ] PT_LOAD vaddr 0000500000000000 filesz 000000000000e423 memsz 000000000000e423 (ro) -> mapped USER (bounds ok)
[elf    ] PT_LOAD vaddr 000050000000f000 filesz 00000000000029ac memsz 00000000000029ac (ro) -> mapped USER (bounds ok)
[elf    ] PT_LOAD vaddr 0000500000012000 filesz 0000000000000180 memsz 000000000001d220 (rw) -> mapped USER (bounds ok)
[hw     ] GRANT  pid 221 'kp-stress' -> 'sensor0': phys 0000000001002000 mapped at vaddr 0000403740000000 (1 pages)
[surface] pid 220 owns surface 6 (64x64) DOUBLE-BUFFERED at user vaddr 0000530000000000 (+4 pages back) (recycled pixel buffers)
[surface] slot 6 reclaimed on owner exit — 8 pages (phys 00000000012f0000) back on the free list
[surface] pid 220 owns surface 6 (64x64) DOUBLE-BUFFERED at user vaddr 0000530000000000 (+4 pages back) (recycled pixel buffers)
[surface] slot 6 reclaimed on owner exit — 8 pages (phys 00000000012f0000) back on the free list
[kernel ] spawned pid 222 'kp-stress' caps 0000000000000040 — private PML4 @ phys 0000000001375000
[elf    ] PT_LOAD vaddr 0000500000000000 filesz 000000000000e423 memsz 000000000000e423 (ro) -> mapped USER (bounds ok)
[elf    ] PT_LOAD vaddr 000050000000f000 filesz 00000000000029ac memsz 00000000000029ac (ro) -> mapped USER (bounds ok)
[elf    ] PT_LOAD vaddr 0000500000012000 filesz 0000000000000180 memsz 000000000001d220 (rw) -> mapped USER (bounds ok)
[kernel ] spawned pid 223 'kp-stress' caps 0000000000000003 — private PML4 @ phys 0000000001483000
[elf    ] PT_LOAD vaddr 0000500000000000 filesz 000000000000e423 memsz 000000000000e423 (ro) -> mapped USER (bounds ok)
[elf    ] PT_LOAD vaddr 000050000000f000 filesz 00000000000029ac memsz 00000000000029ac (ro) -> mapped USER (bounds ok)
[elf    ] PT_LOAD vaddr 0000500000012000 filesz 0000000000000180 memsz 000000000001d220 (rw) -> mapped USER (bounds ok)
[surface] pid 222 owns surface 6 (64x64) DOUBLE-BUFFERED at user vaddr 0000530000000000 (+4 pages back) (recycled pixel buffers)
[hw     ] GRANT  pid 223 'kp-stress' -> 'sensor0': phys 0000000001002000 mapped at vaddr 00004037c0000000 (1 pages)
[surface] slot 6 reclaimed on owner exit — 8 pages (phys 00000000012f0000) back on the free list
[surface] pid 222 owns surface 6 (64x64) DOUBLE-BUFFERED at user vaddr 0000530000000000 (+4 pages back) (recycled pixel buffers)
[surface] slot 6 reclaimed on owner exit — 8 pages (phys 00000000012f0000) back on the free list
[kernel ] spawned pid 224 'kp-stress' caps 0000000000000040 — private PML4 @ phys 0000000001375000
[elf    ] PT_LOAD vaddr 0000500000000000 filesz 000000000000e423 memsz 000000000000e423 (ro) -> mapped USER (bounds ok)
[elf    ] PT_LOAD vaddr 000050000000f000 filesz 00000000000029ac memsz 00000000000029ac (ro) -> mapped USER (bounds ok)
[elf    ] PT_LOAD vaddr 0000500000012000 filesz 0000000000000180 memsz 000000000001d220 (rw) -> mapped USER (bounds ok)
[kernel ] spawned pid 225 'kp-stress' caps 0000000000000003 — private PML4 @ phys 00000000011ab000
[elf    ] PT_LOAD vaddr 0000500000000000 filesz 000000000000e423 memsz 000000000000e423 (ro) -> mapped USER (bounds ok)
[elf    ] PT_LOAD vaddr 000050000000f000 filesz 00000000000029ac memsz 00000000000029ac (ro) -> mapped USER (bounds ok)
[elf    ] PT_LOAD vaddr 0000500000012000 filesz 0000000000000180 memsz 000000000001d220 (rw) -> mapped USER (bounds ok)
[hw     ] GRANT  pid 225 'kp-stress' -> 'sensor0': phys 0000000001002000 mapped at vaddr 0000403840000000 (1 pages)
[surface] pid 224 owns surface 6 (64x64) DOUBLE-BUFFERED at user vaddr 0000530000000000 (+4 pages back) (recycled pixel buffers)
[surface] slot 6 reclaimed on owner exit — 8 pages (phys 00000000012f0000) back on the free list
[surface] pid 224 owns surface 6 (64x64) DOUBLE-BUFFERED at user vaddr 0000530000000000 (+4 pages back) (recycled pixel buffers)
[surface] slot 6 reclaimed on owner exit — 8 pages (phys 00000000012f0000) back on the free list
[kernel ] spawned pid 226 'kp-stress' caps 0000000000000040 — private PML4 @ phys 0000000001375000
[elf    ] PT_LOAD vaddr 0000500000000000 filesz 000000000000e423 memsz 000000000000e423 (ro) -> mapped USER (bounds ok)
[elf    ] PT_LOAD vaddr 000050000000f000 filesz 00000000000029ac memsz 00000000000029ac (ro) -> mapped USER (bounds ok)
[elf    ] PT_LOAD vaddr 0000500000012000 filesz 0000000000000180 memsz 000000000001d220 (rw) -> mapped USER (bounds ok)
[kernel ] spawned pid 227 'kp-stress' caps 0000000000000003 — private PML4 @ phys 000000000145b000
[elf    ] PT_LOAD vaddr 0000500000000000 filesz 000000000000e423 memsz 000000000000e423 (ro) -> mapped USER (bounds ok)
[elf    ] PT_LOAD vaddr 000050000000f000 filesz 00000000000029ac memsz 00000000000029ac (ro) -> mapped USER (bounds ok)
[elf    ] PT_LOAD vaddr 0000500000012000 filesz 0000000000000180 memsz 000000000001d220 (rw) -> mapped USER (bounds ok)
[hw     ] GRANT  pid 227 'kp-stress' -> 'sensor0': phys 0000000001002000 mapped at vaddr 00004038c0000000 (1 pages)
[surface] pid 226 owns surface 6 (64x64) DOUBLE-BUFFERED at user vaddr 0000530000000000 (+4 pages back) (recycled pixel buffers)
[surface] slot 6 reclaimed on owner exit — 8 pages (phys 00000000012f0000) back on the free list
[surface] pid 226 owns surface 6 (64x64) DOUBLE-BUFFERED at user vaddr 0000530000000000 (+4 pages back) (recycled pixel buffers)
[surface] slot 6 reclaimed on owner exit — 8 pages (phys 00000000012f0000) back on the free list
[kernel ] spawned pid 228 'kp-stress' caps 0000000000000040 — private PML4 @ phys 0000000001375000
[elf    ] PT_LOAD vaddr 0000500000000000 filesz 000000000000e423 memsz 000000000000e423 (ro) -> mapped USER (bounds ok)
[elf    ] PT_LOAD vaddr 000050000000f000 filesz 00000000000029ac memsz 00000000000029ac (ro) -> mapped USER (bounds ok)
[elf    ] PT_LOAD vaddr 0000500000012000 filesz 0000000000000180 memsz 000000000001d220 (rw) -> mapped USER (bounds ok)
[kernel ] spawned pid 229 'kp-stress' caps 0000000000000003 — private PML4 @ phys 0000000001329000
[elf    ] PT_LOAD vaddr 0000500000000000 filesz 000000000000e423 memsz 000000000000e423 (ro) -> mapped USER (bounds ok)
[elf    ] PT_LOAD vaddr 000050000000f000 filesz 00000000000029ac memsz 00000000000029ac (ro) -> mapped USER (bounds ok)
[elf    ] PT_LOAD vaddr 0000500000012000 filesz 0000000000000180 memsz 000000000001d220 (rw) -> mapped USER (bounds ok)
[hw     ] GRANT  pid 229 'kp-stress' -> 'sensor0': phys 0000000001002000 mapped at vaddr 0000403940000000 (1 pages)
[surface] pid 228 owns surface 6 (64x64) DOUBLE-BUFFERED at user vaddr 0000530000000000 (+4 pages back) (recycled pixel buffers)
[surface] slot 6 reclaimed on owner exit — 8 pages (phys 00000000012f0000) back on the free list
[surface] pid 228 owns surface 6 (64x64) DOUBLE-BUFFERED at user vaddr 0000530000000000 (+4 pages back) (recycled pixel buffers)
[surface] slot 6 reclaimed on owner exit — 8 pages (phys 00000000012f0000) back on the free list
[kernel ] spawned pid 230 'kp-stress' caps 0000000000000040 — private PML4 @ phys 0000000001375000
[elf    ] PT_LOAD vaddr 0000500000000000 filesz 000000000000e423 memsz 000000000000e423 (ro) -> mapped USER (bounds ok)
[elf    ] PT_LOAD vaddr 000050000000f000 filesz 00000000000029ac memsz 00000000000029ac (ro) -> mapped USER (bounds ok)
[elf    ] PT_LOAD vaddr 0000500000012000 filesz 0000000000000180 memsz 000000000001d220 (rw) -> mapped USER (bounds ok)
[kernel ] spawned pid 231 'kp-stress' caps 0000000000000003 — private PML4 @ phys 000000000148a000
[elf    ] PT_LOAD vaddr 0000500000000000 filesz 000000000000e423 memsz 000000000000e423 (ro) -> mapped USER (bounds ok)
[elf    ] PT_LOAD vaddr 000050000000f000 filesz 00000000000029ac memsz 00000000000029ac (ro) -> mapped USER (bounds ok)
[elf    ] PT_LOAD vaddr 0000500000012000 filesz 0000000000000180 memsz 000000000001d220 (rw) -> mapped USER (bounds ok)
[surface] pid 230 owns surface 6 (64x64) DOUBLE-BUFFERED at user vaddr 0000530000000000 (+4 pages back) (recycled pixel buffers)
[hw     ] GRANT  pid 231 'kp-stress' -> 'sensor0': phys 0000000001002000 mapped at vaddr 00004039c0000000 (1 pages)
[surface] slot 6 reclaimed on owner exit — 8 pages (phys 00000000012f0000) back on the free list
[surface] pid 230 owns surface 6 (64x64) DOUBLE-BUFFERED at user vaddr 0000530000000000 (+4 pages back) (recycled pixel buffers)
[surface] slot 6 reclaimed on owner exit — 8 pages (phys 00000000012f0000) back on the free list
[kernel ] spawned pid 232 'kp-stress' caps 0000000000000040 — private PML4 @ phys 0000000001375000
[elf    ] PT_LOAD vaddr 0000500000000000 filesz 000000000000e423 memsz 000000000000e423 (ro) -> mapped USER (bounds ok)
[elf    ] PT_LOAD vaddr 000050000000f000 filesz 00000000000029ac memsz 00000000000029ac (ro) -> mapped USER (bounds ok)
[elf    ] PT_LOAD vaddr 0000500000012000 filesz 0000000000000180 memsz 000000000001d220 (rw) -> mapped USER (bounds ok)
[kernel ] spawned pid 233 'kp-stress' caps 0000000000000003 — private PML4 @ phys 0000000001476000
[elf    ] PT_LOAD vaddr 0000500000000000 filesz 000000000000e423 memsz 000000000000e423 (ro) -> mapped USER (bounds ok)
[elf    ] PT_LOAD vaddr 000050000000f000 filesz 00000000000029ac memsz 00000000000029ac (ro) -> mapped USER (bounds ok)
[elf    ] PT_LOAD vaddr 0000500000012000 filesz 0000000000000180 memsz 000000000001d220 (rw) -> mapped USER (bounds ok)
[surface] pid 232 owns surface 6 (64x64) DOUBLE-BUFFERED at user vaddr 0000530000000000 (+4 pages back) (recycled pixel buffers)
[hw     ] GRANT  pid 233 'kp-stress' -> 'sensor0': phys 0000000001002000 mapped at vaddr 0000403a40000000 (1 pages)
[surface] slot 6 reclaimed on owner exit — 8 pages (phys 00000000012f0000) back on the free list
[surface] pid 232 owns surface 6 (64x64) DOUBLE-BUFFERED at user vaddr 0000530000000000 (+4 pages back) (recycled pixel buffers)
[surface] slot 6 reclaimed on owner exit — 8 pages (phys 00000000012f0000) back on the free list
[kernel ] spawned pid 234 'kp-stress' caps 0000000000000040 — private PML4 @ phys 0000000001375000
[elf    ] PT_LOAD vaddr 0000500000000000 filesz 000000000000e423 memsz 000000000000e423 (ro) -> mapped USER (bounds ok)
[elf    ] PT_LOAD vaddr 000050000000f000 filesz 00000000000029ac memsz 00000000000029ac (ro) -> mapped USER (bounds ok)
[elf    ] PT_LOAD vaddr 0000500000012000 filesz 0000000000000180 memsz 000000000001d220 (rw) -> mapped USER (bounds ok)
[kernel ] spawned pid 235 'kp-stress' caps 0000000000000003 — private PML4 @ phys 000000000148f000
[elf    ] PT_LOAD vaddr 0000500000000000 filesz 000000000000e423 memsz 000000000000e423 (ro) -> mapped USER (bounds ok)
[elf    ] PT_LOAD vaddr 000050000000f000 filesz 00000000000029ac memsz 00000000000029ac (ro) -> mapped USER (bounds ok)
[elf    ] PT_LOAD vaddr 0000500000012000 filesz 0000000000000180 memsz 000000000001d220 (rw) -> mapped USER (bounds ok)
[surface] pid 234 owns surface 6 (64x64) DOUBLE-BUFFERED at user vaddr 0000530000000000 (+4 pages back) (recycled pixel buffers)
[hw     ] GRANT  pid 235 'kp-stress' -> 'sensor0': phys 0000000001002000 mapped at vaddr 0000403ac0000000 (1 pages)
[surface] slot 6 reclaimed on owner exit — 8 pages (phys 00000000012f0000) back on the free list
[surface] pid 234 owns surface 6 (64x64) DOUBLE-BUFFERED at user vaddr 0000530000000000 (+4 pages back) (recycled pixel buffers)
[surface] slot 6 reclaimed on owner exit — 8 pages (phys 00000000012f0000) back on the free list
[kernel ] spawned pid 236 'kp-stress' caps 0000000000000040 — private PML4 @ phys 0000000001375000
[elf    ] PT_LOAD vaddr 0000500000000000 filesz 000000000000e423 memsz 000000000000e423 (ro) -> mapped USER (bounds ok)
[elf    ] PT_LOAD vaddr 000050000000f000 filesz 00000000000029ac memsz 00000000000029ac (ro) -> mapped USER (bounds ok)
[elf    ] PT_LOAD vaddr 0000500000012000 filesz 0000000000000180 memsz 000000000001d220 (rw) -> mapped USER (bounds ok)
[kernel ] spawned pid 237 'kp-stress' caps 0000000000000003 — private PML4 @ phys 000000000140e000
[elf    ] PT_LOAD vaddr 0000500000000000 filesz 000000000000e423 memsz 000000000000e423 (ro) -> mapped USER (bounds ok)
[elf    ] PT_LOAD vaddr 000050000000f000 filesz 00000000000029ac memsz 00000000000029ac (ro) -> mapped USER (bounds ok)
[elf    ] PT_LOAD vaddr 0000500000012000 filesz 0000000000000180 memsz 000000000001d220 (rw) -> mapped USER (bounds ok)
[surface] pid 236 owns surface 6 (64x64) DOUBLE-BUFFERED at user vaddr 0000530000000000 (+4 pages back) (recycled pixel buffers)
[hw     ] GRANT  pid 237 'kp-stress' -> 'sensor0': phys 0000000001002000 mapped at vaddr 0000403b40000000 (1 pages)
[surface] slot 6 reclaimed on owner exit — 8 pages (phys 00000000012f0000) back on the free list
[surface] pid 236 owns surface 6 (64x64) DOUBLE-BUFFERED at user vaddr 0000530000000000 (+4 pages back) (recycled pixel buffers)
[surface] slot 6 reclaimed on owner exit — 8 pages (phys 00000000012f0000) back on the free list
[kernel ] spawned pid 238 'kp-stress' caps 0000000000000040 — private PML4 @ phys 0000000001375000
[elf    ] PT_LOAD vaddr 0000500000000000 filesz 000000000000e423 memsz 000000000000e423 (ro) -> mapped USER (bounds ok)
[elf    ] PT_LOAD vaddr 000050000000f000 filesz 00000000000029ac memsz 00000000000029ac (ro) -> mapped USER (bounds ok)
[elf    ] PT_LOAD vaddr 0000500000012000 filesz 0000000000000180 memsz 000000000001d220 (rw) -> mapped USER (bounds ok)
[kernel ] spawned pid 239 'kp-stress' caps 0000000000000003 — private PML4 @ phys 000000000147d000
[elf    ] PT_LOAD vaddr 0000500000000000 filesz 000000000000e423 memsz 000000000000e423 (ro) -> mapped USER (bounds ok)
[elf    ] PT_LOAD vaddr 000050000000f000 filesz 00000000000029ac memsz 00000000000029ac (ro) -> mapped USER (bounds ok)
[elf    ] PT_LOAD vaddr 0000500000012000 filesz 0000000000000180 memsz 000000000001d220 (rw) -> mapped USER (bounds ok)
[hw     ] GRANT  pid 239 'kp-stress' -> 'sensor0': phys 0000000001002000 mapped at vaddr 0000403bc0000000 (1 pages)
[surface] pid 238 owns surface 6 (64x64) DOUBLE-BUFFERED at user vaddr 0000530000000000 (+4 pages back) (recycled pixel buffers)
[surface] slot 6 reclaimed on owner exit — 8 pages (phys 00000000012f0000) back on the free list
[surface] pid 238 owns surface 6 (64x64) DOUBLE-BUFFERED at user vaddr 0000530000000000 (+4 pages back) (recycled pixel buffers)
[surface] slot 6 reclaimed on owner exit — 8 pages (phys 00000000012f0000) back on the free list
[kernel ] spawned pid 240 'kp-stress' caps 0000000000000040 — private PML4 @ phys 0000000001375000
[elf    ] PT_LOAD vaddr 0000500000000000 filesz 000000000000e423 memsz 000000000000e423 (ro) -> mapped USER (bounds ok)
[elf    ] PT_LOAD vaddr 000050000000f000 filesz 00000000000029ac memsz 00000000000029ac (ro) -> mapped USER (bounds ok)
[elf    ] PT_LOAD vaddr 0000500000012000 filesz 0000000000000180 memsz 000000000001d220 (rw) -> mapped USER (bounds ok)
[kernel ] spawned pid 241 'kp-stress' caps 0000000000000003 — private PML4 @ phys 0000000001495000
[elf    ] PT_LOAD vaddr 0000500000000000 filesz 000000000000e423 memsz 000000000000e423 (ro) -> mapped USER (bounds ok)
[elf    ] PT_LOAD vaddr 000050000000f000 filesz 00000000000029ac memsz 00000000000029ac (ro) -> mapped USER (bounds ok)
[elf    ] PT_LOAD vaddr 0000500000012000 filesz 0000000000000180 memsz 000000000001d220 (rw) -> mapped USER (bounds ok)
[surface] pid 240 owns surface 6 (64x64) DOUBLE-BUFFERED at user vaddr 0000530000000000 (+4 pages back) (recycled pixel buffers)
[hw     ] GRANT  pid 241 'kp-stress' -> 'sensor0': phys 0000000001002000 mapped at vaddr 0000403c40000000 (1 pages)
[surface] slot 6 reclaimed on owner exit — 8 pages (phys 00000000012f0000) back on the free list
[surface] pid 240 owns surface 6 (64x64) DOUBLE-BUFFERED at user vaddr 0000530000000000 (+4 pages back) (recycled pixel buffers)
[surface] slot 6 reclaimed on owner exit — 8 pages (phys 00000000012f0000) back on the free list
[kernel ] spawned pid 242 'kp-stress' caps 0000000000000040 — private PML4 @ phys 0000000001375000
[elf    ] PT_LOAD vaddr 0000500000000000 filesz 000000000000e423 memsz 000000000000e423 (ro) -> mapped USER (bounds ok)
[elf    ] PT_LOAD vaddr 000050000000f000 filesz 00000000000029ac memsz 00000000000029ac (ro) -> mapped USER (bounds ok)
[elf    ] PT_LOAD vaddr 0000500000012000 filesz 0000000000000180 memsz 000000000001d220 (rw) -> mapped USER (bounds ok)
[kernel ] spawned pid 243 'kp-stress' caps 0000000000000003 — private PML4 @ phys 0000000001497000
[elf    ] PT_LOAD vaddr 0000500000000000 filesz 000000000000e423 memsz 000000000000e423 (ro) -> mapped USER (bounds ok)
[elf    ] PT_LOAD vaddr 000050000000f000 filesz 00000000000029ac memsz 00000000000029ac (ro) -> mapped USER (bounds ok)
[elf    ] PT_LOAD vaddr 0000500000012000 filesz 0000000000000180 memsz 000000000001d220 (rw) -> mapped USER (bounds ok)
[hw     ] GRANT  pid 243 'kp-stress' -> 'sensor0': phys 0000000001002000 mapped at vaddr 0000403cc0000000 (1 pages)
[surface] pid 242 owns surface 6 (64x64) DOUBLE-BUFFERED at user vaddr 0000530000000000 (+4 pages back) (recycled pixel buffers)
[surface] slot 6 reclaimed on owner exit — 8 pages (phys 00000000012f0000) back on the free list
[surface] pid 242 owns surface 6 (64x64) DOUBLE-BUFFERED at user vaddr 0000530000000000 (+4 pages back) (recycled pixel buffers)
[surface] slot 6 reclaimed on owner exit — 8 pages (phys 00000000012f0000) back on the free list
[kernel ] spawned pid 244 'kp-stress' caps 0000000000000040 — private PML4 @ phys 0000000001375000
[elf    ] PT_LOAD vaddr 0000500000000000 filesz 000000000000e423 memsz 000000000000e423 (ro) -> mapped USER (bounds ok)
[elf    ] PT_LOAD vaddr 000050000000f000 filesz 00000000000029ac memsz 00000000000029ac (ro) -> mapped USER (bounds ok)
[elf    ] PT_LOAD vaddr 0000500000012000 filesz 0000000000000180 memsz 000000000001d220 (rw) -> mapped USER (bounds ok)
[kernel ] spawned pid 245 'kp-stress' caps 0000000000000003 — private PML4 @ phys 0000000001483000
[elf    ] PT_LOAD vaddr 0000500000000000 filesz 000000000000e423 memsz 000000000000e423 (ro) -> mapped USER (bounds ok)
[elf    ] PT_LOAD vaddr 000050000000f000 filesz 00000000000029ac memsz 00000000000029ac (ro) -> mapped USER (bounds ok)
[elf    ] PT_LOAD vaddr 0000500000012000 filesz 0000000000000180 memsz 000000000001d220 (rw) -> mapped USER (bounds ok)
[hw     ] GRANT  pid 245 'kp-stress' -> 'sensor0': phys 0000000001002000 mapped at vaddr 0000403d40000000 (1 pages)
[surface] pid 244 owns surface 6 (64x64) DOUBLE-BUFFERED at user vaddr 0000530000000000 (+4 pages back) (recycled pixel buffers)
[surface] slot 6 reclaimed on owner exit — 8 pages (phys 00000000012f0000) back on the free list
[surface] pid 244 owns surface 6 (64x64) DOUBLE-BUFFERED at user vaddr 0000530000000000 (+4 pages back) (recycled pixel buffers)
[surface] slot 6 reclaimed on owner exit — 8 pages (phys 00000000012f0000) back on the free list
[kernel ] spawned pid 246 'kp-stress' caps 0000000000000040 — private PML4 @ phys 0000000001375000
[elf    ] PT_LOAD vaddr 0000500000000000 filesz 000000000000e423 memsz 000000000000e423 (ro) -> mapped USER (bounds ok)
[elf    ] PT_LOAD vaddr 000050000000f000 filesz 00000000000029ac memsz 00000000000029ac (ro) -> mapped USER (bounds ok)
[elf    ] PT_LOAD vaddr 0000500000012000 filesz 0000000000000180 memsz 000000000001d220 (rw) -> mapped USER (bounds ok)
[kernel ] spawned pid 247 'kp-stress' caps 0000000000000003 — private PML4 @ phys 00000000011ab000
[elf    ] PT_LOAD vaddr 0000500000000000 filesz 000000000000e423 memsz 000000000000e423 (ro) -> mapped USER (bounds ok)
[elf    ] PT_LOAD vaddr 000050000000f000 filesz 00000000000029ac memsz 00000000000029ac (ro) -> mapped USER (bounds ok)
[elf    ] PT_LOAD vaddr 0000500000012000 filesz 0000000000000180 memsz 000000000001d220 (rw) -> mapped USER (bounds ok)
[surface] pid 246 owns surface 6 (64x64) DOUBLE-BUFFERED at user vaddr 0000530000000000 (+4 pages back) (recycled pixel buffers)
[hw     ] GRANT  pid 247 'kp-stress' -> 'sensor0': phys 0000000001002000 mapped at vaddr 0000403dc0000000 (1 pages)
[surface] slot 6 reclaimed on owner exit — 8 pages (phys 00000000012f0000) back on the free list
[surface] pid 246 owns surface 6 (64x64) DOUBLE-BUFFERED at user vaddr 0000530000000000 (+4 pages back) (recycled pixel buffers)
[surface] slot 6 reclaimed on owner exit — 8 pages (phys 00000000012f0000) back on the free list
[kernel ] spawned pid 248 'kp-stress' caps 0000000000000040 — private PML4 @ phys 0000000001375000
[elf    ] PT_LOAD vaddr 0000500000000000 filesz 000000000000e423 memsz 000000000000e423 (ro) -> mapped USER (bounds ok)
[elf    ] PT_LOAD vaddr 000050000000f000 filesz 00000000000029ac memsz 00000000000029ac (ro) -> mapped USER (bounds ok)
[elf    ] PT_LOAD vaddr 0000500000012000 filesz 0000000000000180 memsz 000000000001d220 (rw) -> mapped USER (bounds ok)
[kernel ] spawned pid 249 'kp-stress' caps 0000000000000003 — private PML4 @ phys 000000000145b000
[elf    ] PT_LOAD vaddr 0000500000000000 filesz 000000000000e423 memsz 000000000000e423 (ro) -> mapped USER (bounds ok)
[elf    ] PT_LOAD vaddr 000050000000f000 filesz 00000000000029ac memsz 00000000000029ac (ro) -> mapped USER (bounds ok)
[elf    ] PT_LOAD vaddr 0000500000012000 filesz 0000000000000180 memsz 000000000001d220 (rw) -> mapped USER (bounds ok)
[surface] pid 248 owns surface 6 (64x64) DOUBLE-BUFFERED at user vaddr 0000530000000000 (+4 pages back) (recycled pixel buffers)
[hw     ] GRANT  pid 249 'kp-stress' -> 'sensor0': phys 0000000001002000 mapped at vaddr 0000403e40000000 (1 pages)
[surface] slot 6 reclaimed on owner exit — 8 pages (phys 00000000012f0000) back on the free list
[surface] pid 248 owns surface 6 (64x64) DOUBLE-BUFFERED at user vaddr 0000530000000000 (+4 pages back) (recycled pixel buffers)
[surface] slot 6 reclaimed on owner exit — 8 pages (phys 00000000012f0000) back on the free list
[kernel ] spawned pid 250 'kp-stress' caps 0000000000000040 — private PML4 @ phys 0000000001375000
[elf    ] PT_LOAD vaddr 0000500000000000 filesz 000000000000e423 memsz 000000000000e423 (ro) -> mapped USER (bounds ok)
[elf    ] PT_LOAD vaddr 000050000000f000 filesz 00000000000029ac memsz 00000000000029ac (ro) -> mapped USER (bounds ok)
[elf    ] PT_LOAD vaddr 0000500000012000 filesz 0000000000000180 memsz 000000000001d220 (rw) -> mapped USER (bounds ok)
[kernel ] spawned pid 251 'kp-stress' caps 0000000000000003 — private PML4 @ phys 0000000001329000
[elf    ] PT_LOAD vaddr 0000500000000000 filesz 000000000000e423 memsz 000000000000e423 (ro) -> mapped USER (bounds ok)
[elf    ] PT_LOAD vaddr 000050000000f000 filesz 00000000000029ac memsz 00000000000029ac (ro) -> mapped USER (bounds ok)
[elf    ] PT_LOAD vaddr 0000500000012000 filesz 0000000000000180 memsz 000000000001d220 (rw) -> mapped USER (bounds ok)
[hw     ] GRANT  pid 251 'kp-stress' -> 'sensor0': phys 0000000001002000 mapped at vaddr 0000403ec0000000 (1 pages)
[surface] pid 250 owns surface 6 (64x64) DOUBLE-BUFFERED at user vaddr 0000530000000000 (+4 pages back) (recycled pixel buffers)
[surface] slot 6 reclaimed on owner exit — 8 pages (phys 00000000012f0000) back on the free list
[surface] pid 250 owns surface 6 (64x64) DOUBLE-BUFFERED at user vaddr 0000530000000000 (+4 pages back) (recycled pixel buffers)
[surface] slot 6 reclaimed on owner exit — 8 pages (phys 00000000012f0000) back on the free list
[kernel ] spawned pid 252 'kp-stress' caps 0000000000000040 — private PML4 @ phys 0000000001375000
[elf    ] PT_LOAD vaddr 0000500000000000 filesz 000000000000e423 memsz 000000000000e423 (ro) -> mapped USER (bounds ok)
[elf    ] PT_LOAD vaddr 000050000000f000 filesz 00000000000029ac memsz 00000000000029ac (ro) -> mapped USER (bounds ok)
[elf    ] PT_LOAD vaddr 0000500000012000 filesz 0000000000000180 memsz 000000000001d220 (rw) -> mapped USER (bounds ok)
[kernel ] spawned pid 253 'kp-stress' caps 0000000000000003 — private PML4 @ phys 000000000148a000
[elf    ] PT_LOAD vaddr 0000500000000000 filesz 000000000000e423 memsz 000000000000e423 (ro) -> mapped USER (bounds ok)
[elf    ] PT_LOAD vaddr 000050000000f000 filesz 00000000000029ac memsz 00000000000029ac (ro) -> mapped USER (bounds ok)
[elf    ] PT_LOAD vaddr 0000500000012000 filesz 0000000000000180 memsz 000000000001d220 (rw) -> mapped USER (bounds ok)
[surface] pid 252 owns surface 6 (64x64) DOUBLE-BUFFERED at user vaddr 0000530000000000 (+4 pages back) (recycled pixel buffers)
[hw     ] GRANT  pid 253 'kp-stress' -> 'sensor0': phys 0000000001002000 mapped at vaddr 0000403f40000000 (1 pages)
[surface] slot 6 reclaimed on owner exit — 8 pages (phys 00000000012f0000) back on the free list
[surface] pid 252 owns surface 6 (64x64) DOUBLE-BUFFERED at user vaddr 0000530000000000 (+4 pages back) (recycled pixel buffers)
[surface] slot 6 reclaimed on owner exit — 8 pages (phys 00000000012f0000) back on the free list
[kernel ] spawned pid 254 'kp-stress' caps 0000000000000040 — private PML4 @ phys 0000000001375000
[elf    ] PT_LOAD vaddr 0000500000000000 filesz 000000000000e423 memsz 000000000000e423 (ro) -> mapped USER (bounds ok)
[elf    ] PT_LOAD vaddr 000050000000f000 filesz 00000000000029ac memsz 00000000000029ac (ro) -> mapped USER (bounds ok)
[elf    ] PT_LOAD vaddr 0000500000012000 filesz 0000000000000180 memsz 000000000001d220 (rw) -> mapped USER (bounds ok)
[kernel ] spawned pid 255 'kp-stress' caps 0000000000000003 — private PML4 @ phys 0000000001476000
[elf    ] PT_LOAD vaddr 0000500000000000 filesz 000000000000e423 memsz 000000000000e423 (ro) -> mapped USER (bounds ok)
[elf    ] PT_LOAD vaddr 000050000000f000 filesz 00000000000029ac memsz 00000000000029ac (ro) -> mapped USER (bounds ok)
[elf    ] PT_LOAD vaddr 0000500000012000 filesz 0000000000000180 memsz 000000000001d220 (rw) -> mapped USER (bounds ok)
[hw     ] GRANT  pid 255 'kp-stress' -> 'sensor0': phys 0000000001002000 mapped at vaddr 0000403fc0000000 (1 pages)
[surface] pid 254 owns surface 6 (64x64) DOUBLE-BUFFERED at user vaddr 0000530000000000 (+4 pages back) (recycled pixel buffers)
[surface] slot 6 reclaimed on owner exit — 8 pages (phys 00000000012f0000) back on the free list
[surface] pid 254 owns surface 6 (64x64) DOUBLE-BUFFERED at user vaddr 0000530000000000 (+4 pages back) (recycled pixel buffers)
[surface] slot 6 reclaimed on owner exit — 8 pages (phys 00000000012f0000) back on the free list
[kernel ] spawned pid 256 'kp-stress' caps 0000000000000040 — private PML4 @ phys 0000000001375000
[elf    ] PT_LOAD vaddr 0000500000000000 filesz 000000000000e423 memsz 000000000000e423 (ro) -> mapped USER (bounds ok)
[elf    ] PT_LOAD vaddr 000050000000f000 filesz 00000000000029ac memsz 00000000000029ac (ro) -> mapped USER (bounds ok)
[elf    ] PT_LOAD vaddr 0000500000012000 filesz 0000000000000180 memsz 000000000001d220 (rw) -> mapped USER (bounds ok)
[kernel ] spawned pid 257 'kp-stress' caps 0000000000000003 — private PML4 @ phys 000000000148f000
[elf    ] PT_LOAD vaddr 0000500000000000 filesz 000000000000e423 memsz 000000000000e423 (ro) -> mapped USER (bounds ok)
[elf    ] PT_LOAD vaddr 000050000000f000 filesz 00000000000029ac memsz 00000000000029ac (ro) -> mapped USER (bounds ok)
[elf    ] PT_LOAD vaddr 0000500000012000 filesz 0000000000000180 memsz 000000000001d220 (rw) -> mapped USER (bounds ok)
[surface] pid 256 owns surface 6 (64x64) DOUBLE-BUFFERED at user vaddr 0000530000000000 (+4 pages back) (recycled pixel buffers)
[hw     ] GRANT  pid 257 'kp-stress' -> 'sensor0': phys 0000000001002000 mapped at vaddr 0000404040000000 (1 pages)
[surface] slot 6 reclaimed on owner exit — 8 pages (phys 00000000012f0000) back on the free list
[surface] pid 256 owns surface 6 (64x64) DOUBLE-BUFFERED at user vaddr 0000530000000000 (+4 pages back) (recycled pixel buffers)
[surface] slot 6 reclaimed on owner exit — 8 pages (phys 00000000012f0000) back on the free list
[kernel ] spawned pid 258 'kp-stress' caps 0000000000000040 — private PML4 @ phys 0000000001375000
[elf    ] PT_LOAD vaddr 0000500000000000 filesz 000000000000e423 memsz 000000000000e423 (ro) -> mapped USER (bounds ok)
[elf    ] PT_LOAD vaddr 000050000000f000 filesz 00000000000029ac memsz 00000000000029ac (ro) -> mapped USER (bounds ok)
[elf    ] PT_LOAD vaddr 0000500000012000 filesz 0000000000000180 memsz 000000000001d220 (rw) -> mapped USER (bounds ok)
[kernel ] spawned pid 259 'kp-stress' caps 0000000000000003 — private PML4 @ phys 000000000147c000
[elf    ] PT_LOAD vaddr 0000500000000000 filesz 000000000000e423 memsz 000000000000e423 (ro) -> mapped USER (bounds ok)
[elf    ] PT_LOAD vaddr 000050000000f000 filesz 00000000000029ac memsz 00000000000029ac (ro) -> mapped USER (bounds ok)
[elf    ] PT_LOAD vaddr 0000500000012000 filesz 0000000000000180 memsz 000000000001d220 (rw) -> mapped USER (bounds ok)
[surface] pid 258 owns surface 6 (64x64) DOUBLE-BUFFERED at user vaddr 0000530000000000 (+4 pages back) (recycled pixel buffers)
[hw     ] GRANT  pid 259 'kp-stress' -> 'sensor0': phys 0000000001002000 mapped at vaddr 00004040c0000000 (1 pages)
[surface] slot 6 reclaimed on owner exit — 8 pages (phys 00000000012f0000) back on the free list
[surface] pid 258 owns surface 6 (64x64) DOUBLE-BUFFERED at user vaddr 0000530000000000 (+4 pages back) (recycled pixel buffers)
[surface] slot 6 reclaimed on owner exit — 8 pages (phys 00000000012f0000) back on the free list
[kernel ] spawned pid 260 'kp-stress' caps 0000000000000040 — private PML4 @ phys 0000000001375000
[elf    ] PT_LOAD vaddr 0000500000000000 filesz 000000000000e423 memsz 000000000000e423 (ro) -> mapped USER (bounds ok)
[elf    ] PT_LOAD vaddr 000050000000f000 filesz 00000000000029ac memsz 00000000000029ac (ro) -> mapped USER (bounds ok)
[elf    ] PT_LOAD vaddr 0000500000012000 filesz 0000000000000180 memsz 000000000001d220 (rw) -> mapped USER (bounds ok)
[kernel ] spawned pid 261 'kp-stress' caps 0000000000000003 — private PML4 @ phys 00000000014a9000
[elf    ] PT_LOAD vaddr 0000500000000000 filesz 000000000000e423 memsz 000000000000e423 (ro) -> mapped USER (bounds ok)
[elf    ] PT_LOAD vaddr 000050000000f000 filesz 00000000000029ac memsz 00000000000029ac (ro) -> mapped USER (bounds ok)
[elf    ] PT_LOAD vaddr 0000500000012000 filesz 0000000000000180 memsz 000000000001d220 (rw) -> mapped USER (bounds ok)
[hw     ] GRANT  pid 261 'kp-stress' -> 'sensor0': phys 0000000001002000 mapped at vaddr 0000404140000000 (1 pages)
[surface] pid 260 owns surface 6 (64x64) DOUBLE-BUFFERED at user vaddr 0000530000000000 (+4 pages back) (recycled pixel buffers)
[surface] slot 6 reclaimed on owner exit — 8 pages (phys 00000000012f0000) back on the free list
[surface] pid 260 owns surface 6 (64x64) DOUBLE-BUFFERED at user vaddr 0000530000000000 (+4 pages back) (recycled pixel buffers)
[surface] slot 6 reclaimed on owner exit — 8 pages (phys 00000000012f0000) back on the free list
[kernel ] spawned pid 262 'kp-stress' caps 0000000000000040 — private PML4 @ phys 0000000001375000
[elf    ] PT_LOAD vaddr 0000500000000000 filesz 000000000000e423 memsz 000000000000e423 (ro) -> mapped USER (bounds ok)
[elf    ] PT_LOAD vaddr 000050000000f000 filesz 00000000000029ac memsz 00000000000029ac (ro) -> mapped USER (bounds ok)
[elf    ] PT_LOAD vaddr 0000500000012000 filesz 0000000000000180 memsz 000000000001d220 (rw) -> mapped USER (bounds ok)
[kernel ] spawned pid 263 'kp-stress' caps 0000000000000003 — private PML4 @ phys 0000000001495000
[elf    ] PT_LOAD vaddr 0000500000000000 filesz 000000000000e423 memsz 000000000000e423 (ro) -> mapped USER (bounds ok)
[elf    ] PT_LOAD vaddr 000050000000f000 filesz 00000000000029ac memsz 00000000000029ac (ro) -> mapped USER (bounds ok)
[elf    ] PT_LOAD vaddr 0000500000012000 filesz 0000000000000180 memsz 000000000001d220 (rw) -> mapped USER (bounds ok)
[surface] pid 262 owns surface 6 (64x64) DOUBLE-BUFFERED at user vaddr 0000530000000000 (+4 pages back) (recycled pixel buffers)
[hw     ] GRANT  pid 263 'kp-stress' -> 'sensor0': phys 0000000001002000 mapped at vaddr 00004041c0000000 (1 pages)
[surface] slot 6 reclaimed on owner exit — 8 pages (phys 00000000012f0000) back on the free list
[surface] pid 262 owns surface 6 (64x64) DOUBLE-BUFFERED at user vaddr 0000530000000000 (+4 pages back) (recycled pixel buffers)
[surface] slot 6 reclaimed on owner exit — 8 pages (phys 00000000012f0000) back on the free list
[kernel ] spawned pid 264 'kp-stress' caps 0000000000000040 — private PML4 @ phys 0000000001375000
[elf    ] PT_LOAD vaddr 0000500000000000 filesz 000000000000e423 memsz 000000000000e423 (ro) -> mapped USER (bounds ok)
[elf    ] PT_LOAD vaddr 000050000000f000 filesz 00000000000029ac memsz 00000000000029ac (ro) -> mapped USER (bounds ok)
[elf    ] PT_LOAD vaddr 0000500000012000 filesz 0000000000000180 memsz 000000000001d220 (rw) -> mapped USER (bounds ok)
[kernel ] spawned pid 265 'kp-stress' caps 0000000000000003 — private PML4 @ phys 0000000001497000
[elf    ] PT_LOAD vaddr 0000500000000000 filesz 000000000000e423 memsz 000000000000e423 (ro) -> mapped USER (bounds ok)
[elf    ] PT_LOAD vaddr 000050000000f000 filesz 00000000000029ac memsz 00000000000029ac (ro) -> mapped USER (bounds ok)
[elf    ] PT_LOAD vaddr 0000500000012000 filesz 0000000000000180 memsz 000000000001d220 (rw) -> mapped USER (bounds ok)
[surface] pid 264 owns surface 6 (64x64) DOUBLE-BUFFERED at user vaddr 0000530000000000 (+4 pages back) (recycled pixel buffers)
[hw     ] GRANT  pid 265 'kp-stress' -> 'sensor0': phys 0000000001002000 mapped at vaddr 0000404240000000 (1 pages)
[surface] slot 6 reclaimed on owner exit — 8 pages (phys 00000000012f0000) back on the free list
[surface] pid 264 owns surface 6 (64x64) DOUBLE-BUFFERED at user vaddr 0000530000000000 (+4 pages back) (recycled pixel buffers)
[surface] slot 6 reclaimed on owner exit — 8 pages (phys 00000000012f0000) back on the free list
[kernel ] spawned pid 266 'kp-stress' caps 0000000000000040 — private PML4 @ phys 0000000001375000
[elf    ] PT_LOAD vaddr 0000500000000000 filesz 000000000000e423 memsz 000000000000e423 (ro) -> mapped USER (bounds ok)
[elf    ] PT_LOAD vaddr 000050000000f000 filesz 00000000000029ac memsz 00000000000029ac (ro) -> mapped USER (bounds ok)
[elf    ] PT_LOAD vaddr 0000500000012000 filesz 0000000000000180 memsz 000000000001d220 (rw) -> mapped USER (bounds ok)
[kernel ] spawned pid 267 'kp-stress' caps 0000000000000003 — private PML4 @ phys 00000000014af000
[elf    ] PT_LOAD vaddr 0000500000000000 filesz 000000000000e423 memsz 000000000000e423 (ro) -> mapped USER (bounds ok)
[elf    ] PT_LOAD vaddr 000050000000f000 filesz 00000000000029ac memsz 00000000000029ac (ro) -> mapped USER (bounds ok)
[elf    ] PT_LOAD vaddr 0000500000012000 filesz 0000000000000180 memsz 000000000001d220 (rw) -> mapped USER (bounds ok)
[hw     ] GRANT  pid 267 'kp-stress' -> 'sensor0': phys 0000000001002000 mapped at vaddr 00004042c0000000 (1 pages)
[surface] pid 266 owns surface 6 (64x64) DOUBLE-BUFFERED at user vaddr 0000530000000000 (+4 pages back) (recycled pixel buffers)
[surface] slot 6 reclaimed on owner exit — 8 pages (phys 00000000012f0000) back on the free list
[surface] pid 266 owns surface 6 (64x64) DOUBLE-BUFFERED at user vaddr 0000530000000000 (+4 pages back) (recycled pixel buffers)
[surface] slot 6 reclaimed on owner exit — 8 pages (phys 00000000012f0000) back on the free list
[kpstrs] cycle 100/200 clean (slots seen so far: 3, recycled spawns: 203)
[kernel ] spawned pid 268 'kp-stress' caps 0000000000000040 — private PML4 @ phys 0000000001375000
[elf    ] PT_LOAD vaddr 0000500000000000 filesz 000000000000e423 memsz 000000000000e423 (ro) -> mapped USER (bounds ok)
[elf    ] PT_LOAD vaddr 000050000000f000 filesz 00000000000029ac memsz 00000000000029ac (ro) -> mapped USER (bounds ok)
[elf    ] PT_LOAD vaddr 0000500000012000 filesz 0000000000000180 memsz 000000000001d220 (rw) -> mapped USER (bounds ok)
[kernel ] spawned pid 269 'kp-stress' caps 0000000000000003 — private PML4 @ phys 00000000011ab000
[elf    ] PT_LOAD vaddr 0000500000000000 filesz 000000000000e423 memsz 000000000000e423 (ro) -> mapped USER (bounds ok)
[elf    ] PT_LOAD vaddr 000050000000f000 filesz 00000000000029ac memsz 00000000000029ac (ro) -> mapped USER (bounds ok)
[elf    ] PT_LOAD vaddr 0000500000012000 filesz 0000000000000180 memsz 000000000001d220 (rw) -> mapped USER (bounds ok)
[hw     ] GRANT  pid 269 'kp-stress' -> 'sensor0': phys 0000000001002000 mapped at vaddr 0000404340000000 (1 pages)
[surface] pid 268 owns surface 6 (64x64) DOUBLE-BUFFERED at user vaddr 0000530000000000 (+4 pages back) (recycled pixel buffers)
[surface] slot 6 reclaimed on owner exit — 8 pages (phys 00000000012f0000) back on the free list
[surface] pid 268 owns surface 6 (64x64) DOUBLE-BUFFERED at user vaddr 0000530000000000 (+4 pages back) (recycled pixel buffers)
[surface] slot 6 reclaimed on owner exit — 8 pages (phys 00000000012f0000) back on the free list
[kernel ] spawned pid 270 'kp-stress' caps 0000000000000040 — private PML4 @ phys 0000000001375000
[elf    ] PT_LOAD vaddr 0000500000000000 filesz 000000000000e423 memsz 000000000000e423 (ro) -> mapped USER (bounds ok)
[elf    ] PT_LOAD vaddr 000050000000f000 filesz 00000000000029ac memsz 00000000000029ac (ro) -> mapped USER (bounds ok)
[elf    ] PT_LOAD vaddr 0000500000012000 filesz 0000000000000180 memsz 000000000001d220 (rw) -> mapped USER (bounds ok)
[kernel ] spawned pid 271 'kp-stress' caps 0000000000000003 — private PML4 @ phys 00000000014b3000
[elf    ] PT_LOAD vaddr 0000500000000000 filesz 000000000000e423 memsz 000000000000e423 (ro) -> mapped USER (bounds ok)
[elf    ] PT_LOAD vaddr 000050000000f000 filesz 00000000000029ac memsz 00000000000029ac (ro) -> mapped USER (bounds ok)
[elf    ] PT_LOAD vaddr 0000500000012000 filesz 0000000000000180 memsz 000000000001d220 (rw) -> mapped USER (bounds ok)
[surface] pid 270 owns surface 6 (64x64) DOUBLE-BUFFERED at user vaddr 0000530000000000 (+4 pages back) (recycled pixel buffers)
[hw     ] GRANT  pid 271 'kp-stress' -> 'sensor0': phys 0000000001002000 mapped at vaddr 00004043c0000000 (1 pages)
[surface] slot 6 reclaimed on owner exit — 8 pages (phys 00000000012f0000) back on the free list
[surface] pid 270 owns surface 6 (64x64) DOUBLE-BUFFERED at user vaddr 0000530000000000 (+4 pages back) (recycled pixel buffers)
[surface] slot 6 reclaimed on owner exit — 8 pages (phys 00000000012f0000) back on the free list
[kernel ] spawned pid 272 'kp-stress' caps 0000000000000040 — private PML4 @ phys 0000000001375000
[elf    ] PT_LOAD vaddr 0000500000000000 filesz 000000000000e423 memsz 000000000000e423 (ro) -> mapped USER (bounds ok)
[elf    ] PT_LOAD vaddr 000050000000f000 filesz 00000000000029ac memsz 00000000000029ac (ro) -> mapped USER (bounds ok)
[elf    ] PT_LOAD vaddr 0000500000012000 filesz 0000000000000180 memsz 000000000001d220 (rw) -> mapped USER (bounds ok)
[kernel ] spawned pid 273 'kp-stress' caps 0000000000000003 — private PML4 @ phys 0000000001329000
[elf    ] PT_LOAD vaddr 0000500000000000 filesz 000000000000e423 memsz 000000000000e423 (ro) -> mapped USER (bounds ok)
[elf    ] PT_LOAD vaddr 000050000000f000 filesz 00000000000029ac memsz 00000000000029ac (ro) -> mapped USER (bounds ok)
[elf    ] PT_LOAD vaddr 0000500000012000 filesz 0000000000000180 memsz 000000000001d220 (rw) -> mapped USER (bounds ok)
[surface] pid 272 owns surface 6 (64x64) DOUBLE-BUFFERED at user vaddr 0000530000000000 (+4 pages back) (recycled pixel buffers)
[hw     ] GRANT  pid 273 'kp-stress' -> 'sensor0': phys 0000000001002000 mapped at vaddr 0000404440000000 (1 pages)
[surface] slot 6 reclaimed on owner exit — 8 pages (phys 00000000012f0000) back on the free list
[surface] pid 272 owns surface 6 (64x64) DOUBLE-BUFFERED at user vaddr 0000530000000000 (+4 pages back) (recycled pixel buffers)
[surface] slot 6 reclaimed on owner exit — 8 pages (phys 00000000012f0000) back on the free list
[kernel ] spawned pid 274 'kp-stress' caps 0000000000000040 — private PML4 @ phys 0000000001375000
[elf    ] PT_LOAD vaddr 0000500000000000 filesz 000000000000e423 memsz 000000000000e423 (ro) -> mapped USER (bounds ok)
[elf    ] PT_LOAD vaddr 000050000000f000 filesz 00000000000029ac memsz 00000000000029ac (ro) -> mapped USER (bounds ok)
[elf    ] PT_LOAD vaddr 0000500000012000 filesz 0000000000000180 memsz 000000000001d220 (rw) -> mapped USER (bounds ok)
[kernel ] spawned pid 275 'kp-stress' caps 0000000000000003 — private PML4 @ phys 000000000148a000
[elf    ] PT_LOAD vaddr 0000500000000000 filesz 000000000000e423 memsz 000000000000e423 (ro) -> mapped USER (bounds ok)
[elf    ] PT_LOAD vaddr 000050000000f000 filesz 00000000000029ac memsz 00000000000029ac (ro) -> mapped USER (bounds ok)
[elf    ] PT_LOAD vaddr 0000500000012000 filesz 0000000000000180 memsz 000000000001d220 (rw) -> mapped USER (bounds ok)
[surface] pid 274 owns surface 6 (64x64) DOUBLE-BUFFERED at user vaddr 0000530000000000 (+4 pages back) (recycled pixel buffers)
[hw     ] GRANT  pid 275 'kp-stress' -> 'sensor0': phys 0000000001002000 mapped at vaddr 00004044c0000000 (1 pages)
[surface] slot 6 reclaimed on owner exit — 8 pages (phys 00000000012f0000) back on the free list
[surface] pid 274 owns surface 6 (64x64) DOUBLE-BUFFERED at user vaddr 0000530000000000 (+4 pages back) (recycled pixel buffers)
[surface] slot 6 reclaimed on owner exit — 8 pages (phys 00000000012f0000) back on the free list
[kernel ] spawned pid 276 'kp-stress' caps 0000000000000040 — private PML4 @ phys 0000000001375000
[elf    ] PT_LOAD vaddr 0000500000000000 filesz 000000000000e423 memsz 000000000000e423 (ro) -> mapped USER (bounds ok)
[elf    ] PT_LOAD vaddr 000050000000f000 filesz 00000000000029ac memsz 00000000000029ac (ro) -> mapped USER (bounds ok)
[elf    ] PT_LOAD vaddr 0000500000012000 filesz 0000000000000180 memsz 000000000001d220 (rw) -> mapped USER (bounds ok)
[kernel ] spawned pid 277 'kp-stress' caps 0000000000000003 — private PML4 @ phys 0000000001490000
[elf    ] PT_LOAD vaddr 0000500000000000 filesz 000000000000e423 memsz 000000000000e423 (ro) -> mapped USER (bounds ok)
[elf    ] PT_LOAD vaddr 000050000000f000 filesz 00000000000029ac memsz 00000000000029ac (ro) -> mapped USER (bounds ok)
[elf    ] PT_LOAD vaddr 0000500000012000 filesz 0000000000000180 memsz 000000000001d220 (rw) -> mapped USER (bounds ok)
[surface] pid 276 owns surface 6 (64x64) DOUBLE-BUFFERED at user vaddr 0000530000000000 (+4 pages back) (recycled pixel buffers)
[hw     ] GRANT  pid 277 'kp-stress' -> 'sensor0': phys 0000000001002000 mapped at vaddr 0000404540000000 (1 pages)
[surface] slot 6 reclaimed on owner exit — 8 pages (phys 00000000012f0000) back on the free list
[surface] pid 276 owns surface 6 (64x64) DOUBLE-BUFFERED at user vaddr 0000530000000000 (+4 pages back) (recycled pixel buffers)
[surface] slot 6 reclaimed on owner exit — 8 pages (phys 00000000012f0000) back on the free list
[kernel ] spawned pid 278 'kp-stress' caps 0000000000000040 — private PML4 @ phys 0000000001375000
[elf    ] PT_LOAD vaddr 0000500000000000 filesz 000000000000e423 memsz 000000000000e423 (ro) -> mapped USER (bounds ok)
[elf    ] PT_LOAD vaddr 000050000000f000 filesz 00000000000029ac memsz 00000000000029ac (ro) -> mapped USER (bounds ok)
[elf    ] PT_LOAD vaddr 0000500000012000 filesz 0000000000000180 memsz 000000000001d220 (rw) -> mapped USER (bounds ok)
[kernel ] spawned pid 279 'kp-stress' caps 0000000000000003 — private PML4 @ phys 000000000148f000
[elf    ] PT_LOAD vaddr 0000500000000000 filesz 000000000000e423 memsz 000000000000e423 (ro) -> mapped USER (bounds ok)
[elf    ] PT_LOAD vaddr 000050000000f000 filesz 00000000000029ac memsz 00000000000029ac (ro) -> mapped USER (bounds ok)
[elf    ] PT_LOAD vaddr 0000500000012000 filesz 0000000000000180 memsz 000000000001d220 (rw) -> mapped USER (bounds ok)
[surface] pid 278 owns surface 6 (64x64) DOUBLE-BUFFERED at user vaddr 0000530000000000 (+4 pages back) (recycled pixel buffers)
[hw     ] GRANT  pid 279 'kp-stress' -> 'sensor0': phys 0000000001002000 mapped at vaddr 00004045c0000000 (1 pages)
[surface] slot 6 reclaimed on owner exit — 8 pages (phys 00000000012f0000) back on the free list
[surface] pid 278 owns surface 6 (64x64) DOUBLE-BUFFERED at user vaddr 0000530000000000 (+4 pages back) (recycled pixel buffers)
[surface] slot 6 reclaimed on owner exit — 8 pages (phys 00000000012f0000) back on the free list
[kernel ] spawned pid 280 'kp-stress' caps 0000000000000040 — private PML4 @ phys 0000000001375000
[elf    ] PT_LOAD vaddr 0000500000000000 filesz 000000000000e423 memsz 000000000000e423 (ro) -> mapped USER (bounds ok)
[elf    ] PT_LOAD vaddr 000050000000f000 filesz 00000000000029ac memsz 00000000000029ac (ro) -> mapped USER (bounds ok)
[elf    ] PT_LOAD vaddr 0000500000012000 filesz 0000000000000180 memsz 000000000001d220 (rw) -> mapped USER (bounds ok)
[kernel ] spawned pid 281 'kp-stress' caps 0000000000000003 — private PML4 @ phys 000000000147c000
[elf    ] PT_LOAD vaddr 0000500000000000 filesz 000000000000e423 memsz 000000000000e423 (ro) -> mapped USER (bounds ok)
[elf    ] PT_LOAD vaddr 000050000000f000 filesz 00000000000029ac memsz 00000000000029ac (ro) -> mapped USER (bounds ok)
[elf    ] PT_LOAD vaddr 0000500000012000 filesz 0000000000000180 memsz 000000000001d220 (rw) -> mapped USER (bounds ok)
[hw     ] GRANT  pid 281 'kp-stress' -> 'sensor0': phys 0000000001002000 mapped at vaddr 0000404640000000 (1 pages)
[surface] pid 280 owns surface 6 (64x64) DOUBLE-BUFFERED at user vaddr 0000530000000000 (+4 pages back) (recycled pixel buffers)
[surface] slot 6 reclaimed on owner exit — 8 pages (phys 00000000012f0000) back on the free list
[surface] pid 280 owns surface 6 (64x64) DOUBLE-BUFFERED at user vaddr 0000530000000000 (+4 pages back) (recycled pixel buffers)
[surface] slot 6 reclaimed on owner exit — 8 pages (phys 00000000012f0000) back on the free list
[kernel ] spawned pid 282 'kp-stress' caps 0000000000000040 — private PML4 @ phys 0000000001375000
[elf    ] PT_LOAD vaddr 0000500000000000 filesz 000000000000e423 memsz 000000000000e423 (ro) -> mapped USER (bounds ok)
[elf    ] PT_LOAD vaddr 000050000000f000 filesz 00000000000029ac memsz 00000000000029ac (ro) -> mapped USER (bounds ok)
[elf    ] PT_LOAD vaddr 0000500000012000 filesz 0000000000000180 memsz 000000000001d220 (rw) -> mapped USER (bounds ok)
[kernel ] spawned pid 283 'kp-stress' caps 0000000000000003 — private PML4 @ phys 00000000014bf000
[elf    ] PT_LOAD vaddr 0000500000000000 filesz 000000000000e423 memsz 000000000000e423 (ro) -> mapped USER (bounds ok)
[elf    ] PT_LOAD vaddr 000050000000f000 filesz 00000000000029ac memsz 00000000000029ac (ro) -> mapped USER (bounds ok)
[elf    ] PT_LOAD vaddr 0000500000012000 filesz 0000000000000180 memsz 000000000001d220 (rw) -> mapped USER (bounds ok)
[hw     ] GRANT  pid 283 'kp-stress' -> 'sensor0': phys 0000000001002000 mapped at vaddr 00004046c0000000 (1 pages)
[surface] pid 282 owns surface 6 (64x64) DOUBLE-BUFFERED at user vaddr 0000530000000000 (+4 pages back) (recycled pixel buffers)
[surface] slot 6 reclaimed on owner exit — 8 pages (phys 00000000012f0000) back on the free list
[surface] pid 282 owns surface 6 (64x64) DOUBLE-BUFFERED at user vaddr 0000530000000000 (+4 pages back) (recycled pixel buffers)
[surface] slot 6 reclaimed on owner exit — 8 pages (phys 00000000012f0000) back on the free list
[kernel ] spawned pid 284 'kp-stress' caps 0000000000000040 — private PML4 @ phys 0000000001375000
[elf    ] PT_LOAD vaddr 0000500000000000 filesz 000000000000e423 memsz 000000000000e423 (ro) -> mapped USER (bounds ok)
[elf    ] PT_LOAD vaddr 000050000000f000 filesz 00000000000029ac memsz 00000000000029ac (ro) -> mapped USER (bounds ok)
[elf    ] PT_LOAD vaddr 0000500000012000 filesz 0000000000000180 memsz 000000000001d220 (rw) -> mapped USER (bounds ok)
[kernel ] spawned pid 285 'kp-stress' caps 0000000000000003 — private PML4 @ phys 0000000001495000
[elf    ] PT_LOAD vaddr 0000500000000000 filesz 000000000000e423 memsz 000000000000e423 (ro) -> mapped USER (bounds ok)
[elf    ] PT_LOAD vaddr 000050000000f000 filesz 00000000000029ac memsz 00000000000029ac (ro) -> mapped USER (bounds ok)
[elf    ] PT_LOAD vaddr 0000500000012000 filesz 0000000000000180 memsz 000000000001d220 (rw) -> mapped USER (bounds ok)
[hw     ] GRANT  pid 285 'kp-stress' -> 'sensor0': phys 0000000001002000 mapped at vaddr 0000404740000000 (1 pages)
[surface] pid 284 owns surface 6 (64x64) DOUBLE-BUFFERED at user vaddr 0000530000000000 (+4 pages back) (recycled pixel buffers)
[surface] slot 6 reclaimed on owner exit — 8 pages (phys 00000000012f0000) back on the free list
[surface] pid 284 owns surface 6 (64x64) DOUBLE-BUFFERED at user vaddr 0000530000000000 (+4 pages back) (recycled pixel buffers)
[surface] slot 6 reclaimed on owner exit — 8 pages (phys 00000000012f0000) back on the free list
[kernel ] spawned pid 286 'kp-stress' caps 0000000000000040 — private PML4 @ phys 0000000001375000
[elf    ] PT_LOAD vaddr 0000500000000000 filesz 000000000000e423 memsz 000000000000e423 (ro) -> mapped USER (bounds ok)
[elf    ] PT_LOAD vaddr 000050000000f000 filesz 00000000000029ac memsz 00000000000029ac (ro) -> mapped USER (bounds ok)
[elf    ] PT_LOAD vaddr 0000500000012000 filesz 0000000000000180 memsz 000000000001d220 (rw) -> mapped USER (bounds ok)
[kernel ] spawned pid 287 'kp-stress' caps 0000000000000003 — private PML4 @ phys 0000000001497000
[elf    ] PT_LOAD vaddr 0000500000000000 filesz 000000000000e423 memsz 000000000000e423 (ro) -> mapped USER (bounds ok)
[elf    ] PT_LOAD vaddr 000050000000f000 filesz 00000000000029ac memsz 00000000000029ac (ro) -> mapped USER (bounds ok)
[elf    ] PT_LOAD vaddr 0000500000012000 filesz 0000000000000180 memsz 000000000001d220 (rw) -> mapped USER (bounds ok)
[surface] pid 286 owns surface 6 (64x64) DOUBLE-BUFFERED at user vaddr 0000530000000000 (+4 pages back) (recycled pixel buffers)
[hw     ] GRANT  pid 287 'kp-stress' -> 'sensor0': phys 0000000001002000 mapped at vaddr 00004047c0000000 (1 pages)
[surface] slot 6 reclaimed on owner exit — 8 pages (phys 00000000012f0000) back on the free list
[surface] pid 286 owns surface 6 (64x64) DOUBLE-BUFFERED at user vaddr 0000530000000000 (+4 pages back) (recycled pixel buffers)
[surface] slot 6 reclaimed on owner exit — 8 pages (phys 00000000012f0000) back on the free list
[kernel ] spawned pid 288 'kp-stress' caps 0000000000000040 — private PML4 @ phys 0000000001375000
[elf    ] PT_LOAD vaddr 0000500000000000 filesz 000000000000e423 memsz 000000000000e423 (ro) -> mapped USER (bounds ok)
[elf    ] PT_LOAD vaddr 000050000000f000 filesz 00000000000029ac memsz 00000000000029ac (ro) -> mapped USER (bounds ok)
[elf    ] PT_LOAD vaddr 0000500000012000 filesz 0000000000000180 memsz 000000000001d220 (rw) -> mapped USER (bounds ok)
[kernel ] spawned pid 289 'kp-stress' caps 0000000000000003 — private PML4 @ phys 00000000014af000
[elf    ] PT_LOAD vaddr 0000500000000000 filesz 000000000000e423 memsz 000000000000e423 (ro) -> mapped USER (bounds ok)
[elf    ] PT_LOAD vaddr 000050000000f000 filesz 00000000000029ac memsz 00000000000029ac (ro) -> mapped USER (bounds ok)
[elf    ] PT_LOAD vaddr 0000500000012000 filesz 0000000000000180 memsz 000000000001d220 (rw) -> mapped USER (bounds ok)
[surface] pid 288 owns surface 6 (64x64) DOUBLE-BUFFERED at user vaddr 0000530000000000 (+4 pages back) (recycled pixel buffers)
[hw     ] GRANT  pid 289 'kp-stress' -> 'sensor0': phys 0000000001002000 mapped at vaddr 0000404840000000 (1 pages)
[surface] slot 6 reclaimed on owner exit — 8 pages (phys 00000000012f0000) back on the free list
[surface] pid 288 owns surface 6 (64x64) DOUBLE-BUFFERED at user vaddr 0000530000000000 (+4 pages back) (recycled pixel buffers)
[surface] slot 6 reclaimed on owner exit — 8 pages (phys 00000000012f0000) back on the free list
[kernel ] spawned pid 290 'kp-stress' caps 0000000000000040 — private PML4 @ phys 0000000001375000
[elf    ] PT_LOAD vaddr 0000500000000000 filesz 000000000000e423 memsz 000000000000e423 (ro) -> mapped USER (bounds ok)
[elf    ] PT_LOAD vaddr 000050000000f000 filesz 00000000000029ac memsz 00000000000029ac (ro) -> mapped USER (bounds ok)
[elf    ] PT_LOAD vaddr 0000500000012000 filesz 0000000000000180 memsz 000000000001d220 (rw) -> mapped USER (bounds ok)
[kernel ] spawned pid 291 'kp-stress' caps 0000000000000003 — private PML4 @ phys 00000000011ab000
[elf    ] PT_LOAD vaddr 0000500000000000 filesz 000000000000e423 memsz 000000000000e423 (ro) -> mapped USER (bounds ok)
[elf    ] PT_LOAD vaddr 000050000000f000 filesz 00000000000029ac memsz 00000000000029ac (ro) -> mapped USER (bounds ok)
[elf    ] PT_LOAD vaddr 0000500000012000 filesz 0000000000000180 memsz 000000000001d220 (rw) -> mapped USER (bounds ok)
[surface] pid 290 owns surface 6 (64x64) DOUBLE-BUFFERED at user vaddr 0000530000000000 (+4 pages back) (recycled pixel buffers)
[hw     ] GRANT  pid 291 'kp-stress' -> 'sensor0': phys 0000000001002000 mapped at vaddr 00004048c0000000 (1 pages)
[surface] slot 6 reclaimed on owner exit — 8 pages (phys 00000000012f0000) back on the free list
[surface] pid 290 owns surface 6 (64x64) DOUBLE-BUFFERED at user vaddr 0000530000000000 (+4 pages back) (recycled pixel buffers)
[surface] slot 6 reclaimed on owner exit — 8 pages (phys 00000000012f0000) back on the free list
[kernel ] spawned pid 292 'kp-stress' caps 0000000000000040 — private PML4 @ phys 0000000001375000
[elf    ] PT_LOAD vaddr 0000500000000000 filesz 000000000000e423 memsz 000000000000e423 (ro) -> mapped USER (bounds ok)
[elf    ] PT_LOAD vaddr 000050000000f000 filesz 00000000000029ac memsz 00000000000029ac (ro) -> mapped USER (bounds ok)
[elf    ] PT_LOAD vaddr 0000500000012000 filesz 0000000000000180 memsz 000000000001d220 (rw) -> mapped USER (bounds ok)
[kernel ] spawned pid 293 'kp-stress' caps 0000000000000003 — private PML4 @ phys 00000000014b3000
[elf    ] PT_LOAD vaddr 0000500000000000 filesz 000000000000e423 memsz 000000000000e423 (ro) -> mapped USER (bounds ok)
[elf    ] PT_LOAD vaddr 000050000000f000 filesz 00000000000029ac memsz 00000000000029ac (ro) -> mapped USER (bounds ok)
[elf    ] PT_LOAD vaddr 0000500000012000 filesz 0000000000000180 memsz 000000000001d220 (rw) -> mapped USER (bounds ok)
[surface] pid 292 owns surface 6 (64x64) DOUBLE-BUFFERED at user vaddr 0000530000000000 (+4 pages back) (recycled pixel buffers)
[hw     ] GRANT  pid 293 'kp-stress' -> 'sensor0': phys 0000000001002000 mapped at vaddr 0000404940000000 (1 pages)
[surface] slot 6 reclaimed on owner exit — 8 pages (phys 00000000012f0000) back on the free list
[surface] pid 292 owns surface 6 (64x64) DOUBLE-BUFFERED at user vaddr 0000530000000000 (+4 pages back) (recycled pixel buffers)
[surface] slot 6 reclaimed on owner exit — 8 pages (phys 00000000012f0000) back on the free list
[kernel ] spawned pid 294 'kp-stress' caps 0000000000000040 — private PML4 @ phys 0000000001375000
[elf    ] PT_LOAD vaddr 0000500000000000 filesz 000000000000e423 memsz 000000000000e423 (ro) -> mapped USER (bounds ok)
[elf    ] PT_LOAD vaddr 000050000000f000 filesz 00000000000029ac memsz 00000000000029ac (ro) -> mapped USER (bounds ok)
[elf    ] PT_LOAD vaddr 0000500000012000 filesz 0000000000000180 memsz 000000000001d220 (rw) -> mapped USER (bounds ok)
[kernel ] spawned pid 295 'kp-stress' caps 0000000000000003 — private PML4 @ phys 0000000001329000
[elf    ] PT_LOAD vaddr 0000500000000000 filesz 000000000000e423 memsz 000000000000e423 (ro) -> mapped USER (bounds ok)
[elf    ] PT_LOAD vaddr 000050000000f000 filesz 00000000000029ac memsz 00000000000029ac (ro) -> mapped USER (bounds ok)
[elf    ] PT_LOAD vaddr 0000500000012000 filesz 0000000000000180 memsz 000000000001d220 (rw) -> mapped USER (bounds ok)
[hw     ] GRANT  pid 295 'kp-stress' -> 'sensor0': phys 0000000001002000 mapped at vaddr 00004049c0000000 (1 pages)
[surface] pid 294 owns surface 6 (64x64) DOUBLE-BUFFERED at user vaddr 0000530000000000 (+4 pages back) (recycled pixel buffers)
[surface] slot 6 reclaimed on owner exit — 8 pages (phys 00000000012f0000) back on the free list
[surface] pid 294 owns surface 6 (64x64) DOUBLE-BUFFERED at user vaddr 0000530000000000 (+4 pages back) (recycled pixel buffers)
[surface] slot 6 reclaimed on owner exit — 8 pages (phys 00000000012f0000) back on the free list
[kernel ] spawned pid 296 'kp-stress' caps 0000000000000040 — private PML4 @ phys 0000000001375000
[elf    ] PT_LOAD vaddr 0000500000000000 filesz 000000000000e423 memsz 000000000000e423 (ro) -> mapped USER (bounds ok)
[elf    ] PT_LOAD vaddr 000050000000f000 filesz 00000000000029ac memsz 00000000000029ac (ro) -> mapped USER (bounds ok)
[elf    ] PT_LOAD vaddr 0000500000012000 filesz 0000000000000180 memsz 000000000001d220 (rw) -> mapped USER (bounds ok)
[kernel ] spawned pid 297 'kp-stress' caps 0000000000000003 — private PML4 @ phys 00000000014cd000
[elf    ] PT_LOAD vaddr 0000500000000000 filesz 000000000000e423 memsz 000000000000e423 (ro) -> mapped USER (bounds ok)
[elf    ] PT_LOAD vaddr 000050000000f000 filesz 00000000000029ac memsz 00000000000029ac (ro) -> mapped USER (bounds ok)
[elf    ] PT_LOAD vaddr 0000500000012000 filesz 0000000000000180 memsz 000000000001d220 (rw) -> mapped USER (bounds ok)
[hw     ] GRANT  pid 297 'kp-stress' -> 'sensor0': phys 0000000001002000 mapped at vaddr 0000404a40000000 (1 pages)
[surface] pid 296 owns surface 6 (64x64) DOUBLE-BUFFERED at user vaddr 0000530000000000 (+4 pages back) (recycled pixel buffers)
[surface] slot 6 reclaimed on owner exit — 8 pages (phys 00000000012f0000) back on the free list
[surface] pid 296 owns surface 6 (64x64) DOUBLE-BUFFERED at user vaddr 0000530000000000 (+4 pages back) (recycled pixel buffers)
[surface] slot 6 reclaimed on owner exit — 8 pages (phys 00000000012f0000) back on the free list
[kernel ] spawned pid 298 'kp-stress' caps 0000000000000040 — private PML4 @ phys 0000000001375000
[elf    ] PT_LOAD vaddr 0000500000000000 filesz 000000000000e423 memsz 000000000000e423 (ro) -> mapped USER (bounds ok)
[elf    ] PT_LOAD vaddr 000050000000f000 filesz 00000000000029ac memsz 00000000000029ac (ro) -> mapped USER (bounds ok)
[elf    ] PT_LOAD vaddr 0000500000012000 filesz 0000000000000180 memsz 000000000001d220 (rw) -> mapped USER (bounds ok)
[kernel ] spawned pid 299 'kp-stress' caps 0000000000000003 — private PML4 @ phys 0000000001484000
[elf    ] PT_LOAD vaddr 0000500000000000 filesz 000000000000e423 memsz 000000000000e423 (ro) -> mapped USER (bounds ok)
[elf    ] PT_LOAD vaddr 000050000000f000 filesz 00000000000029ac memsz 00000000000029ac (ro) -> mapped USER (bounds ok)
[elf    ] PT_LOAD vaddr 0000500000012000 filesz 0000000000000180 memsz 000000000001d220 (rw) -> mapped USER (bounds ok)
[hw     ] GRANT  pid 299 'kp-stress' -> 'sensor0': phys 0000000001002000 mapped at vaddr 0000404ac0000000 (1 pages)
[surface] pid 298 owns surface 6 (64x64) DOUBLE-BUFFERED at user vaddr 0000530000000000 (+4 pages back) (recycled pixel buffers)
[surface] slot 6 reclaimed on owner exit — 8 pages (phys 00000000012f0000) back on the free list
[surface] pid 298 owns surface 6 (64x64) DOUBLE-BUFFERED at user vaddr 0000530000000000 (+4 pages back) (recycled pixel buffers)
[surface] slot 6 reclaimed on owner exit — 8 pages (phys 00000000012f0000) back on the free list
[kernel ] spawned pid 300 'kp-stress' caps 0000000000000040 — private PML4 @ phys 0000000001375000
[elf    ] PT_LOAD vaddr 0000500000000000 filesz 000000000000e423 memsz 000000000000e423 (ro) -> mapped USER (bounds ok)
[elf    ] PT_LOAD vaddr 000050000000f000 filesz 00000000000029ac memsz 00000000000029ac (ro) -> mapped USER (bounds ok)
[elf    ] PT_LOAD vaddr 0000500000012000 filesz 0000000000000180 memsz 000000000001d220 (rw) -> mapped USER (bounds ok)
[kernel ] spawned pid 301 'kp-stress' caps 0000000000000003 — private PML4 @ phys 00000000014d1000
[elf    ] PT_LOAD vaddr 0000500000000000 filesz 000000000000e423 memsz 000000000000e423 (ro) -> mapped USER (bounds ok)
[elf    ] PT_LOAD vaddr 000050000000f000 filesz 00000000000029ac memsz 00000000000029ac (ro) -> mapped USER (bounds ok)
[elf    ] PT_LOAD vaddr 0000500000012000 filesz 0000000000000180 memsz 000000000001d220 (rw) -> mapped USER (bounds ok)
[surface] pid 300 owns surface 6 (64x64) DOUBLE-BUFFERED at user vaddr 0000530000000000 (+4 pages back) (recycled pixel buffers)
[hw     ] GRANT  pid 301 'kp-stress' -> 'sensor0': phys 0000000001002000 mapped at vaddr 0000404b40000000 (1 pages)
[surface] slot 6 reclaimed on owner exit — 8 pages (phys 00000000012f0000) back on the free list
[surface] pid 300 owns surface 6 (64x64) DOUBLE-BUFFERED at user vaddr 0000530000000000 (+4 pages back) (recycled pixel buffers)
[surface] slot 6 reclaimed on owner exit — 8 pages (phys 00000000012f0000) back on the free list
[kernel ] spawned pid 302 'kp-stress' caps 0000000000000040 — private PML4 @ phys 0000000001375000
[elf    ] PT_LOAD vaddr 0000500000000000 filesz 000000000000e423 memsz 000000000000e423 (ro) -> mapped USER (bounds ok)
[elf    ] PT_LOAD vaddr 000050000000f000 filesz 00000000000029ac memsz 00000000000029ac (ro) -> mapped USER (bounds ok)
[elf    ] PT_LOAD vaddr 0000500000012000 filesz 0000000000000180 memsz 000000000001d220 (rw) -> mapped USER (bounds ok)
[kernel ] spawned pid 303 'kp-stress' caps 0000000000000003 — private PML4 @ phys 000000000147c000
[elf    ] PT_LOAD vaddr 0000500000000000 filesz 000000000000e423 memsz 000000000000e423 (ro) -> mapped USER (bounds ok)
[elf    ] PT_LOAD vaddr 000050000000f000 filesz 00000000000029ac memsz 00000000000029ac (ro) -> mapped USER (bounds ok)
[elf    ] PT_LOAD vaddr 0000500000012000 filesz 0000000000000180 memsz 000000000001d220 (rw) -> mapped USER (bounds ok)
[hw     ] GRANT  pid 303 'kp-stress' -> 'sensor0': phys 0000000001002000 mapped at vaddr 0000404bc0000000 (1 pages)
[surface] pid 302 owns surface 6 (64x64) DOUBLE-BUFFERED at user vaddr 0000530000000000 (+4 pages back) (recycled pixel buffers)
[surface] slot 6 reclaimed on owner exit — 8 pages (phys 00000000012f0000) back on the free list
[surface] pid 302 owns surface 6 (64x64) DOUBLE-BUFFERED at user vaddr 0000530000000000 (+4 pages back) (recycled pixel buffers)
[surface] slot 6 reclaimed on owner exit — 8 pages (phys 00000000012f0000) back on the free list
[kernel ] spawned pid 304 'kp-stress' caps 0000000000000040 — private PML4 @ phys 0000000001375000
[elf    ] PT_LOAD vaddr 0000500000000000 filesz 000000000000e423 memsz 000000000000e423 (ro) -> mapped USER (bounds ok)
[elf    ] PT_LOAD vaddr 000050000000f000 filesz 00000000000029ac memsz 00000000000029ac (ro) -> mapped USER (bounds ok)
[elf    ] PT_LOAD vaddr 0000500000012000 filesz 0000000000000180 memsz 000000000001d220 (rw) -> mapped USER (bounds ok)
[kernel ] spawned pid 305 'kp-stress' caps 0000000000000003 — private PML4 @ phys 00000000014bf000
[elf    ] PT_LOAD vaddr 0000500000000000 filesz 000000000000e423 memsz 000000000000e423 (ro) -> mapped USER (bounds ok)
[elf    ] PT_LOAD vaddr 000050000000f000 filesz 00000000000029ac memsz 00000000000029ac (ro) -> mapped USER (bounds ok)
[elf    ] PT_LOAD vaddr 0000500000012000 filesz 0000000000000180 memsz 000000000001d220 (rw) -> mapped USER (bounds ok)
[hw     ] GRANT  pid 305 'kp-stress' -> 'sensor0': phys 0000000001002000 mapped at vaddr 0000404c40000000 (1 pages)
[surface] pid 304 owns surface 6 (64x64) DOUBLE-BUFFERED at user vaddr 0000530000000000 (+4 pages back) (recycled pixel buffers)
[surface] slot 6 reclaimed on owner exit — 8 pages (phys 00000000012f0000) back on the free list
[surface] pid 304 owns surface 6 (64x64) DOUBLE-BUFFERED at user vaddr 0000530000000000 (+4 pages back) (recycled pixel buffers)
[surface] slot 6 reclaimed on owner exit — 8 pages (phys 00000000012f0000) back on the free list
[kernel ] spawned pid 306 'kp-stress' caps 0000000000000040 — private PML4 @ phys 0000000001375000
[elf    ] PT_LOAD vaddr 0000500000000000 filesz 000000000000e423 memsz 000000000000e423 (ro) -> mapped USER (bounds ok)
[elf    ] PT_LOAD vaddr 000050000000f000 filesz 00000000000029ac memsz 00000000000029ac (ro) -> mapped USER (bounds ok)
[elf    ] PT_LOAD vaddr 0000500000012000 filesz 0000000000000180 memsz 000000000001d220 (rw) -> mapped USER (bounds ok)
[kernel ] spawned pid 307 'kp-stress' caps 0000000000000003 — private PML4 @ phys 0000000001495000
[elf    ] PT_LOAD vaddr 0000500000000000 filesz 000000000000e423 memsz 000000000000e423 (ro) -> mapped USER (bounds ok)
[elf    ] PT_LOAD vaddr 000050000000f000 filesz 00000000000029ac memsz 00000000000029ac (ro) -> mapped USER (bounds ok)
[elf    ] PT_LOAD vaddr 0000500000012000 filesz 0000000000000180 memsz 000000000001d220 (rw) -> mapped USER (bounds ok)
[hw     ] GRANT  pid 307 'kp-stress' -> 'sensor0': phys 0000000001002000 mapped at vaddr 0000404cc0000000 (1 pages)
[surface] pid 306 owns surface 6 (64x64) DOUBLE-BUFFERED at user vaddr 0000530000000000 (+4 pages back) (recycled pixel buffers)
[surface] slot 6 reclaimed on owner exit — 8 pages (phys 00000000012f0000) back on the free list
[surface] pid 306 owns surface 6 (64x64) DOUBLE-BUFFERED at user vaddr 0000530000000000 (+4 pages back) (recycled pixel buffers)
[surface] slot 6 reclaimed on owner exit — 8 pages (phys 00000000012f0000) back on the free list
[kernel ] spawned pid 308 'kp-stress' caps 0000000000000040 — private PML4 @ phys 0000000001375000
[elf    ] PT_LOAD vaddr 0000500000000000 filesz 000000000000e423 memsz 000000000000e423 (ro) -> mapped USER (bounds ok)
[elf    ] PT_LOAD vaddr 000050000000f000 filesz 00000000000029ac memsz 00000000000029ac (ro) -> mapped USER (bounds ok)
[elf    ] PT_LOAD vaddr 0000500000012000 filesz 0000000000000180 memsz 000000000001d220 (rw) -> mapped USER (bounds ok)
[kernel ] spawned pid 309 'kp-stress' caps 0000000000000003 — private PML4 @ phys 0000000001497000
[elf    ] PT_LOAD vaddr 0000500000000000 filesz 000000000000e423 memsz 000000000000e423 (ro) -> mapped USER (bounds ok)
[elf    ] PT_LOAD vaddr 000050000000f000 filesz 00000000000029ac memsz 00000000000029ac (ro) -> mapped USER (bounds ok)
[elf    ] PT_LOAD vaddr 0000500000012000 filesz 0000000000000180 memsz 000000000001d220 (rw) -> mapped USER (bounds ok)
[hw     ] GRANT  pid 309 'kp-stress' -> 'sensor0': phys 0000000001002000 mapped at vaddr 0000404d40000000 (1 pages)
[surface] pid 308 owns surface 6 (64x64) DOUBLE-BUFFERED at user vaddr 0000530000000000 (+4 pages back) (recycled pixel buffers)
[surface] slot 6 reclaimed on owner exit — 8 pages (phys 00000000012f0000) back on the free list
[surface] pid 308 owns surface 6 (64x64) DOUBLE-BUFFERED at user vaddr 0000530000000000 (+4 pages back) (recycled pixel buffers)
[surface] slot 6 reclaimed on owner exit — 8 pages (phys 00000000012f0000) back on the free list
[kernel ] spawned pid 310 'kp-stress' caps 0000000000000040 — private PML4 @ phys 0000000001375000
[elf    ] PT_LOAD vaddr 0000500000000000 filesz 000000000000e423 memsz 000000000000e423 (ro) -> mapped USER (bounds ok)
[elf    ] PT_LOAD vaddr 000050000000f000 filesz 00000000000029ac memsz 00000000000029ac (ro) -> mapped USER (bounds ok)
[elf    ] PT_LOAD vaddr 0000500000012000 filesz 0000000000000180 memsz 000000000001d220 (rw) -> mapped USER (bounds ok)
[kernel ] spawned pid 311 'kp-stress' caps 0000000000000003 — private PML4 @ phys 00000000014af000
[elf    ] PT_LOAD vaddr 0000500000000000 filesz 000000000000e423 memsz 000000000000e423 (ro) -> mapped USER (bounds ok)
[elf    ] PT_LOAD vaddr 000050000000f000 filesz 00000000000029ac memsz 00000000000029ac (ro) -> mapped USER (bounds ok)
[elf    ] PT_LOAD vaddr 0000500000012000 filesz 0000000000000180 memsz 000000000001d220 (rw) -> mapped USER (bounds ok)
[hw     ] GRANT  pid 311 'kp-stress' -> 'sensor0': phys 0000000001002000 mapped at vaddr 0000404dc0000000 (1 pages)
[surface] pid 310 owns surface 6 (64x64) DOUBLE-BUFFERED at user vaddr 0000530000000000 (+4 pages back) (recycled pixel buffers)
[surface] slot 6 reclaimed on owner exit — 8 pages (phys 00000000012f0000) back on the free list
[surface] pid 310 owns surface 6 (64x64) DOUBLE-BUFFERED at user vaddr 0000530000000000 (+4 pages back) (recycled pixel buffers)
[surface] slot 6 reclaimed on owner exit — 8 pages (phys 00000000012f0000) back on the free list
[kernel ] spawned pid 312 'kp-stress' caps 0000000000000040 — private PML4 @ phys 0000000001375000
[elf    ] PT_LOAD vaddr 0000500000000000 filesz 000000000000e423 memsz 000000000000e423 (ro) -> mapped USER (bounds ok)
[elf    ] PT_LOAD vaddr 000050000000f000 filesz 00000000000029ac memsz 00000000000029ac (ro) -> mapped USER (bounds ok)
[elf    ] PT_LOAD vaddr 0000500000012000 filesz 0000000000000180 memsz 000000000001d220 (rw) -> mapped USER (bounds ok)
[kernel ] spawned pid 313 'kp-stress' caps 0000000000000003 — private PML4 @ phys 00000000011ab000
[elf    ] PT_LOAD vaddr 0000500000000000 filesz 000000000000e423 memsz 000000000000e423 (ro) -> mapped USER (bounds ok)
[elf    ] PT_LOAD vaddr 000050000000f000 filesz 00000000000029ac memsz 00000000000029ac (ro) -> mapped USER (bounds ok)
[elf    ] PT_LOAD vaddr 0000500000012000 filesz 0000000000000180 memsz 000000000001d220 (rw) -> mapped USER (bounds ok)
[hw     ] GRANT  pid 313 'kp-stress' -> 'sensor0': phys 0000000001002000 mapped at vaddr 0000404e40000000 (1 pages)
[surface] pid 312 owns surface 6 (64x64) DOUBLE-BUFFERED at user vaddr 0000530000000000 (+4 pages back) (recycled pixel buffers)
[surface] slot 6 reclaimed on owner exit — 8 pages (phys 00000000012f0000) back on the free list
[surface] pid 312 owns surface 6 (64x64) DOUBLE-BUFFERED at user vaddr 0000530000000000 (+4 pages back) (recycled pixel buffers)
[surface] slot 6 reclaimed on owner exit — 8 pages (phys 00000000012f0000) back on the free list
[kernel ] spawned pid 314 'kp-stress' caps 0000000000000040 — private PML4 @ phys 0000000001375000
[elf    ] PT_LOAD vaddr 0000500000000000 filesz 000000000000e423 memsz 000000000000e423 (ro) -> mapped USER (bounds ok)
[elf    ] PT_LOAD vaddr 000050000000f000 filesz 00000000000029ac memsz 00000000000029ac (ro) -> mapped USER (bounds ok)
[elf    ] PT_LOAD vaddr 0000500000012000 filesz 0000000000000180 memsz 000000000001d220 (rw) -> mapped USER (bounds ok)
[kernel ] spawned pid 315 'kp-stress' caps 0000000000000003 — private PML4 @ phys 00000000014de000
[elf    ] PT_LOAD vaddr 0000500000000000 filesz 000000000000e423 memsz 000000000000e423 (ro) -> mapped USER (bounds ok)
[elf    ] PT_LOAD vaddr 000050000000f000 filesz 00000000000029ac memsz 00000000000029ac (ro) -> mapped USER (bounds ok)
[elf    ] PT_LOAD vaddr 0000500000012000 filesz 0000000000000180 memsz 000000000001d220 (rw) -> mapped USER (bounds ok)
[hw     ] GRANT  pid 315 'kp-stress' -> 'sensor0': phys 0000000001002000 mapped at vaddr 0000404ec0000000 (1 pages)
[surface] pid 314 owns surface 6 (64x64) DOUBLE-BUFFERED at user vaddr 0000530000000000 (+4 pages back) (recycled pixel buffers)
[surface] slot 6 reclaimed on owner exit — 8 pages (phys 00000000012f0000) back on the free list
[surface] pid 314 owns surface 6 (64x64) DOUBLE-BUFFERED at user vaddr 0000530000000000 (+4 pages back) (recycled pixel buffers)
[surface] slot 6 reclaimed on owner exit — 8 pages (phys 00000000012f0000) back on the free list
[kernel ] spawned pid 316 'kp-stress' caps 0000000000000040 — private PML4 @ phys 0000000001375000
[elf    ] PT_LOAD vaddr 0000500000000000 filesz 000000000000e423 memsz 000000000000e423 (ro) -> mapped USER (bounds ok)
[elf    ] PT_LOAD vaddr 000050000000f000 filesz 00000000000029ac memsz 00000000000029ac (ro) -> mapped USER (bounds ok)
[elf    ] PT_LOAD vaddr 0000500000012000 filesz 0000000000000180 memsz 000000000001d220 (rw) -> mapped USER (bounds ok)
[kernel ] spawned pid 317 'kp-stress' caps 0000000000000003 — private PML4 @ phys 0000000001329000
[elf    ] PT_LOAD vaddr 0000500000000000 filesz 000000000000e423 memsz 000000000000e423 (ro) -> mapped USER (bounds ok)
[elf    ] PT_LOAD vaddr 000050000000f000 filesz 00000000000029ac memsz 00000000000029ac (ro) -> mapped USER (bounds ok)
[elf    ] PT_LOAD vaddr 0000500000012000 filesz 0000000000000180 memsz 000000000001d220 (rw) -> mapped USER (bounds ok)
[hw     ] GRANT  pid 317 'kp-stress' -> 'sensor0': phys 0000000001002000 mapped at vaddr 0000404f40000000 (1 pages)
[surface] pid 316 owns surface 6 (64x64) DOUBLE-BUFFERED at user vaddr 0000530000000000 (+4 pages back) (recycled pixel buffers)
[surface] slot 6 reclaimed on owner exit — 8 pages (phys 00000000012f0000) back on the free list
[surface] pid 316 owns surface 6 (64x64) DOUBLE-BUFFERED at user vaddr 0000530000000000 (+4 pages back) (recycled pixel buffers)
[surface] slot 6 reclaimed on owner exit — 8 pages (phys 00000000012f0000) back on the free list
[kernel ] spawned pid 318 'kp-stress' caps 0000000000000040 — private PML4 @ phys 0000000001375000
[elf    ] PT_LOAD vaddr 0000500000000000 filesz 000000000000e423 memsz 000000000000e423 (ro) -> mapped USER (bounds ok)
[elf    ] PT_LOAD vaddr 000050000000f000 filesz 00000000000029ac memsz 00000000000029ac (ro) -> mapped USER (bounds ok)
[elf    ] PT_LOAD vaddr 0000500000012000 filesz 0000000000000180 memsz 000000000001d220 (rw) -> mapped USER (bounds ok)
[kernel ] spawned pid 319 'kp-stress' caps 0000000000000003 — private PML4 @ phys 00000000014cd000
[elf    ] PT_LOAD vaddr 0000500000000000 filesz 000000000000e423 memsz 000000000000e423 (ro) -> mapped USER (bounds ok)
[elf    ] PT_LOAD vaddr 000050000000f000 filesz 00000000000029ac memsz 00000000000029ac (ro) -> mapped USER (bounds ok)
[elf    ] PT_LOAD vaddr 0000500000012000 filesz 0000000000000180 memsz 000000000001d220 (rw) -> mapped USER (bounds ok)
[hw     ] GRANT  pid 319 'kp-stress' -> 'sensor0': phys 0000000001002000 mapped at vaddr 0000404fc0000000 (1 pages)
[surface] pid 318 owns surface 6 (64x64) DOUBLE-BUFFERED at user vaddr 0000530000000000 (+4 pages back) (recycled pixel buffers)
[surface] slot 6 reclaimed on owner exit — 8 pages (phys 00000000012f0000) back on the free list
[surface] pid 318 owns surface 6 (64x64) DOUBLE-BUFFERED at user vaddr 0000530000000000 (+4 pages back) (recycled pixel buffers)
[surface] slot 6 reclaimed on owner exit — 8 pages (phys 00000000012f0000) back on the free list
[kernel ] spawned pid 320 'kp-stress' caps 0000000000000040 — private PML4 @ phys 0000000001375000
[elf    ] PT_LOAD vaddr 0000500000000000 filesz 000000000000e423 memsz 000000000000e423 (ro) -> mapped USER (bounds ok)
[elf    ] PT_LOAD vaddr 000050000000f000 filesz 00000000000029ac memsz 00000000000029ac (ro) -> mapped USER (bounds ok)
[elf    ] PT_LOAD vaddr 0000500000012000 filesz 0000000000000180 memsz 000000000001d220 (rw) -> mapped USER (bounds ok)
[kernel ] spawned pid 321 'kp-stress' caps 0000000000000003 — private PML4 @ phys 00000000014e4000
[elf    ] PT_LOAD vaddr 0000500000000000 filesz 000000000000e423 memsz 000000000000e423 (ro) -> mapped USER (bounds ok)
[elf    ] PT_LOAD vaddr 000050000000f000 filesz 00000000000029ac memsz 00000000000029ac (ro) -> mapped USER (bounds ok)
[elf    ] PT_LOAD vaddr 0000500000012000 filesz 0000000000000180 memsz 000000000001d220 (rw) -> mapped USER (bounds ok)
[surface] pid 320 owns surface 6 (64x64) DOUBLE-BUFFERED at user vaddr 0000530000000000 (+4 pages back) (recycled pixel buffers)
[hw     ] GRANT  pid 321 'kp-stress' -> 'sensor0': phys 0000000001002000 mapped at vaddr 0000405040000000 (1 pages)
[surface] slot 6 reclaimed on owner exit — 8 pages (phys 00000000012f0000) back on the free list
[surface] pid 320 owns surface 6 (64x64) DOUBLE-BUFFERED at user vaddr 0000530000000000 (+4 pages back) (recycled pixel buffers)
[surface] slot 6 reclaimed on owner exit — 8 pages (phys 00000000012f0000) back on the free list
[kernel ] spawned pid 322 'kp-stress' caps 0000000000000040 — private PML4 @ phys 0000000001375000
[elf    ] PT_LOAD vaddr 0000500000000000 filesz 000000000000e423 memsz 000000000000e423 (ro) -> mapped USER (bounds ok)
[elf    ] PT_LOAD vaddr 000050000000f000 filesz 00000000000029ac memsz 00000000000029ac (ro) -> mapped USER (bounds ok)
[elf    ] PT_LOAD vaddr 0000500000012000 filesz 0000000000000180 memsz 000000000001d220 (rw) -> mapped USER (bounds ok)
[kernel ] spawned pid 323 'kp-stress' caps 0000000000000003 — private PML4 @ phys 00000000014e7000
[elf    ] PT_LOAD vaddr 0000500000000000 filesz 000000000000e423 memsz 000000000000e423 (ro) -> mapped USER (bounds ok)
[elf    ] PT_LOAD vaddr 000050000000f000 filesz 00000000000029ac memsz 00000000000029ac (ro) -> mapped USER (bounds ok)
[elf    ] PT_LOAD vaddr 0000500000012000 filesz 0000000000000180 memsz 000000000001d220 (rw) -> mapped USER (bounds ok)
[hw     ] GRANT  pid 323 'kp-stress' -> 'sensor0': phys 0000000001002000 mapped at vaddr 00004050c0000000 (1 pages)
[surface] pid 322 owns surface 6 (64x64) DOUBLE-BUFFERED at user vaddr 0000530000000000 (+4 pages back) (recycled pixel buffers)
[surface] slot 6 reclaimed on owner exit — 8 pages (phys 00000000012f0000) back on the free list
[surface] pid 322 owns surface 6 (64x64) DOUBLE-BUFFERED at user vaddr 0000530000000000 (+4 pages back) (recycled pixel buffers)
[surface] slot 6 reclaimed on owner exit — 8 pages (phys 00000000012f0000) back on the free list
[kernel ] spawned pid 324 'kp-stress' caps 0000000000000040 — private PML4 @ phys 0000000001375000
[elf    ] PT_LOAD vaddr 0000500000000000 filesz 000000000000e423 memsz 000000000000e423 (ro) -> mapped USER (bounds ok)
[elf    ] PT_LOAD vaddr 000050000000f000 filesz 00000000000029ac memsz 00000000000029ac (ro) -> mapped USER (bounds ok)
[elf    ] PT_LOAD vaddr 0000500000012000 filesz 0000000000000180 memsz 000000000001d220 (rw) -> mapped USER (bounds ok)
[kernel ] spawned pid 325 'kp-stress' caps 0000000000000003 — private PML4 @ phys 000000000147c000
[elf    ] PT_LOAD vaddr 0000500000000000 filesz 000000000000e423 memsz 000000000000e423 (ro) -> mapped USER (bounds ok)
[elf    ] PT_LOAD vaddr 000050000000f000 filesz 00000000000029ac memsz 00000000000029ac (ro) -> mapped USER (bounds ok)
[elf    ] PT_LOAD vaddr 0000500000012000 filesz 0000000000000180 memsz 000000000001d220 (rw) -> mapped USER (bounds ok)
[surface] pid 324 owns surface 6 (64x64) DOUBLE-BUFFERED at user vaddr 0000530000000000 (+4 pages back) (recycled pixel buffers)
[hw     ] GRANT  pid 325 'kp-stress' -> 'sensor0': phys 0000000001002000 mapped at vaddr 0000405140000000 (1 pages)
[surface] slot 6 reclaimed on owner exit — 8 pages (phys 00000000012f0000) back on the free list
[surface] pid 324 owns surface 6 (64x64) DOUBLE-BUFFERED at user vaddr 0000530000000000 (+4 pages back) (recycled pixel buffers)
[surface] slot 6 reclaimed on owner exit — 8 pages (phys 00000000012f0000) back on the free list
[kernel ] spawned pid 326 'kp-stress' caps 0000000000000040 — private PML4 @ phys 0000000001375000
[elf    ] PT_LOAD vaddr 0000500000000000 filesz 000000000000e423 memsz 000000000000e423 (ro) -> mapped USER (bounds ok)
[elf    ] PT_LOAD vaddr 000050000000f000 filesz 00000000000029ac memsz 00000000000029ac (ro) -> mapped USER (bounds ok)
[elf    ] PT_LOAD vaddr 0000500000012000 filesz 0000000000000180 memsz 000000000001d220 (rw) -> mapped USER (bounds ok)
[kernel ] spawned pid 327 'kp-stress' caps 0000000000000003 — private PML4 @ phys 00000000014a0000
[elf    ] PT_LOAD vaddr 0000500000000000 filesz 000000000000e423 memsz 000000000000e423 (ro) -> mapped USER (bounds ok)
[elf    ] PT_LOAD vaddr 000050000000f000 filesz 00000000000029ac memsz 00000000000029ac (ro) -> mapped USER (bounds ok)
[elf    ] PT_LOAD vaddr 0000500000012000 filesz 0000000000000180 memsz 000000000001d220 (rw) -> mapped USER (bounds ok)
[surface] pid 326 owns surface 6 (64x64) DOUBLE-BUFFERED at user vaddr 0000530000000000 (+4 pages back) (recycled pixel buffers)
[hw     ] GRANT  pid 327 'kp-stress' -> 'sensor0': phys 0000000001002000 mapped at vaddr 00004051c0000000 (1 pages)
[surface] slot 6 reclaimed on owner exit — 8 pages (phys 00000000012f0000) back on the free list
[surface] pid 326 owns surface 6 (64x64) DOUBLE-BUFFERED at user vaddr 0000530000000000 (+4 pages back) (recycled pixel buffers)
[surface] slot 6 reclaimed on owner exit — 8 pages (phys 00000000012f0000) back on the free list
[kernel ] spawned pid 328 'kp-stress' caps 0000000000000040 — private PML4 @ phys 0000000001375000
[elf    ] PT_LOAD vaddr 0000500000000000 filesz 000000000000e423 memsz 000000000000e423 (ro) -> mapped USER (bounds ok)
[elf    ] PT_LOAD vaddr 000050000000f000 filesz 00000000000029ac memsz 00000000000029ac (ro) -> mapped USER (bounds ok)
[elf    ] PT_LOAD vaddr 0000500000012000 filesz 0000000000000180 memsz 000000000001d220 (rw) -> mapped USER (bounds ok)
[kernel ] spawned pid 329 'kp-stress' caps 0000000000000003 — private PML4 @ phys 00000000014ed000
[elf    ] PT_LOAD vaddr 0000500000000000 filesz 000000000000e423 memsz 000000000000e423 (ro) -> mapped USER (bounds ok)
[elf    ] PT_LOAD vaddr 000050000000f000 filesz 00000000000029ac memsz 00000000000029ac (ro) -> mapped USER (bounds ok)
[elf    ] PT_LOAD vaddr 0000500000012000 filesz 0000000000000180 memsz 000000000001d220 (rw) -> mapped USER (bounds ok)
[surface] pid 328 owns surface 6 (64x64) DOUBLE-BUFFERED at user vaddr 0000530000000000 (+4 pages back) (recycled pixel buffers)
[hw     ] GRANT  pid 329 'kp-stress' -> 'sensor0': phys 0000000001002000 mapped at vaddr 0000405240000000 (1 pages)
[surface] slot 6 reclaimed on owner exit — 8 pages (phys 00000000012f0000) back on the free list
[surface] pid 328 owns surface 6 (64x64) DOUBLE-BUFFERED at user vaddr 0000530000000000 (+4 pages back) (recycled pixel buffers)
[surface] slot 6 reclaimed on owner exit — 8 pages (phys 00000000012f0000) back on the free list
[kernel ] spawned pid 330 'kp-stress' caps 0000000000000040 — private PML4 @ phys 0000000001375000
[elf    ] PT_LOAD vaddr 0000500000000000 filesz 000000000000e423 memsz 000000000000e423 (ro) -> mapped USER (bounds ok)
[elf    ] PT_LOAD vaddr 000050000000f000 filesz 00000000000029ac memsz 00000000000029ac (ro) -> mapped USER (bounds ok)
[elf    ] PT_LOAD vaddr 0000500000012000 filesz 0000000000000180 memsz 000000000001d220 (rw) -> mapped USER (bounds ok)
[kernel ] spawned pid 331 'kp-stress' caps 0000000000000003 — private PML4 @ phys 00000000014ef000
[elf    ] PT_LOAD vaddr 0000500000000000 filesz 000000000000e423 memsz 000000000000e423 (ro) -> mapped USER (bounds ok)
[elf    ] PT_LOAD vaddr 000050000000f000 filesz 00000000000029ac memsz 00000000000029ac (ro) -> mapped USER (bounds ok)
[elf    ] PT_LOAD vaddr 0000500000012000 filesz 0000000000000180 memsz 000000000001d220 (rw) -> mapped USER (bounds ok)
[surface] pid 330 owns surface 6 (64x64) DOUBLE-BUFFERED at user vaddr 0000530000000000 (+4 pages back) (recycled pixel buffers)
[hw     ] GRANT  pid 331 'kp-stress' -> 'sensor0': phys 0000000001002000 mapped at vaddr 00004052c0000000 (1 pages)
[surface] slot 6 reclaimed on owner exit — 8 pages (phys 00000000012f0000) back on the free list
[surface] pid 330 owns surface 6 (64x64) DOUBLE-BUFFERED at user vaddr 0000530000000000 (+4 pages back) (recycled pixel buffers)
[surface] slot 6 reclaimed on owner exit — 8 pages (phys 00000000012f0000) back on the free list
[kernel ] spawned pid 332 'kp-stress' caps 0000000000000040 — private PML4 @ phys 0000000001375000
[elf    ] PT_LOAD vaddr 0000500000000000 filesz 000000000000e423 memsz 000000000000e423 (ro) -> mapped USER (bounds ok)
[elf    ] PT_LOAD vaddr 000050000000f000 filesz 00000000000029ac memsz 00000000000029ac (ro) -> mapped USER (bounds ok)
[elf    ] PT_LOAD vaddr 0000500000012000 filesz 0000000000000180 memsz 000000000001d220 (rw) -> mapped USER (bounds ok)
[kernel ] spawned pid 333 'kp-stress' caps 0000000000000003 — private PML4 @ phys 00000000014f1000
[elf    ] PT_LOAD vaddr 0000500000000000 filesz 000000000000e423 memsz 000000000000e423 (ro) -> mapped USER (bounds ok)
[elf    ] PT_LOAD vaddr 000050000000f000 filesz 00000000000029ac memsz 00000000000029ac (ro) -> mapped USER (bounds ok)
[elf    ] PT_LOAD vaddr 0000500000012000 filesz 0000000000000180 memsz 000000000001d220 (rw) -> mapped USER (bounds ok)
[hw     ] GRANT  pid 333 'kp-stress' -> 'sensor0': phys 0000000001002000 mapped at vaddr 0000405340000000 (1 pages)
[surface] pid 332 owns surface 6 (64x64) DOUBLE-BUFFERED at user vaddr 0000530000000000 (+4 pages back) (recycled pixel buffers)
[surface] slot 6 reclaimed on owner exit — 8 pages (phys 00000000012f0000) back on the free list
[surface] pid 332 owns surface 6 (64x64) DOUBLE-BUFFERED at user vaddr 0000530000000000 (+4 pages back) (recycled pixel buffers)
[surface] slot 6 reclaimed on owner exit — 8 pages (phys 00000000012f0000) back on the free list
[kernel ] spawned pid 334 'kp-stress' caps 0000000000000040 — private PML4 @ phys 0000000001375000
[elf    ] PT_LOAD vaddr 0000500000000000 filesz 000000000000e423 memsz 000000000000e423 (ro) -> mapped USER (bounds ok)
[elf    ] PT_LOAD vaddr 000050000000f000 filesz 00000000000029ac memsz 00000000000029ac (ro) -> mapped USER (bounds ok)
[elf    ] PT_LOAD vaddr 0000500000012000 filesz 0000000000000180 memsz 000000000001d220 (rw) -> mapped USER (bounds ok)
[kernel ] spawned pid 335 'kp-stress' caps 0000000000000003 — private PML4 @ phys 00000000011ab000
[elf    ] PT_LOAD vaddr 0000500000000000 filesz 000000000000e423 memsz 000000000000e423 (ro) -> mapped USER (bounds ok)
[elf    ] PT_LOAD vaddr 000050000000f000 filesz 00000000000029ac memsz 00000000000029ac (ro) -> mapped USER (bounds ok)
[elf    ] PT_LOAD vaddr 0000500000012000 filesz 0000000000000180 memsz 000000000001d220 (rw) -> mapped USER (bounds ok)
[surface] pid 334 owns surface 6 (64x64) DOUBLE-BUFFERED at user vaddr 0000530000000000 (+4 pages back) (recycled pixel buffers)
[hw     ] GRANT  pid 335 'kp-stress' -> 'sensor0': phys 0000000001002000 mapped at vaddr 00004053c0000000 (1 pages)
[surface] slot 6 reclaimed on owner exit — 8 pages (phys 00000000012f0000) back on the free list
[surface] pid 334 owns surface 6 (64x64) DOUBLE-BUFFERED at user vaddr 0000530000000000 (+4 pages back) (recycled pixel buffers)
[surface] slot 6 reclaimed on owner exit — 8 pages (phys 00000000012f0000) back on the free list
[kernel ] spawned pid 336 'kp-stress' caps 0000000000000040 — private PML4 @ phys 0000000001375000
[elf    ] PT_LOAD vaddr 0000500000000000 filesz 000000000000e423 memsz 000000000000e423 (ro) -> mapped USER (bounds ok)
[elf    ] PT_LOAD vaddr 000050000000f000 filesz 00000000000029ac memsz 00000000000029ac (ro) -> mapped USER (bounds ok)
[elf    ] PT_LOAD vaddr 0000500000012000 filesz 0000000000000180 memsz 000000000001d220 (rw) -> mapped USER (bounds ok)
[kernel ] spawned pid 337 'kp-stress' caps 0000000000000003 — private PML4 @ phys 00000000014de000
[elf    ] PT_LOAD vaddr 0000500000000000 filesz 000000000000e423 memsz 000000000000e423 (ro) -> mapped USER (bounds ok)
[elf    ] PT_LOAD vaddr 000050000000f000 filesz 00000000000029ac memsz 00000000000029ac (ro) -> mapped USER (bounds ok)
[elf    ] PT_LOAD vaddr 0000500000012000 filesz 0000000000000180 memsz 000000000001d220 (rw) -> mapped USER (bounds ok)
[surface] pid 336 owns surface 6 (64x64) DOUBLE-BUFFERED at user vaddr 0000530000000000 (+4 pages back) (recycled pixel buffers)
[hw     ] GRANT  pid 337 'kp-stress' -> 'sensor0': phys 0000000001002000 mapped at vaddr 0000405440000000 (1 pages)
[surface] slot 6 reclaimed on owner exit — 8 pages (phys 00000000012f0000) back on the free list
[surface] pid 336 owns surface 6 (64x64) DOUBLE-BUFFERED at user vaddr 0000530000000000 (+4 pages back) (recycled pixel buffers)
[surface] slot 6 reclaimed on owner exit — 8 pages (phys 00000000012f0000) back on the free list
[kernel ] spawned pid 338 'kp-stress' caps 0000000000000040 — private PML4 @ phys 0000000001375000
[elf    ] PT_LOAD vaddr 0000500000000000 filesz 000000000000e423 memsz 000000000000e423 (ro) -> mapped USER (bounds ok)
[elf    ] PT_LOAD vaddr 000050000000f000 filesz 00000000000029ac memsz 00000000000029ac (ro) -> mapped USER (bounds ok)
[elf    ] PT_LOAD vaddr 0000500000012000 filesz 0000000000000180 memsz 000000000001d220 (rw) -> mapped USER (bounds ok)
[kernel ] spawned pid 339 'kp-stress' caps 0000000000000003 — private PML4 @ phys 0000000001329000
[elf    ] PT_LOAD vaddr 0000500000000000 filesz 000000000000e423 memsz 000000000000e423 (ro) -> mapped USER (bounds ok)
[elf    ] PT_LOAD vaddr 000050000000f000 filesz 00000000000029ac memsz 00000000000029ac (ro) -> mapped USER (bounds ok)
[elf    ] PT_LOAD vaddr 0000500000012000 filesz 0000000000000180 memsz 000000000001d220 (rw) -> mapped USER (bounds ok)
[hw     ] GRANT  pid 339 'kp-stress' -> 'sensor0': phys 0000000001002000 mapped at vaddr 00004054c0000000 (1 pages)
[surface] pid 338 owns surface 6 (64x64) DOUBLE-BUFFERED at user vaddr 0000530000000000 (+4 pages back) (recycled pixel buffers)
[surface] slot 6 reclaimed on owner exit — 8 pages (phys 00000000012f0000) back on the free list
[surface] pid 338 owns surface 6 (64x64) DOUBLE-BUFFERED at user vaddr 0000530000000000 (+4 pages back) (recycled pixel buffers)
[surface] slot 6 reclaimed on owner exit — 8 pages (phys 00000000012f0000) back on the free list
[kernel ] spawned pid 340 'kp-stress' caps 0000000000000040 — private PML4 @ phys 0000000001375000
[elf    ] PT_LOAD vaddr 0000500000000000 filesz 000000000000e423 memsz 000000000000e423 (ro) -> mapped USER (bounds ok)
[elf    ] PT_LOAD vaddr 000050000000f000 filesz 00000000000029ac memsz 00000000000029ac (ro) -> mapped USER (bounds ok)
[elf    ] PT_LOAD vaddr 0000500000012000 filesz 0000000000000180 memsz 000000000001d220 (rw) -> mapped USER (bounds ok)
[kernel ] spawned pid 341 'kp-stress' caps 0000000000000003 — private PML4 @ phys 00000000014cd000
[elf    ] PT_LOAD vaddr 0000500000000000 filesz 000000000000e423 memsz 000000000000e423 (ro) -> mapped USER (bounds ok)
[elf    ] PT_LOAD vaddr 000050000000f000 filesz 00000000000029ac memsz 00000000000029ac (ro) -> mapped USER (bounds ok)
[elf    ] PT_LOAD vaddr 0000500000012000 filesz 0000000000000180 memsz 000000000001d220 (rw) -> mapped USER (bounds ok)
[surface] pid 340 owns surface 6 (64x64) DOUBLE-BUFFERED at user vaddr 0000530000000000 (+4 pages back) (recycled pixel buffers)
[hw     ] GRANT  pid 341 'kp-stress' -> 'sensor0': phys 0000000001002000 mapped at vaddr 0000405540000000 (1 pages)
[surface] slot 6 reclaimed on owner exit — 8 pages (phys 00000000012f0000) back on the free list
[surface] pid 340 owns surface 6 (64x64) DOUBLE-BUFFERED at user vaddr 0000530000000000 (+4 pages back) (recycled pixel buffers)
[surface] slot 6 reclaimed on owner exit — 8 pages (phys 00000000012f0000) back on the free list
[kernel ] spawned pid 342 'kp-stress' caps 0000000000000040 — private PML4 @ phys 0000000001375000
[elf    ] PT_LOAD vaddr 0000500000000000 filesz 000000000000e423 memsz 000000000000e423 (ro) -> mapped USER (bounds ok)
[elf    ] PT_LOAD vaddr 000050000000f000 filesz 00000000000029ac memsz 00000000000029ac (ro) -> mapped USER (bounds ok)
[elf    ] PT_LOAD vaddr 0000500000012000 filesz 0000000000000180 memsz 000000000001d220 (rw) -> mapped USER (bounds ok)
[kernel ] spawned pid 343 'kp-stress' caps 0000000000000003 — private PML4 @ phys 00000000014e4000
[elf    ] PT_LOAD vaddr 0000500000000000 filesz 000000000000e423 memsz 000000000000e423 (ro) -> mapped USER (bounds ok)
[elf    ] PT_LOAD vaddr 000050000000f000 filesz 00000000000029ac memsz 00000000000029ac (ro) -> mapped USER (bounds ok)
[elf    ] PT_LOAD vaddr 0000500000012000 filesz 0000000000000180 memsz 000000000001d220 (rw) -> mapped USER (bounds ok)
[hw     ] GRANT  pid 343 'kp-stress' -> 'sensor0': phys 0000000001002000 mapped at vaddr 00004055c0000000 (1 pages)
[surface] pid 342 owns surface 6 (64x64) DOUBLE-BUFFERED at user vaddr 0000530000000000 (+4 pages back) (recycled pixel buffers)
[surface] slot 6 reclaimed on owner exit — 8 pages (phys 00000000012f0000) back on the free list
[surface] pid 342 owns surface 6 (64x64) DOUBLE-BUFFERED at user vaddr 0000530000000000 (+4 pages back) (recycled pixel buffers)
[surface] slot 6 reclaimed on owner exit — 8 pages (phys 00000000012f0000) back on the free list
[kernel ] spawned pid 344 'kp-stress' caps 0000000000000040 — private PML4 @ phys 0000000001375000
[elf    ] PT_LOAD vaddr 0000500000000000 filesz 000000000000e423 memsz 000000000000e423 (ro) -> mapped USER (bounds ok)
[elf    ] PT_LOAD vaddr 000050000000f000 filesz 00000000000029ac memsz 00000000000029ac (ro) -> mapped USER (bounds ok)
[elf    ] PT_LOAD vaddr 0000500000012000 filesz 0000000000000180 memsz 000000000001d220 (rw) -> mapped USER (bounds ok)
[kernel ] spawned pid 345 'kp-stress' caps 0000000000000003 — private PML4 @ phys 00000000014e7000
[elf    ] PT_LOAD vaddr 0000500000000000 filesz 000000000000e423 memsz 000000000000e423 (ro) -> mapped USER (bounds ok)
[elf    ] PT_LOAD vaddr 000050000000f000 filesz 00000000000029ac memsz 00000000000029ac (ro) -> mapped USER (bounds ok)
[elf    ] PT_LOAD vaddr 0000500000012000 filesz 0000000000000180 memsz 000000000001d220 (rw) -> mapped USER (bounds ok)
[hw     ] GRANT  pid 345 'kp-stress' -> 'sensor0': phys 0000000001002000 mapped at vaddr 0000405640000000 (1 pages)
[surface] pid 344 owns surface 6 (64x64) DOUBLE-BUFFERED at user vaddr 0000530000000000 (+4 pages back) (recycled pixel buffers)
[surface] slot 6 reclaimed on owner exit — 8 pages (phys 00000000012f0000) back on the free list
[surface] pid 344 owns surface 6 (64x64) DOUBLE-BUFFERED at user vaddr 0000530000000000 (+4 pages back) (recycled pixel buffers)
[surface] slot 6 reclaimed on owner exit — 8 pages (phys 00000000012f0000) back on the free list
[kernel ] spawned pid 346 'kp-stress' caps 0000000000000040 — private PML4 @ phys 0000000001375000
[elf    ] PT_LOAD vaddr 0000500000000000 filesz 000000000000e423 memsz 000000000000e423 (ro) -> mapped USER (bounds ok)
[elf    ] PT_LOAD vaddr 000050000000f000 filesz 00000000000029ac memsz 00000000000029ac (ro) -> mapped USER (bounds ok)
[elf    ] PT_LOAD vaddr 0000500000012000 filesz 0000000000000180 memsz 000000000001d220 (rw) -> mapped USER (bounds ok)
[kernel ] spawned pid 347 'kp-stress' caps 0000000000000003 — private PML4 @ phys 000000000147c000
[elf    ] PT_LOAD vaddr 0000500000000000 filesz 000000000000e423 memsz 000000000000e423 (ro) -> mapped USER (bounds ok)
[elf    ] PT_LOAD vaddr 000050000000f000 filesz 00000000000029ac memsz 00000000000029ac (ro) -> mapped USER (bounds ok)
[elf    ] PT_LOAD vaddr 0000500000012000 filesz 0000000000000180 memsz 000000000001d220 (rw) -> mapped USER (bounds ok)
[surface] pid 346 owns surface 6 (64x64) DOUBLE-BUFFERED at user vaddr 0000530000000000 (+4 pages back) (recycled pixel buffers)
[hw     ] GRANT  pid 347 'kp-stress' -> 'sensor0': phys 0000000001002000 mapped at vaddr 00004056c0000000 (1 pages)
[surface] slot 6 reclaimed on owner exit — 8 pages (phys 00000000012f0000) back on the free list
[surface] pid 346 owns surface 6 (64x64) DOUBLE-BUFFERED at user vaddr 0000530000000000 (+4 pages back) (recycled pixel buffers)
[surface] slot 6 reclaimed on owner exit — 8 pages (phys 00000000012f0000) back on the free list
[kernel ] spawned pid 348 'kp-stress' caps 0000000000000040 — private PML4 @ phys 0000000001375000
[elf    ] PT_LOAD vaddr 0000500000000000 filesz 000000000000e423 memsz 000000000000e423 (ro) -> mapped USER (bounds ok)
[elf    ] PT_LOAD vaddr 000050000000f000 filesz 00000000000029ac memsz 00000000000029ac (ro) -> mapped USER (bounds ok)
[elf    ] PT_LOAD vaddr 0000500000012000 filesz 0000000000000180 memsz 000000000001d220 (rw) -> mapped USER (bounds ok)
[kernel ] spawned pid 349 'kp-stress' caps 0000000000000003 — private PML4 @ phys 00000000014a0000
[elf    ] PT_LOAD vaddr 0000500000000000 filesz 000000000000e423 memsz 000000000000e423 (ro) -> mapped USER (bounds ok)
[elf    ] PT_LOAD vaddr 000050000000f000 filesz 00000000000029ac memsz 00000000000029ac (ro) -> mapped USER (bounds ok)
[elf    ] PT_LOAD vaddr 0000500000012000 filesz 0000000000000180 memsz 000000000001d220 (rw) -> mapped USER (bounds ok)
[surface] pid 348 owns surface 6 (64x64) DOUBLE-BUFFERED at user vaddr 0000530000000000 (+4 pages back) (recycled pixel buffers)
[hw     ] GRANT  pid 349 'kp-stress' -> 'sensor0': phys 0000000001002000 mapped at vaddr 0000405740000000 (1 pages)
[surface] slot 6 reclaimed on owner exit — 8 pages (phys 00000000012f0000) back on the free list
[surface] pid 348 owns surface 6 (64x64) DOUBLE-BUFFERED at user vaddr 0000530000000000 (+4 pages back) (recycled pixel buffers)
[surface] slot 6 reclaimed on owner exit — 8 pages (phys 00000000012f0000) back on the free list
[kernel ] spawned pid 350 'kp-stress' caps 0000000000000040 — private PML4 @ phys 0000000001375000
[elf    ] PT_LOAD vaddr 0000500000000000 filesz 000000000000e423 memsz 000000000000e423 (ro) -> mapped USER (bounds ok)
[elf    ] PT_LOAD vaddr 000050000000f000 filesz 00000000000029ac memsz 00000000000029ac (ro) -> mapped USER (bounds ok)
[elf    ] PT_LOAD vaddr 0000500000012000 filesz 0000000000000180 memsz 000000000001d220 (rw) -> mapped USER (bounds ok)
[kernel ] spawned pid 351 'kp-stress' caps 0000000000000003 — private PML4 @ phys 00000000014ed000
[elf    ] PT_LOAD vaddr 0000500000000000 filesz 000000000000e423 memsz 000000000000e423 (ro) -> mapped USER (bounds ok)
[elf    ] PT_LOAD vaddr 000050000000f000 filesz 00000000000029ac memsz 00000000000029ac (ro) -> mapped USER (bounds ok)
[elf    ] PT_LOAD vaddr 0000500000012000 filesz 0000000000000180 memsz 000000000001d220 (rw) -> mapped USER (bounds ok)
[surface] pid 350 owns surface 6 (64x64) DOUBLE-BUFFERED at user vaddr 0000530000000000 (+4 pages back) (recycled pixel buffers)
[hw     ] GRANT  pid 351 'kp-stress' -> 'sensor0': phys 0000000001002000 mapped at vaddr 00004057c0000000 (1 pages)
[surface] slot 6 reclaimed on owner exit — 8 pages (phys 00000000012f0000) back on the free list
[surface] pid 350 owns surface 6 (64x64) DOUBLE-BUFFERED at user vaddr 0000530000000000 (+4 pages back) (recycled pixel buffers)
[surface] slot 6 reclaimed on owner exit — 8 pages (phys 00000000012f0000) back on the free list
[kernel ] spawned pid 352 'kp-stress' caps 0000000000000040 — private PML4 @ phys 0000000001375000
[elf    ] PT_LOAD vaddr 0000500000000000 filesz 000000000000e423 memsz 000000000000e423 (ro) -> mapped USER (bounds ok)
[elf    ] PT_LOAD vaddr 000050000000f000 filesz 00000000000029ac memsz 00000000000029ac (ro) -> mapped USER (bounds ok)
[elf    ] PT_LOAD vaddr 0000500000012000 filesz 0000000000000180 memsz 000000000001d220 (rw) -> mapped USER (bounds ok)
[kernel ] spawned pid 353 'kp-stress' caps 0000000000000003 — private PML4 @ phys 00000000014ef000
[elf    ] PT_LOAD vaddr 0000500000000000 filesz 000000000000e423 memsz 000000000000e423 (ro) -> mapped USER (bounds ok)
[elf    ] PT_LOAD vaddr 000050000000f000 filesz 00000000000029ac memsz 00000000000029ac (ro) -> mapped USER (bounds ok)
[elf    ] PT_LOAD vaddr 0000500000012000 filesz 0000000000000180 memsz 000000000001d220 (rw) -> mapped USER (bounds ok)
[hw     ] GRANT  pid 353 'kp-stress' -> 'sensor0': phys 0000000001002000 mapped at vaddr 0000405840000000 (1 pages)
[surface] pid 352 owns surface 6 (64x64) DOUBLE-BUFFERED at user vaddr 0000530000000000 (+4 pages back) (recycled pixel buffers)
[surface] slot 6 reclaimed on owner exit — 8 pages (phys 00000000012f0000) back on the free list
[surface] pid 352 owns surface 6 (64x64) DOUBLE-BUFFERED at user vaddr 0000530000000000 (+4 pages back) (recycled pixel buffers)
[surface] slot 6 reclaimed on owner exit — 8 pages (phys 00000000012f0000) back on the free list
[kernel ] spawned pid 354 'kp-stress' caps 0000000000000040 — private PML4 @ phys 0000000001375000
[elf    ] PT_LOAD vaddr 0000500000000000 filesz 000000000000e423 memsz 000000000000e423 (ro) -> mapped USER (bounds ok)
[elf    ] PT_LOAD vaddr 000050000000f000 filesz 00000000000029ac memsz 00000000000029ac (ro) -> mapped USER (bounds ok)
[elf    ] PT_LOAD vaddr 0000500000012000 filesz 0000000000000180 memsz 000000000001d220 (rw) -> mapped USER (bounds ok)
[kernel ] spawned pid 355 'kp-stress' caps 0000000000000003 — private PML4 @ phys 00000000014b3000
[elf    ] PT_LOAD vaddr 0000500000000000 filesz 000000000000e423 memsz 000000000000e423 (ro) -> mapped USER (bounds ok)
[elf    ] PT_LOAD vaddr 000050000000f000 filesz 00000000000029ac memsz 00000000000029ac (ro) -> mapped USER (bounds ok)
[elf    ] PT_LOAD vaddr 0000500000012000 filesz 0000000000000180 memsz 000000000001d220 (rw) -> mapped USER (bounds ok)
[surface] pid 354 owns surface 6 (64x64) DOUBLE-BUFFERED at user vaddr 0000530000000000 (+4 pages back) (recycled pixel buffers)
[hw     ] GRANT  pid 355 'kp-stress' -> 'sensor0': phys 0000000001002000 mapped at vaddr 00004058c0000000 (1 pages)
[surface] slot 6 reclaimed on owner exit — 8 pages (phys 00000000012f0000) back on the free list
[surface] pid 354 owns surface 6 (64x64) DOUBLE-BUFFERED at user vaddr 0000530000000000 (+4 pages back) (recycled pixel buffers)
[surface] slot 6 reclaimed on owner exit — 8 pages (phys 00000000012f0000) back on the free list
[kernel ] spawned pid 356 'kp-stress' caps 0000000000000040 — private PML4 @ phys 0000000001375000
[elf    ] PT_LOAD vaddr 0000500000000000 filesz 000000000000e423 memsz 000000000000e423 (ro) -> mapped USER (bounds ok)
[elf    ] PT_LOAD vaddr 000050000000f000 filesz 00000000000029ac memsz 00000000000029ac (ro) -> mapped USER (bounds ok)
[elf    ] PT_LOAD vaddr 0000500000012000 filesz 0000000000000180 memsz 000000000001d220 (rw) -> mapped USER (bounds ok)
[kernel ] spawned pid 357 'kp-stress' caps 0000000000000003 — private PML4 @ phys 00000000011ab000
[elf    ] PT_LOAD vaddr 0000500000000000 filesz 000000000000e423 memsz 000000000000e423 (ro) -> mapped USER (bounds ok)
[elf    ] PT_LOAD vaddr 000050000000f000 filesz 00000000000029ac memsz 00000000000029ac (ro) -> mapped USER (bounds ok)
[elf    ] PT_LOAD vaddr 0000500000012000 filesz 0000000000000180 memsz 000000000001d220 (rw) -> mapped USER (bounds ok)
[surface] pid 356 owns surface 6 (64x64) DOUBLE-BUFFERED at user vaddr 0000530000000000 (+4 pages back) (recycled pixel buffers)
[hw     ] GRANT  pid 357 'kp-stress' -> 'sensor0': phys 0000000001002000 mapped at vaddr 0000405940000000 (1 pages)
[surface] slot 6 reclaimed on owner exit — 8 pages (phys 00000000012f0000) back on the free list
[surface] pid 356 owns surface 6 (64x64) DOUBLE-BUFFERED at user vaddr 0000530000000000 (+4 pages back) (recycled pixel buffers)
[surface] slot 6 reclaimed on owner exit — 8 pages (phys 00000000012f0000) back on the free list
[kernel ] spawned pid 358 'kp-stress' caps 0000000000000040 — private PML4 @ phys 0000000001375000
[elf    ] PT_LOAD vaddr 0000500000000000 filesz 000000000000e423 memsz 000000000000e423 (ro) -> mapped USER (bounds ok)
[elf    ] PT_LOAD vaddr 000050000000f000 filesz 00000000000029ac memsz 00000000000029ac (ro) -> mapped USER (bounds ok)
[elf    ] PT_LOAD vaddr 0000500000012000 filesz 0000000000000180 memsz 000000000001d220 (rw) -> mapped USER (bounds ok)
[kernel ] spawned pid 359 'kp-stress' caps 0000000000000003 — private PML4 @ phys 00000000014de000
[elf    ] PT_LOAD vaddr 0000500000000000 filesz 000000000000e423 memsz 000000000000e423 (ro) -> mapped USER (bounds ok)
[elf    ] PT_LOAD vaddr 000050000000f000 filesz 00000000000029ac memsz 00000000000029ac (ro) -> mapped USER (bounds ok)
[elf    ] PT_LOAD vaddr 0000500000012000 filesz 0000000000000180 memsz 000000000001d220 (rw) -> mapped USER (bounds ok)
[surface] pid 358 owns surface 6 (64x64) DOUBLE-BUFFERED at user vaddr 0000530000000000 (+4 pages back) (recycled pixel buffers)
[hw     ] GRANT  pid 359 'kp-stress' -> 'sensor0': phys 0000000001002000 mapped at vaddr 00004059c0000000 (1 pages)
[surface] slot 6 reclaimed on owner exit — 8 pages (phys 00000000012f0000) back on the free list
[surface] pid 358 owns surface 6 (64x64) DOUBLE-BUFFERED at user vaddr 0000530000000000 (+4 pages back) (recycled pixel buffers)
[surface] slot 6 reclaimed on owner exit — 8 pages (phys 00000000012f0000) back on the free list
[kernel ] spawned pid 360 'kp-stress' caps 0000000000000040 — private PML4 @ phys 0000000001375000
[elf    ] PT_LOAD vaddr 0000500000000000 filesz 000000000000e423 memsz 000000000000e423 (ro) -> mapped USER (bounds ok)
[elf    ] PT_LOAD vaddr 000050000000f000 filesz 00000000000029ac memsz 00000000000029ac (ro) -> mapped USER (bounds ok)
[elf    ] PT_LOAD vaddr 0000500000012000 filesz 0000000000000180 memsz 000000000001d220 (rw) -> mapped USER (bounds ok)
[kernel ] spawned pid 361 'kp-stress' caps 0000000000000003 — private PML4 @ phys 0000000001329000
[elf    ] PT_LOAD vaddr 0000500000000000 filesz 000000000000e423 memsz 000000000000e423 (ro) -> mapped USER (bounds ok)
[elf    ] PT_LOAD vaddr 000050000000f000 filesz 00000000000029ac memsz 00000000000029ac (ro) -> mapped USER (bounds ok)
[elf    ] PT_LOAD vaddr 0000500000012000 filesz 0000000000000180 memsz 000000000001d220 (rw) -> mapped USER (bounds ok)
[surface] pid 360 owns surface 6 (64x64) DOUBLE-BUFFERED at user vaddr 0000530000000000 (+4 pages back) (recycled pixel buffers)
[hw     ] GRANT  pid 361 'kp-stress' -> 'sensor0': phys 0000000001002000 mapped at vaddr 0000405a40000000 (1 pages)
[surface] slot 6 reclaimed on owner exit — 8 pages (phys 00000000012f0000) back on the free list
[surface] pid 360 owns surface 6 (64x64) DOUBLE-BUFFERED at user vaddr 0000530000000000 (+4 pages back) (recycled pixel buffers)
[surface] slot 6 reclaimed on owner exit — 8 pages (phys 00000000012f0000) back on the free list
[kernel ] spawned pid 362 'kp-stress' caps 0000000000000040 — private PML4 @ phys 0000000001375000
[elf    ] PT_LOAD vaddr 0000500000000000 filesz 000000000000e423 memsz 000000000000e423 (ro) -> mapped USER (bounds ok)
[elf    ] PT_LOAD vaddr 000050000000f000 filesz 00000000000029ac memsz 00000000000029ac (ro) -> mapped USER (bounds ok)
[elf    ] PT_LOAD vaddr 0000500000012000 filesz 0000000000000180 memsz 000000000001d220 (rw) -> mapped USER (bounds ok)
[kernel ] spawned pid 363 'kp-stress' caps 0000000000000003 — private PML4 @ phys 00000000014cd000
[elf    ] PT_LOAD vaddr 0000500000000000 filesz 000000000000e423 memsz 000000000000e423 (ro) -> mapped USER (bounds ok)
[elf    ] PT_LOAD vaddr 000050000000f000 filesz 00000000000029ac memsz 00000000000029ac (ro) -> mapped USER (bounds ok)
[elf    ] PT_LOAD vaddr 0000500000012000 filesz 0000000000000180 memsz 000000000001d220 (rw) -> mapped USER (bounds ok)
[surface] pid 362 owns surface 6 (64x64) DOUBLE-BUFFERED at user vaddr 0000530000000000 (+4 pages back) (recycled pixel buffers)
[hw     ] GRANT  pid 363 'kp-stress' -> 'sensor0': phys 0000000001002000 mapped at vaddr 0000405ac0000000 (1 pages)
[surface] slot 6 reclaimed on owner exit — 8 pages (phys 00000000012f0000) back on the free list
[surface] pid 362 owns surface 6 (64x64) DOUBLE-BUFFERED at user vaddr 0000530000000000 (+4 pages back) (recycled pixel buffers)
[surface] slot 6 reclaimed on owner exit — 8 pages (phys 00000000012f0000) back on the free list
[kernel ] spawned pid 364 'kp-stress' caps 0000000000000040 — private PML4 @ phys 0000000001375000
[elf    ] PT_LOAD vaddr 0000500000000000 filesz 000000000000e423 memsz 000000000000e423 (ro) -> mapped USER (bounds ok)
[elf    ] PT_LOAD vaddr 000050000000f000 filesz 00000000000029ac memsz 00000000000029ac (ro) -> mapped USER (bounds ok)
[elf    ] PT_LOAD vaddr 0000500000012000 filesz 0000000000000180 memsz 000000000001d220 (rw) -> mapped USER (bounds ok)
[kernel ] spawned pid 365 'kp-stress' caps 0000000000000003 — private PML4 @ phys 00000000014e4000
[elf    ] PT_LOAD vaddr 0000500000000000 filesz 000000000000e423 memsz 000000000000e423 (ro) -> mapped USER (bounds ok)
[elf    ] PT_LOAD vaddr 000050000000f000 filesz 00000000000029ac memsz 00000000000029ac (ro) -> mapped USER (bounds ok)
[elf    ] PT_LOAD vaddr 0000500000012000 filesz 0000000000000180 memsz 000000000001d220 (rw) -> mapped USER (bounds ok)
[surface] pid 364 owns surface 6 (64x64) DOUBLE-BUFFERED at user vaddr 0000530000000000 (+4 pages back) (recycled pixel buffers)
[hw     ] GRANT  pid 365 'kp-stress' -> 'sensor0': phys 0000000001002000 mapped at vaddr 0000405b40000000 (1 pages)
[surface] slot 6 reclaimed on owner exit — 8 pages (phys 00000000012f0000) back on the free list
[surface] pid 364 owns surface 6 (64x64) DOUBLE-BUFFERED at user vaddr 0000530000000000 (+4 pages back) (recycled pixel buffers)
[surface] slot 6 reclaimed on owner exit — 8 pages (phys 00000000012f0000) back on the free list
[kernel ] spawned pid 366 'kp-stress' caps 0000000000000040 — private PML4 @ phys 0000000001375000
[elf    ] PT_LOAD vaddr 0000500000000000 filesz 000000000000e423 memsz 000000000000e423 (ro) -> mapped USER (bounds ok)
[elf    ] PT_LOAD vaddr 000050000000f000 filesz 00000000000029ac memsz 00000000000029ac (ro) -> mapped USER (bounds ok)
[elf    ] PT_LOAD vaddr 0000500000012000 filesz 0000000000000180 memsz 000000000001d220 (rw) -> mapped USER (bounds ok)
[kernel ] spawned pid 367 'kp-stress' caps 0000000000000003 — private PML4 @ phys 00000000014e7000
[elf    ] PT_LOAD vaddr 0000500000000000 filesz 000000000000e423 memsz 000000000000e423 (ro) -> mapped USER (bounds ok)
[elf    ] PT_LOAD vaddr 000050000000f000 filesz 00000000000029ac memsz 00000000000029ac (ro) -> mapped USER (bounds ok)
[elf    ] PT_LOAD vaddr 0000500000012000 filesz 0000000000000180 memsz 000000000001d220 (rw) -> mapped USER (bounds ok)
[surface] pid 366 owns surface 6 (64x64) DOUBLE-BUFFERED at user vaddr 0000530000000000 (+4 pages back) (recycled pixel buffers)
[hw     ] GRANT  pid 367 'kp-stress' -> 'sensor0': phys 0000000001002000 mapped at vaddr 0000405bc0000000 (1 pages)
[surface] slot 6 reclaimed on owner exit — 8 pages (phys 00000000012f0000) back on the free list
[surface] pid 366 owns surface 6 (64x64) DOUBLE-BUFFERED at user vaddr 0000530000000000 (+4 pages back) (recycled pixel buffers)
[surface] slot 6 reclaimed on owner exit — 8 pages (phys 00000000012f0000) back on the free list
[kpstrs] cycle 150/200 clean (slots seen so far: 3, recycled spawns: 303)
[kernel ] spawned pid 368 'kp-stress' caps 0000000000000040 — private PML4 @ phys 0000000001375000
[elf    ] PT_LOAD vaddr 0000500000000000 filesz 000000000000e423 memsz 000000000000e423 (ro) -> mapped USER (bounds ok)
[elf    ] PT_LOAD vaddr 000050000000f000 filesz 00000000000029ac memsz 00000000000029ac (ro) -> mapped USER (bounds ok)
[elf    ] PT_LOAD vaddr 0000500000012000 filesz 0000000000000180 memsz 000000000001d220 (rw) -> mapped USER (bounds ok)
[kernel ] spawned pid 369 'kp-stress' caps 0000000000000003 — private PML4 @ phys 0000000001515000
[elf    ] PT_LOAD vaddr 0000500000000000 filesz 000000000000e423 memsz 000000000000e423 (ro) -> mapped USER (bounds ok)
[elf    ] PT_LOAD vaddr 000050000000f000 filesz 00000000000029ac memsz 00000000000029ac (ro) -> mapped USER (bounds ok)
[elf    ] PT_LOAD vaddr 0000500000012000 filesz 0000000000000180 memsz 000000000001d220 (rw) -> mapped USER (bounds ok)
[surface] pid 368 owns surface 6 (64x64) DOUBLE-BUFFERED at user vaddr 0000530000000000 (+4 pages back) (recycled pixel buffers)
[hw     ] GRANT  pid 369 'kp-stress' -> 'sensor0': phys 0000000001002000 mapped at vaddr 0000405c40000000 (1 pages)
[surface] slot 6 reclaimed on owner exit — 8 pages (phys 00000000012f0000) back on the free list
[surface] pid 368 owns surface 6 (64x64) DOUBLE-BUFFERED at user vaddr 0000530000000000 (+4 pages back) (recycled pixel buffers)
[surface] slot 6 reclaimed on owner exit — 8 pages (phys 00000000012f0000) back on the free list
[kernel ] spawned pid 370 'kp-stress' caps 0000000000000040 — private PML4 @ phys 0000000001375000
[elf    ] PT_LOAD vaddr 0000500000000000 filesz 000000000000e423 memsz 000000000000e423 (ro) -> mapped USER (bounds ok)
[elf    ] PT_LOAD vaddr 000050000000f000 filesz 00000000000029ac memsz 00000000000029ac (ro) -> mapped USER (bounds ok)
[elf    ] PT_LOAD vaddr 0000500000012000 filesz 0000000000000180 memsz 000000000001d220 (rw) -> mapped USER (bounds ok)
[kernel ] spawned pid 371 'kp-stress' caps 0000000000000003 — private PML4 @ phys 00000000014a0000
[elf    ] PT_LOAD vaddr 0000500000000000 filesz 000000000000e423 memsz 000000000000e423 (ro) -> mapped USER (bounds ok)
[elf    ] PT_LOAD vaddr 000050000000f000 filesz 00000000000029ac memsz 00000000000029ac (ro) -> mapped USER (bounds ok)
[elf    ] PT_LOAD vaddr 0000500000012000 filesz 0000000000000180 memsz 000000000001d220 (rw) -> mapped USER (bounds ok)
[surface] pid 370 owns surface 6 (64x64) DOUBLE-BUFFERED at user vaddr 0000530000000000 (+4 pages back) (recycled pixel buffers)
[hw     ] GRANT  pid 371 'kp-stress' -> 'sensor0': phys 0000000001002000 mapped at vaddr 0000405cc0000000 (1 pages)
[surface] slot 6 reclaimed on owner exit — 8 pages (phys 00000000012f0000) back on the free list
[surface] pid 370 owns surface 6 (64x64) DOUBLE-BUFFERED at user vaddr 0000530000000000 (+4 pages back) (recycled pixel buffers)
[surface] slot 6 reclaimed on owner exit — 8 pages (phys 00000000012f0000) back on the free list
[kernel ] spawned pid 372 'kp-stress' caps 0000000000000040 — private PML4 @ phys 0000000001375000
[elf    ] PT_LOAD vaddr 0000500000000000 filesz 000000000000e423 memsz 000000000000e423 (ro) -> mapped USER (bounds ok)
[elf    ] PT_LOAD vaddr 000050000000f000 filesz 00000000000029ac memsz 00000000000029ac (ro) -> mapped USER (bounds ok)
[elf    ] PT_LOAD vaddr 0000500000012000 filesz 0000000000000180 memsz 000000000001d220 (rw) -> mapped USER (bounds ok)
[kernel ] spawned pid 373 'kp-stress' caps 0000000000000003 — private PML4 @ phys 00000000014ed000
[elf    ] PT_LOAD vaddr 0000500000000000 filesz 000000000000e423 memsz 000000000000e423 (ro) -> mapped USER (bounds ok)
[elf    ] PT_LOAD vaddr 000050000000f000 filesz 00000000000029ac memsz 00000000000029ac (ro) -> mapped USER (bounds ok)
[elf    ] PT_LOAD vaddr 0000500000012000 filesz 0000000000000180 memsz 000000000001d220 (rw) -> mapped USER (bounds ok)
[surface] pid 372 owns surface 6 (64x64) DOUBLE-BUFFERED at user vaddr 0000530000000000 (+4 pages back) (recycled pixel buffers)
[hw     ] GRANT  pid 373 'kp-stress' -> 'sensor0': phys 0000000001002000 mapped at vaddr 0000405d40000000 (1 pages)
[surface] slot 6 reclaimed on owner exit — 8 pages (phys 00000000012f0000) back on the free list
[surface] pid 372 owns surface 6 (64x64) DOUBLE-BUFFERED at user vaddr 0000530000000000 (+4 pages back) (recycled pixel buffers)
[surface] slot 6 reclaimed on owner exit — 8 pages (phys 00000000012f0000) back on the free list
[kernel ] spawned pid 374 'kp-stress' caps 0000000000000040 — private PML4 @ phys 0000000001375000
[elf    ] PT_LOAD vaddr 0000500000000000 filesz 000000000000e423 memsz 000000000000e423 (ro) -> mapped USER (bounds ok)
[elf    ] PT_LOAD vaddr 000050000000f000 filesz 00000000000029ac memsz 00000000000029ac (ro) -> mapped USER (bounds ok)
[elf    ] PT_LOAD vaddr 0000500000012000 filesz 0000000000000180 memsz 000000000001d220 (rw) -> mapped USER (bounds ok)
[kernel ] spawned pid 375 'kp-stress' caps 0000000000000003 — private PML4 @ phys 00000000014ef000
[elf    ] PT_LOAD vaddr 0000500000000000 filesz 000000000000e423 memsz 000000000000e423 (ro) -> mapped USER (bounds ok)
[elf    ] PT_LOAD vaddr 000050000000f000 filesz 00000000000029ac memsz 00000000000029ac (ro) -> mapped USER (bounds ok)
[elf    ] PT_LOAD vaddr 0000500000012000 filesz 0000000000000180 memsz 000000000001d220 (rw) -> mapped USER (bounds ok)
[hw     ] GRANT  pid 375 'kp-stress' -> 'sensor0': phys 0000000001002000 mapped at vaddr 0000405dc0000000 (1 pages)
[surface] pid 374 owns surface 6 (64x64) DOUBLE-BUFFERED at user vaddr 0000530000000000 (+4 pages back) (recycled pixel buffers)
[surface] slot 6 reclaimed on owner exit — 8 pages (phys 00000000012f0000) back on the free list
[surface] pid 374 owns surface 6 (64x64) DOUBLE-BUFFERED at user vaddr 0000530000000000 (+4 pages back) (recycled pixel buffers)
[surface] slot 6 reclaimed on owner exit — 8 pages (phys 00000000012f0000) back on the free list
[kernel ] spawned pid 376 'kp-stress' caps 0000000000000040 — private PML4 @ phys 0000000001375000
[elf    ] PT_LOAD vaddr 0000500000000000 filesz 000000000000e423 memsz 000000000000e423 (ro) -> mapped USER (bounds ok)
[elf    ] PT_LOAD vaddr 000050000000f000 filesz 00000000000029ac memsz 00000000000029ac (ro) -> mapped USER (bounds ok)
[elf    ] PT_LOAD vaddr 0000500000012000 filesz 0000000000000180 memsz 000000000001d220 (rw) -> mapped USER (bounds ok)
[kernel ] spawned pid 377 'kp-stress' caps 0000000000000003 — private PML4 @ phys 00000000014b3000
[elf    ] PT_LOAD vaddr 0000500000000000 filesz 000000000000e423 memsz 000000000000e423 (ro) -> mapped USER (bounds ok)
[elf    ] PT_LOAD vaddr 000050000000f000 filesz 00000000000029ac memsz 00000000000029ac (ro) -> mapped USER (bounds ok)
[elf    ] PT_LOAD vaddr 0000500000012000 filesz 0000000000000180 memsz 000000000001d220 (rw) -> mapped USER (bounds ok)
[surface] pid 376 owns surface 6 (64x64) DOUBLE-BUFFERED at user vaddr 0000530000000000 (+4 pages back) (recycled pixel buffers)
[hw     ] GRANT  pid 377 'kp-stress' -> 'sensor0': phys 0000000001002000 mapped at vaddr 0000405e40000000 (1 pages)
[surface] slot 6 reclaimed on owner exit — 8 pages (phys 00000000012f0000) back on the free list
[surface] pid 376 owns surface 6 (64x64) DOUBLE-BUFFERED at user vaddr 0000530000000000 (+4 pages back) (recycled pixel buffers)
[surface] slot 6 reclaimed on owner exit — 8 pages (phys 00000000012f0000) back on the free list
[kernel ] spawned pid 378 'kp-stress' caps 0000000000000040 — private PML4 @ phys 0000000001375000
[elf    ] PT_LOAD vaddr 0000500000000000 filesz 000000000000e423 memsz 000000000000e423 (ro) -> mapped USER (bounds ok)
[elf    ] PT_LOAD vaddr 000050000000f000 filesz 00000000000029ac memsz 00000000000029ac (ro) -> mapped USER (bounds ok)
[elf    ] PT_LOAD vaddr 0000500000012000 filesz 0000000000000180 memsz 000000000001d220 (rw) -> mapped USER (bounds ok)
[kernel ] spawned pid 379 'kp-stress' caps 0000000000000003 — private PML4 @ phys 00000000011ab000
[elf    ] PT_LOAD vaddr 0000500000000000 filesz 000000000000e423 memsz 000000000000e423 (ro) -> mapped USER (bounds ok)
[elf    ] PT_LOAD vaddr 000050000000f000 filesz 00000000000029ac memsz 00000000000029ac (ro) -> mapped USER (bounds ok)
[elf    ] PT_LOAD vaddr 0000500000012000 filesz 0000000000000180 memsz 000000000001d220 (rw) -> mapped USER (bounds ok)
[hw     ] GRANT  pid 379 'kp-stress' -> 'sensor0': phys 0000000001002000 mapped at vaddr 0000405ec0000000 (1 pages)
[surface] pid 378 owns surface 6 (64x64) DOUBLE-BUFFERED at user vaddr 0000530000000000 (+4 pages back) (recycled pixel buffers)
[surface] slot 6 reclaimed on owner exit — 8 pages (phys 00000000012f0000) back on the free list
[surface] pid 378 owns surface 6 (64x64) DOUBLE-BUFFERED at user vaddr 0000530000000000 (+4 pages back) (recycled pixel buffers)
[surface] slot 6 reclaimed on owner exit — 8 pages (phys 00000000012f0000) back on the free list
[kernel ] spawned pid 380 'kp-stress' caps 0000000000000040 — private PML4 @ phys 0000000001375000
[elf    ] PT_LOAD vaddr 0000500000000000 filesz 000000000000e423 memsz 000000000000e423 (ro) -> mapped USER (bounds ok)
[elf    ] PT_LOAD vaddr 000050000000f000 filesz 00000000000029ac memsz 00000000000029ac (ro) -> mapped USER (bounds ok)
[elf    ] PT_LOAD vaddr 0000500000012000 filesz 0000000000000180 memsz 000000000001d220 (rw) -> mapped USER (bounds ok)
[kernel ] spawned pid 381 'kp-stress' caps 0000000000000003 — private PML4 @ phys 00000000014de000
[elf    ] PT_LOAD vaddr 0000500000000000 filesz 000000000000e423 memsz 000000000000e423 (ro) -> mapped USER (bounds ok)
[elf    ] PT_LOAD vaddr 000050000000f000 filesz 00000000000029ac memsz 00000000000029ac (ro) -> mapped USER (bounds ok)
[elf    ] PT_LOAD vaddr 0000500000012000 filesz 0000000000000180 memsz 000000000001d220 (rw) -> mapped USER (bounds ok)
[surface] pid 380 owns surface 6 (64x64) DOUBLE-BUFFERED at user vaddr 0000530000000000 (+4 pages back) (recycled pixel buffers)
[hw     ] GRANT  pid 381 'kp-stress' -> 'sensor0': phys 0000000001002000 mapped at vaddr 0000405f40000000 (1 pages)
[surface] slot 6 reclaimed on owner exit — 8 pages (phys 00000000012f0000) back on the free list
[surface] pid 380 owns surface 6 (64x64) DOUBLE-BUFFERED at user vaddr 0000530000000000 (+4 pages back) (recycled pixel buffers)
[surface] slot 6 reclaimed on owner exit — 8 pages (phys 00000000012f0000) back on the free list
[kernel ] spawned pid 382 'kp-stress' caps 0000000000000040 — private PML4 @ phys 0000000001375000
[elf    ] PT_LOAD vaddr 0000500000000000 filesz 000000000000e423 memsz 000000000000e423 (ro) -> mapped USER (bounds ok)
[elf    ] PT_LOAD vaddr 000050000000f000 filesz 00000000000029ac memsz 00000000000029ac (ro) -> mapped USER (bounds ok)
[elf    ] PT_LOAD vaddr 0000500000012000 filesz 0000000000000180 memsz 000000000001d220 (rw) -> mapped USER (bounds ok)
[kernel ] spawned pid 383 'kp-stress' caps 0000000000000003 — private PML4 @ phys 0000000001329000
[elf    ] PT_LOAD vaddr 0000500000000000 filesz 000000000000e423 memsz 000000000000e423 (ro) -> mapped USER (bounds ok)
[elf    ] PT_LOAD vaddr 000050000000f000 filesz 00000000000029ac memsz 00000000000029ac (ro) -> mapped USER (bounds ok)
[elf    ] PT_LOAD vaddr 0000500000012000 filesz 0000000000000180 memsz 000000000001d220 (rw) -> mapped USER (bounds ok)
[hw     ] GRANT  pid 383 'kp-stress' -> 'sensor0': phys 0000000001002000 mapped at vaddr 0000405fc0000000 (1 pages)
[surface] pid 382 owns surface 6 (64x64) DOUBLE-BUFFERED at user vaddr 0000530000000000 (+4 pages back) (recycled pixel buffers)
[surface] slot 6 reclaimed on owner exit — 8 pages (phys 00000000012f0000) back on the free list
[surface] pid 382 owns surface 6 (64x64) DOUBLE-BUFFERED at user vaddr 0000530000000000 (+4 pages back) (recycled pixel buffers)
[surface] slot 6 reclaimed on owner exit — 8 pages (phys 00000000012f0000) back on the free list
[kernel ] spawned pid 384 'kp-stress' caps 0000000000000040 — private PML4 @ phys 0000000001375000
[elf    ] PT_LOAD vaddr 0000500000000000 filesz 000000000000e423 memsz 000000000000e423 (ro) -> mapped USER (bounds ok)
[elf    ] PT_LOAD vaddr 000050000000f000 filesz 00000000000029ac memsz 00000000000029ac (ro) -> mapped USER (bounds ok)
[elf    ] PT_LOAD vaddr 0000500000012000 filesz 0000000000000180 memsz 000000000001d220 (rw) -> mapped USER (bounds ok)
[kernel ] spawned pid 385 'kp-stress' caps 0000000000000003 — private PML4 @ phys 00000000014cd000
[elf    ] PT_LOAD vaddr 0000500000000000 filesz 000000000000e423 memsz 000000000000e423 (ro) -> mapped USER (bounds ok)
[elf    ] PT_LOAD vaddr 000050000000f000 filesz 00000000000029ac memsz 00000000000029ac (ro) -> mapped USER (bounds ok)
[elf    ] PT_LOAD vaddr 0000500000012000 filesz 0000000000000180 memsz 000000000001d220 (rw) -> mapped USER (bounds ok)
[surface] pid 384 owns surface 6 (64x64) DOUBLE-BUFFERED at user vaddr 0000530000000000 (+4 pages back) (recycled pixel buffers)
[hw     ] GRANT  pid 385 'kp-stress' -> 'sensor0': phys 0000000001002000 mapped at vaddr 0000406040000000 (1 pages)
[surface] slot 6 reclaimed on owner exit — 8 pages (phys 00000000012f0000) back on the free list
[surface] pid 384 owns surface 6 (64x64) DOUBLE-BUFFERED at user vaddr 0000530000000000 (+4 pages back) (recycled pixel buffers)
[surface] slot 6 reclaimed on owner exit — 8 pages (phys 00000000012f0000) back on the free list
[kernel ] spawned pid 386 'kp-stress' caps 0000000000000040 — private PML4 @ phys 0000000001375000
[elf    ] PT_LOAD vaddr 0000500000000000 filesz 000000000000e423 memsz 000000000000e423 (ro) -> mapped USER (bounds ok)
[elf    ] PT_LOAD vaddr 000050000000f000 filesz 00000000000029ac memsz 00000000000029ac (ro) -> mapped USER (bounds ok)
[elf    ] PT_LOAD vaddr 0000500000012000 filesz 0000000000000180 memsz 000000000001d220 (rw) -> mapped USER (bounds ok)
[kernel ] spawned pid 387 'kp-stress' caps 0000000000000003 — private PML4 @ phys 00000000014e4000
[elf    ] PT_LOAD vaddr 0000500000000000 filesz 000000000000e423 memsz 000000000000e423 (ro) -> mapped USER (bounds ok)
[elf    ] PT_LOAD vaddr 000050000000f000 filesz 00000000000029ac memsz 00000000000029ac (ro) -> mapped USER (bounds ok)
[elf    ] PT_LOAD vaddr 0000500000012000 filesz 0000000000000180 memsz 000000000001d220 (rw) -> mapped USER (bounds ok)
[surface] pid 386 owns surface 6 (64x64) DOUBLE-BUFFERED at user vaddr 0000530000000000 (+4 pages back) (recycled pixel buffers)
[hw     ] GRANT  pid 387 'kp-stress' -> 'sensor0': phys 0000000001002000 mapped at vaddr 00004060c0000000 (1 pages)
[surface] slot 6 reclaimed on owner exit — 8 pages (phys 00000000012f0000) back on the free list
[surface] pid 386 owns surface 6 (64x64) DOUBLE-BUFFERED at user vaddr 0000530000000000 (+4 pages back) (recycled pixel buffers)
[surface] slot 6 reclaimed on owner exit — 8 pages (phys 00000000012f0000) back on the free list
[kernel ] spawned pid 388 'kp-stress' caps 0000000000000040 — private PML4 @ phys 0000000001375000
[elf    ] PT_LOAD vaddr 0000500000000000 filesz 000000000000e423 memsz 000000000000e423 (ro) -> mapped USER (bounds ok)
[elf    ] PT_LOAD vaddr 000050000000f000 filesz 00000000000029ac memsz 00000000000029ac (ro) -> mapped USER (bounds ok)
[elf    ] PT_LOAD vaddr 0000500000012000 filesz 0000000000000180 memsz 000000000001d220 (rw) -> mapped USER (bounds ok)
[kernel ] spawned pid 389 'kp-stress' caps 0000000000000003 — private PML4 @ phys 00000000014e7000
[elf    ] PT_LOAD vaddr 0000500000000000 filesz 000000000000e423 memsz 000000000000e423 (ro) -> mapped USER (bounds ok)
[elf    ] PT_LOAD vaddr 000050000000f000 filesz 00000000000029ac memsz 00000000000029ac (ro) -> mapped USER (bounds ok)
[elf    ] PT_LOAD vaddr 0000500000012000 filesz 0000000000000180 memsz 000000000001d220 (rw) -> mapped USER (bounds ok)
[surface] pid 388 owns surface 6 (64x64) DOUBLE-BUFFERED at user vaddr 0000530000000000 (+4 pages back) (recycled pixel buffers)
[hw     ] GRANT  pid 389 'kp-stress' -> 'sensor0': phys 0000000001002000 mapped at vaddr 0000406140000000 (1 pages)
[surface] slot 6 reclaimed on owner exit — 8 pages (phys 00000000012f0000) back on the free list
[surface] pid 388 owns surface 6 (64x64) DOUBLE-BUFFERED at user vaddr 0000530000000000 (+4 pages back) (recycled pixel buffers)
[surface] slot 6 reclaimed on owner exit — 8 pages (phys 00000000012f0000) back on the free list
[kernel ] spawned pid 390 'kp-stress' caps 0000000000000040 — private PML4 @ phys 0000000001375000
[elf    ] PT_LOAD vaddr 0000500000000000 filesz 000000000000e423 memsz 000000000000e423 (ro) -> mapped USER (bounds ok)
[elf    ] PT_LOAD vaddr 000050000000f000 filesz 00000000000029ac memsz 00000000000029ac (ro) -> mapped USER (bounds ok)
[elf    ] PT_LOAD vaddr 0000500000012000 filesz 0000000000000180 memsz 000000000001d220 (rw) -> mapped USER (bounds ok)
[kernel ] spawned pid 391 'kp-stress' caps 0000000000000003 — private PML4 @ phys 000000000152b000
[elf    ] PT_LOAD vaddr 0000500000000000 filesz 000000000000e423 memsz 000000000000e423 (ro) -> mapped USER (bounds ok)
[elf    ] PT_LOAD vaddr 000050000000f000 filesz 00000000000029ac memsz 00000000000029ac (ro) -> mapped USER (bounds ok)
[elf    ] PT_LOAD vaddr 0000500000012000 filesz 0000000000000180 memsz 000000000001d220 (rw) -> mapped USER (bounds ok)
[surface] pid 390 owns surface 6 (64x64) DOUBLE-BUFFERED at user vaddr 0000530000000000 (+4 pages back) (recycled pixel buffers)
[hw     ] GRANT  pid 391 'kp-stress' -> 'sensor0': phys 0000000001002000 mapped at vaddr 00004061c0000000 (1 pages)
[surface] slot 6 reclaimed on owner exit — 8 pages (phys 00000000012f0000) back on the free list
[surface] pid 390 owns surface 6 (64x64) DOUBLE-BUFFERED at user vaddr 0000530000000000 (+4 pages back) (recycled pixel buffers)
[surface] slot 6 reclaimed on owner exit — 8 pages (phys 00000000012f0000) back on the free list
[kernel ] spawned pid 392 'kp-stress' caps 0000000000000040 — private PML4 @ phys 0000000001375000
[elf    ] PT_LOAD vaddr 0000500000000000 filesz 000000000000e423 memsz 000000000000e423 (ro) -> mapped USER (bounds ok)
[elf    ] PT_LOAD vaddr 000050000000f000 filesz 00000000000029ac memsz 00000000000029ac (ro) -> mapped USER (bounds ok)
[elf    ] PT_LOAD vaddr 0000500000012000 filesz 0000000000000180 memsz 000000000001d220 (rw) -> mapped USER (bounds ok)
[kernel ] spawned pid 393 'kp-stress' caps 0000000000000003 — private PML4 @ phys 00000000014a0000
[elf    ] PT_LOAD vaddr 0000500000000000 filesz 000000000000e423 memsz 000000000000e423 (ro) -> mapped USER (bounds ok)
[elf    ] PT_LOAD vaddr 000050000000f000 filesz 00000000000029ac memsz 00000000000029ac (ro) -> mapped USER (bounds ok)
[elf    ] PT_LOAD vaddr 0000500000012000 filesz 0000000000000180 memsz 000000000001d220 (rw) -> mapped USER (bounds ok)
[surface] pid 392 owns surface 6 (64x64) DOUBLE-BUFFERED at user vaddr 0000530000000000 (+4 pages back) (recycled pixel buffers)
[hw     ] GRANT  pid 393 'kp-stress' -> 'sensor0': phys 0000000001002000 mapped at vaddr 0000406240000000 (1 pages)
[surface] slot 6 reclaimed on owner exit — 8 pages (phys 00000000012f0000) back on the free list
[surface] pid 392 owns surface 6 (64x64) DOUBLE-BUFFERED at user vaddr 0000530000000000 (+4 pages back) (recycled pixel buffers)
[surface] slot 6 reclaimed on owner exit — 8 pages (phys 00000000012f0000) back on the free list
[kernel ] spawned pid 394 'kp-stress' caps 0000000000000040 — private PML4 @ phys 0000000001375000
[elf    ] PT_LOAD vaddr 0000500000000000 filesz 000000000000e423 memsz 000000000000e423 (ro) -> mapped USER (bounds ok)
[elf    ] PT_LOAD vaddr 000050000000f000 filesz 00000000000029ac memsz 00000000000029ac (ro) -> mapped USER (bounds ok)
[elf    ] PT_LOAD vaddr 0000500000012000 filesz 0000000000000180 memsz 000000000001d220 (rw) -> mapped USER (bounds ok)
[kernel ] spawned pid 395 'kp-stress' caps 0000000000000003 — private PML4 @ phys 000000000152f000
[elf    ] PT_LOAD vaddr 0000500000000000 filesz 000000000000e423 memsz 000000000000e423 (ro) -> mapped USER (bounds ok)
[elf    ] PT_LOAD vaddr 000050000000f000 filesz 00000000000029ac memsz 00000000000029ac (ro) -> mapped USER (bounds ok)
[elf    ] PT_LOAD vaddr 0000500000012000 filesz 0000000000000180 memsz 000000000001d220 (rw) -> mapped USER (bounds ok)
[surface] pid 394 owns surface 6 (64x64) DOUBLE-BUFFERED at user vaddr 0000530000000000 (+4 pages back) (recycled pixel buffers)
[hw     ] GRANT  pid 395 'kp-stress' -> 'sensor0': phys 0000000001002000 mapped at vaddr 00004062c0000000 (1 pages)
[surface] slot 6 reclaimed on owner exit — 8 pages (phys 00000000012f0000) back on the free list
[surface] pid 394 owns surface 6 (64x64) DOUBLE-BUFFERED at user vaddr 0000530000000000 (+4 pages back) (recycled pixel buffers)
[surface] slot 6 reclaimed on owner exit — 8 pages (phys 00000000012f0000) back on the free list
[kernel ] spawned pid 396 'kp-stress' caps 0000000000000040 — private PML4 @ phys 0000000001375000
[elf    ] PT_LOAD vaddr 0000500000000000 filesz 000000000000e423 memsz 000000000000e423 (ro) -> mapped USER (bounds ok)
[elf    ] PT_LOAD vaddr 000050000000f000 filesz 00000000000029ac memsz 00000000000029ac (ro) -> mapped USER (bounds ok)
[elf    ] PT_LOAD vaddr 0000500000012000 filesz 0000000000000180 memsz 000000000001d220 (rw) -> mapped USER (bounds ok)
[kernel ] spawned pid 397 'kp-stress' caps 0000000000000003 — private PML4 @ phys 00000000014ef000
[elf    ] PT_LOAD vaddr 0000500000000000 filesz 000000000000e423 memsz 000000000000e423 (ro) -> mapped USER (bounds ok)
[elf    ] PT_LOAD vaddr 000050000000f000 filesz 00000000000029ac memsz 00000000000029ac (ro) -> mapped USER (bounds ok)
[elf    ] PT_LOAD vaddr 0000500000012000 filesz 0000000000000180 memsz 000000000001d220 (rw) -> mapped USER (bounds ok)
[surface] pid 396 owns surface 6 (64x64) DOUBLE-BUFFERED at user vaddr 0000530000000000 (+4 pages back) (recycled pixel buffers)
[hw     ] GRANT  pid 397 'kp-stress' -> 'sensor0': phys 0000000001002000 mapped at vaddr 0000406340000000 (1 pages)
[surface] slot 6 reclaimed on owner exit — 8 pages (phys 00000000012f0000) back on the free list
[surface] pid 396 owns surface 6 (64x64) DOUBLE-BUFFERED at user vaddr 0000530000000000 (+4 pages back) (recycled pixel buffers)
[surface] slot 6 reclaimed on owner exit — 8 pages (phys 00000000012f0000) back on the free list
[kernel ] spawned pid 398 'kp-stress' caps 0000000000000040 — private PML4 @ phys 0000000001375000
[elf    ] PT_LOAD vaddr 0000500000000000 filesz 000000000000e423 memsz 000000000000e423 (ro) -> mapped USER (bounds ok)
[elf    ] PT_LOAD vaddr 000050000000f000 filesz 00000000000029ac memsz 00000000000029ac (ro) -> mapped USER (bounds ok)
[elf    ] PT_LOAD vaddr 0000500000012000 filesz 0000000000000180 memsz 000000000001d220 (rw) -> mapped USER (bounds ok)
[kernel ] spawned pid 399 'kp-stress' caps 0000000000000003 — private PML4 @ phys 00000000014b3000
[elf    ] PT_LOAD vaddr 0000500000000000 filesz 000000000000e423 memsz 000000000000e423 (ro) -> mapped USER (bounds ok)
[elf    ] PT_LOAD vaddr 000050000000f000 filesz 00000000000029ac memsz 00000000000029ac (ro) -> mapped USER (bounds ok)
[elf    ] PT_LOAD vaddr 0000500000012000 filesz 0000000000000180 memsz 000000000001d220 (rw) -> mapped USER (bounds ok)
[hw     ] GRANT  pid 399 'kp-stress' -> 'sensor0': phys 0000000001002000 mapped at vaddr 00004063c0000000 (1 pages)
[surface] pid 398 owns surface 6 (64x64) DOUBLE-BUFFERED at user vaddr 0000530000000000 (+4 pages back) (recycled pixel buffers)
[surface] slot 6 reclaimed on owner exit — 8 pages (phys 00000000012f0000) back on the free list
[surface] pid 398 owns surface 6 (64x64) DOUBLE-BUFFERED at user vaddr 0000530000000000 (+4 pages back) (recycled pixel buffers)
[surface] slot 6 reclaimed on owner exit — 8 pages (phys 00000000012f0000) back on the free list
[kernel ] spawned pid 400 'kp-stress' caps 0000000000000040 — private PML4 @ phys 0000000001375000
[elf    ] PT_LOAD vaddr 0000500000000000 filesz 000000000000e423 memsz 000000000000e423 (ro) -> mapped USER (bounds ok)
[elf    ] PT_LOAD vaddr 000050000000f000 filesz 00000000000029ac memsz 00000000000029ac (ro) -> mapped USER (bounds ok)
[elf    ] PT_LOAD vaddr 0000500000012000 filesz 0000000000000180 memsz 000000000001d220 (rw) -> mapped USER (bounds ok)
[kernel ] spawned pid 401 'kp-stress' caps 0000000000000003 — private PML4 @ phys 00000000011ab000
[elf    ] PT_LOAD vaddr 0000500000000000 filesz 000000000000e423 memsz 000000000000e423 (ro) -> mapped USER (bounds ok)
[elf    ] PT_LOAD vaddr 000050000000f000 filesz 00000000000029ac memsz 00000000000029ac (ro) -> mapped USER (bounds ok)
[elf    ] PT_LOAD vaddr 0000500000012000 filesz 0000000000000180 memsz 000000000001d220 (rw) -> mapped USER (bounds ok)
[surface] pid 400 owns surface 6 (64x64) DOUBLE-BUFFERED at user vaddr 0000530000000000 (+4 pages back) (recycled pixel buffers)
[hw     ] GRANT  pid 401 'kp-stress' -> 'sensor0': phys 0000000001002000 mapped at vaddr 0000406440000000 (1 pages)
[surface] slot 6 reclaimed on owner exit — 8 pages (phys 00000000012f0000) back on the free list
[surface] pid 400 owns surface 6 (64x64) DOUBLE-BUFFERED at user vaddr 0000530000000000 (+4 pages back) (recycled pixel buffers)
[surface] slot 6 reclaimed on owner exit — 8 pages (phys 00000000012f0000) back on the free list
[kernel ] spawned pid 402 'kp-stress' caps 0000000000000040 — private PML4 @ phys 0000000001375000
[elf    ] PT_LOAD vaddr 0000500000000000 filesz 000000000000e423 memsz 000000000000e423 (ro) -> mapped USER (bounds ok)
[elf    ] PT_LOAD vaddr 000050000000f000 filesz 00000000000029ac memsz 00000000000029ac (ro) -> mapped USER (bounds ok)
[elf    ] PT_LOAD vaddr 0000500000012000 filesz 0000000000000180 memsz 000000000001d220 (rw) -> mapped USER (bounds ok)
[kernel ] spawned pid 403 'kp-stress' caps 0000000000000003 — private PML4 @ phys 00000000014de000
[elf    ] PT_LOAD vaddr 0000500000000000 filesz 000000000000e423 memsz 000000000000e423 (ro) -> mapped USER (bounds ok)
[elf    ] PT_LOAD vaddr 000050000000f000 filesz 00000000000029ac memsz 00000000000029ac (ro) -> mapped USER (bounds ok)
[elf    ] PT_LOAD vaddr 0000500000012000 filesz 0000000000000180 memsz 000000000001d220 (rw) -> mapped USER (bounds ok)
[surface] pid 402 owns surface 6 (64x64) DOUBLE-BUFFERED at user vaddr 0000530000000000 (+4 pages back) (recycled pixel buffers)
[hw     ] GRANT  pid 403 'kp-stress' -> 'sensor0': phys 0000000001002000 mapped at vaddr 00004064c0000000 (1 pages)
[surface] slot 6 reclaimed on owner exit — 8 pages (phys 00000000012f0000) back on the free list
[surface] pid 402 owns surface 6 (64x64) DOUBLE-BUFFERED at user vaddr 0000530000000000 (+4 pages back) (recycled pixel buffers)
[surface] slot 6 reclaimed on owner exit — 8 pages (phys 00000000012f0000) back on the free list
[kernel ] spawned pid 404 'kp-stress' caps 0000000000000040 — private PML4 @ phys 0000000001375000
[elf    ] PT_LOAD vaddr 0000500000000000 filesz 000000000000e423 memsz 000000000000e423 (ro) -> mapped USER (bounds ok)
[elf    ] PT_LOAD vaddr 000050000000f000 filesz 00000000000029ac memsz 00000000000029ac (ro) -> mapped USER (bounds ok)
[elf    ] PT_LOAD vaddr 0000500000012000 filesz 0000000000000180 memsz 000000000001d220 (rw) -> mapped USER (bounds ok)
[kernel ] spawned pid 405 'kp-stress' caps 0000000000000003 — private PML4 @ phys 0000000001329000
[elf    ] PT_LOAD vaddr 0000500000000000 filesz 000000000000e423 memsz 000000000000e423 (ro) -> mapped USER (bounds ok)
[elf    ] PT_LOAD vaddr 000050000000f000 filesz 00000000000029ac memsz 00000000000029ac (ro) -> mapped USER (bounds ok)
[elf    ] PT_LOAD vaddr 0000500000012000 filesz 0000000000000180 memsz 000000000001d220 (rw) -> mapped USER (bounds ok)
[surface] pid 404 owns surface 6 (64x64) DOUBLE-BUFFERED at user vaddr 0000530000000000 (+4 pages back) (recycled pixel buffers)
[hw     ] GRANT  pid 405 'kp-stress' -> 'sensor0': phys 0000000001002000 mapped at vaddr 0000406540000000 (1 pages)
[surface] slot 6 reclaimed on owner exit — 8 pages (phys 00000000012f0000) back on the free list
[surface] pid 404 owns surface 6 (64x64) DOUBLE-BUFFERED at user vaddr 0000530000000000 (+4 pages back) (recycled pixel buffers)
[surface] slot 6 reclaimed on owner exit — 8 pages (phys 00000000012f0000) back on the free list
[kernel ] spawned pid 406 'kp-stress' caps 0000000000000040 — private PML4 @ phys 0000000001375000
[elf    ] PT_LOAD vaddr 0000500000000000 filesz 000000000000e423 memsz 000000000000e423 (ro) -> mapped USER (bounds ok)
[elf    ] PT_LOAD vaddr 000050000000f000 filesz 00000000000029ac memsz 00000000000029ac (ro) -> mapped USER (bounds ok)
[elf    ] PT_LOAD vaddr 0000500000012000 filesz 0000000000000180 memsz 000000000001d220 (rw) -> mapped USER (bounds ok)
[kernel ] spawned pid 407 'kp-stress' caps 0000000000000003 — private PML4 @ phys 00000000014cd000
[elf    ] PT_LOAD vaddr 0000500000000000 filesz 000000000000e423 memsz 000000000000e423 (ro) -> mapped USER (bounds ok)
[elf    ] PT_LOAD vaddr 000050000000f000 filesz 00000000000029ac memsz 00000000000029ac (ro) -> mapped USER (bounds ok)
[elf    ] PT_LOAD vaddr 0000500000012000 filesz 0000000000000180 memsz 000000000001d220 (rw) -> mapped USER (bounds ok)
[surface] pid 406 owns surface 6 (64x64) DOUBLE-BUFFERED at user vaddr 0000530000000000 (+4 pages back) (recycled pixel buffers)
[hw     ] GRANT  pid 407 'kp-stress' -> 'sensor0': phys 0000000001002000 mapped at vaddr 00004065c0000000 (1 pages)
[surface] slot 6 reclaimed on owner exit — 8 pages (phys 00000000012f0000) back on the free list
[surface] pid 406 owns surface 6 (64x64) DOUBLE-BUFFERED at user vaddr 0000530000000000 (+4 pages back) (recycled pixel buffers)
[surface] slot 6 reclaimed on owner exit — 8 pages (phys 00000000012f0000) back on the free list
[kernel ] spawned pid 408 'kp-stress' caps 0000000000000040 — private PML4 @ phys 0000000001375000
[elf    ] PT_LOAD vaddr 0000500000000000 filesz 000000000000e423 memsz 000000000000e423 (ro) -> mapped USER (bounds ok)
[elf    ] PT_LOAD vaddr 000050000000f000 filesz 00000000000029ac memsz 00000000000029ac (ro) -> mapped USER (bounds ok)
[elf    ] PT_LOAD vaddr 0000500000012000 filesz 0000000000000180 memsz 000000000001d220 (rw) -> mapped USER (bounds ok)
[kernel ] spawned pid 409 'kp-stress' caps 0000000000000003 — private PML4 @ phys 00000000014e4000
[elf    ] PT_LOAD vaddr 0000500000000000 filesz 000000000000e423 memsz 000000000000e423 (ro) -> mapped USER (bounds ok)
[elf    ] PT_LOAD vaddr 000050000000f000 filesz 00000000000029ac memsz 00000000000029ac (ro) -> mapped USER (bounds ok)
[elf    ] PT_LOAD vaddr 0000500000012000 filesz 0000000000000180 memsz 000000000001d220 (rw) -> mapped USER (bounds ok)
[surface] pid 408 owns surface 6 (64x64) DOUBLE-BUFFERED at user vaddr 0000530000000000 (+4 pages back) (recycled pixel buffers)
[hw     ] GRANT  pid 409 'kp-stress' -> 'sensor0': phys 0000000001002000 mapped at vaddr 0000406640000000 (1 pages)
[surface] slot 6 reclaimed on owner exit — 8 pages (phys 00000000012f0000) back on the free list
[surface] pid 408 owns surface 6 (64x64) DOUBLE-BUFFERED at user vaddr 0000530000000000 (+4 pages back) (recycled pixel buffers)
[surface] slot 6 reclaimed on owner exit — 8 pages (phys 00000000012f0000) back on the free list
[kernel ] spawned pid 410 'kp-stress' caps 0000000000000040 — private PML4 @ phys 0000000001375000
[elf    ] PT_LOAD vaddr 0000500000000000 filesz 000000000000e423 memsz 000000000000e423 (ro) -> mapped USER (bounds ok)
[elf    ] PT_LOAD vaddr 000050000000f000 filesz 00000000000029ac memsz 00000000000029ac (ro) -> mapped USER (bounds ok)
[elf    ] PT_LOAD vaddr 0000500000012000 filesz 0000000000000180 memsz 000000000001d220 (rw) -> mapped USER (bounds ok)
[kernel ] spawned pid 411 'kp-stress' caps 0000000000000003 — private PML4 @ phys 00000000014e7000
[elf    ] PT_LOAD vaddr 0000500000000000 filesz 000000000000e423 memsz 000000000000e423 (ro) -> mapped USER (bounds ok)
[elf    ] PT_LOAD vaddr 000050000000f000 filesz 00000000000029ac memsz 00000000000029ac (ro) -> mapped USER (bounds ok)
[elf    ] PT_LOAD vaddr 0000500000012000 filesz 0000000000000180 memsz 000000000001d220 (rw) -> mapped USER (bounds ok)
[surface] pid 410 owns surface 6 (64x64) DOUBLE-BUFFERED at user vaddr 0000530000000000 (+4 pages back) (recycled pixel buffers)
[hw     ] GRANT  pid 411 'kp-stress' -> 'sensor0': phys 0000000001002000 mapped at vaddr 00004066c0000000 (1 pages)
[surface] slot 6 reclaimed on owner exit — 8 pages (phys 00000000012f0000) back on the free list
[surface] pid 410 owns surface 6 (64x64) DOUBLE-BUFFERED at user vaddr 0000530000000000 (+4 pages back) (recycled pixel buffers)
[surface] slot 6 reclaimed on owner exit — 8 pages (phys 00000000012f0000) back on the free list
[kernel ] spawned pid 412 'kp-stress' caps 0000000000000040 — private PML4 @ phys 0000000001375000
[elf    ] PT_LOAD vaddr 0000500000000000 filesz 000000000000e423 memsz 000000000000e423 (ro) -> mapped USER (bounds ok)
[elf    ] PT_LOAD vaddr 000050000000f000 filesz 00000000000029ac memsz 00000000000029ac (ro) -> mapped USER (bounds ok)
[elf    ] PT_LOAD vaddr 0000500000012000 filesz 0000000000000180 memsz 000000000001d220 (rw) -> mapped USER (bounds ok)
[kernel ] spawned pid 413 'kp-stress' caps 0000000000000003 — private PML4 @ phys 000000000152b000
[elf    ] PT_LOAD vaddr 0000500000000000 filesz 000000000000e423 memsz 000000000000e423 (ro) -> mapped USER (bounds ok)
[elf    ] PT_LOAD vaddr 000050000000f000 filesz 00000000000029ac memsz 00000000000029ac (ro) -> mapped USER (bounds ok)
[elf    ] PT_LOAD vaddr 0000500000012000 filesz 0000000000000180 memsz 000000000001d220 (rw) -> mapped USER (bounds ok)
[surface] pid 412 owns surface 6 (64x64) DOUBLE-BUFFERED at user vaddr 0000530000000000 (+4 pages back) (recycled pixel buffers)
[hw     ] GRANT  pid 413 'kp-stress' -> 'sensor0': phys 0000000001002000 mapped at vaddr 0000406740000000 (1 pages)
[surface] slot 6 reclaimed on owner exit — 8 pages (phys 00000000012f0000) back on the free list
[surface] pid 412 owns surface 6 (64x64) DOUBLE-BUFFERED at user vaddr 0000530000000000 (+4 pages back) (recycled pixel buffers)
[surface] slot 6 reclaimed on owner exit — 8 pages (phys 00000000012f0000) back on the free list
[kernel ] spawned pid 414 'kp-stress' caps 0000000000000040 — private PML4 @ phys 0000000001375000
[elf    ] PT_LOAD vaddr 0000500000000000 filesz 000000000000e423 memsz 000000000000e423 (ro) -> mapped USER (bounds ok)
[elf    ] PT_LOAD vaddr 000050000000f000 filesz 00000000000029ac memsz 00000000000029ac (ro) -> mapped USER (bounds ok)
[elf    ] PT_LOAD vaddr 0000500000012000 filesz 0000000000000180 memsz 000000000001d220 (rw) -> mapped USER (bounds ok)
[kernel ] spawned pid 415 'kp-stress' caps 0000000000000003 — private PML4 @ phys 00000000014a0000
[elf    ] PT_LOAD vaddr 0000500000000000 filesz 000000000000e423 memsz 000000000000e423 (ro) -> mapped USER (bounds ok)
[elf    ] PT_LOAD vaddr 000050000000f000 filesz 00000000000029ac memsz 00000000000029ac (ro) -> mapped USER (bounds ok)
[elf    ] PT_LOAD vaddr 0000500000012000 filesz 0000000000000180 memsz 000000000001d220 (rw) -> mapped USER (bounds ok)
[hw     ] GRANT  pid 415 'kp-stress' -> 'sensor0': phys 0000000001002000 mapped at vaddr 00004067c0000000 (1 pages)
[surface] pid 414 owns surface 6 (64x64) DOUBLE-BUFFERED at user vaddr 0000530000000000 (+4 pages back) (recycled pixel buffers)
[surface] slot 6 reclaimed on owner exit — 8 pages (phys 00000000012f0000) back on the free list
[surface] pid 414 owns surface 6 (64x64) DOUBLE-BUFFERED at user vaddr 0000530000000000 (+4 pages back) (recycled pixel buffers)
[surface] slot 6 reclaimed on owner exit — 8 pages (phys 00000000012f0000) back on the free list
[kernel ] spawned pid 416 'kp-stress' caps 0000000000000040 — private PML4 @ phys 0000000001375000
[elf    ] PT_LOAD vaddr 0000500000000000 filesz 000000000000e423 memsz 000000000000e423 (ro) -> mapped USER (bounds ok)
[elf    ] PT_LOAD vaddr 000050000000f000 filesz 00000000000029ac memsz 00000000000029ac (ro) -> mapped USER (bounds ok)
[elf    ] PT_LOAD vaddr 0000500000012000 filesz 0000000000000180 memsz 000000000001d220 (rw) -> mapped USER (bounds ok)
[kernel ] spawned pid 417 'kp-stress' caps 0000000000000003 — private PML4 @ phys 000000000152f000
[elf    ] PT_LOAD vaddr 0000500000000000 filesz 000000000000e423 memsz 000000000000e423 (ro) -> mapped USER (bounds ok)
[elf    ] PT_LOAD vaddr 000050000000f000 filesz 00000000000029ac memsz 00000000000029ac (ro) -> mapped USER (bounds ok)
[elf    ] PT_LOAD vaddr 0000500000012000 filesz 0000000000000180 memsz 000000000001d220 (rw) -> mapped USER (bounds ok)
[hw     ] GRANT  pid 417 'kp-stress' -> 'sensor0': phys 0000000001002000 mapped at vaddr 0000406840000000 (1 pages)
[surface] pid 416 owns surface 6 (64x64) DOUBLE-BUFFERED at user vaddr 0000530000000000 (+4 pages back) (recycled pixel buffers)
[surface] slot 6 reclaimed on owner exit — 8 pages (phys 00000000012f0000) back on the free list
[surface] pid 416 owns surface 6 (64x64) DOUBLE-BUFFERED at user vaddr 0000530000000000 (+4 pages back) (recycled pixel buffers)
[surface] slot 6 reclaimed on owner exit — 8 pages (phys 00000000012f0000) back on the free list
[kernel ] spawned pid 418 'kp-stress' caps 0000000000000040 — private PML4 @ phys 0000000001375000
[elf    ] PT_LOAD vaddr 0000500000000000 filesz 000000000000e423 memsz 000000000000e423 (ro) -> mapped USER (bounds ok)
[elf    ] PT_LOAD vaddr 000050000000f000 filesz 00000000000029ac memsz 00000000000029ac (ro) -> mapped USER (bounds ok)
[elf    ] PT_LOAD vaddr 0000500000012000 filesz 0000000000000180 memsz 000000000001d220 (rw) -> mapped USER (bounds ok)
[kernel ] spawned pid 419 'kp-stress' caps 0000000000000003 — private PML4 @ phys 00000000014ef000
[elf    ] PT_LOAD vaddr 0000500000000000 filesz 000000000000e423 memsz 000000000000e423 (ro) -> mapped USER (bounds ok)
[elf    ] PT_LOAD vaddr 000050000000f000 filesz 00000000000029ac memsz 00000000000029ac (ro) -> mapped USER (bounds ok)
[elf    ] PT_LOAD vaddr 0000500000012000 filesz 0000000000000180 memsz 000000000001d220 (rw) -> mapped USER (bounds ok)
[surface] pid 418 owns surface 6 (64x64) DOUBLE-BUFFERED at user vaddr 0000530000000000 (+4 pages back) (recycled pixel buffers)
[hw     ] GRANT  pid 419 'kp-stress' -> 'sensor0': phys 0000000001002000 mapped at vaddr 00004068c0000000 (1 pages)
[surface] slot 6 reclaimed on owner exit — 8 pages (phys 00000000012f0000) back on the free list
[surface] pid 418 owns surface 6 (64x64) DOUBLE-BUFFERED at user vaddr 0000530000000000 (+4 pages back) (recycled pixel buffers)
[surface] slot 6 reclaimed on owner exit — 8 pages (phys 00000000012f0000) back on the free list
[kernel ] spawned pid 420 'kp-stress' caps 0000000000000040 — private PML4 @ phys 0000000001375000
[elf    ] PT_LOAD vaddr 0000500000000000 filesz 000000000000e423 memsz 000000000000e423 (ro) -> mapped USER (bounds ok)
[elf    ] PT_LOAD vaddr 000050000000f000 filesz 00000000000029ac memsz 00000000000029ac (ro) -> mapped USER (bounds ok)
[elf    ] PT_LOAD vaddr 0000500000012000 filesz 0000000000000180 memsz 000000000001d220 (rw) -> mapped USER (bounds ok)
[kernel ] spawned pid 421 'kp-stress' caps 0000000000000003 — private PML4 @ phys 00000000014b3000
[elf    ] PT_LOAD vaddr 0000500000000000 filesz 000000000000e423 memsz 000000000000e423 (ro) -> mapped USER (bounds ok)
[elf    ] PT_LOAD vaddr 000050000000f000 filesz 00000000000029ac memsz 00000000000029ac (ro) -> mapped USER (bounds ok)
[elf    ] PT_LOAD vaddr 0000500000012000 filesz 0000000000000180 memsz 000000000001d220 (rw) -> mapped USER (bounds ok)
[surface] pid 420 owns surface 6 (64x64) DOUBLE-BUFFERED at user vaddr 0000530000000000 (+4 pages back) (recycled pixel buffers)
[hw     ] GRANT  pid 421 'kp-stress' -> 'sensor0': phys 0000000001002000 mapped at vaddr 0000406940000000 (1 pages)
[surface] slot 6 reclaimed on owner exit — 8 pages (phys 00000000012f0000) back on the free list
[surface] pid 420 owns surface 6 (64x64) DOUBLE-BUFFERED at user vaddr 0000530000000000 (+4 pages back) (recycled pixel buffers)
[surface] slot 6 reclaimed on owner exit — 8 pages (phys 00000000012f0000) back on the free list
[kernel ] spawned pid 422 'kp-stress' caps 0000000000000040 — private PML4 @ phys 0000000001375000
[elf    ] PT_LOAD vaddr 0000500000000000 filesz 000000000000e423 memsz 000000000000e423 (ro) -> mapped USER (bounds ok)
[elf    ] PT_LOAD vaddr 000050000000f000 filesz 00000000000029ac memsz 00000000000029ac (ro) -> mapped USER (bounds ok)
[elf    ] PT_LOAD vaddr 0000500000012000 filesz 0000000000000180 memsz 000000000001d220 (rw) -> mapped USER (bounds ok)
[kernel ] spawned pid 423 'kp-stress' caps 0000000000000003 — private PML4 @ phys 00000000011ab000
[elf    ] PT_LOAD vaddr 0000500000000000 filesz 000000000000e423 memsz 000000000000e423 (ro) -> mapped USER (bounds ok)
[elf    ] PT_LOAD vaddr 000050000000f000 filesz 00000000000029ac memsz 00000000000029ac (ro) -> mapped USER (bounds ok)
[elf    ] PT_LOAD vaddr 0000500000012000 filesz 0000000000000180 memsz 000000000001d220 (rw) -> mapped USER (bounds ok)
[hw     ] GRANT  pid 423 'kp-stress' -> 'sensor0': phys 0000000001002000 mapped at vaddr 00004069c0000000 (1 pages)
[surface] pid 422 owns surface 6 (64x64) DOUBLE-BUFFERED at user vaddr 0000530000000000 (+4 pages back) (recycled pixel buffers)
[surface] slot 6 reclaimed on owner exit — 8 pages (phys 00000000012f0000) back on the free list
[surface] pid 422 owns surface 6 (64x64) DOUBLE-BUFFERED at user vaddr 0000530000000000 (+4 pages back) (recycled pixel buffers)
[surface] slot 6 reclaimed on owner exit — 8 pages (phys 00000000012f0000) back on the free list
[kernel ] spawned pid 424 'kp-stress' caps 0000000000000040 — private PML4 @ phys 0000000001375000
[elf    ] PT_LOAD vaddr 0000500000000000 filesz 000000000000e423 memsz 000000000000e423 (ro) -> mapped USER (bounds ok)
[elf    ] PT_LOAD vaddr 000050000000f000 filesz 00000000000029ac memsz 00000000000029ac (ro) -> mapped USER (bounds ok)
[elf    ] PT_LOAD vaddr 0000500000012000 filesz 0000000000000180 memsz 000000000001d220 (rw) -> mapped USER (bounds ok)
[kernel ] spawned pid 425 'kp-stress' caps 0000000000000003 — private PML4 @ phys 00000000014de000
[elf    ] PT_LOAD vaddr 0000500000000000 filesz 000000000000e423 memsz 000000000000e423 (ro) -> mapped USER (bounds ok)
[elf    ] PT_LOAD vaddr 000050000000f000 filesz 00000000000029ac memsz 00000000000029ac (ro) -> mapped USER (bounds ok)
[elf    ] PT_LOAD vaddr 0000500000012000 filesz 0000000000000180 memsz 000000000001d220 (rw) -> mapped USER (bounds ok)
[hw     ] GRANT  pid 425 'kp-stress' -> 'sensor0': phys 0000000001002000 mapped at vaddr 0000406a40000000 (1 pages)
[surface] pid 424 owns surface 6 (64x64) DOUBLE-BUFFERED at user vaddr 0000530000000000 (+4 pages back) (recycled pixel buffers)
[surface] slot 6 reclaimed on owner exit — 8 pages (phys 00000000012f0000) back on the free list
[surface] pid 424 owns surface 6 (64x64) DOUBLE-BUFFERED at user vaddr 0000530000000000 (+4 pages back) (recycled pixel buffers)
[surface] slot 6 reclaimed on owner exit — 8 pages (phys 00000000012f0000) back on the free list
[kernel ] spawned pid 426 'kp-stress' caps 0000000000000040 — private PML4 @ phys 0000000001375000
[elf    ] PT_LOAD vaddr 0000500000000000 filesz 000000000000e423 memsz 000000000000e423 (ro) -> mapped USER (bounds ok)
[elf    ] PT_LOAD vaddr 000050000000f000 filesz 00000000000029ac memsz 00000000000029ac (ro) -> mapped USER (bounds ok)
[elf    ] PT_LOAD vaddr 0000500000012000 filesz 0000000000000180 memsz 000000000001d220 (rw) -> mapped USER (bounds ok)
[kernel ] spawned pid 427 'kp-stress' caps 0000000000000003 — private PML4 @ phys 0000000001329000
[elf    ] PT_LOAD vaddr 0000500000000000 filesz 000000000000e423 memsz 000000000000e423 (ro) -> mapped USER (bounds ok)
[elf    ] PT_LOAD vaddr 000050000000f000 filesz 00000000000029ac memsz 00000000000029ac (ro) -> mapped USER (bounds ok)
[elf    ] PT_LOAD vaddr 0000500000012000 filesz 0000000000000180 memsz 000000000001d220 (rw) -> mapped USER (bounds ok)
[surface] pid 426 owns surface 6 (64x64) DOUBLE-BUFFERED at user vaddr 0000530000000000 (+4 pages back) (recycled pixel buffers)
[hw     ] GRANT  pid 427 'kp-stress' -> 'sensor0': phys 0000000001002000 mapped at vaddr 0000406ac0000000 (1 pages)
[surface] slot 6 reclaimed on owner exit — 8 pages (phys 00000000012f0000) back on the free list
[surface] pid 426 owns surface 6 (64x64) DOUBLE-BUFFERED at user vaddr 0000530000000000 (+4 pages back) (recycled pixel buffers)
[surface] slot 6 reclaimed on owner exit — 8 pages (phys 00000000012f0000) back on the free list
[kernel ] spawned pid 428 'kp-stress' caps 0000000000000040 — private PML4 @ phys 0000000001375000
[elf    ] PT_LOAD vaddr 0000500000000000 filesz 000000000000e423 memsz 000000000000e423 (ro) -> mapped USER (bounds ok)
[elf    ] PT_LOAD vaddr 000050000000f000 filesz 00000000000029ac memsz 00000000000029ac (ro) -> mapped USER (bounds ok)
[elf    ] PT_LOAD vaddr 0000500000012000 filesz 0000000000000180 memsz 000000000001d220 (rw) -> mapped USER (bounds ok)
[kernel ] spawned pid 429 'kp-stress' caps 0000000000000003 — private PML4 @ phys 00000000014cd000
[elf    ] PT_LOAD vaddr 0000500000000000 filesz 000000000000e423 memsz 000000000000e423 (ro) -> mapped USER (bounds ok)
[elf    ] PT_LOAD vaddr 000050000000f000 filesz 00000000000029ac memsz 00000000000029ac (ro) -> mapped USER (bounds ok)
[elf    ] PT_LOAD vaddr 0000500000012000 filesz 0000000000000180 memsz 000000000001d220 (rw) -> mapped USER (bounds ok)
[hw     ] GRANT  pid 429 'kp-stress' -> 'sensor0': phys 0000000001002000 mapped at vaddr 0000406b40000000 (1 pages)
[surface] pid 428 owns surface 6 (64x64) DOUBLE-BUFFERED at user vaddr 0000530000000000 (+4 pages back) (recycled pixel buffers)
[surface] slot 6 reclaimed on owner exit — 8 pages (phys 00000000012f0000) back on the free list
[surface] pid 428 owns surface 6 (64x64) DOUBLE-BUFFERED at user vaddr 0000530000000000 (+4 pages back) (recycled pixel buffers)
[surface] slot 6 reclaimed on owner exit — 8 pages (phys 00000000012f0000) back on the free list
[kernel ] spawned pid 430 'kp-stress' caps 0000000000000040 — private PML4 @ phys 0000000001375000
[elf    ] PT_LOAD vaddr 0000500000000000 filesz 000000000000e423 memsz 000000000000e423 (ro) -> mapped USER (bounds ok)
[elf    ] PT_LOAD vaddr 000050000000f000 filesz 00000000000029ac memsz 00000000000029ac (ro) -> mapped USER (bounds ok)
[elf    ] PT_LOAD vaddr 0000500000012000 filesz 0000000000000180 memsz 000000000001d220 (rw) -> mapped USER (bounds ok)
[kernel ] spawned pid 431 'kp-stress' caps 0000000000000003 — private PML4 @ phys 0000000001553000
[elf    ] PT_LOAD vaddr 0000500000000000 filesz 000000000000e423 memsz 000000000000e423 (ro) -> mapped USER (bounds ok)
[elf    ] PT_LOAD vaddr 000050000000f000 filesz 00000000000029ac memsz 00000000000029ac (ro) -> mapped USER (bounds ok)
[elf    ] PT_LOAD vaddr 0000500000012000 filesz 0000000000000180 memsz 000000000001d220 (rw) -> mapped USER (bounds ok)
[hw     ] GRANT  pid 431 'kp-stress' -> 'sensor0': phys 0000000001002000 mapped at vaddr 0000406bc0000000 (1 pages)
[surface] pid 430 owns surface 6 (64x64) DOUBLE-BUFFERED at user vaddr 0000530000000000 (+4 pages back) (recycled pixel buffers)
[surface] slot 6 reclaimed on owner exit — 8 pages (phys 00000000012f0000) back on the free list
[surface] pid 430 owns surface 6 (64x64) DOUBLE-BUFFERED at user vaddr 0000530000000000 (+4 pages back) (recycled pixel buffers)
[surface] slot 6 reclaimed on owner exit — 8 pages (phys 00000000012f0000) back on the free list
[kernel ] spawned pid 432 'kp-stress' caps 0000000000000040 — private PML4 @ phys 0000000001375000
[elf    ] PT_LOAD vaddr 0000500000000000 filesz 000000000000e423 memsz 000000000000e423 (ro) -> mapped USER (bounds ok)
[elf    ] PT_LOAD vaddr 000050000000f000 filesz 00000000000029ac memsz 00000000000029ac (ro) -> mapped USER (bounds ok)
[elf    ] PT_LOAD vaddr 0000500000012000 filesz 0000000000000180 memsz 000000000001d220 (rw) -> mapped USER (bounds ok)
[kernel ] spawned pid 433 'kp-stress' caps 0000000000000003 — private PML4 @ phys 00000000014e7000
[elf    ] PT_LOAD vaddr 0000500000000000 filesz 000000000000e423 memsz 000000000000e423 (ro) -> mapped USER (bounds ok)
[elf    ] PT_LOAD vaddr 000050000000f000 filesz 00000000000029ac memsz 00000000000029ac (ro) -> mapped USER (bounds ok)
[elf    ] PT_LOAD vaddr 0000500000012000 filesz 0000000000000180 memsz 000000000001d220 (rw) -> mapped USER (bounds ok)
[surface] pid 432 owns surface 6 (64x64) DOUBLE-BUFFERED at user vaddr 0000530000000000 (+4 pages back) (recycled pixel buffers)
[hw     ] GRANT  pid 433 'kp-stress' -> 'sensor0': phys 0000000001002000 mapped at vaddr 0000406c40000000 (1 pages)
[surface] slot 6 reclaimed on owner exit — 8 pages (phys 00000000012f0000) back on the free list
[surface] pid 432 owns surface 6 (64x64) DOUBLE-BUFFERED at user vaddr 0000530000000000 (+4 pages back) (recycled pixel buffers)
[surface] slot 6 reclaimed on owner exit — 8 pages (phys 00000000012f0000) back on the free list
[kernel ] spawned pid 434 'kp-stress' caps 0000000000000040 — private PML4 @ phys 0000000001375000
[elf    ] PT_LOAD vaddr 0000500000000000 filesz 000000000000e423 memsz 000000000000e423 (ro) -> mapped USER (bounds ok)
[elf    ] PT_LOAD vaddr 000050000000f000 filesz 00000000000029ac memsz 00000000000029ac (ro) -> mapped USER (bounds ok)
[elf    ] PT_LOAD vaddr 0000500000012000 filesz 0000000000000180 memsz 000000000001d220 (rw) -> mapped USER (bounds ok)
[kernel ] spawned pid 435 'kp-stress' caps 0000000000000003 — private PML4 @ phys 000000000152b000
[elf    ] PT_LOAD vaddr 0000500000000000 filesz 000000000000e423 memsz 000000000000e423 (ro) -> mapped USER (bounds ok)
[elf    ] PT_LOAD vaddr 000050000000f000 filesz 00000000000029ac memsz 00000000000029ac (ro) -> mapped USER (bounds ok)
[elf    ] PT_LOAD vaddr 0000500000012000 filesz 0000000000000180 memsz 000000000001d220 (rw) -> mapped USER (bounds ok)
[hw     ] GRANT  pid 435 'kp-stress' -> 'sensor0': phys 0000000001002000 mapped at vaddr 0000406cc0000000 (1 pages)
[surface] pid 434 owns surface 6 (64x64) DOUBLE-BUFFERED at user vaddr 0000530000000000 (+4 pages back) (recycled pixel buffers)
[surface] slot 6 reclaimed on owner exit — 8 pages (phys 00000000012f0000) back on the free list
[surface] pid 434 owns surface 6 (64x64) DOUBLE-BUFFERED at user vaddr 0000530000000000 (+4 pages back) (recycled pixel buffers)
[surface] slot 6 reclaimed on owner exit — 8 pages (phys 00000000012f0000) back on the free list
[kernel ] spawned pid 436 'kp-stress' caps 0000000000000040 — private PML4 @ phys 0000000001375000
[elf    ] PT_LOAD vaddr 0000500000000000 filesz 000000000000e423 memsz 000000000000e423 (ro) -> mapped USER (bounds ok)
[elf    ] PT_LOAD vaddr 000050000000f000 filesz 00000000000029ac memsz 00000000000029ac (ro) -> mapped USER (bounds ok)
[elf    ] PT_LOAD vaddr 0000500000012000 filesz 0000000000000180 memsz 000000000001d220 (rw) -> mapped USER (bounds ok)
[kernel ] spawned pid 437 'kp-stress' caps 0000000000000003 — private PML4 @ phys 00000000014a0000
[elf    ] PT_LOAD vaddr 0000500000000000 filesz 000000000000e423 memsz 000000000000e423 (ro) -> mapped USER (bounds ok)
[elf    ] PT_LOAD vaddr 000050000000f000 filesz 00000000000029ac memsz 00000000000029ac (ro) -> mapped USER (bounds ok)
[elf    ] PT_LOAD vaddr 0000500000012000 filesz 0000000000000180 memsz 000000000001d220 (rw) -> mapped USER (bounds ok)
[hw     ] GRANT  pid 437 'kp-stress' -> 'sensor0': phys 0000000001002000 mapped at vaddr 0000406d40000000 (1 pages)
[surface] pid 436 owns surface 6 (64x64) DOUBLE-BUFFERED at user vaddr 0000530000000000 (+4 pages back) (recycled pixel buffers)
[surface] slot 6 reclaimed on owner exit — 8 pages (phys 00000000012f0000) back on the free list
[surface] pid 436 owns surface 6 (64x64) DOUBLE-BUFFERED at user vaddr 0000530000000000 (+4 pages back) (recycled pixel buffers)
[surface] slot 6 reclaimed on owner exit — 8 pages (phys 00000000012f0000) back on the free list
[kernel ] spawned pid 438 'kp-stress' caps 0000000000000040 — private PML4 @ phys 0000000001375000
[elf    ] PT_LOAD vaddr 0000500000000000 filesz 000000000000e423 memsz 000000000000e423 (ro) -> mapped USER (bounds ok)
[elf    ] PT_LOAD vaddr 000050000000f000 filesz 00000000000029ac memsz 00000000000029ac (ro) -> mapped USER (bounds ok)
[elf    ] PT_LOAD vaddr 0000500000012000 filesz 0000000000000180 memsz 000000000001d220 (rw) -> mapped USER (bounds ok)
[kernel ] spawned pid 439 'kp-stress' caps 0000000000000003 — private PML4 @ phys 000000000155a000
[elf    ] PT_LOAD vaddr 0000500000000000 filesz 000000000000e423 memsz 000000000000e423 (ro) -> mapped USER (bounds ok)
[elf    ] PT_LOAD vaddr 000050000000f000 filesz 00000000000029ac memsz 00000000000029ac (ro) -> mapped USER (bounds ok)
[elf    ] PT_LOAD vaddr 0000500000012000 filesz 0000000000000180 memsz 000000000001d220 (rw) -> mapped USER (bounds ok)
[surface] pid 438 owns surface 6 (64x64) DOUBLE-BUFFERED at user vaddr 0000530000000000 (+4 pages back) (recycled pixel buffers)
[hw     ] GRANT  pid 439 'kp-stress' -> 'sensor0': phys 0000000001002000 mapped at vaddr 0000406dc0000000 (1 pages)
[surface] slot 6 reclaimed on owner exit — 8 pages (phys 00000000012f0000) back on the free list
[surface] pid 438 owns surface 6 (64x64) DOUBLE-BUFFERED at user vaddr 0000530000000000 (+4 pages back) (recycled pixel buffers)
[surface] slot 6 reclaimed on owner exit — 8 pages (phys 00000000012f0000) back on the free list
[kernel ] spawned pid 440 'kp-stress' caps 0000000000000040 — private PML4 @ phys 0000000001375000
[elf    ] PT_LOAD vaddr 0000500000000000 filesz 000000000000e423 memsz 000000000000e423 (ro) -> mapped USER (bounds ok)
[elf    ] PT_LOAD vaddr 000050000000f000 filesz 00000000000029ac memsz 00000000000029ac (ro) -> mapped USER (bounds ok)
[elf    ] PT_LOAD vaddr 0000500000012000 filesz 0000000000000180 memsz 000000000001d220 (rw) -> mapped USER (bounds ok)
[kernel ] spawned pid 441 'kp-stress' caps 0000000000000003 — private PML4 @ phys 000000000155d000
[elf    ] PT_LOAD vaddr 0000500000000000 filesz 000000000000e423 memsz 000000000000e423 (ro) -> mapped USER (bounds ok)
[elf    ] PT_LOAD vaddr 000050000000f000 filesz 00000000000029ac memsz 00000000000029ac (ro) -> mapped USER (bounds ok)
[elf    ] PT_LOAD vaddr 0000500000012000 filesz 0000000000000180 memsz 000000000001d220 (rw) -> mapped USER (bounds ok)
[surface] pid 440 owns surface 6 (64x64) DOUBLE-BUFFERED at user vaddr 0000530000000000 (+4 pages back) (recycled pixel buffers)
[hw     ] GRANT  pid 441 'kp-stress' -> 'sensor0': phys 0000000001002000 mapped at vaddr 0000406e40000000 (1 pages)
[surface] slot 6 reclaimed on owner exit — 8 pages (phys 00000000012f0000) back on the free list
[surface] pid 440 owns surface 6 (64x64) DOUBLE-BUFFERED at user vaddr 0000530000000000 (+4 pages back) (recycled pixel buffers)
[surface] slot 6 reclaimed on owner exit — 8 pages (phys 00000000012f0000) back on the free list
[kernel ] spawned pid 442 'kp-stress' caps 0000000000000040 — private PML4 @ phys 0000000001375000
[elf    ] PT_LOAD vaddr 0000500000000000 filesz 000000000000e423 memsz 000000000000e423 (ro) -> mapped USER (bounds ok)
[elf    ] PT_LOAD vaddr 000050000000f000 filesz 00000000000029ac memsz 00000000000029ac (ro) -> mapped USER (bounds ok)
[elf    ] PT_LOAD vaddr 0000500000012000 filesz 0000000000000180 memsz 000000000001d220 (rw) -> mapped USER (bounds ok)
[kernel ] spawned pid 443 'kp-stress' caps 0000000000000003 — private PML4 @ phys 00000000014b3000
[elf    ] PT_LOAD vaddr 0000500000000000 filesz 000000000000e423 memsz 000000000000e423 (ro) -> mapped USER (bounds ok)
[elf    ] PT_LOAD vaddr 000050000000f000 filesz 00000000000029ac memsz 00000000000029ac (ro) -> mapped USER (bounds ok)
[elf    ] PT_LOAD vaddr 0000500000012000 filesz 0000000000000180 memsz 000000000001d220 (rw) -> mapped USER (bounds ok)
[hw     ] GRANT  pid 443 'kp-stress' -> 'sensor0': phys 0000000001002000 mapped at vaddr 0000406ec0000000 (1 pages)
[surface] pid 442 owns surface 6 (64x64) DOUBLE-BUFFERED at user vaddr 0000530000000000 (+4 pages back) (recycled pixel buffers)
[surface] slot 6 reclaimed on owner exit — 8 pages (phys 00000000012f0000) back on the free list
[surface] pid 442 owns surface 6 (64x64) DOUBLE-BUFFERED at user vaddr 0000530000000000 (+4 pages back) (recycled pixel buffers)
[surface] slot 6 reclaimed on owner exit — 8 pages (phys 00000000012f0000) back on the free list
[kernel ] spawned pid 444 'kp-stress' caps 0000000000000040 — private PML4 @ phys 0000000001375000
[elf    ] PT_LOAD vaddr 0000500000000000 filesz 000000000000e423 memsz 000000000000e423 (ro) -> mapped USER (bounds ok)
[elf    ] PT_LOAD vaddr 000050000000f000 filesz 00000000000029ac memsz 00000000000029ac (ro) -> mapped USER (bounds ok)
[elf    ] PT_LOAD vaddr 0000500000012000 filesz 0000000000000180 memsz 000000000001d220 (rw) -> mapped USER (bounds ok)
[kernel ] spawned pid 445 'kp-stress' caps 0000000000000003 — private PML4 @ phys 0000000001514000
[elf    ] PT_LOAD vaddr 0000500000000000 filesz 000000000000e423 memsz 000000000000e423 (ro) -> mapped USER (bounds ok)
[elf    ] PT_LOAD vaddr 000050000000f000 filesz 00000000000029ac memsz 00000000000029ac (ro) -> mapped USER (bounds ok)
[elf    ] PT_LOAD vaddr 0000500000012000 filesz 0000000000000180 memsz 000000000001d220 (rw) -> mapped USER (bounds ok)
[hw     ] GRANT  pid 445 'kp-stress' -> 'sensor0': phys 0000000001002000 mapped at vaddr 0000406f40000000 (1 pages)
[surface] pid 444 owns surface 6 (64x64) DOUBLE-BUFFERED at user vaddr 0000530000000000 (+4 pages back) (recycled pixel buffers)
[surface] slot 6 reclaimed on owner exit — 8 pages (phys 00000000012f0000) back on the free list
[surface] pid 444 owns surface 6 (64x64) DOUBLE-BUFFERED at user vaddr 0000530000000000 (+4 pages back) (recycled pixel buffers)
[surface] slot 6 reclaimed on owner exit — 8 pages (phys 00000000012f0000) back on the free list
[kernel ] spawned pid 446 'kp-stress' caps 0000000000000040 — private PML4 @ phys 0000000001375000
[elf    ] PT_LOAD vaddr 0000500000000000 filesz 000000000000e423 memsz 000000000000e423 (ro) -> mapped USER (bounds ok)
[elf    ] PT_LOAD vaddr 000050000000f000 filesz 00000000000029ac memsz 00000000000029ac (ro) -> mapped USER (bounds ok)
[elf    ] PT_LOAD vaddr 0000500000012000 filesz 0000000000000180 memsz 000000000001d220 (rw) -> mapped USER (bounds ok)
[kernel ] spawned pid 447 'kp-stress' caps 0000000000000003 — private PML4 @ phys 00000000014de000
[elf    ] PT_LOAD vaddr 0000500000000000 filesz 000000000000e423 memsz 000000000000e423 (ro) -> mapped USER (bounds ok)
[elf    ] PT_LOAD vaddr 000050000000f000 filesz 00000000000029ac memsz 00000000000029ac (ro) -> mapped USER (bounds ok)
[elf    ] PT_LOAD vaddr 0000500000012000 filesz 0000000000000180 memsz 000000000001d220 (rw) -> mapped USER (bounds ok)
[hw     ] GRANT  pid 447 'kp-stress' -> 'sensor0': phys 0000000001002000 mapped at vaddr 0000406fc0000000 (1 pages)
[surface] pid 446 owns surface 6 (64x64) DOUBLE-BUFFERED at user vaddr 0000530000000000 (+4 pages back) (recycled pixel buffers)
[surface] slot 6 reclaimed on owner exit — 8 pages (phys 00000000012f0000) back on the free list
[surface] pid 446 owns surface 6 (64x64) DOUBLE-BUFFERED at user vaddr 0000530000000000 (+4 pages back) (recycled pixel buffers)
[surface] slot 6 reclaimed on owner exit — 8 pages (phys 00000000012f0000) back on the free list
[kernel ] spawned pid 448 'kp-stress' caps 0000000000000040 — private PML4 @ phys 0000000001375000
[elf    ] PT_LOAD vaddr 0000500000000000 filesz 000000000000e423 memsz 000000000000e423 (ro) -> mapped USER (bounds ok)
[elf    ] PT_LOAD vaddr 000050000000f000 filesz 00000000000029ac memsz 00000000000029ac (ro) -> mapped USER (bounds ok)
[elf    ] PT_LOAD vaddr 0000500000012000 filesz 0000000000000180 memsz 000000000001d220 (rw) -> mapped USER (bounds ok)
[kernel ] spawned pid 449 'kp-stress' caps 0000000000000003 — private PML4 @ phys 0000000001329000
[elf    ] PT_LOAD vaddr 0000500000000000 filesz 000000000000e423 memsz 000000000000e423 (ro) -> mapped USER (bounds ok)
[elf    ] PT_LOAD vaddr 000050000000f000 filesz 00000000000029ac memsz 00000000000029ac (ro) -> mapped USER (bounds ok)
[elf    ] PT_LOAD vaddr 0000500000012000 filesz 0000000000000180 memsz 000000000001d220 (rw) -> mapped USER (bounds ok)
[surface] pid 448 owns surface 6 (64x64) DOUBLE-BUFFERED at user vaddr 0000530000000000 (+4 pages back) (recycled pixel buffers)
[hw     ] GRANT  pid 449 'kp-stress' -> 'sensor0': phys 0000000001002000 mapped at vaddr 0000407040000000 (1 pages)
[surface] slot 6 reclaimed on owner exit — 8 pages (phys 00000000012f0000) back on the free list
[surface] pid 448 owns surface 6 (64x64) DOUBLE-BUFFERED at user vaddr 0000530000000000 (+4 pages back) (recycled pixel buffers)
[surface] slot 6 reclaimed on owner exit — 8 pages (phys 00000000012f0000) back on the free list
[kernel ] spawned pid 450 'kp-stress' caps 0000000000000040 — private PML4 @ phys 0000000001375000
[elf    ] PT_LOAD vaddr 0000500000000000 filesz 000000000000e423 memsz 000000000000e423 (ro) -> mapped USER (bounds ok)
[elf    ] PT_LOAD vaddr 000050000000f000 filesz 00000000000029ac memsz 00000000000029ac (ro) -> mapped USER (bounds ok)
[elf    ] PT_LOAD vaddr 0000500000012000 filesz 0000000000000180 memsz 000000000001d220 (rw) -> mapped USER (bounds ok)
[kernel ] spawned pid 451 'kp-stress' caps 0000000000000003 — private PML4 @ phys 00000000014cd000
[elf    ] PT_LOAD vaddr 0000500000000000 filesz 000000000000e423 memsz 000000000000e423 (ro) -> mapped USER (bounds ok)
[elf    ] PT_LOAD vaddr 000050000000f000 filesz 00000000000029ac memsz 00000000000029ac (ro) -> mapped USER (bounds ok)
[elf    ] PT_LOAD vaddr 0000500000012000 filesz 0000000000000180 memsz 000000000001d220 (rw) -> mapped USER (bounds ok)
[hw     ] GRANT  pid 451 'kp-stress' -> 'sensor0': phys 0000000001002000 mapped at vaddr 00004070c0000000 (1 pages)
[surface] pid 450 owns surface 6 (64x64) DOUBLE-BUFFERED at user vaddr 0000530000000000 (+4 pages back) (recycled pixel buffers)
[surface] slot 6 reclaimed on owner exit — 8 pages (phys 00000000012f0000) back on the free list
[surface] pid 450 owns surface 6 (64x64) DOUBLE-BUFFERED at user vaddr 0000530000000000 (+4 pages back) (recycled pixel buffers)
[surface] slot 6 reclaimed on owner exit — 8 pages (phys 00000000012f0000) back on the free list
[kernel ] spawned pid 452 'kp-stress' caps 0000000000000040 — private PML4 @ phys 0000000001375000
[elf    ] PT_LOAD vaddr 0000500000000000 filesz 000000000000e423 memsz 000000000000e423 (ro) -> mapped USER (bounds ok)
[elf    ] PT_LOAD vaddr 000050000000f000 filesz 00000000000029ac memsz 00000000000029ac (ro) -> mapped USER (bounds ok)
[elf    ] PT_LOAD vaddr 0000500000012000 filesz 0000000000000180 memsz 000000000001d220 (rw) -> mapped USER (bounds ok)
[kernel ] spawned pid 453 'kp-stress' caps 0000000000000003 — private PML4 @ phys 0000000001569000
[elf    ] PT_LOAD vaddr 0000500000000000 filesz 000000000000e423 memsz 000000000000e423 (ro) -> mapped USER (bounds ok)
[elf    ] PT_LOAD vaddr 000050000000f000 filesz 00000000000029ac memsz 00000000000029ac (ro) -> mapped USER (bounds ok)
[elf    ] PT_LOAD vaddr 0000500000012000 filesz 0000000000000180 memsz 000000000001d220 (rw) -> mapped USER (bounds ok)
[surface] pid 452 owns surface 6 (64x64) DOUBLE-BUFFERED at user vaddr 0000530000000000 (+4 pages back) (recycled pixel buffers)
[hw     ] GRANT  pid 453 'kp-stress' -> 'sensor0': phys 0000000001002000 mapped at vaddr 0000407140000000 (1 pages)
[surface] slot 6 reclaimed on owner exit — 8 pages (phys 00000000012f0000) back on the free list
[surface] pid 452 owns surface 6 (64x64) DOUBLE-BUFFERED at user vaddr 0000530000000000 (+4 pages back) (recycled pixel buffers)
[surface] slot 6 reclaimed on owner exit — 8 pages (phys 00000000012f0000) back on the free list
[kernel ] spawned pid 454 'kp-stress' caps 0000000000000040 — private PML4 @ phys 0000000001375000
[elf    ] PT_LOAD vaddr 0000500000000000 filesz 000000000000e423 memsz 000000000000e423 (ro) -> mapped USER (bounds ok)
[elf    ] PT_LOAD vaddr 000050000000f000 filesz 00000000000029ac memsz 00000000000029ac (ro) -> mapped USER (bounds ok)
[elf    ] PT_LOAD vaddr 0000500000012000 filesz 0000000000000180 memsz 000000000001d220 (rw) -> mapped USER (bounds ok)
[kernel ] spawned pid 455 'kp-stress' caps 0000000000000003 — private PML4 @ phys 00000000014e7000
[elf    ] PT_LOAD vaddr 0000500000000000 filesz 000000000000e423 memsz 000000000000e423 (ro) -> mapped USER (bounds ok)
[elf    ] PT_LOAD vaddr 000050000000f000 filesz 00000000000029ac memsz 00000000000029ac (ro) -> mapped USER (bounds ok)
[elf    ] PT_LOAD vaddr 0000500000012000 filesz 0000000000000180 memsz 000000000001d220 (rw) -> mapped USER (bounds ok)
[surface] pid 454 owns surface 6 (64x64) DOUBLE-BUFFERED at user vaddr 0000530000000000 (+4 pages back) (recycled pixel buffers)
[hw     ] GRANT  pid 455 'kp-stress' -> 'sensor0': phys 0000000001002000 mapped at vaddr 00004071c0000000 (1 pages)
[surface] slot 6 reclaimed on owner exit — 8 pages (phys 00000000012f0000) back on the free list
[surface] pid 454 owns surface 6 (64x64) DOUBLE-BUFFERED at user vaddr 0000530000000000 (+4 pages back) (recycled pixel buffers)
[surface] slot 6 reclaimed on owner exit — 8 pages (phys 00000000012f0000) back on the free list
[kernel ] spawned pid 456 'kp-stress' caps 0000000000000040 — private PML4 @ phys 0000000001375000
[elf    ] PT_LOAD vaddr 0000500000000000 filesz 000000000000e423 memsz 000000000000e423 (ro) -> mapped USER (bounds ok)
[elf    ] PT_LOAD vaddr 000050000000f000 filesz 00000000000029ac memsz 00000000000029ac (ro) -> mapped USER (bounds ok)
[elf    ] PT_LOAD vaddr 0000500000012000 filesz 0000000000000180 memsz 000000000001d220 (rw) -> mapped USER (bounds ok)
[kernel ] spawned pid 457 'kp-stress' caps 0000000000000003 — private PML4 @ phys 000000000152b000
[elf    ] PT_LOAD vaddr 0000500000000000 filesz 000000000000e423 memsz 000000000000e423 (ro) -> mapped USER (bounds ok)
[elf    ] PT_LOAD vaddr 000050000000f000 filesz 00000000000029ac memsz 00000000000029ac (ro) -> mapped USER (bounds ok)
[elf    ] PT_LOAD vaddr 0000500000012000 filesz 0000000000000180 memsz 000000000001d220 (rw) -> mapped USER (bounds ok)
[hw     ] GRANT  pid 457 'kp-stress' -> 'sensor0': phys 0000000001002000 mapped at vaddr 0000407240000000 (1 pages)
[surface] pid 456 owns surface 6 (64x64) DOUBLE-BUFFERED at user vaddr 0000530000000000 (+4 pages back) (recycled pixel buffers)
[surface] slot 6 reclaimed on owner exit — 8 pages (phys 00000000012f0000) back on the free list
[surface] pid 456 owns surface 6 (64x64) DOUBLE-BUFFERED at user vaddr 0000530000000000 (+4 pages back) (recycled pixel buffers)
[surface] slot 6 reclaimed on owner exit — 8 pages (phys 00000000012f0000) back on the free list
[kernel ] spawned pid 458 'kp-stress' caps 0000000000000040 — private PML4 @ phys 0000000001375000
[elf    ] PT_LOAD vaddr 0000500000000000 filesz 000000000000e423 memsz 000000000000e423 (ro) -> mapped USER (bounds ok)
[elf    ] PT_LOAD vaddr 000050000000f000 filesz 00000000000029ac memsz 00000000000029ac (ro) -> mapped USER (bounds ok)
[elf    ] PT_LOAD vaddr 0000500000012000 filesz 0000000000000180 memsz 000000000001d220 (rw) -> mapped USER (bounds ok)
[kernel ] spawned pid 459 'kp-stress' caps 0000000000000003 — private PML4 @ phys 00000000014a0000
[elf    ] PT_LOAD vaddr 0000500000000000 filesz 000000000000e423 memsz 000000000000e423 (ro) -> mapped USER (bounds ok)
[elf    ] PT_LOAD vaddr 000050000000f000 filesz 00000000000029ac memsz 00000000000029ac (ro) -> mapped USER (bounds ok)
[elf    ] PT_LOAD vaddr 0000500000012000 filesz 0000000000000180 memsz 000000000001d220 (rw) -> mapped USER (bounds ok)
[hw     ] GRANT  pid 459 'kp-stress' -> 'sensor0': phys 0000000001002000 mapped at vaddr 00004072c0000000 (1 pages)
[surface] pid 458 owns surface 6 (64x64) DOUBLE-BUFFERED at user vaddr 0000530000000000 (+4 pages back) (recycled pixel buffers)
[surface] slot 6 reclaimed on owner exit — 8 pages (phys 00000000012f0000) back on the free list
[surface] pid 458 owns surface 6 (64x64) DOUBLE-BUFFERED at user vaddr 0000530000000000 (+4 pages back) (recycled pixel buffers)
[surface] slot 6 reclaimed on owner exit — 8 pages (phys 00000000012f0000) back on the free list
[kernel ] spawned pid 460 'kp-stress' caps 0000000000000040 — private PML4 @ phys 0000000001375000
[elf    ] PT_LOAD vaddr 0000500000000000 filesz 000000000000e423 memsz 000000000000e423 (ro) -> mapped USER (bounds ok)
[elf    ] PT_LOAD vaddr 000050000000f000 filesz 00000000000029ac memsz 00000000000029ac (ro) -> mapped USER (bounds ok)
[elf    ] PT_LOAD vaddr 0000500000012000 filesz 0000000000000180 memsz 000000000001d220 (rw) -> mapped USER (bounds ok)
[kernel ] spawned pid 461 'kp-stress' caps 0000000000000003 — private PML4 @ phys 0000000001571000
[elf    ] PT_LOAD vaddr 0000500000000000 filesz 000000000000e423 memsz 000000000000e423 (ro) -> mapped USER (bounds ok)
[elf    ] PT_LOAD vaddr 000050000000f000 filesz 00000000000029ac memsz 00000000000029ac (ro) -> mapped USER (bounds ok)
[elf    ] PT_LOAD vaddr 0000500000012000 filesz 0000000000000180 memsz 000000000001d220 (rw) -> mapped USER (bounds ok)
[surface] pid 460 owns surface 6 (64x64) DOUBLE-BUFFERED at user vaddr 0000530000000000 (+4 pages back) (recycled pixel buffers)
[hw     ] GRANT  pid 461 'kp-stress' -> 'sensor0': phys 0000000001002000 mapped at vaddr 0000407340000000 (1 pages)
[surface] slot 6 reclaimed on owner exit — 8 pages (phys 00000000012f0000) back on the free list
[surface] pid 460 owns surface 6 (64x64) DOUBLE-BUFFERED at user vaddr 0000530000000000 (+4 pages back) (recycled pixel buffers)
[surface] slot 6 reclaimed on owner exit — 8 pages (phys 00000000012f0000) back on the free list
[kernel ] spawned pid 462 'kp-stress' caps 0000000000000040 — private PML4 @ phys 0000000001375000
[elf    ] PT_LOAD vaddr 0000500000000000 filesz 000000000000e423 memsz 000000000000e423 (ro) -> mapped USER (bounds ok)
[elf    ] PT_LOAD vaddr 000050000000f000 filesz 00000000000029ac memsz 00000000000029ac (ro) -> mapped USER (bounds ok)
[elf    ] PT_LOAD vaddr 0000500000012000 filesz 0000000000000180 memsz 000000000001d220 (rw) -> mapped USER (bounds ok)
[kernel ] spawned pid 463 'kp-stress' caps 0000000000000003 — private PML4 @ phys 000000000155d000
[elf    ] PT_LOAD vaddr 0000500000000000 filesz 000000000000e423 memsz 000000000000e423 (ro) -> mapped USER (bounds ok)
[elf    ] PT_LOAD vaddr 000050000000f000 filesz 00000000000029ac memsz 00000000000029ac (ro) -> mapped USER (bounds ok)
[elf    ] PT_LOAD vaddr 0000500000012000 filesz 0000000000000180 memsz 000000000001d220 (rw) -> mapped USER (bounds ok)
[surface] pid 462 owns surface 6 (64x64) DOUBLE-BUFFERED at user vaddr 0000530000000000 (+4 pages back) (recycled pixel buffers)
[hw     ] GRANT  pid 463 'kp-stress' -> 'sensor0': phys 0000000001002000 mapped at vaddr 00004073c0000000 (1 pages)
[surface] slot 6 reclaimed on owner exit — 8 pages (phys 00000000012f0000) back on the free list
[surface] pid 462 owns surface 6 (64x64) DOUBLE-BUFFERED at user vaddr 0000530000000000 (+4 pages back) (recycled pixel buffers)
[surface] slot 6 reclaimed on owner exit — 8 pages (phys 00000000012f0000) back on the free list
[kernel ] spawned pid 464 'kp-stress' caps 0000000000000040 — private PML4 @ phys 0000000001375000
[elf    ] PT_LOAD vaddr 0000500000000000 filesz 000000000000e423 memsz 000000000000e423 (ro) -> mapped USER (bounds ok)
[elf    ] PT_LOAD vaddr 000050000000f000 filesz 00000000000029ac memsz 00000000000029ac (ro) -> mapped USER (bounds ok)
[elf    ] PT_LOAD vaddr 0000500000012000 filesz 0000000000000180 memsz 000000000001d220 (rw) -> mapped USER (bounds ok)
[kernel ] spawned pid 465 'kp-stress' caps 0000000000000003 — private PML4 @ phys 00000000014b3000
[elf    ] PT_LOAD vaddr 0000500000000000 filesz 000000000000e423 memsz 000000000000e423 (ro) -> mapped USER (bounds ok)
[elf    ] PT_LOAD vaddr 000050000000f000 filesz 00000000000029ac memsz 00000000000029ac (ro) -> mapped USER (bounds ok)
[elf    ] PT_LOAD vaddr 0000500000012000 filesz 0000000000000180 memsz 000000000001d220 (rw) -> mapped USER (bounds ok)
[surface] pid 464 owns surface 6 (64x64) DOUBLE-BUFFERED at user vaddr 0000530000000000 (+4 pages back) (recycled pixel buffers)
[hw     ] GRANT  pid 465 'kp-stress' -> 'sensor0': phys 0000000001002000 mapped at vaddr 0000407440000000 (1 pages)
[surface] slot 6 reclaimed on owner exit — 8 pages (phys 00000000012f0000) back on the free list
[surface] pid 464 owns surface 6 (64x64) DOUBLE-BUFFERED at user vaddr 0000530000000000 (+4 pages back) (recycled pixel buffers)
[surface] slot 6 reclaimed on owner exit — 8 pages (phys 00000000012f0000) back on the free list
[kernel ] spawned pid 466 'kp-stress' caps 0000000000000040 — private PML4 @ phys 0000000001375000
[elf    ] PT_LOAD vaddr 0000500000000000 filesz 000000000000e423 memsz 000000000000e423 (ro) -> mapped USER (bounds ok)
[elf    ] PT_LOAD vaddr 000050000000f000 filesz 00000000000029ac memsz 00000000000029ac (ro) -> mapped USER (bounds ok)
[elf    ] PT_LOAD vaddr 0000500000012000 filesz 0000000000000180 memsz 000000000001d220 (rw) -> mapped USER (bounds ok)
[kernel ] spawned pid 467 'kp-stress' caps 0000000000000003 — private PML4 @ phys 0000000001514000
[elf    ] PT_LOAD vaddr 0000500000000000 filesz 000000000000e423 memsz 000000000000e423 (ro) -> mapped USER (bounds ok)
[elf    ] PT_LOAD vaddr 000050000000f000 filesz 00000000000029ac memsz 00000000000029ac (ro) -> mapped USER (bounds ok)
[elf    ] PT_LOAD vaddr 0000500000012000 filesz 0000000000000180 memsz 000000000001d220 (rw) -> mapped USER (bounds ok)
[surface] pid 466 owns surface 6 (64x64) DOUBLE-BUFFERED at user vaddr 0000530000000000 (+4 pages back) (recycled pixel buffers)
[hw     ] GRANT  pid 467 'kp-stress' -> 'sensor0': phys 0000000001002000 mapped at vaddr 00004074c0000000 (1 pages)
[surface] slot 6 reclaimed on owner exit — 8 pages (phys 00000000012f0000) back on the free list
[surface] pid 466 owns surface 6 (64x64) DOUBLE-BUFFERED at user vaddr 0000530000000000 (+4 pages back) (recycled pixel buffers)
[surface] slot 6 reclaimed on owner exit — 8 pages (phys 00000000012f0000) back on the free list
[kpstrs] cycle 200/200 clean (slots seen so far: 3, recycled spawns: 403)
[kpstrs]  PASS  kproc_spawn never failed mid-storm (recycling kept the table from exhausting)
[kpstrs]  PASS  every cycle's workers exited cleanly (exit == pid, recycled or fresh alike)
[kpstrs]  PASS  no stale DMA grants survived any cycle's teardown
[kpstrs]  PASS  no stale IOMMU domain (g_proc_slpt) survived any cycle's teardown
[kpstrs]  PASS  no descriptor leaked past any cycle (open-file table fully released each time)
[kpstrs]  PASS  recycling actually happened (>= 1 spawn reused an already-seen slot)
[kpstrs]  PASS  distinct slots used stayed within MAX_KPROC (the table never grew past its cap)
[kpstrs]  PASS  no stale surface buffer still owned by an exited worker
[kpstrs] 200 cycles (406 total spawns, 3 distinct slots, 403 recycled): +25342 freed, +24942 reused; global depth 992
[kpstrs]  PASS  free-frame count reconciles (g_frame_free_depth == lifetime freed - reused)
[kpstrs]  PASS  the frame allocator's leaf lock never triggered a rank violation (no double-free race)
[kpstrs] RESULT: 10 passed, 0 failed
[kpstrs] KPROC STRESS VERIFIED — slots recycle, every descriptor/grant/domain/surface torn down, no drift across 200 cycles
-- done --
-- IPC STRESS: capability-gated fd/shared-memory handoff, sender/receiver churn --
[kernel ] spawned pid 468 'ipc-sender' caps 00000000000000a0 — private PML4 @ phys 0000000001375000
[kernel ] spawned pid 469 'ipc-recv' caps 00000000000000a0 — private PML4 @ phys 0000000001506000
[elf    ] PT_LOAD vaddr 0000500000000000 filesz 000000000000e423 memsz 000000000000e423 (ro) -> mapped USER (bounds ok)
[elf    ] PT_LOAD vaddr 000050000000f000 filesz 00000000000029ac memsz 00000000000029ac (ro) -> mapped USER (bounds ok)
[elf    ] PT_LOAD vaddr 0000500000012000 filesz 0000000000000180 memsz 000000000001d220 (rw) -> mapped USER (bounds ok)
[elf    ] PT_LOAD vaddr 0000500000000000 filesz 000000000000e423 memsz 000000000000e423 (ro) -> mapped USER (bounds ok)
[elf    ] PT_LOAD vaddr 000050000000f000 filesz 00000000000029ac memsz 00000000000029ac (ro) -> mapped USER (bounds ok)
[elf    ] PT_LOAD vaddr 0000500000012000 filesz 0000000000000180 memsz 000000000001d220 (rw) -> mapped USER (bounds ok)
[cas    ] put len 16 hash 30b47d925b331c51 -> block 894 (stored)
[cas    ] put len 8 hash fef647e825add4cb -> block 895 (stored)
[kernel ] spawned pid 470 'ipc-sender' caps 00000000000000a0 — private PML4 @ phys 0000000001506000
[kernel ] spawned pid 471 'ipc-recv' caps 00000000000000a0 — private PML4 @ phys 0000000001375000
[elf    ] PT_LOAD vaddr 0000500000000000 filesz 000000000000e423 memsz 000000000000e423 (ro) -> mapped USER (bounds ok)
[elf    ] PT_LOAD vaddr 000050000000f000 filesz 00000000000029ac memsz 00000000000029ac (ro) -> mapped USER (bounds ok)
[elf    ] PT_LOAD vaddr 0000500000012000 filesz 0000000000000180 memsz 000000000001d220 (rw) -> mapped USER (bounds ok)
[elf    ] PT_LOAD vaddr 0000500000000000 filesz 000000000000e423 memsz 000000000000e423 (ro) -> mapped USER (bounds ok)
[elf    ] PT_LOAD vaddr 000050000000f000 filesz 00000000000029ac memsz 00000000000029ac (ro) -> mapped USER (bounds ok)
[elf    ] PT_LOAD vaddr 0000500000012000 filesz 0000000000000180 memsz 000000000001d220 (rw) -> mapped USER (bounds ok)
[cas    ] put len 16 hash 30b47d925b331c51 -> DEDUP to block 894 (no write)
[cas    ] put len 8 hash 3cebd5fa3b8c690d -> block 896 (stored)
[kernel ] spawned pid 472 'ipc-sender' caps 00000000000000a0 — private PML4 @ phys 0000000001375000
[kernel ] spawned pid 473 'ipc-recv' caps 00000000000000a0 — private PML4 @ phys 0000000001506000
[elf    ] PT_LOAD vaddr 0000500000000000 filesz 000000000000e423 memsz 000000000000e423 (ro) -> mapped USER (bounds ok)
[elf    ] PT_LOAD vaddr 000050000000f000 filesz 00000000000029ac memsz 00000000000029ac (ro) -> mapped USER (bounds ok)
[elf    ] PT_LOAD vaddr 0000500000012000 filesz 0000000000000180 memsz 000000000001d220 (rw) -> mapped USER (bounds ok)
[elf    ] PT_LOAD vaddr 0000500000000000 filesz 000000000000e423 memsz 000000000000e423 (ro) -> mapped USER (bounds ok)
[elf    ] PT_LOAD vaddr 000050000000f000 filesz 00000000000029ac memsz 00000000000029ac (ro) -> mapped USER (bounds ok)
[elf    ] PT_LOAD vaddr 0000500000012000 filesz 0000000000000180 memsz 000000000001d220 (rw) -> mapped USER (bounds ok)
[cas    ] put len 16 hash 30b47d925b331c51 -> DEDUP to block 894 (no write)
[cas    ] put len 8 hash 72b79c54a8e54e57 -> block 897 (stored)
[kernel ] spawned pid 474 'ipc-sender' caps 00000000000000a0 — private PML4 @ phys 0000000001506000
[kernel ] spawned pid 475 'ipc-recv' caps 00000000000000a0 — private PML4 @ phys 0000000001265000
[elf    ] PT_LOAD vaddr 0000500000000000 filesz 000000000000e423 memsz 000000000000e423 (ro) -> mapped USER (bounds ok)
[elf    ] PT_LOAD vaddr 000050000000f000 filesz 00000000000029ac memsz 00000000000029ac (ro) -> mapped USER (bounds ok)
[elf    ] PT_LOAD vaddr 0000500000012000 filesz 0000000000000180 memsz 000000000001d220 (rw) -> mapped USER (bounds ok)
[elf    ] PT_LOAD vaddr 0000500000000000 filesz 000000000000e423 memsz 000000000000e423 (ro) -> mapped USER (bounds ok)
[elf    ] PT_LOAD vaddr 000050000000f000 filesz 00000000000029ac memsz 00000000000029ac (ro) -> mapped USER (bounds ok)
[elf    ] PT_LOAD vaddr 0000500000012000 filesz 0000000000000180 memsz 000000000001d220 (rw) -> mapped USER (bounds ok)
[cas    ] put len 16 hash 30b47d925b331c51 -> DEDUP to block 894 (no write)
[cas    ] put len 8 hash b0ad2a66bec3e299 -> block 898 (stored)
[kernel ] spawned pid 476 'ipc-sender' caps 00000000000000a0 — private PML4 @ phys 0000000001265000
[kernel ] spawned pid 477 'ipc-recv' caps 00000000000000a0 — private PML4 @ phys 0000000001506000
[elf    ] PT_LOAD vaddr 0000500000000000 filesz 000000000000e423 memsz 000000000000e423 (ro) -> mapped USER (bounds ok)
[elf    ] PT_LOAD vaddr 000050000000f000 filesz 00000000000029ac memsz 00000000000029ac (ro) -> mapped USER (bounds ok)
[elf    ] PT_LOAD vaddr 0000500000012000 filesz 0000000000000180 memsz 000000000001d220 (rw) -> mapped USER (bounds ok)
[elf    ] PT_LOAD vaddr 0000500000000000 filesz 000000000000e423 memsz 000000000000e423 (ro) -> mapped USER (bounds ok)
[elf    ] PT_LOAD vaddr 000050000000f000 filesz 00000000000029ac memsz 00000000000029ac (ro) -> mapped USER (bounds ok)
[elf    ] PT_LOAD vaddr 0000500000012000 filesz 0000000000000180 memsz 000000000001d220 (rw) -> mapped USER (bounds ok)
[cas    ] put len 16 hash 30b47d925b331c51 -> DEDUP to block 894 (no write)
[cas    ] put len 8 hash f6cc80307d2825d3 -> block 899 (stored)
[ipcstrs] round 5/20 clean
[kernel ] spawned pid 478 'ipc-sender' caps 00000000000000a0 — private PML4 @ phys 0000000001506000
[kernel ] spawned pid 479 'ipc-recv' caps 00000000000000a0 — private PML4 @ phys 0000000001265000
[elf    ] PT_LOAD vaddr 0000500000000000 filesz 000000000000e423 memsz 000000000000e423 (ro) -> mapped USER (bounds ok)
[elf    ] PT_LOAD vaddr 000050000000f000 filesz 00000000000029ac memsz 00000000000029ac (ro) -> mapped USER (bounds ok)
[elf    ] PT_LOAD vaddr 0000500000012000 filesz 0000000000000180 memsz 000000000001d220 (rw) -> mapped USER (bounds ok)
[elf    ] PT_LOAD vaddr 0000500000000000 filesz 000000000000e423 memsz 000000000000e423 (ro) -> mapped USER (bounds ok)
[elf    ] PT_LOAD vaddr 000050000000f000 filesz 00000000000029ac memsz 00000000000029ac (ro) -> mapped USER (bounds ok)
[elf    ] PT_LOAD vaddr 0000500000012000 filesz 0000000000000180 memsz 000000000001d220 (rw) -> mapped USER (bounds ok)
[cas    ] put len 16 hash 30b47d925b331c51 -> DEDUP to block 894 (no write)
[cas    ] put len 8 hash 34c20e429306ba15 -> block 900 (stored)
[kernel ] spawned pid 480 'ipc-sender' caps 00000000000000a0 — private PML4 @ phys 0000000001265000
[kernel ] spawned pid 481 'ipc-recv' caps 00000000000000a0 — private PML4 @ phys 0000000001506000
[elf    ] PT_LOAD vaddr 0000500000000000 filesz 000000000000e423 memsz 000000000000e423 (ro) -> mapped USER (bounds ok)
[elf    ] PT_LOAD vaddr 000050000000f000 filesz 00000000000029ac memsz 00000000000029ac (ro) -> mapped USER (bounds ok)
[elf    ] PT_LOAD vaddr 0000500000012000 filesz 0000000000000180 memsz 000000000001d220 (rw) -> mapped USER (bounds ok)
[elf    ] PT_LOAD vaddr 0000500000000000 filesz 000000000000e423 memsz 000000000000e423 (ro) -> mapped USER (bounds ok)
[elf    ] PT_LOAD vaddr 000050000000f000 filesz 00000000000029ac memsz 00000000000029ac (ro) -> mapped USER (bounds ok)
[elf    ] PT_LOAD vaddr 0000500000012000 filesz 0000000000000180 memsz 000000000001d220 (rw) -> mapped USER (bounds ok)
[cas    ] put len 16 hash 30b47d925b331c51 -> DEDUP to block 894 (no write)
[cas    ] put len 8 hash abdc125a448d171f -> block 901 (stored)
[kernel ] spawned pid 482 'ipc-sender' caps 00000000000000a0 — private PML4 @ phys 0000000001506000
[kernel ] spawned pid 483 'ipc-recv' caps 00000000000000a0 — private PML4 @ phys 0000000001265000
[elf    ] PT_LOAD vaddr 0000500000000000 filesz 000000000000e423 memsz 000000000000e423 (ro) -> mapped USER (bounds ok)
[elf    ] PT_LOAD vaddr 000050000000f000 filesz 00000000000029ac memsz 00000000000029ac (ro) -> mapped USER (bounds ok)
[elf    ] PT_LOAD vaddr 0000500000012000 filesz 0000000000000180 memsz 000000000001d220 (rw) -> mapped USER (bounds ok)
[elf    ] PT_LOAD vaddr 0000500000000000 filesz 000000000000e423 memsz 000000000000e423 (ro) -> mapped USER (bounds ok)
[elf    ] PT_LOAD vaddr 000050000000f000 filesz 00000000000029ac memsz 00000000000029ac (ro) -> mapped USER (bounds ok)
[elf    ] PT_LOAD vaddr 0000500000012000 filesz 0000000000000180 memsz 000000000001d220 (rw) -> mapped USER (bounds ok)
[cas    ] put len 16 hash 30b47d925b331c51 -> DEDUP to block 894 (no write)
[cas    ] put len 8 hash e9d1a06c5a6bab61 -> block 902 (stored)
[kernel ] spawned pid 484 'ipc-sender' caps 00000000000000a0 — private PML4 @ phys 0000000001265000
[kernel ] spawned pid 485 'ipc-recv' caps 00000000000000a0 — private PML4 @ phys 0000000001506000
[elf    ] PT_LOAD vaddr 0000500000000000 filesz 000000000000e423 memsz 000000000000e423 (ro) -> mapped USER (bounds ok)
[elf    ] PT_LOAD vaddr 000050000000f000 filesz 00000000000029ac memsz 00000000000029ac (ro) -> mapped USER (bounds ok)
[elf    ] PT_LOAD vaddr 0000500000012000 filesz 0000000000000180 memsz 000000000001d220 (rw) -> mapped USER (bounds ok)
[elf    ] PT_LOAD vaddr 0000500000000000 filesz 000000000000e423 memsz 000000000000e423 (ro) -> mapped USER (bounds ok)
[elf    ] PT_LOAD vaddr 000050000000f000 filesz 00000000000029ac memsz 00000000000029ac (ro) -> mapped USER (bounds ok)
[elf    ] PT_LOAD vaddr 0000500000012000 filesz 0000000000000180 memsz 000000000001d220 (rw) -> mapped USER (bounds ok)
[cas    ] put len 16 hash 30b47d925b331c51 -> DEDUP to block 894 (no write)
[cas    ] put len 8 hash 2ff0f63618cfee9b -> block 903 (stored)
[kernel ] spawned pid 486 'ipc-sender' caps 00000000000000a0 — private PML4 @ phys 0000000001506000
[kernel ] spawned pid 487 'ipc-recv' caps 00000000000000a0 — private PML4 @ phys 0000000001265000
[elf    ] PT_LOAD vaddr 0000500000000000 filesz 000000000000e423 memsz 000000000000e423 (ro) -> mapped USER (bounds ok)
[elf    ] PT_LOAD vaddr 000050000000f000 filesz 00000000000029ac memsz 00000000000029ac (ro) -> mapped USER (bounds ok)
[elf    ] PT_LOAD vaddr 0000500000012000 filesz 0000000000000180 memsz 000000000001d220 (rw) -> mapped USER (bounds ok)
[elf    ] PT_LOAD vaddr 0000500000000000 filesz 000000000000e423 memsz 000000000000e423 (ro) -> mapped USER (bounds ok)
[elf    ] PT_LOAD vaddr 000050000000f000 filesz 00000000000029ac memsz 00000000000029ac (ro) -> mapped USER (bounds ok)
[elf    ] PT_LOAD vaddr 0000500000012000 filesz 0000000000000180 memsz 000000000001d220 (rw) -> mapped USER (bounds ok)
[cas    ] put len 16 hash 30b47d925b331c51 -> DEDUP to block 894 (no write)
[cas    ] put len 8 hash 6de684482eae82dd -> block 904 (stored)
[ipcstrs] round 10/20 clean
[kernel ] spawned pid 488 'ipc-sender' caps 00000000000000a0 — private PML4 @ phys 0000000001265000
[kernel ] spawned pid 489 'ipc-recv' caps 00000000000000a0 — private PML4 @ phys 0000000001506000
[elf    ] PT_LOAD vaddr 0000500000000000 filesz 000000000000e423 memsz 000000000000e423 (ro) -> mapped USER (bounds ok)
[elf    ] PT_LOAD vaddr 000050000000f000 filesz 00000000000029ac memsz 00000000000029ac (ro) -> mapped USER (bounds ok)
[elf    ] PT_LOAD vaddr 0000500000012000 filesz 0000000000000180 memsz 000000000001d220 (rw) -> mapped USER (bounds ok)
[elf    ] PT_LOAD vaddr 0000500000000000 filesz 000000000000e423 memsz 000000000000e423 (ro) -> mapped USER (bounds ok)
[elf    ] PT_LOAD vaddr 000050000000f000 filesz 00000000000029ac memsz 00000000000029ac (ro) -> mapped USER (bounds ok)
[elf    ] PT_LOAD vaddr 0000500000012000 filesz 0000000000000180 memsz 000000000001d220 (rw) -> mapped USER (bounds ok)
[cas    ] put len 16 hash 30b47d925b331c51 -> DEDUP to block 894 (no write)
[cas    ] put len 8 hash a3b24aa29c076827 -> block 905 (stored)
[kernel ] spawned pid 490 'ipc-sender' caps 00000000000000a0 — private PML4 @ phys 0000000001506000
[kernel ] spawned pid 491 'ipc-recv' caps 00000000000000a0 — private PML4 @ phys 0000000001265000
[elf    ] PT_LOAD vaddr 0000500000000000 filesz 000000000000e423 memsz 000000000000e423 (ro) -> mapped USER (bounds ok)
[elf    ] PT_LOAD vaddr 000050000000f000 filesz 00000000000029ac memsz 00000000000029ac (ro) -> mapped USER (bounds ok)
[elf    ] PT_LOAD vaddr 0000500000012000 filesz 0000000000000180 memsz 000000000001d220 (rw) -> mapped USER (bounds ok)
[elf    ] PT_LOAD vaddr 0000500000000000 filesz 000000000000e423 memsz 000000000000e423 (ro) -> mapped USER (bounds ok)
[elf    ] PT_LOAD vaddr 000050000000f000 filesz 00000000000029ac memsz 00000000000029ac (ro) -> mapped USER (bounds ok)
[elf    ] PT_LOAD vaddr 0000500000012000 filesz 0000000000000180 memsz 000000000001d220 (rw) -> mapped USER (bounds ok)
[cas    ] put len 16 hash 30b47d925b331c51 -> DEDUP to block 894 (no write)
[cas    ] put len 8 hash e1a7d8b4b1e5fc69 -> block 906 (stored)
[kernel ] spawned pid 492 'ipc-sender' caps 00000000000000a0 — private PML4 @ phys 0000000001265000
[kernel ] spawned pid 493 'ipc-recv' caps 00000000000000a0 — private PML4 @ phys 0000000001506000
[elf    ] PT_LOAD vaddr 0000500000000000 filesz 000000000000e423 memsz 000000000000e423 (ro) -> mapped USER (bounds ok)
[elf    ] PT_LOAD vaddr 000050000000f000 filesz 00000000000029ac memsz 00000000000029ac (ro) -> mapped USER (bounds ok)
[elf    ] PT_LOAD vaddr 0000500000012000 filesz 0000000000000180 memsz 000000000001d220 (rw) -> mapped USER (bounds ok)
[elf    ] PT_LOAD vaddr 0000500000000000 filesz 000000000000e423 memsz 000000000000e423 (ro) -> mapped USER (bounds ok)
[elf    ] PT_LOAD vaddr 000050000000f000 filesz 00000000000029ac memsz 00000000000029ac (ro) -> mapped USER (bounds ok)
[elf    ] PT_LOAD vaddr 0000500000012000 filesz 0000000000000180 memsz 000000000001d220 (rw) -> mapped USER (bounds ok)
[cas    ] put len 16 hash 30b47d925b331c51 -> DEDUP to block 894 (no write)
[cas    ] put len 8 hash 27c72e7e704a3fa3 -> block 907 (stored)
[kernel ] spawned pid 494 'ipc-sender' caps 00000000000000a0 — private PML4 @ phys 0000000001506000
[kernel ] spawned pid 495 'ipc-recv' caps 00000000000000a0 — private PML4 @ phys 0000000001265000
[elf    ] PT_LOAD vaddr 0000500000000000 filesz 000000000000e423 memsz 000000000000e423 (ro) -> mapped USER (bounds ok)
[elf    ] PT_LOAD vaddr 000050000000f000 filesz 00000000000029ac memsz 00000000000029ac (ro) -> mapped USER (bounds ok)
[elf    ] PT_LOAD vaddr 0000500000012000 filesz 0000000000000180 memsz 000000000001d220 (rw) -> mapped USER (bounds ok)
[elf    ] PT_LOAD vaddr 0000500000000000 filesz 000000000000e423 memsz 000000000000e423 (ro) -> mapped USER (bounds ok)
[elf    ] PT_LOAD vaddr 000050000000f000 filesz 00000000000029ac memsz 00000000000029ac (ro) -> mapped USER (bounds ok)
[elf    ] PT_LOAD vaddr 0000500000012000 filesz 0000000000000180 memsz 000000000001d220 (rw) -> mapped USER (bounds ok)
[cas    ] put len 16 hash 30b47d925b331c51 -> DEDUP to block 894 (no write)
[cas    ] put len 8 hash 65bcbc908628d3e5 -> block 908 (stored)
[kernel ] spawned pid 496 'ipc-sender' caps 00000000000000a0 — private PML4 @ phys 0000000001265000
[kernel ] spawned pid 497 'ipc-recv' caps 00000000000000a0 — private PML4 @ phys 0000000001506000
[elf    ] PT_LOAD vaddr 0000500000000000 filesz 000000000000e423 memsz 000000000000e423 (ro) -> mapped USER (bounds ok)
[elf    ] PT_LOAD vaddr 000050000000f000 filesz 00000000000029ac memsz 00000000000029ac (ro) -> mapped USER (bounds ok)
[elf    ] PT_LOAD vaddr 0000500000012000 filesz 0000000000000180 memsz 000000000001d220 (rw) -> mapped USER (bounds ok)
[elf    ] PT_LOAD vaddr 0000500000000000 filesz 000000000000e423 memsz 000000000000e423 (ro) -> mapped USER (bounds ok)
[elf    ] PT_LOAD vaddr 000050000000f000 filesz 00000000000029ac memsz 00000000000029ac (ro) -> mapped USER (bounds ok)
[elf    ] PT_LOAD vaddr 0000500000012000 filesz 0000000000000180 memsz 000000000001d220 (rw) -> mapped USER (bounds ok)
[cas    ] put len 16 hash 30b47d925b331c51 -> DEDUP to block 894 (no write)
[cas    ] put len 8 hash 9b8882eaf381b92f -> block 909 (stored)
[ipcstrs] round 15/20 clean
[kernel ] spawned pid 498 'ipc-sender' caps 00000000000000a0 — private PML4 @ phys 0000000001506000
[kernel ] spawned pid 499 'ipc-recv' caps 00000000000000a0 — private PML4 @ phys 0000000001265000
[elf    ] PT_LOAD vaddr 0000500000000000 filesz 000000000000e423 memsz 000000000000e423 (ro) -> mapped USER (bounds ok)
[elf    ] PT_LOAD vaddr 000050000000f000 filesz 00000000000029ac memsz 00000000000029ac (ro) -> mapped USER (bounds ok)
[elf    ] PT_LOAD vaddr 0000500000012000 filesz 0000000000000180 memsz 000000000001d220 (rw) -> mapped USER (bounds ok)
[elf    ] PT_LOAD vaddr 0000500000000000 filesz 000000000000e423 memsz 000000000000e423 (ro) -> mapped USER (bounds ok)
[elf    ] PT_LOAD vaddr 000050000000f000 filesz 00000000000029ac memsz 00000000000029ac (ro) -> mapped USER (bounds ok)
[elf    ] PT_LOAD vaddr 0000500000012000 filesz 0000000000000180 memsz 000000000001d220 (rw) -> mapped USER (bounds ok)
[cas    ] put len 16 hash 30b47d925b331c51 -> DEDUP to block 894 (no write)
[cas    ] put len 8 hash d97e10fd09604d71 -> block 910 (stored)
[kernel ] spawned pid 500 'ipc-sender' caps 00000000000000a0 — private PML4 @ phys 0000000001265000
[kernel ] spawned pid 501 'ipc-recv' caps 00000000000000a0 — private PML4 @ phys 0000000001506000
[elf    ] PT_LOAD vaddr 0000500000000000 filesz 000000000000e423 memsz 000000000000e423 (ro) -> mapped USER (bounds ok)
[elf    ] PT_LOAD vaddr 000050000000f000 filesz 00000000000029ac memsz 00000000000029ac (ro) -> mapped USER (bounds ok)
[elf    ] PT_LOAD vaddr 0000500000012000 filesz 0000000000000180 memsz 000000000001d220 (rw) -> mapped USER (bounds ok)
[elf    ] PT_LOAD vaddr 0000500000000000 filesz 000000000000e423 memsz 000000000000e423 (ro) -> mapped USER (bounds ok)
[elf    ] PT_LOAD vaddr 000050000000f000 filesz 00000000000029ac memsz 00000000000029ac (ro) -> mapped USER (bounds ok)
[elf    ] PT_LOAD vaddr 0000500000012000 filesz 0000000000000180 memsz 000000000001d220 (rw) -> mapped USER (bounds ok)
[cas    ] put len 16 hash 30b47d925b331c51 -> DEDUP to block 894 (no write)
[cas    ] put len 8 hash 1f9d66c6c7c490ab -> block 911 (stored)
[kernel ] spawned pid 502 'ipc-sender' caps 00000000000000a0 — private PML4 @ phys 0000000001506000
[kernel ] spawned pid 503 'ipc-recv' caps 00000000000000a0 — private PML4 @ phys 0000000001265000
[elf    ] PT_LOAD vaddr 0000500000000000 filesz 000000000000e423 memsz 000000000000e423 (ro) -> mapped USER (bounds ok)
[elf    ] PT_LOAD vaddr 000050000000f000 filesz 00000000000029ac memsz 00000000000029ac (ro) -> mapped USER (bounds ok)
[elf    ] PT_LOAD vaddr 0000500000012000 filesz 0000000000000180 memsz 000000000001d220 (rw) -> mapped USER (bounds ok)
[elf    ] PT_LOAD vaddr 0000500000000000 filesz 000000000000e423 memsz 000000000000e423 (ro) -> mapped USER (bounds ok)
[elf    ] PT_LOAD vaddr 000050000000f000 filesz 00000000000029ac memsz 00000000000029ac (ro) -> mapped USER (bounds ok)
[elf    ] PT_LOAD vaddr 0000500000012000 filesz 0000000000000180 memsz 000000000001d220 (rw) -> mapped USER (bounds ok)
[cas    ] put len 16 hash 30b47d925b331c51 -> DEDUP to block 894 (no write)
[cas    ] put len 8 hash 5d92f4d8dda324ed -> block 912 (stored)
[kernel ] spawned pid 504 'ipc-sender' caps 00000000000000a0 — private PML4 @ phys 0000000001265000
[kernel ] spawned pid 505 'ipc-recv' caps 00000000000000a0 — private PML4 @ phys 0000000001506000
[elf    ] PT_LOAD vaddr 0000500000000000 filesz 000000000000e423 memsz 000000000000e423 (ro) -> mapped USER (bounds ok)
[elf    ] PT_LOAD vaddr 000050000000f000 filesz 00000000000029ac memsz 00000000000029ac (ro) -> mapped USER (bounds ok)
[elf    ] PT_LOAD vaddr 0000500000012000 filesz 0000000000000180 memsz 000000000001d220 (rw) -> mapped USER (bounds ok)
[elf    ] PT_LOAD vaddr 0000500000000000 filesz 000000000000e423 memsz 000000000000e423 (ro) -> mapped USER (bounds ok)
[elf    ] PT_LOAD vaddr 000050000000f000 filesz 00000000000029ac memsz 00000000000029ac (ro) -> mapped USER (bounds ok)
[elf    ] PT_LOAD vaddr 0000500000012000 filesz 0000000000000180 memsz 000000000001d220 (rw) -> mapped USER (bounds ok)
[cas    ] put len 16 hash 30b47d925b331c51 -> DEDUP to block 894 (no write)
[cas    ] put len 8 hash 935ebb334afc0a37 -> block 913 (stored)
[kernel ] spawned pid 506 'ipc-sender' caps 00000000000000a0 — private PML4 @ phys 0000000001506000
[kernel ] spawned pid 507 'ipc-recv' caps 00000000000000a0 — private PML4 @ phys 0000000001265000
[elf    ] PT_LOAD vaddr 0000500000000000 filesz 000000000000e423 memsz 000000000000e423 (ro) -> mapped USER (bounds ok)
[elf    ] PT_LOAD vaddr 000050000000f000 filesz 00000000000029ac memsz 00000000000029ac (ro) -> mapped USER (bounds ok)
[elf    ] PT_LOAD vaddr 0000500000012000 filesz 0000000000000180 memsz 000000000001d220 (rw) -> mapped USER (bounds ok)
[elf    ] PT_LOAD vaddr 0000500000000000 filesz 000000000000e423 memsz 000000000000e423 (ro) -> mapped USER (bounds ok)
[elf    ] PT_LOAD vaddr 000050000000f000 filesz 00000000000029ac memsz 00000000000029ac (ro) -> mapped USER (bounds ok)
[elf    ] PT_LOAD vaddr 0000500000012000 filesz 0000000000000180 memsz 000000000001d220 (rw) -> mapped USER (bounds ok)
[cas    ] put len 16 hash 30b47d925b331c51 -> DEDUP to block 894 (no write)
[cas    ] put len 8 hash d154494560da9e79 -> block 914 (stored)
[ipcstrs] round 20/20 clean
[ipcstrs]  PASS  every round completed without a watchdog timeout (no deadlock across preemption)
[ipcstrs]  PASS  every round's sender AND receiver exited cleanly (exit == own pid)
[ipcstrs]  PASS  no descriptor leaked past any round (open-file table fully released each time)
[ipcstrs]  PASS  no shared-memory grant survived past any round (g_ipc_shm fully released each time)
[ipcstrs] 20 rounds: +2420 freed, +2420 reused; global depth 992
[ipcstrs]  PASS  free-frame count reconciles (g_frame_free_depth == lifetime freed - reused)
[ipcstrs]  PASS  the frame allocator's leaf lock never triggered a rank violation (no double-free race)
[ipcstrs] RESULT: 6 passed, 0 failed
[ipcstrs] IPC STRESS VERIFIED — handle and shared-memory transfer both leak-free across sender/receiver churn
-- done --
-- VFIO STRESS: ring-3 BAR mapping + routed interrupt wait, driver churn --
[vfiostrs] registered dummy device 'vfio-dev0' (idx 2): BAR0 0000000001265000, BAR1 0000000001506000, IRQ line 16
[cas    ] put len 8 hash e6bd86443df8ce07 -> block 915 (stored)
[kernel ] spawned pid 508 'vfio-driver' caps 0000000000000120 — private PML4 @ phys 0000000001214000
[elf    ] PT_LOAD vaddr 0000500000000000 filesz 000000000000e423 memsz 000000000000e423 (ro) -> mapped USER (bounds ok)
[elf    ] PT_LOAD vaddr 000050000000f000 filesz 00000000000029ac memsz 00000000000029ac (ro) -> mapped USER (bounds ok)
[elf    ] PT_LOAD vaddr 0000500000012000 filesz 0000000000000180 memsz 000000000001d220 (rw) -> mapped USER (bounds ok)
[kernel ] spawned pid 509 'vfio-driver' caps 0000000000000120 — private PML4 @ phys 0000000001214000
[elf    ] PT_LOAD vaddr 0000500000000000 filesz 000000000000e423 memsz 000000000000e423 (ro) -> mapped USER (bounds ok)
[elf    ] PT_LOAD vaddr 000050000000f000 filesz 00000000000029ac memsz 00000000000029ac (ro) -> mapped USER (bounds ok)
[elf    ] PT_LOAD vaddr 0000500000012000 filesz 0000000000000180 memsz 000000000001d220 (rw) -> mapped USER (bounds ok)
[kernel ] spawned pid 510 'vfio-driver' caps 0000000000000120 — private PML4 @ phys 0000000001214000
[elf    ] PT_LOAD vaddr 0000500000000000 filesz 000000000000e423 memsz 000000000000e423 (ro) -> mapped USER (bounds ok)
[elf    ] PT_LOAD vaddr 000050000000f000 filesz 00000000000029ac memsz 00000000000029ac (ro) -> mapped USER (bounds ok)
[elf    ] PT_LOAD vaddr 0000500000012000 filesz 0000000000000180 memsz 000000000001d220 (rw) -> mapped USER (bounds ok)
[kernel ] spawned pid 511 'vfio-driver' caps 0000000000000120 — private PML4 @ phys 0000000001214000
[elf    ] PT_LOAD vaddr 0000500000000000 filesz 000000000000e423 memsz 000000000000e423 (ro) -> mapped USER (bounds ok)
[elf    ] PT_LOAD vaddr 000050000000f000 filesz 00000000000029ac memsz 00000000000029ac (ro) -> mapped USER (bounds ok)
[elf    ] PT_LOAD vaddr 0000500000012000 filesz 0000000000000180 memsz 000000000001d220 (rw) -> mapped USER (bounds ok)
[kernel ] spawned pid 512 'vfio-driver' caps 0000000000000120 — private PML4 @ phys 0000000001214000
[elf    ] PT_LOAD vaddr 0000500000000000 filesz 000000000000e423 memsz 000000000000e423 (ro) -> mapped USER (bounds ok)
[elf    ] PT_LOAD vaddr 000050000000f000 filesz 00000000000029ac memsz 00000000000029ac (ro) -> mapped USER (bounds ok)
[elf    ] PT_LOAD vaddr 0000500000012000 filesz 0000000000000180 memsz 000000000001d220 (rw) -> mapped USER (bounds ok)
[vfiostrs] round 5/15 clean
[kernel ] spawned pid 513 'vfio-driver' caps 0000000000000120 — private PML4 @ phys 0000000001214000
[elf    ] PT_LOAD vaddr 0000500000000000 filesz 000000000000e423 memsz 000000000000e423 (ro) -> mapped USER (bounds ok)
[elf    ] PT_LOAD vaddr 000050000000f000 filesz 00000000000029ac memsz 00000000000029ac (ro) -> mapped USER (bounds ok)
[elf    ] PT_LOAD vaddr 0000500000012000 filesz 0000000000000180 memsz 000000000001d220 (rw) -> mapped USER (bounds ok)
[kernel ] spawned pid 514 'vfio-driver' caps 0000000000000120 — private PML4 @ phys 0000000001214000
[elf    ] PT_LOAD vaddr 0000500000000000 filesz 000000000000e423 memsz 000000000000e423 (ro) -> mapped USER (bounds ok)
[elf    ] PT_LOAD vaddr 000050000000f000 filesz 00000000000029ac memsz 00000000000029ac (ro) -> mapped USER (bounds ok)
[elf    ] PT_LOAD vaddr 0000500000012000 filesz 0000000000000180 memsz 000000000001d220 (rw) -> mapped USER (bounds ok)
[kernel ] spawned pid 515 'vfio-driver' caps 0000000000000120 — private PML4 @ phys 0000000001214000
[elf    ] PT_LOAD vaddr 0000500000000000 filesz 000000000000e423 memsz 000000000000e423 (ro) -> mapped USER (bounds ok)
[elf    ] PT_LOAD vaddr 000050000000f000 filesz 00000000000029ac memsz 00000000000029ac (ro) -> mapped USER (bounds ok)
[elf    ] PT_LOAD vaddr 0000500000012000 filesz 0000000000000180 memsz 000000000001d220 (rw) -> mapped USER (bounds ok)
[kernel ] spawned pid 516 'vfio-driver' caps 0000000000000120 — private PML4 @ phys 0000000001214000
[elf    ] PT_LOAD vaddr 0000500000000000 filesz 000000000000e423 memsz 000000000000e423 (ro) -> mapped USER (bounds ok)
[elf    ] PT_LOAD vaddr 000050000000f000 filesz 00000000000029ac memsz 00000000000029ac (ro) -> mapped USER (bounds ok)
[elf    ] PT_LOAD vaddr 0000500000012000 filesz 0000000000000180 memsz 000000000001d220 (rw) -> mapped USER (bounds ok)
[kernel ] spawned pid 517 'vfio-driver' caps 0000000000000120 — private PML4 @ phys 0000000001214000
[elf    ] PT_LOAD vaddr 0000500000000000 filesz 000000000000e423 memsz 000000000000e423 (ro) -> mapped USER (bounds ok)
[elf    ] PT_LOAD vaddr 000050000000f000 filesz 00000000000029ac memsz 00000000000029ac (ro) -> mapped USER (bounds ok)
[elf    ] PT_LOAD vaddr 0000500000012000 filesz 0000000000000180 memsz 000000000001d220 (rw) -> mapped USER (bounds ok)
[vfiostrs] round 10/15 clean
[kernel ] spawned pid 518 'vfio-driver' caps 0000000000000120 — private PML4 @ phys 0000000001214000
[elf    ] PT_LOAD vaddr 0000500000000000 filesz 000000000000e423 memsz 000000000000e423 (ro) -> mapped USER (bounds ok)
[elf    ] PT_LOAD vaddr 000050000000f000 filesz 00000000000029ac memsz 00000000000029ac (ro) -> mapped USER (bounds ok)
[elf    ] PT_LOAD vaddr 0000500000012000 filesz 0000000000000180 memsz 000000000001d220 (rw) -> mapped USER (bounds ok)
[kernel ] spawned pid 519 'vfio-driver' caps 0000000000000120 — private PML4 @ phys 0000000001214000
[elf    ] PT_LOAD vaddr 0000500000000000 filesz 000000000000e423 memsz 000000000000e423 (ro) -> mapped USER (bounds ok)
[elf    ] PT_LOAD vaddr 000050000000f000 filesz 00000000000029ac memsz 00000000000029ac (ro) -> mapped USER (bounds ok)
[elf    ] PT_LOAD vaddr 0000500000012000 filesz 0000000000000180 memsz 000000000001d220 (rw) -> mapped USER (bounds ok)
[kernel ] spawned pid 520 'vfio-driver' caps 0000000000000120 — private PML4 @ phys 0000000001214000
[elf    ] PT_LOAD vaddr 0000500000000000 filesz 000000000000e423 memsz 000000000000e423 (ro) -> mapped USER (bounds ok)
[elf    ] PT_LOAD vaddr 000050000000f000 filesz 00000000000029ac memsz 00000000000029ac (ro) -> mapped USER (bounds ok)
[elf    ] PT_LOAD vaddr 0000500000012000 filesz 0000000000000180 memsz 000000000001d220 (rw) -> mapped USER (bounds ok)
[kernel ] spawned pid 521 'vfio-driver' caps 0000000000000120 — private PML4 @ phys 0000000001214000
[elf    ] PT_LOAD vaddr 0000500000000000 filesz 000000000000e423 memsz 000000000000e423 (ro) -> mapped USER (bounds ok)
[elf    ] PT_LOAD vaddr 000050000000f000 filesz 00000000000029ac memsz 00000000000029ac (ro) -> mapped USER (bounds ok)
[elf    ] PT_LOAD vaddr 0000500000012000 filesz 0000000000000180 memsz 000000000001d220 (rw) -> mapped USER (bounds ok)
[kernel ] spawned pid 522 'vfio-driver' caps 0000000000000120 — private PML4 @ phys 0000000001214000
[elf    ] PT_LOAD vaddr 0000500000000000 filesz 000000000000e423 memsz 000000000000e423 (ro) -> mapped USER (bounds ok)
[elf    ] PT_LOAD vaddr 000050000000f000 filesz 00000000000029ac memsz 00000000000029ac (ro) -> mapped USER (bounds ok)
[elf    ] PT_LOAD vaddr 0000500000012000 filesz 0000000000000180 memsz 000000000001d220 (rw) -> mapped USER (bounds ok)
[vfiostrs] round 15/15 clean
[vfiostrs]  PASS  every round completed without a watchdog timeout (no deadlock across preemption)
[vfiostrs]  PASS  every round's driver exited cleanly (exit == own pid: BAR reads/writes and IRQ wait all verified in ring 3)
[vfiostrs]  PASS  no DMA/MMIO grant survived past any round's teardown
[vfiostrs]  PASS  no IRQ-line ownership survived past any round's teardown
[vfiostrs]  PASS  BAR0's sentinel survived every round's teardown (device frame never freed)
[vfiostrs] 15 rounds: +900 freed, +900 reused; global depth 990
[vfiostrs]  PASS  free-frame count reconciles (g_frame_free_depth == lifetime freed - reused)
[vfiostrs]  PASS  the frame allocator's leaf lock never triggered a rank violation (no double-free race)
[vfiostrs] RESULT: 7 passed, 0 failed
[vfiostrs] VFIO STRESS VERIFIED — BAR mapping and routed interrupts both leak-free across driver churn
-- done --
-- VFS STRESS: journaling, unlink/reclamation, multi-volume mounts, driver churn --
[cas    ] put len 512 hash b5a1ebfb5e7a8925 -> block 916 (stored)
[cas    ] put len 512 hash 84d636b00eaa2b25 -> block 917 (stored)
[cas    ] put len 512 hash 418fb6bc44c60b25 -> block 918 (stored)
[cas    ] put len 512 hash 1d2de4cb2eac0b25 -> block 919 (stored)
[cas    ] put len 512 hash ab8339058cac1925 -> block 920 (stored)
[cas    ] put len 512 hash c2a1df7d9a042325 -> block 921 (stored)
[cas    ] put len 512 hash 10f1292ceebf3725 -> block 922 (stored)
[cas    ] put len 512 hash 461501db2dafbb25 -> block 923 (stored)
[cas    ] put len 512 hash 8968c52646bf8525 -> block 924 (stored)
[cas    ] put len 512 hash 64d314dd4ddc7b25 -> block 925 (stored)
[cas    ] put len 512 hash e4f39f386a78cf25 -> block 926 (stored)
[cas    ] put len 512 hash 1df64db55e83af25 -> block 927 (stored)
[cas    ] put len 512 hash 488a41cb55da9525 -> block 928 (stored)
[cas    ] put len 512 hash cb9d739c77ac6b25 -> block 929 (stored)
[cas    ] put len 512 hash 56859d1e86682b25 -> block 930 (stored)
[cas    ] put len 512 hash f8abd6997cf8b325 -> block 931 (stored)
[vfsstrs] chunk map tier 0: wrote 8192, read back 8192, 16 chunk(s)
[vfsstrs]  PASS  large-file chunk map: DIRECT tier (8 KiB) round-trips byte-for-byte
[cas    ] put len 512 hash a3fdfb9db6f99325 -> block 932 (stored)
[cas    ] put len 512 hash 7f8f30e524f68d25 -> block 933 (stored)
[cas    ] put len 512 hash d9246a80526ee325 -> block 934 (stored)
[cas    ] put len 512 hash cee9e6fd2c825325 -> block 935 (stored)
[cas    ] put len 512 hash 8d22b34506896f25 -> block 936 (stored)
[cas    ] put len 512 hash 7e45268bf47f4525 -> block 937 (stored)
[cas    ] put len 512 hash 068ddba039eb4725 -> block 938 (stored)
[cas    ] put len 512 hash 5c1629e07a268b25 -> block 939 (stored)
[cas    ] put len 512 hash 2d02c2dd6b9cb325 -> block 940 (stored)
[cas    ] put len 512 hash d73fa84c007c8925 -> block 941 (stored)
[cas    ] put len 512 hash 3a8cfdcbc96a2b25 -> block 942 (stored)
[cas    ] put len 512 hash f96b06eefd549325 -> block 943 (stored)
[cas    ] put len 512 hash e4320cd723e50b25 -> block 944 (stored)
[cas    ] put len 512 hash 3ccc9e3d15aa2125 -> block 945 (stored)
[cas    ] put len 512 hash fe0c3edfe3442325 -> block 946 (stored)
[cas    ] put len 512 hash f2de4129dab34f25 -> block 947 (stored)
[cas    ] put len 512 hash be2e1568a3fd9325 -> block 948 (stored)
[cas    ] put len 512 hash 256595392a6d8525 -> block 949 (stored)
[cas    ] put len 512 hash 28f7e4b71a838325 -> block 950 (stored)
[cas    ] put len 512 hash e4d9fe10f67cf325 -> block 951 (stored)
[cas    ] put len 512 hash ab19668be4535725 -> block 952 (stored)
[cas    ] put len 512 hash a512135145d89525 -> block 953 (stored)
[cas    ] put len 512 hash a74f6b91d31c6b25 -> block 954 (stored)
[cas    ] put len 512 hash 5cbea59d94c5cb25 -> block 955 (stored)
[cas    ] put len 512 hash 204f3439a9c8b325 -> block 956 (stored)
[cas    ] put len 512 hash aefd34f34d7ec925 -> block 957 (stored)
[cas    ] put len 512 hash 69819a51c4d42b25 -> block 958 (stored)
[cas    ] put len 512 hash 4128bc646e8d2325 -> block 959 (stored)
[cas    ] put len 512 hash 66bc6b1658a22725 -> block 960 (stored)
[cas    ] put len 512 hash f5d9f2ece922a125 -> block 961 (stored)
[cas    ] put len 512 hash 63dd067934396f25 -> block 962 (stored)
[cas    ] put len 512 hash fdb94a415b0be725 -> block 963 (stored)
[cas    ] put len 512 hash 1c9f9de2c4049b25 -> block 964 (stored)
[cas    ] put len 512 hash 10b02221482bd525 -> block 965 (stored)
[cas    ] put len 512 hash 1a4a04f461eb8325 -> block 966 (stored)
[cas    ] put len 512 hash 150978b2ebeabb25 -> block 967 (stored)
[cas    ] put len 512 hash 7ae66fa12f135725 -> block 968 (stored)
[cas    ] put len 512 hash f9d193a51a864525 -> block 969 (stored)
[cas    ] put len 512 hash b52c8c1c3e4d4725 -> block 970 (stored)
[cas    ] put len 512 hash 566dc79416044b25 -> block 971 (stored)
[cas    ] put len 512 hash 7ee660c0239d4725 -> block 972 (stored)
[cas    ] put len 512 hash 622e140c072e5125 -> block 973 (stored)
[cas    ] put len 512 hash 7e5e61d98a4e2b25 -> block 974 (stored)
[cas    ] put len 512 hash 71c956bbf2e49f25 -> block 975 (stored)
[cas    ] put len 512 hash d9e609a290f80b25 -> block 976 (stored)
[cas    ] put len 512 hash a9709e0464b9e925 -> block 977 (stored)
[cas    ] put len 512 hash 4fb192879a742325 -> block 978 (stored)
[cas    ] put len 512 hash 615c2173c4ee7f25 -> block 979 (stored)
[cas    ] put len 512 hash 2ff8e2a5f2229b25 -> block 980 (stored)
[cas    ] put len 512 hash f2de5b0711266525 -> block 981 (stored)
[cas    ] put len 512 hash e3f694969a413b25 -> block 982 (stored)
[cas    ] put len 512 hash 8482e227cf6d7f25 -> block 983 (stored)
[cas    ] put len 512 hash 2b7f796947e55725 -> block 984 (stored)
[cas    ] put len 512 hash f6b9d8391e16fd25 -> block 985 (stored)
[cas    ] put len 512 hash 4c1f6c0d02851b25 -> block 986 (stored)
[cas    ] put len 512 hash 3a22c5a5856f4f25 -> block 987 (stored)
[cas    ] put len 512 hash b3603ac4ccad7725 -> block 988 (stored)
[cas    ] put len 512 hash 7b50ecc205a9c925 -> block 989 (stored)
[cas    ] put len 512 hash 2b3e6b2df5e02b25 -> block 990 (stored)
[cas    ] put len 512 hash c7e047b161dc5b25 -> block 991 (stored)
[cas    ] put len 512 hash 0ec0593045fedf25 -> block 992 (stored)
[cas    ] put len 512 hash 2b8009005291a125 -> block 993 (stored)
[cas    ] put len 512 hash ff7edd2666641b25 -> block 994 (stored)
[cas    ] put len 512 hash ed41d0ba8dd1a725 -> block 995 (stored)
[cas    ] put len 512 hash 6c064fc7c6c99325 -> block 996 (stored)
[cas    ] put len 512 hash 3fbdb34902488d25 -> block 997 (stored)
[cas    ] put len 512 hash 5a92f47653e73b25 -> block 998 (stored)
[cas    ] put len 512 hash 030fee0046f8f325 -> block 999 (stored)
[cas    ] put len 512 hash d262fbeb17856f25 -> block 1000 (stored)
[cas    ] put len 512 hash afc1207ba2614525 -> block 1001 (stored)
[cas    ] put len 512 hash 61b69b571e54ef25 -> block 1002 (stored)
[cas    ] put len 512 hash 8630ef4bb0dbff25 -> block 1003 (stored)
[cas    ] put len 512 hash 6c6ea7ebef1e7066 -> block 1004 (stored)
[vfsstrs] chunk map tier 1: wrote 36864, read back 36864, 72 chunk(s)
[vfsstrs]  PASS  large-file chunk map: SINGLE-indirect tier (36 KiB) round-trips byte-for-byte
[cas    ] put len 512 hash 24738d3e9dc52725 -> block 1005 (stored)
[cas    ] put len 512 hash 7640df62547d7725 -> block 1006 (stored)
[cas    ] put len 512 hash f564741bec8dc925 -> block 1007 (stored)
[cas    ] put len 512 hash 8bc46f37a4e82b25 -> block 1008 (stored)
[cas    ] put len 512 hash f8b79d0a24c04b25 -> block 1009 (stored)
[cas    ] put len 512 hash 8d50b9ba6756df25 -> block 1010 (stored)
[cas    ] put len 512 hash af6273293025a125 -> block 1011 (stored)
[cas    ] put len 512 hash d6b85bdf4cec1b25 -> block 1012 (stored)
[cas    ] put len 512 hash b90c6b69ef2cdf25 -> block 1013 (stored)
[cas    ] put len 512 hash 8a72111176f19325 -> block 1014 (stored)
[cas    ] put len 512 hash ad3f8b0964248d25 -> block 1015 (stored)
[cas    ] put len 512 hash d4a75f0e0b1f3b25 -> block 1016 (stored)
[cas    ] put len 512 hash b9f9d3696960f325 -> block 1017 (stored)
[cas    ] put len 512 hash 35d56e0d88956f25 -> block 1018 (stored)
[cas    ] put len 512 hash 2d55ebe132ed4525 -> block 1019 (stored)
[cas    ] put len 512 hash 64d0ddadfd5cef25 -> block 1020 (stored)
[cas    ] put len 512 hash a27ead129cf9ef25 -> block 1021 (stored)
[cas    ] put len 512 hash 82b8283cafe4b325 -> block 1022 (stored)
[cas    ] put len 512 hash 8213281a2e9e8925 -> block 1023 (stored)
[cas    ] put len 512 hash fcc7a6f6b37a2b25 -> block 1024 (stored)
[cas    ] put len 512 hash 568593821e566325 -> block 1025 (stored)
[cas    ] put len 512 hash 64bae8bf65cc0b25 -> block 1026 (stored)
[cas    ] put len 512 hash c841503375601925 -> block 1027 (stored)
[cas    ] put len 512 hash 87526571ec442325 -> block 1028 (stored)
[cas    ] put len 512 hash a49cb3e05ea45725 -> block 1029 (stored)
[cas    ] put len 512 hash b7a238be2977bb25 -> block 1030 (stored)
[cas    ] put len 512 hash 58dd713e4b2b8525 -> block 1031 (stored)
[cas    ] put len 512 hash 40936d7840d47b25 -> block 1032 (stored)
[cas    ] put len 512 hash d2f032c0315b6725 -> block 1033 (stored)
[cas    ] put len 512 hash 858df7196893af25 -> block 1034 (stored)
[cas    ] put len 512 hash 33e2003734e69525 -> block 1035 (stored)
[cas    ] put len 512 hash bab55fa4d29c6b25 -> block 1036 (stored)
[cas    ] put len 512 hash cbe3bac82b94f325 -> block 1037 (stored)
[cas    ] put len 512 hash eb370f476688b325 -> block 1038 (stored)
[cas    ] put len 512 hash a659022aff10c925 -> block 1039 (stored)
[cas    ] put len 512 hash 381ba1f2229c2b25 -> block 1040 (stored)
[cas    ] put len 512 hash 22353f8ba9a85325 -> block 1041 (stored)
[cas    ] put len 512 hash ee7328ed026e2725 -> block 1042 (stored)
[cas    ] put len 512 hash b75260e1a05ca125 -> block 1043 (stored)
[cas    ] put len 512 hash 2cf12016833d6f25 -> block 1044 (stored)
[cas    ] put len 512 hash 5cdc08590c27e725 -> block 1045 (stored)
[cas    ] put len 512 hash 23e05e3e6b749b25 -> block 1046 (stored)
[cas    ] put len 512 hash f0e24ed6a731d525 -> block 1047 (stored)
[cas    ] put len 512 hash 847673cf496b8325 -> block 1048 (stored)
[cas    ] put len 512 hash f025fe0390539725 -> block 1049 (stored)
[cas    ] put len 512 hash 1d4ec3ced4736f25 -> block 1050 (stored)
[cas    ] put len 512 hash 169ed8d2ea2c4525 -> block 1051 (stored)
[cas    ] put len 512 hash a473475665694725 -> block 1052 (stored)
[cas    ] put len 512 hash 1bd5a9fc212c9f25 -> block 1053 (stored)
[cas    ] put len 512 hash ff50cce732747725 -> block 1054 (stored)
[cas    ] put len 512 hash 401a6da68a305125 -> block 1055 (stored)
[cas    ] put len 512 hash 9b39164395829325 -> block 1056 (stored)
[cas    ] put len 512 hash 95bc5941e6155325 -> block 1057 (stored)
[cas    ] put len 512 hash 24814f5bc9500b25 -> block 1058 (stored)
[cas    ] put len 512 hash 43fcbd1ed0a73125 -> block 1059 (stored)
[cas    ] put len 512 hash bd61f138e3020b25 -> block 1060 (stored)
[cas    ] put len 512 hash 6813fb2294a61b25 -> block 1061 (stored)
[cas    ] put len 512 hash 5e5fdf27fe7cd325 -> block 1062 (stored)
[cas    ] put len 512 hash 3663bbbe79846525 -> block 1063 (stored)
[cas    ] put len 512 hash 717dd4acc4593b25 -> block 1064 (stored)
[cas    ] put len 512 hash 3718719620de8325 -> block 1065 (stored)
[cas    ] put len 512 hash fbdded74d039af25 -> block 1066 (stored)
[cas    ] put len 512 hash d18d7017ce94fd25 -> block 1067 (stored)
[cas    ] put len 512 hash 2975e52640706b25 -> block 1068 (stored)
[cas    ] put len 512 hash 530f5c8aca182325 -> block 1069 (stored)
[cas    ] put len 512 hash f9befc3969724725 -> block 1070 (stored)
[cas    ] put len 512 hash 71e38c068893c925 -> block 1071 (stored)
[cas    ] put len 512 hash 3ac83964fc669325 -> block 1072 (stored)
[cas    ] put len 512 hash d766a6062b367725 -> block 1073 (stored)
[cas    ] put len 512 hash 3cd39a6e66f2df25 -> block 1074 (stored)
[cas    ] put len 512 hash c08addfa01c3a125 -> block 1075 (stored)
[cas    ] put len 512 hash 909b847e42441b25 -> block 1076 (stored)
[cas    ] put len 512 hash d4ac13a533444725 -> block 1077 (stored)
[cas    ] put len 512 hash a3fdfb9db6f99325 -> DEDUP to block 932 (no write)
[cas    ] put len 512 hash 7f8f30e524f68d25 -> DEDUP to block 933 (no write)
[cas    ] put len 512 hash d9246a80526ee325 -> DEDUP to block 934 (no write)
[cas    ] put len 512 hash cee9e6fd2c825325 -> DEDUP to block 935 (no write)
[cas    ] put len 512 hash 8d22b34506896f25 -> DEDUP to block 936 (no write)
[cas    ] put len 512 hash 7e45268bf47f4525 -> DEDUP to block 937 (no write)
[cas    ] put len 512 hash 068ddba039eb4725 -> DEDUP to block 938 (no write)
[cas    ] put len 512 hash 5c1629e07a268b25 -> DEDUP to block 939 (no write)
[cas    ] put len 512 hash 2d02c2dd6b9cb325 -> DEDUP to block 940 (no write)
[cas    ] put len 512 hash d73fa84c007c8925 -> DEDUP to block 941 (no write)
[cas    ] put len 512 hash 3a8cfdcbc96a2b25 -> DEDUP to block 942 (no write)
[cas    ] put len 512 hash f96b06eefd549325 -> DEDUP to block 943 (no write)
[cas    ] put len 512 hash e4320cd723e50b25 -> DEDUP to block 944 (no write)
[cas    ] put len 512 hash 3ccc9e3d15aa2125 -> DEDUP to block 945 (no write)
[cas    ] put len 512 hash fe0c3edfe3442325 -> DEDUP to block 946 (no write)
[cas    ] put len 512 hash f2de4129dab34f25 -> DEDUP to block 947 (no write)
[cas    ] put len 512 hash be2e1568a3fd9325 -> DEDUP to block 948 (no write)
[cas    ] put len 512 hash 256595392a6d8525 -> DEDUP to block 949 (no write)
[cas    ] put len 512 hash 28f7e4b71a838325 -> DEDUP to block 950 (no write)
[cas    ] put len 512 hash e4d9fe10f67cf325 -> DEDUP to block 951 (no write)
[cas    ] put len 512 hash ab19668be4535725 -> DEDUP to block 952 (no write)
[cas    ] put len 512 hash a512135145d89525 -> DEDUP to block 953 (no write)
[cas    ] put len 512 hash a74f6b91d31c6b25 -> DEDUP to block 954 (no write)
[cas    ] put len 512 hash 5cbea59d94c5cb25 -> DEDUP to block 955 (no write)
[cas    ] put len 512 hash 204f3439a9c8b325 -> DEDUP to block 956 (no write)
[cas    ] put len 512 hash aefd34f34d7ec925 -> DEDUP to block 957 (no write)
[cas    ] put len 512 hash 69819a51c4d42b25 -> DEDUP to block 958 (no write)
[cas    ] put len 512 hash 4128bc646e8d2325 -> DEDUP to block 959 (no write)
[cas    ] put len 512 hash 66bc6b1658a22725 -> DEDUP to block 960 (no write)
[cas    ] put len 512 hash f5d9f2ece922a125 -> DEDUP to block 961 (no write)
[cas    ] put len 512 hash 63dd067934396f25 -> DEDUP to block 962 (no write)
[cas    ] put len 512 hash fdb94a415b0be725 -> DEDUP to block 963 (no write)
[cas    ] put len 512 hash 1c9f9de2c4049b25 -> DEDUP to block 964 (no write)
[cas    ] put len 512 hash 10b02221482bd525 -> DEDUP to block 965 (no write)
[cas    ] put len 512 hash 1a4a04f461eb8325 -> DEDUP to block 966 (no write)
[cas    ] put len 512 hash 150978b2ebeabb25 -> DEDUP to block 967 (no write)
[cas    ] put len 512 hash 7ae66fa12f135725 -> DEDUP to block 968 (no write)
[cas    ] put len 512 hash f9d193a51a864525 -> DEDUP to block 969 (no write)
[cas    ] put len 512 hash b52c8c1c3e4d4725 -> DEDUP to block 970 (no write)
[cas    ] put len 512 hash 566dc79416044b25 -> DEDUP to block 971 (no write)
[cas    ] put len 512 hash 7ee660c0239d4725 -> DEDUP to block 972 (no write)
[cas    ] put len 512 hash 622e140c072e5125 -> DEDUP to block 973 (no write)
[cas    ] put len 512 hash 7e5e61d98a4e2b25 -> DEDUP to block 974 (no write)
[cas    ] put len 512 hash 71c956bbf2e49f25 -> DEDUP to block 975 (no write)
[cas    ] put len 512 hash d9e609a290f80b25 -> DEDUP to block 976 (no write)
[cas    ] put len 512 hash a9709e0464b9e925 -> DEDUP to block 977 (no write)
[cas    ] put len 512 hash 4fb192879a742325 -> DEDUP to block 978 (no write)
[cas    ] put len 512 hash 615c2173c4ee7f25 -> DEDUP to block 979 (no write)
[cas    ] put len 512 hash 2ff8e2a5f2229b25 -> DEDUP to block 980 (no write)
[cas    ] put len 512 hash f2de5b0711266525 -> DEDUP to block 981 (no write)
[cas    ] put len 512 hash e3f694969a413b25 -> DEDUP to block 982 (no write)
[cas    ] put len 512 hash 8482e227cf6d7f25 -> DEDUP to block 983 (no write)
[cas    ] put len 512 hash 2b7f796947e55725 -> DEDUP to block 984 (no write)
[cas    ] put len 512 hash f6b9d8391e16fd25 -> DEDUP to block 985 (no write)
[cas    ] put len 512 hash 4c1f6c0d02851b25 -> DEDUP to block 986 (no write)
[cas    ] put len 512 hash 3a22c5a5856f4f25 -> DEDUP to block 987 (no write)
[cas    ] put len 512 hash b3603ac4ccad7725 -> DEDUP to block 988 (no write)
[cas    ] put len 512 hash 7b50ecc205a9c925 -> DEDUP to block 989 (no write)
[cas    ] put len 512 hash 2b3e6b2df5e02b25 -> DEDUP to block 990 (no write)
[cas    ] put len 512 hash c7e047b161dc5b25 -> DEDUP to block 991 (no write)
[cas    ] put len 512 hash 0ec0593045fedf25 -> DEDUP to block 992 (no write)
[cas    ] put len 512 hash 2b8009005291a125 -> DEDUP to block 993 (no write)
[cas    ] put len 512 hash ff7edd2666641b25 -> DEDUP to block 994 (no write)
[cas    ] put len 512 hash ed41d0ba8dd1a725 -> DEDUP to block 995 (no write)
[cas    ] put len 512 hash 6c064fc7c6c99325 -> DEDUP to block 996 (no write)
[cas    ] put len 512 hash 3fbdb34902488d25 -> DEDUP to block 997 (no write)
[cas    ] put len 512 hash 5a92f47653e73b25 -> DEDUP to block 998 (no write)
[cas    ] put len 512 hash 030fee0046f8f325 -> DEDUP to block 999 (no write)
[cas    ] put len 512 hash d262fbeb17856f25 -> DEDUP to block 1000 (no write)
[cas    ] put len 512 hash afc1207ba2614525 -> DEDUP to block 1001 (no write)
[cas    ] put len 512 hash 61b69b571e54ef25 -> DEDUP to block 1002 (no write)
[cas    ] put len 512 hash 8630ef4bb0dbff25 -> DEDUP to block 1003 (no write)
[cas    ] put len 512 hash a85f32f6aaf4b325 -> block 1078 (stored)
[cas    ] put len 512 hash b5a1ebfb5e7a8925 -> DEDUP to block 916 (no write)
[cas    ] put len 512 hash 84d636b00eaa2b25 -> DEDUP to block 917 (no write)
[cas    ] put len 512 hash 418fb6bc44c60b25 -> DEDUP to block 918 (no write)
[cas    ] put len 512 hash 1d2de4cb2eac0b25 -> DEDUP to block 919 (no write)
[cas    ] put len 512 hash ab8339058cac1925 -> DEDUP to block 920 (no write)
[cas    ] put len 512 hash c2a1df7d9a042325 -> DEDUP to block 921 (no write)
[cas    ] put len 512 hash 10f1292ceebf3725 -> DEDUP to block 922 (no write)
[cas    ] put len 512 hash 461501db2dafbb25 -> DEDUP to block 923 (no write)
[cas    ] put len 512 hash 8968c52646bf8525 -> DEDUP to block 924 (no write)
[cas    ] put len 512 hash 64d314dd4ddc7b25 -> DEDUP to block 925 (no write)
[cas    ] put len 512 hash e4f39f386a78cf25 -> DEDUP to block 926 (no write)
[cas    ] put len 512 hash 1df64db55e83af25 -> DEDUP to block 927 (no write)
[cas    ] put len 512 hash 488a41cb55da9525 -> DEDUP to block 928 (no write)
[cas    ] put len 512 hash cb9d739c77ac6b25 -> DEDUP to block 929 (no write)
[cas    ] put len 512 hash 56859d1e86682b25 -> DEDUP to block 930 (no write)
[cas    ] put len 512 hash f8abd6997cf8b325 -> DEDUP to block 931 (no write)
[cas    ] put len 512 hash 15e655cf3864c925 -> block 1079 (stored)
[cas    ] put len 512 hash c692f39af4b42b25 -> block 1080 (stored)
[cas    ] put len 512 hash 5a6257dff133bb25 -> block 1081 (stored)
[cas    ] put len 512 hash 5e0aa6415ede2725 -> block 1082 (stored)
[cas    ] put len 512 hash 2b0749af8fc8a125 -> block 1083 (stored)
[cas    ] put len 512 hash 71c82972f6756f25 -> block 1084 (stored)
[cas    ] put len 512 hash 5ea4e80cfdf9ff25 -> block 1085 (stored)
[cas    ] put len 512 hash 476dc817d2e49b25 -> block 1086 (stored)
[cas    ] put len 512 hash ae1f04ead145d525 -> block 1087 (stored)
[cas    ] put len 512 hash 62ddb6ef88a38325 -> block 1088 (stored)
[cas    ] put len 512 hash db5160be21c71725 -> block 1089 (stored)
[cas    ] put len 512 hash e44a7d58f65b6f25 -> block 1090 (stored)
[cas    ] put len 512 hash 8faf6f0c3f904525 -> block 1091 (stored)
[cas    ] put len 512 hash fb50487e59294725 -> block 1092 (stored)
[cas    ] put len 512 hash dbd711714e19ef25 -> block 1093 (stored)
[cas    ] put len 512 hash ce96d0e73c1c7725 -> block 1094 (stored)
[cas    ] put len 512 hash 9ed6e5f177bc5125 -> block 1095 (stored)
[cas    ] put len 512 hash ebf8f932dada9325 -> block 1096 (stored)
[cas    ] put len 512 hash 9828c7d6c6f1e325 -> block 1097 (stored)
[cas    ] put len 512 hash 69fff8c688600b25 -> block 1098 (stored)
[cas    ] put len 512 hash d91519d3210b3125 -> block 1099 (stored)
[cas    ] put len 512 hash cd0a8a50fbda0b25 -> block 1100 (stored)
[cas    ] put len 512 hash fc4c859fc5631b25 -> block 1101 (stored)
[cas    ] put len 512 hash 49d2a71ff514d325 -> block 1102 (stored)
[cas    ] put len 512 hash bcc34b0584706525 -> block 1103 (stored)
[cas    ] put len 512 hash ae83984fb7493b25 -> block 1104 (stored)
[cas    ] put len 512 hash 9c85f712cd91b325 -> block 1105 (stored)
[cas    ] put len 512 hash 67a44775b159af25 -> block 1106 (stored)
[cas    ] put len 512 hash 0e5334ecfdc8fd25 -> block 1107 (stored)
[cas    ] put len 512 hash d8ecfab6dfb06b25 -> block 1108 (stored)
[cas    ] put len 512 hash 00b527c906002325 -> block 1109 (stored)
[cas    ] put len 512 hash 5970e093e5924725 -> block 1110 (stored)
[cas    ] put len 512 hash a50046aa96f7c925 -> block 1111 (stored)
[cas    ] put len 512 hash 95e2f13ca5269325 -> block 1112 (stored)
[cas    ] put len 512 hash f19410392a991f25 -> block 1113 (stored)
[cas    ] put len 512 hash 9293d8413dfadf25 -> block 1114 (stored)
[cas    ] put len 512 hash 1595db488a37a125 -> block 1115 (stored)
[cas    ] put len 512 hash f552467c554c1b25 -> block 1116 (stored)
[cas    ] put len 512 hash 9488794985d37ae6 -> block 1117 (stored)
[cas    ] put len 512 hash 2cccb1311cb888ff -> block 1118 (stored)
[cas    ] put len 512 hash d1865268d57cd068 -> block 1119 (stored)
[cas    ] put len 512 hash e91b6fab2950cf48 -> block 1120 (stored)
[vfsstrs] chunk map tier 2: wrote 102400, read back 102400, 200 chunk(s)
[vfsstrs]  PASS  large-file chunk map: DOUBLE-indirect tier (100 KiB) round-trips byte-for-byte
[vfs    ] reject 'vfs-stress': 262145 bytes exceeds the 262144-byte file ceiling
[vfsstrs]  PASS  a write past the file ceiling is refused, not silently truncated
[cas    ] put len 6 hash 6e5c2e3e6907305e -> block 1121 (stored)
[cas    ] put len 7 hash c165a625187710a3 -> block 1122 (stored)
[cas    ] put len 5 hash b5d21ef8f4b47e6c -> block 1123 (stored)
[cas    ] put len 4 hash 8943a18b9f342226 -> block 1124 (stored)
[cas    ] put len 5 hash a5053cf4f20e2cdf -> block 1125 (stored)
[vfsstrs]  PASS  a slash-separated PATH is a valid VFS name and resolves by full path
[vfsstrs] path listing: 4 under /vfstest/include/, 1 under /vfstest/lib/
[vfsstrs]  PASS  prefix listing partitions the flat table into directories (4 include, 1 lib)
[vfsstrs]  PASS  paths identical for 32 bytes but differing later are DISTINCT files
[vfsstrs]  PASS  every path-named file unlinks cleanly, leaving no dirent behind
[cas    ] put len 16 hash d09df0ea509ed69b -> block 1126 (stored)
[kernel ] spawned pid 523 'vfs-driver' caps 0000000000000020 — private PML4 @ phys 0000000001214000
[elf    ] PT_LOAD vaddr 0000500000000000 filesz 000000000000e423 memsz 000000000000e423 (ro) -> mapped USER (bounds ok)
[elf    ] PT_LOAD vaddr 000050000000f000 filesz 00000000000029ac memsz 00000000000029ac (ro) -> mapped USER (bounds ok)
[elf    ] PT_LOAD vaddr 0000500000012000 filesz 0000000000000180 memsz 000000000001d220 (rw) -> mapped USER (bounds ok)
[cas    ] put len 8 hash dfd3c47fa2cafc3c -> block 1127 (stored)
[vfs    ] VFS journal: applied a pending directory commit (seq 238) to disk
[cas    ] put len 16 hash d09df0ea509ed69b -> DEDUP to block 1126 (no write)
[kernel ] spawned pid 524 'vfs-driver' caps 0000000000000020 — private PML4 @ phys 0000000001214000
[elf    ] PT_LOAD vaddr 0000500000000000 filesz 000000000000e423 memsz 000000000000e423 (ro) -> mapped USER (bounds ok)
[elf    ] PT_LOAD vaddr 000050000000f000 filesz 00000000000029ac memsz 00000000000029ac (ro) -> mapped USER (bounds ok)
[elf    ] PT_LOAD vaddr 0000500000012000 filesz 0000000000000180 memsz 000000000001d220 (rw) -> mapped USER (bounds ok)
[cas    ] put len 8 hash b5a5300c051d63bf -> block 1128 (stored)
[vfs    ] VFS journal: applied a pending directory commit (seq 241) to disk
[cas    ] put len 16 hash d09df0ea509ed69b -> DEDUP to block 1126 (no write)
[kernel ] spawned pid 525 'vfs-driver' caps 0000000000000020 — private PML4 @ phys 0000000001214000
[elf    ] PT_LOAD vaddr 0000500000000000 filesz 000000000000e423 memsz 000000000000e423 (ro) -> mapped USER (bounds ok)
[elf    ] PT_LOAD vaddr 000050000000f000 filesz 00000000000029ac memsz 00000000000029ac (ro) -> mapped USER (bounds ok)
[elf    ] PT_LOAD vaddr 0000500000012000 filesz 0000000000000180 memsz 000000000001d220 (rw) -> mapped USER (bounds ok)
[cas    ] put len 8 hash a62fc683d15bd88a -> block 1129 (stored)
[vfs    ] VFS journal: applied a pending directory commit (seq 244) to disk
[cas    ] put len 16 hash d09df0ea509ed69b -> DEDUP to block 1126 (no write)
[kernel ] spawned pid 526 'vfs-driver' caps 0000000000000020 — private PML4 @ phys 0000000001214000
[elf    ] PT_LOAD vaddr 0000500000000000 filesz 000000000000e423 memsz 000000000000e423 (ro) -> mapped USER (bounds ok)
[elf    ] PT_LOAD vaddr 000050000000f000 filesz 00000000000029ac memsz 00000000000029ac (ro) -> mapped USER (bounds ok)
[elf    ] PT_LOAD vaddr 0000500000012000 filesz 0000000000000180 memsz 000000000001d220 (rw) -> mapped USER (bounds ok)
[cas    ] put len 8 hash d0229aecaf1b1ef5 -> block 1130 (stored)
[vfs    ] VFS journal: applied a pending directory commit (seq 247) to disk
[cas    ] put len 16 hash d09df0ea509ed69b -> DEDUP to block 1126 (no write)
[kernel ] spawned pid 527 'vfs-driver' caps 0000000000000020 — private PML4 @ phys 0000000001214000
[elf    ] PT_LOAD vaddr 0000500000000000 filesz 000000000000e423 memsz 000000000000e423 (ro) -> mapped USER (bounds ok)
[elf    ] PT_LOAD vaddr 000050000000f000 filesz 00000000000029ac memsz 00000000000029ac (ro) -> mapped USER (bounds ok)
[elf    ] PT_LOAD vaddr 0000500000012000 filesz 0000000000000180 memsz 000000000001d220 (rw) -> mapped USER (bounds ok)
[cas    ] put len 8 hash b463a48a850b08f8 -> block 1131 (stored)
[vfs    ] VFS journal: applied a pending directory commit (seq 250) to disk
[vfsstrs] round 5/15 clean
[cas    ] put len 16 hash d09df0ea509ed69b -> DEDUP to block 1126 (no write)
[kernel ] spawned pid 528 'vfs-driver' caps 0000000000000020 — private PML4 @ phys 0000000001214000
[elf    ] PT_LOAD vaddr 0000500000000000 filesz 000000000000e423 memsz 000000000000e423 (ro) -> mapped USER (bounds ok)
[elf    ] PT_LOAD vaddr 000050000000f000 filesz 00000000000029ac memsz 00000000000029ac (ro) -> mapped USER (bounds ok)
[elf    ] PT_LOAD vaddr 0000500000012000 filesz 0000000000000180 memsz 000000000001d220 (rw) -> mapped USER (bounds ok)
[cas    ] put len 8 hash a36a5998c1f658db -> block 1132 (stored)
[vfs    ] VFS journal: applied a pending directory commit (seq 253) to disk
[cas    ] put len 16 hash d09df0ea509ed69b -> DEDUP to block 1126 (no write)
[kernel ] spawned pid 529 'vfs-driver' caps 0000000000000020 — private PML4 @ phys 0000000001214000
[elf    ] PT_LOAD vaddr 0000500000000000 filesz 000000000000e423 memsz 000000000000e423 (ro) -> mapped USER (bounds ok)
[elf    ] PT_LOAD vaddr 000050000000f000 filesz 00000000000029ac memsz 00000000000029ac (ro) -> mapped USER (bounds ok)
[elf    ] PT_LOAD vaddr 0000500000012000 filesz 0000000000000180 memsz 000000000001d220 (rw) -> mapped USER (bounds ok)
[cas    ] put len 8 hash 860e5ebfe60f0f96 -> block 1133 (stored)
[vfs    ] VFS journal: applied a pending directory commit (seq 256) to disk
[cas    ] put len 16 hash d09df0ea509ed69b -> DEDUP to block 1126 (no write)
[kernel ] spawned pid 530 'vfs-driver' caps 0000000000000020 — private PML4 @ phys 0000000001214000
[elf    ] PT_LOAD vaddr 0000500000000000 filesz 000000000000e423 memsz 000000000000e423 (ro) -> mapped USER (bounds ok)
[elf    ] PT_LOAD vaddr 000050000000f000 filesz 00000000000029ac memsz 00000000000029ac (ro) -> mapped USER (bounds ok)
[elf    ] PT_LOAD vaddr 0000500000012000 filesz 0000000000000180 memsz 000000000001d220 (rw) -> mapped USER (bounds ok)
[cas    ] put len 8 hash 6b2e70f63f0abe71 -> block 1134 (stored)
[vfs    ] VFS journal: applied a pending directory commit (seq 259) to disk
[cas    ] put len 16 hash d09df0ea509ed69b -> DEDUP to block 1126 (no write)
[kernel ] spawned pid 531 'vfs-driver' caps 0000000000000020 — private PML4 @ phys 0000000001214000
[elf    ] PT_LOAD vaddr 0000500000000000 filesz 000000000000e423 memsz 000000000000e423 (ro) -> mapped USER (bounds ok)
[elf    ] PT_LOAD vaddr 000050000000f000 filesz 00000000000029ac memsz 00000000000029ac (ro) -> mapped USER (bounds ok)
[elf    ] PT_LOAD vaddr 0000500000012000 filesz 0000000000000180 memsz 000000000001d220 (rw) -> mapped USER (bounds ok)
[cas    ] put len 8 hash 2ecda686326cfb24 -> block 1135 (stored)
[vfs    ] VFS journal: applied a pending directory commit (seq 262) to disk
[cas    ] put len 16 hash d09df0ea509ed69b -> DEDUP to block 1126 (no write)
[kernel ] spawned pid 532 'vfs-driver' caps 0000000000000020 — private PML4 @ phys 0000000001214000
[elf    ] PT_LOAD vaddr 0000500000000000 filesz 000000000000e423 memsz 000000000000e423 (ro) -> mapped USER (bounds ok)
[elf    ] PT_LOAD vaddr 000050000000f000 filesz 00000000000029ac memsz 00000000000029ac (ro) -> mapped USER (bounds ok)
[elf    ] PT_LOAD vaddr 0000500000012000 filesz 0000000000000180 memsz 000000000001d220 (rw) -> mapped USER (bounds ok)
[cas    ] put len 8 hash 518308fd6fefd787 -> block 1136 (stored)
[vfs    ] VFS journal: applied a pending directory commit (seq 265) to disk
[vfsstrs] round 10/15 clean
[cas    ] put len 16 hash d09df0ea509ed69b -> DEDUP to block 1126 (no write)
[kernel ] spawned pid 533 'vfs-driver' caps 0000000000000020 — private PML4 @ phys 0000000001214000
[elf    ] PT_LOAD vaddr 0000500000000000 filesz 000000000000e423 memsz 000000000000e423 (ro) -> mapped USER (bounds ok)
[elf    ] PT_LOAD vaddr 000050000000f000 filesz 00000000000029ac memsz 00000000000029ac (ro) -> mapped USER (bounds ok)
[elf    ] PT_LOAD vaddr 0000500000012000 filesz 0000000000000180 memsz 000000000001d220 (rw) -> mapped USER (bounds ok)
[cas    ] put len 8 hash afdd4db973764af2 -> block 1137 (stored)
[vfs    ] VFS journal: applied a pending directory commit (seq 268) to disk
[cas    ] put len 16 hash d09df0ea509ed69b -> DEDUP to block 1126 (no write)
[kernel ] spawned pid 534 'vfs-driver' caps 0000000000000020 — private PML4 @ phys 0000000001214000
[elf    ] PT_LOAD vaddr 0000500000000000 filesz 000000000000e423 memsz 000000000000e423 (ro) -> mapped USER (bounds ok)
[elf    ] PT_LOAD vaddr 000050000000f000 filesz 00000000000029ac memsz 00000000000029ac (ro) -> mapped USER (bounds ok)
[elf    ] PT_LOAD vaddr 0000500000012000 filesz 0000000000000180 memsz 000000000001d220 (rw) -> mapped USER (bounds ok)
[cas    ] put len 8 hash 48a042d85faef8dd -> block 1138 (stored)
[vfs    ] VFS journal: applied a pending directory commit (seq 271) to disk
[cas    ] put len 16 hash d09df0ea509ed69b -> DEDUP to block 1126 (no write)
[kernel ] spawned pid 535 'vfs-driver' caps 0000000000000020 — private PML4 @ phys 0000000001214000
[elf    ] PT_LOAD vaddr 0000500000000000 filesz 000000000000e423 memsz 000000000000e423 (ro) -> mapped USER (bounds ok)
[elf    ] PT_LOAD vaddr 000050000000f000 filesz 00000000000029ac memsz 00000000000029ac (ro) -> mapped USER (bounds ok)
[elf    ] PT_LOAD vaddr 0000500000012000 filesz 0000000000000180 memsz 000000000001d220 (rw) -> mapped USER (bounds ok)
[cas    ] put len 8 hash dfc2b5f3479be220 -> block 1139 (stored)
[vfs    ] VFS journal: applied a pending directory commit (seq 274) to disk
[cas    ] put len 16 hash d09df0ea509ed69b -> DEDUP to block 1126 (no write)
[kernel ] spawned pid 536 'vfs-driver' caps 0000000000000020 — private PML4 @ phys 0000000001214000
[elf    ] PT_LOAD vaddr 0000500000000000 filesz 000000000000e423 memsz 000000000000e423 (ro) -> mapped USER (bounds ok)
[elf    ] PT_LOAD vaddr 000050000000f000 filesz 00000000000029ac memsz 00000000000029ac (ro) -> mapped USER (bounds ok)
[elf    ] PT_LOAD vaddr 0000500000012000 filesz 0000000000000180 memsz 000000000001d220 (rw) -> mapped USER (bounds ok)
[cas    ] put len 8 hash 481cfd592589bcc3 -> block 1140 (stored)
[vfs    ] VFS journal: applied a pending directory commit (seq 277) to disk
[cas    ] put len 16 hash d09df0ea509ed69b -> DEDUP to block 1126 (no write)
[kernel ] spawned pid 537 'vfs-driver' caps 0000000000000020 — private PML4 @ phys 0000000001214000
[elf    ] PT_LOAD vaddr 0000500000000000 filesz 000000000000e423 memsz 000000000000e423 (ro) -> mapped USER (bounds ok)
[elf    ] PT_LOAD vaddr 000050000000f000 filesz 00000000000029ac memsz 00000000000029ac (ro) -> mapped USER (bounds ok)
[elf    ] PT_LOAD vaddr 0000500000012000 filesz 0000000000000180 memsz 000000000001d220 (rw) -> mapped USER (bounds ok)
[cas    ] put len 8 hash 761e689b10c5f23e -> block 1141 (stored)
[vfs    ] VFS journal: applied a pending directory commit (seq 280) to disk
[vfsstrs] round 15/15 clean
[vfsstrs]  PASS  every round completed without a watchdog timeout (no deadlock across preemption)
[vfsstrs]  PASS  every round's driver exited cleanly (ROOT read/overwrite/sync, TMP write/read, DEV read-only all verified in ring 3)
[vfsstrs]  PASS  no descriptor leaked past any round (open-file table fully released each time)
[vfsstrs]  PASS  SYS_VFS_UNLINK actually removed the dirent every round (vfs_find fails immediately after)
[vfsstrs]  PASS  directory dirent count never grew past baseline (unlink+reclaim, not one-new-dirent-per-round)
[vfsstrs]  PASS  TMP volume slot count never grew past baseline (fixed reused name, not one-new-slot-per-round)
[vfsstrs] 15 rounds: +855 freed, +855 reused; global depth 990
[vfsstrs]  PASS  free-frame count reconciles (g_frame_free_depth == lifetime freed - reused)
[vfsstrs]  PASS  the frame allocator's leaf lock never triggered a rank violation (no double-free race)
[cas    ] put len 24 hash 4cbbc0d59a7de4bd -> block 1142 (stored)
[vfs    ] VFS journal: applied a pending directory commit (seq 282) to disk
[cas    ] mounted existing volume (v5): 1143/8192 blocks used, 1050 puts, 523 dedup hits
[vfsstrs]  PASS  VFS journal commit is genuinely DEFERRED (on-disk dir region is stale before apply)
[vfsstrs]  PASS  a simulated reboot's cas_mount() automatically recovers the pending commit
[vfsstrs]  PASS  the recovered directory reloads with correct content (post-recovery read matches what was written)
[vfsstrs] RESULT: 19 passed, 0 failed
[vfsstrs] VFS STRESS VERIFIED — journaling, reclamation and multi-volume mounts all leak-free and crash-safe
-- done --
-- GPU STRESS: real virtio-gpu 2D resource/scanout/flush churn, incl. client faults --
[kernel ] spawned pid 538 'gpu-driver' caps 0000000000000400 — private PML4 @ phys 0000000001214000
[elf    ] PT_LOAD vaddr 0000500000000000 filesz 000000000000e423 memsz 000000000000e423 (ro) -> mapped USER (bounds ok)
[elf    ] PT_LOAD vaddr 000050000000f000 filesz 00000000000029ac memsz 00000000000029ac (ro) -> mapped USER (bounds ok)
[elf    ] PT_LOAD vaddr 0000500000012000 filesz 0000000000000180 memsz 000000000001d220 (rw) -> mapped USER (bounds ok)
[kernel ] spawned pid 539 'gpu-driver' caps 0000000000000400 — private PML4 @ phys 0000000001214000
[elf    ] PT_LOAD vaddr 0000500000000000 filesz 000000000000e423 memsz 000000000000e423 (ro) -> mapped USER (bounds ok)
[elf    ] PT_LOAD vaddr 000050000000f000 filesz 00000000000029ac memsz 00000000000029ac (ro) -> mapped USER (bounds ok)
[elf    ] PT_LOAD vaddr 0000500000012000 filesz 0000000000000180 memsz 000000000001d220 (rw) -> mapped USER (bounds ok)
[kernel ] spawned pid 540 'gpu-driver' caps 0000000000000400 — private PML4 @ phys 0000000001214000
[elf    ] PT_LOAD vaddr 0000500000000000 filesz 000000000000e423 memsz 000000000000e423 (ro) -> mapped USER (bounds ok)
[elf    ] PT_LOAD vaddr 000050000000f000 filesz 00000000000029ac memsz 00000000000029ac (ro) -> mapped USER (bounds ok)
[elf    ] PT_LOAD vaddr 0000500000012000 filesz 0000000000000180 memsz 000000000001d220 (rw) -> mapped USER (bounds ok)
[kernel ] spawned pid 541 'gpu-driver' caps 0000000000000400 — private PML4 @ phys 0000000001214000
[elf    ] PT_LOAD vaddr 0000500000000000 filesz 000000000000e423 memsz 000000000000e423 (ro) -> mapped USER (bounds ok)
[elf    ] PT_LOAD vaddr 000050000000f000 filesz 00000000000029ac memsz 00000000000029ac (ro) -> mapped USER (bounds ok)
[elf    ] PT_LOAD vaddr 0000500000012000 filesz 0000000000000180 memsz 000000000001d220 (rw) -> mapped USER (bounds ok)

[fault  ] ring-3 pid 541 fault (vec 14) cr2=0000000000000001 rip=00005000000004cc — task terminated
[gpustrs] round 4/16 clean
[kernel ] spawned pid 542 'gpu-driver' caps 0000000000000400 — private PML4 @ phys 0000000001214000
[elf    ] PT_LOAD vaddr 0000500000000000 filesz 000000000000e423 memsz 000000000000e423 (ro) -> mapped USER (bounds ok)
[elf    ] PT_LOAD vaddr 000050000000f000 filesz 00000000000029ac memsz 00000000000029ac (ro) -> mapped USER (bounds ok)
[elf    ] PT_LOAD vaddr 0000500000012000 filesz 0000000000000180 memsz 000000000001d220 (rw) -> mapped USER (bounds ok)
[kernel ] spawned pid 543 'gpu-driver' caps 0000000000000400 — private PML4 @ phys 0000000001214000
[elf    ] PT_LOAD vaddr 0000500000000000 filesz 000000000000e423 memsz 000000000000e423 (ro) -> mapped USER (bounds ok)
[elf    ] PT_LOAD vaddr 000050000000f000 filesz 00000000000029ac memsz 00000000000029ac (ro) -> mapped USER (bounds ok)
[elf    ] PT_LOAD vaddr 0000500000012000 filesz 0000000000000180 memsz 000000000001d220 (rw) -> mapped USER (bounds ok)
[kernel ] spawned pid 544 'gpu-driver' caps 0000000000000400 — private PML4 @ phys 0000000001214000
[elf    ] PT_LOAD vaddr 0000500000000000 filesz 000000000000e423 memsz 000000000000e423 (ro) -> mapped USER (bounds ok)
[elf    ] PT_LOAD vaddr 000050000000f000 filesz 00000000000029ac memsz 00000000000029ac (ro) -> mapped USER (bounds ok)
[elf    ] PT_LOAD vaddr 0000500000012000 filesz 0000000000000180 memsz 000000000001d220 (rw) -> mapped USER (bounds ok)
[kernel ] spawned pid 545 'gpu-driver' caps 0000000000000400 — private PML4 @ phys 0000000001214000
[elf    ] PT_LOAD vaddr 0000500000000000 filesz 000000000000e423 memsz 000000000000e423 (ro) -> mapped USER (bounds ok)
[elf    ] PT_LOAD vaddr 000050000000f000 filesz 00000000000029ac memsz 00000000000029ac (ro) -> mapped USER (bounds ok)
[elf    ] PT_LOAD vaddr 0000500000012000 filesz 0000000000000180 memsz 000000000001d220 (rw) -> mapped USER (bounds ok)

[fault  ] ring-3 pid 545 fault (vec 14) cr2=0000000000000001 rip=00005000000004cc — task terminated
[gpustrs] round 8/16 clean
[kernel ] spawned pid 546 'gpu-driver' caps 0000000000000400 — private PML4 @ phys 0000000001214000
[elf    ] PT_LOAD vaddr 0000500000000000 filesz 000000000000e423 memsz 000000000000e423 (ro) -> mapped USER (bounds ok)
[elf    ] PT_LOAD vaddr 000050000000f000 filesz 00000000000029ac memsz 00000000000029ac (ro) -> mapped USER (bounds ok)
[elf    ] PT_LOAD vaddr 0000500000012000 filesz 0000000000000180 memsz 000000000001d220 (rw) -> mapped USER (bounds ok)
[kernel ] spawned pid 547 'gpu-driver' caps 0000000000000400 — private PML4 @ phys 0000000001214000
[elf    ] PT_LOAD vaddr 0000500000000000 filesz 000000000000e423 memsz 000000000000e423 (ro) -> mapped USER (bounds ok)
[elf    ] PT_LOAD vaddr 000050000000f000 filesz 00000000000029ac memsz 00000000000029ac (ro) -> mapped USER (bounds ok)
[elf    ] PT_LOAD vaddr 0000500000012000 filesz 0000000000000180 memsz 000000000001d220 (rw) -> mapped USER (bounds ok)
[kernel ] spawned pid 548 'gpu-driver' caps 0000000000000400 — private PML4 @ phys 0000000001214000
[elf    ] PT_LOAD vaddr 0000500000000000 filesz 000000000000e423 memsz 000000000000e423 (ro) -> mapped USER (bounds ok)
[elf    ] PT_LOAD vaddr 000050000000f000 filesz 00000000000029ac memsz 00000000000029ac (ro) -> mapped USER (bounds ok)
[elf    ] PT_LOAD vaddr 0000500000012000 filesz 0000000000000180 memsz 000000000001d220 (rw) -> mapped USER (bounds ok)
[kernel ] spawned pid 549 'gpu-driver' caps 0000000000000400 — private PML4 @ phys 0000000001214000
[elf    ] PT_LOAD vaddr 0000500000000000 filesz 000000000000e423 memsz 000000000000e423 (ro) -> mapped USER (bounds ok)
[elf    ] PT_LOAD vaddr 000050000000f000 filesz 00000000000029ac memsz 00000000000029ac (ro) -> mapped USER (bounds ok)
[elf    ] PT_LOAD vaddr 0000500000012000 filesz 0000000000000180 memsz 000000000001d220 (rw) -> mapped USER (bounds ok)

[fault  ] ring-3 pid 549 fault (vec 14) cr2=0000000000000001 rip=00005000000004cc — task terminated
[gpustrs] round 12/16 clean
[kernel ] spawned pid 550 'gpu-driver' caps 0000000000000400 — private PML4 @ phys 0000000001214000
[elf    ] PT_LOAD vaddr 0000500000000000 filesz 000000000000e423 memsz 000000000000e423 (ro) -> mapped USER (bounds ok)
[elf    ] PT_LOAD vaddr 000050000000f000 filesz 00000000000029ac memsz 00000000000029ac (ro) -> mapped USER (bounds ok)
[elf    ] PT_LOAD vaddr 0000500000012000 filesz 0000000000000180 memsz 000000000001d220 (rw) -> mapped USER (bounds ok)
[kernel ] spawned pid 551 'gpu-driver' caps 0000000000000400 — private PML4 @ phys 0000000001214000
[elf    ] PT_LOAD vaddr 0000500000000000 filesz 000000000000e423 memsz 000000000000e423 (ro) -> mapped USER (bounds ok)
[elf    ] PT_LOAD vaddr 000050000000f000 filesz 00000000000029ac memsz 00000000000029ac (ro) -> mapped USER (bounds ok)
[elf    ] PT_LOAD vaddr 0000500000012000 filesz 0000000000000180 memsz 000000000001d220 (rw) -> mapped USER (bounds ok)
[kernel ] spawned pid 552 'gpu-driver' caps 0000000000000400 — private PML4 @ phys 0000000001214000
[elf    ] PT_LOAD vaddr 0000500000000000 filesz 000000000000e423 memsz 000000000000e423 (ro) -> mapped USER (bounds ok)
[elf    ] PT_LOAD vaddr 000050000000f000 filesz 00000000000029ac memsz 00000000000029ac (ro) -> mapped USER (bounds ok)
[elf    ] PT_LOAD vaddr 0000500000012000 filesz 0000000000000180 memsz 000000000001d220 (rw) -> mapped USER (bounds ok)
[kernel ] spawned pid 553 'gpu-driver' caps 0000000000000400 — private PML4 @ phys 0000000001214000
[elf    ] PT_LOAD vaddr 0000500000000000 filesz 000000000000e423 memsz 000000000000e423 (ro) -> mapped USER (bounds ok)
[elf    ] PT_LOAD vaddr 000050000000f000 filesz 00000000000029ac memsz 00000000000029ac (ro) -> mapped USER (bounds ok)
[elf    ] PT_LOAD vaddr 0000500000012000 filesz 0000000000000180 memsz 000000000001d220 (rw) -> mapped USER (bounds ok)

[fault  ] ring-3 pid 553 fault (vec 14) cr2=0000000000000001 rip=00005000000004cc — task terminated
[gpustrs] round 16/16 clean
[gpustrs]  PASS  every round completed without a watchdog timeout (no deadlock across preemption)
[gpustrs]  PASS  every clean-round driver exited normally (create/draw/scanout/flush/fence all verified in ring 3)
[gpustrs]  PASS  every fault-round driver actually died via the fault path (not its own SYS_EXIT)
[gpustrs]  PASS  no DMA grant survived past any round's teardown (clean OR faulted)
[gpustrs]  PASS  no GPU resource-table slot survived past any round's teardown (clean OR faulted)
[gpustrs]  PASS  scanout ownership was released by every round's teardown (clean OR faulted)
[gpustrs] 16 rounds (4 faulted): +1024 freed, +960 reused; global depth 1054
[gpustrs]  PASS  free-frame count reconciles (g_frame_free_depth == lifetime freed - reused)
[gpustrs]  PASS  the frame allocator's leaf lock never triggered a rank violation (no double-free race)
[gpustrs] RESULT: 8 passed, 0 failed
[gpustrs] GPU STRESS VERIFIED — 2D resource/scanout/flush leak-free across clean AND faulted driver churn
-- done --
-- AUDIO STRESS: real virtio-sound PCM configure/write churn, incl. client faults --
[audstrs] SKIPPED — no virtio-sound device present on this boot
-- NET STRESS: real ring-3 datagram-socket bind/connect/send/recv churn, incl. client faults --
[kernel ] spawned pid 554 'net-driver' caps 0000000000000010 — private PML4 @ phys 0000000001214000
[elf    ] PT_LOAD vaddr 0000500000000000 filesz 000000000000e423 memsz 000000000000e423 (ro) -> mapped USER (bounds ok)
[elf    ] PT_LOAD vaddr 000050000000f000 filesz 00000000000029ac memsz 00000000000029ac (ro) -> mapped USER (bounds ok)
[elf    ] PT_LOAD vaddr 0000500000012000 filesz 0000000000000180 memsz 000000000001d220 (rw) -> mapped USER (bounds ok)
[kernel ] spawned pid 555 'net-driver' caps 0000000000000010 — private PML4 @ phys 0000000001214000
[elf    ] PT_LOAD vaddr 0000500000000000 filesz 000000000000e423 memsz 000000000000e423 (ro) -> mapped USER (bounds ok)
[elf    ] PT_LOAD vaddr 000050000000f000 filesz 00000000000029ac memsz 00000000000029ac (ro) -> mapped USER (bounds ok)
[elf    ] PT_LOAD vaddr 0000500000012000 filesz 0000000000000180 memsz 000000000001d220 (rw) -> mapped USER (bounds ok)
[kernel ] spawned pid 556 'net-driver' caps 0000000000000010 — private PML4 @ phys 0000000001214000
[elf    ] PT_LOAD vaddr 0000500000000000 filesz 000000000000e423 memsz 000000000000e423 (ro) -> mapped USER (bounds ok)
[elf    ] PT_LOAD vaddr 000050000000f000 filesz 00000000000029ac memsz 00000000000029ac (ro) -> mapped USER (bounds ok)
[elf    ] PT_LOAD vaddr 0000500000012000 filesz 0000000000000180 memsz 000000000001d220 (rw) -> mapped USER (bounds ok)
[kernel ] spawned pid 557 'net-driver' caps 0000000000000010 — private PML4 @ phys 0000000001214000
[elf    ] PT_LOAD vaddr 0000500000000000 filesz 000000000000e423 memsz 000000000000e423 (ro) -> mapped USER (bounds ok)
[elf    ] PT_LOAD vaddr 000050000000f000 filesz 00000000000029ac memsz 00000000000029ac (ro) -> mapped USER (bounds ok)
[elf    ] PT_LOAD vaddr 0000500000012000 filesz 0000000000000180 memsz 000000000001d220 (rw) -> mapped USER (bounds ok)

[fault  ] ring-3 pid 557 fault (vec 14) cr2=0000000000000001 rip=00005000000006ed — task terminated
[netstrs] round 4/16 clean
[kernel ] spawned pid 558 'net-driver' caps 0000000000000010 — private PML4 @ phys 0000000001214000
[elf    ] PT_LOAD vaddr 0000500000000000 filesz 000000000000e423 memsz 000000000000e423 (ro) -> mapped USER (bounds ok)
[elf    ] PT_LOAD vaddr 000050000000f000 filesz 00000000000029ac memsz 00000000000029ac (ro) -> mapped USER (bounds ok)
[elf    ] PT_LOAD vaddr 0000500000012000 filesz 0000000000000180 memsz 000000000001d220 (rw) -> mapped USER (bounds ok)
[kernel ] spawned pid 559 'net-driver' caps 0000000000000010 — private PML4 @ phys 0000000001214000
[elf    ] PT_LOAD vaddr 0000500000000000 filesz 000000000000e423 memsz 000000000000e423 (ro) -> mapped USER (bounds ok)
[elf    ] PT_LOAD vaddr 000050000000f000 filesz 00000000000029ac memsz 00000000000029ac (ro) -> mapped USER (bounds ok)
[elf    ] PT_LOAD vaddr 0000500000012000 filesz 0000000000000180 memsz 000000000001d220 (rw) -> mapped USER (bounds ok)
[kernel ] spawned pid 560 'net-driver' caps 0000000000000010 — private PML4 @ phys 0000000001214000
[elf    ] PT_LOAD vaddr 0000500000000000 filesz 000000000000e423 memsz 000000000000e423 (ro) -> mapped USER (bounds ok)
[elf    ] PT_LOAD vaddr 000050000000f000 filesz 00000000000029ac memsz 00000000000029ac (ro) -> mapped USER (bounds ok)
[elf    ] PT_LOAD vaddr 0000500000012000 filesz 0000000000000180 memsz 000000000001d220 (rw) -> mapped USER (bounds ok)
[kernel ] spawned pid 561 'net-driver' caps 0000000000000010 — private PML4 @ phys 0000000001214000
[elf    ] PT_LOAD vaddr 0000500000000000 filesz 000000000000e423 memsz 000000000000e423 (ro) -> mapped USER (bounds ok)
[elf    ] PT_LOAD vaddr 000050000000f000 filesz 00000000000029ac memsz 00000000000029ac (ro) -> mapped USER (bounds ok)
[elf    ] PT_LOAD vaddr 0000500000012000 filesz 0000000000000180 memsz 000000000001d220 (rw) -> mapped USER (bounds ok)

[fault  ] ring-3 pid 561 fault (vec 14) cr2=0000000000000001 rip=00005000000006ed — task terminated
[netstrs] round 8/16 clean
[kernel ] spawned pid 562 'net-driver' caps 0000000000000010 — private PML4 @ phys 0000000001214000
[elf    ] PT_LOAD vaddr 0000500000000000 filesz 000000000000e423 memsz 000000000000e423 (ro) -> mapped USER (bounds ok)
[elf    ] PT_LOAD vaddr 000050000000f000 filesz 00000000000029ac memsz 00000000000029ac (ro) -> mapped USER (bounds ok)
[elf    ] PT_LOAD vaddr 0000500000012000 filesz 0000000000000180 memsz 000000000001d220 (rw) -> mapped USER (bounds ok)
[kernel ] spawned pid 563 'net-driver' caps 0000000000000010 — private PML4 @ phys 0000000001214000
[elf    ] PT_LOAD vaddr 0000500000000000 filesz 000000000000e423 memsz 000000000000e423 (ro) -> mapped USER (bounds ok)
[elf    ] PT_LOAD vaddr 000050000000f000 filesz 00000000000029ac memsz 00000000000029ac (ro) -> mapped USER (bounds ok)
[elf    ] PT_LOAD vaddr 0000500000012000 filesz 0000000000000180 memsz 000000000001d220 (rw) -> mapped USER (bounds ok)
[kernel ] spawned pid 564 'net-driver' caps 0000000000000010 — private PML4 @ phys 0000000001214000
[elf    ] PT_LOAD vaddr 0000500000000000 filesz 000000000000e423 memsz 000000000000e423 (ro) -> mapped USER (bounds ok)
[elf    ] PT_LOAD vaddr 000050000000f000 filesz 00000000000029ac memsz 00000000000029ac (ro) -> mapped USER (bounds ok)
[elf    ] PT_LOAD vaddr 0000500000012000 filesz 0000000000000180 memsz 000000000001d220 (rw) -> mapped USER (bounds ok)
[kernel ] spawned pid 565 'net-driver' caps 0000000000000010 — private PML4 @ phys 0000000001214000
[elf    ] PT_LOAD vaddr 0000500000000000 filesz 000000000000e423 memsz 000000000000e423 (ro) -> mapped USER (bounds ok)
[elf    ] PT_LOAD vaddr 000050000000f000 filesz 00000000000029ac memsz 00000000000029ac (ro) -> mapped USER (bounds ok)
[elf    ] PT_LOAD vaddr 0000500000012000 filesz 0000000000000180 memsz 000000000001d220 (rw) -> mapped USER (bounds ok)

[fault  ] ring-3 pid 565 fault (vec 14) cr2=0000000000000001 rip=00005000000006ed — task terminated
[netstrs] round 12/16 clean
[kernel ] spawned pid 566 'net-driver' caps 0000000000000010 — private PML4 @ phys 0000000001214000
[elf    ] PT_LOAD vaddr 0000500000000000 filesz 000000000000e423 memsz 000000000000e423 (ro) -> mapped USER (bounds ok)
[elf    ] PT_LOAD vaddr 000050000000f000 filesz 00000000000029ac memsz 00000000000029ac (ro) -> mapped USER (bounds ok)
[elf    ] PT_LOAD vaddr 0000500000012000 filesz 0000000000000180 memsz 000000000001d220 (rw) -> mapped USER (bounds ok)
[kernel ] spawned pid 567 'net-driver' caps 0000000000000010 — private PML4 @ phys 0000000001214000
[elf    ] PT_LOAD vaddr 0000500000000000 filesz 000000000000e423 memsz 000000000000e423 (ro) -> mapped USER (bounds ok)
[elf    ] PT_LOAD vaddr 000050000000f000 filesz 00000000000029ac memsz 00000000000029ac (ro) -> mapped USER (bounds ok)
[elf    ] PT_LOAD vaddr 0000500000012000 filesz 0000000000000180 memsz 000000000001d220 (rw) -> mapped USER (bounds ok)
[kernel ] spawned pid 568 'net-driver' caps 0000000000000010 — private PML4 @ phys 0000000001214000
[elf    ] PT_LOAD vaddr 0000500000000000 filesz 000000000000e423 memsz 000000000000e423 (ro) -> mapped USER (bounds ok)
[elf    ] PT_LOAD vaddr 000050000000f000 filesz 00000000000029ac memsz 00000000000029ac (ro) -> mapped USER (bounds ok)
[elf    ] PT_LOAD vaddr 0000500000012000 filesz 0000000000000180 memsz 000000000001d220 (rw) -> mapped USER (bounds ok)
[kernel ] spawned pid 569 'net-driver' caps 0000000000000010 — private PML4 @ phys 0000000001214000
[elf    ] PT_LOAD vaddr 0000500000000000 filesz 000000000000e423 memsz 000000000000e423 (ro) -> mapped USER (bounds ok)
[elf    ] PT_LOAD vaddr 000050000000f000 filesz 00000000000029ac memsz 00000000000029ac (ro) -> mapped USER (bounds ok)
[elf    ] PT_LOAD vaddr 0000500000012000 filesz 0000000000000180 memsz 000000000001d220 (rw) -> mapped USER (bounds ok)

[fault  ] ring-3 pid 569 fault (vec 14) cr2=0000000000000001 rip=00005000000006ed — task terminated
[netstrs] round 16/16 clean
[netstrs]  PASS  every round completed without a watchdog timeout (no deadlock across preemption)
[netstrs]  PASS  every clean-round driver exited normally (socket/bind/connect/send/recv all verified in ring 3)
[netstrs]  PASS  every fault-round driver actually died via the fault path (not its own SYS_EXIT)
[netstrs]  PASS  no socket slot survived past any round's teardown (clean OR faulted)
[netstrs] 16 rounds (4 faulted): 48 loopback datagrams delivered
[netstrs]  PASS  loopback delivered every clean round's datagrams (send->recv round-trip proven)
[netstrs] +912 freed, +912 reused; global depth 1054
[netstrs]  PASS  free-frame count reconciles (g_frame_free_depth == lifetime freed - reused)
[netstrs]  PASS  the frame allocator's leaf lock never triggered a rank violation (no double-free race)
[netstrs] RESULT: 7 passed, 0 failed
[netstrs] NET STRESS VERIFIED — socket create/bind/connect/send/recv leak-free across clean AND faulted churn
-- done --
-- WIMP STRESS: ring-3 window create/manage/close churn + WM logic, incl. client faults --
[gfx    ] framebuffer 1024x768 mapped; backbuffer @ 00000000015cc000 (double-buffered)
[kernel ] spawned pid 570 'wimp-app' caps 0000000000001000 — private PML4 @ phys 00000000015c3000
[elf    ] PT_LOAD vaddr 0000500000000000 filesz 000000000000e423 memsz 000000000000e423 (ro) -> mapped USER (bounds ok)
[elf    ] PT_LOAD vaddr 000050000000f000 filesz 00000000000029ac memsz 00000000000029ac (ro) -> mapped USER (bounds ok)
[elf    ] PT_LOAD vaddr 0000500000012000 filesz 0000000000000180 memsz 000000000001d220 (rw) -> mapped USER (bounds ok)
[kernel ] spawned pid 571 'wimp-app' caps 0000000000001000 — private PML4 @ phys 00000000015c3000
[elf    ] PT_LOAD vaddr 0000500000000000 filesz 000000000000e423 memsz 000000000000e423 (ro) -> mapped USER (bounds ok)
[elf    ] PT_LOAD vaddr 000050000000f000 filesz 00000000000029ac memsz 00000000000029ac (ro) -> mapped USER (bounds ok)
[elf    ] PT_LOAD vaddr 0000500000012000 filesz 0000000000000180 memsz 000000000001d220 (rw) -> mapped USER (bounds ok)
[kernel ] spawned pid 572 'wimp-app' caps 0000000000001000 — private PML4 @ phys 00000000015c3000
[elf    ] PT_LOAD vaddr 0000500000000000 filesz 000000000000e423 memsz 000000000000e423 (ro) -> mapped USER (bounds ok)
[elf    ] PT_LOAD vaddr 000050000000f000 filesz 00000000000029ac memsz 00000000000029ac (ro) -> mapped USER (bounds ok)
[elf    ] PT_LOAD vaddr 0000500000012000 filesz 0000000000000180 memsz 000000000001d220 (rw) -> mapped USER (bounds ok)
[kernel ] spawned pid 573 'wimp-app' caps 0000000000001000 — private PML4 @ phys 00000000015c3000
[elf    ] PT_LOAD vaddr 0000500000000000 filesz 000000000000e423 memsz 000000000000e423 (ro) -> mapped USER (bounds ok)
[elf    ] PT_LOAD vaddr 000050000000f000 filesz 00000000000029ac memsz 00000000000029ac (ro) -> mapped USER (bounds ok)
[elf    ] PT_LOAD vaddr 0000500000012000 filesz 0000000000000180 memsz 000000000001d220 (rw) -> mapped USER (bounds ok)

[fault  ] ring-3 pid 573 fault (vec 14) cr2=0000000000000001 rip=0000500000000c68 — task terminated
[wimpstrs] round 4/16 clean
[kernel ] spawned pid 574 'wimp-app' caps 0000000000001000 — private PML4 @ phys 00000000015c3000
[elf    ] PT_LOAD vaddr 0000500000000000 filesz 000000000000e423 memsz 000000000000e423 (ro) -> mapped USER (bounds ok)
[elf    ] PT_LOAD vaddr 000050000000f000 filesz 00000000000029ac memsz 00000000000029ac (ro) -> mapped USER (bounds ok)
[elf    ] PT_LOAD vaddr 0000500000012000 filesz 0000000000000180 memsz 000000000001d220 (rw) -> mapped USER (bounds ok)
[kernel ] spawned pid 575 'wimp-app' caps 0000000000001000 — private PML4 @ phys 00000000015c3000
[elf    ] PT_LOAD vaddr 0000500000000000 filesz 000000000000e423 memsz 000000000000e423 (ro) -> mapped USER (bounds ok)
[elf    ] PT_LOAD vaddr 000050000000f000 filesz 00000000000029ac memsz 00000000000029ac (ro) -> mapped USER (bounds ok)
[elf    ] PT_LOAD vaddr 0000500000012000 filesz 0000000000000180 memsz 000000000001d220 (rw) -> mapped USER (bounds ok)
[kernel ] spawned pid 576 'wimp-app' caps 0000000000001000 — private PML4 @ phys 00000000015c3000
[elf    ] PT_LOAD vaddr 0000500000000000 filesz 000000000000e423 memsz 000000000000e423 (ro) -> mapped USER (bounds ok)
[elf    ] PT_LOAD vaddr 000050000000f000 filesz 00000000000029ac memsz 00000000000029ac (ro) -> mapped USER (bounds ok)
[elf    ] PT_LOAD vaddr 0000500000012000 filesz 0000000000000180 memsz 000000000001d220 (rw) -> mapped USER (bounds ok)
[kernel ] spawned pid 577 'wimp-app' caps 0000000000001000 — private PML4 @ phys 00000000015c3000
[elf    ] PT_LOAD vaddr 0000500000000000 filesz 000000000000e423 memsz 000000000000e423 (ro) -> mapped USER (bounds ok)
[elf    ] PT_LOAD vaddr 000050000000f000 filesz 00000000000029ac memsz 00000000000029ac (ro) -> mapped USER (bounds ok)
[elf    ] PT_LOAD vaddr 0000500000012000 filesz 0000000000000180 memsz 000000000001d220 (rw) -> mapped USER (bounds ok)

[fault  ] ring-3 pid 577 fault (vec 14) cr2=0000000000000001 rip=0000500000000c68 — task terminated
[wimpstrs] round 8/16 clean
[kernel ] spawned pid 578 'wimp-app' caps 0000000000001000 — private PML4 @ phys 00000000015c3000
[elf    ] PT_LOAD vaddr 0000500000000000 filesz 000000000000e423 memsz 000000000000e423 (ro) -> mapped USER (bounds ok)
[elf    ] PT_LOAD vaddr 000050000000f000 filesz 00000000000029ac memsz 00000000000029ac (ro) -> mapped USER (bounds ok)
[elf    ] PT_LOAD vaddr 0000500000012000 filesz 0000000000000180 memsz 000000000001d220 (rw) -> mapped USER (bounds ok)
[kernel ] spawned pid 579 'wimp-app' caps 0000000000001000 — private PML4 @ phys 00000000015c3000
[elf    ] PT_LOAD vaddr 0000500000000000 filesz 000000000000e423 memsz 000000000000e423 (ro) -> mapped USER (bounds ok)
[elf    ] PT_LOAD vaddr 000050000000f000 filesz 00000000000029ac memsz 00000000000029ac (ro) -> mapped USER (bounds ok)
[elf    ] PT_LOAD vaddr 0000500000012000 filesz 0000000000000180 memsz 000000000001d220 (rw) -> mapped USER (bounds ok)
[kernel ] spawned pid 580 'wimp-app' caps 0000000000001000 — private PML4 @ phys 00000000015c3000
[elf    ] PT_LOAD vaddr 0000500000000000 filesz 000000000000e423 memsz 000000000000e423 (ro) -> mapped USER (bounds ok)
[elf    ] PT_LOAD vaddr 000050000000f000 filesz 00000000000029ac memsz 00000000000029ac (ro) -> mapped USER (bounds ok)
[elf    ] PT_LOAD vaddr 0000500000012000 filesz 0000000000000180 memsz 000000000001d220 (rw) -> mapped USER (bounds ok)
[kernel ] spawned pid 581 'wimp-app' caps 0000000000001000 — private PML4 @ phys 00000000015c3000
[elf    ] PT_LOAD vaddr 0000500000000000 filesz 000000000000e423 memsz 000000000000e423 (ro) -> mapped USER (bounds ok)
[elf    ] PT_LOAD vaddr 000050000000f000 filesz 00000000000029ac memsz 00000000000029ac (ro) -> mapped USER (bounds ok)
[elf    ] PT_LOAD vaddr 0000500000012000 filesz 0000000000000180 memsz 000000000001d220 (rw) -> mapped USER (bounds ok)

[fault  ] ring-3 pid 581 fault (vec 14) cr2=0000000000000001 rip=0000500000000c68 — task terminated
[wimpstrs] round 12/16 clean
[kernel ] spawned pid 582 'wimp-app' caps 0000000000001000 — private PML4 @ phys 00000000015c3000
[elf    ] PT_LOAD vaddr 0000500000000000 filesz 000000000000e423 memsz 000000000000e423 (ro) -> mapped USER (bounds ok)
[elf    ] PT_LOAD vaddr 000050000000f000 filesz 00000000000029ac memsz 00000000000029ac (ro) -> mapped USER (bounds ok)
[elf    ] PT_LOAD vaddr 0000500000012000 filesz 0000000000000180 memsz 000000000001d220 (rw) -> mapped USER (bounds ok)
[kernel ] spawned pid 583 'wimp-app' caps 0000000000001000 — private PML4 @ phys 00000000015c3000
[elf    ] PT_LOAD vaddr 0000500000000000 filesz 000000000000e423 memsz 000000000000e423 (ro) -> mapped USER (bounds ok)
[elf    ] PT_LOAD vaddr 000050000000f000 filesz 00000000000029ac memsz 00000000000029ac (ro) -> mapped USER (bounds ok)
[elf    ] PT_LOAD vaddr 0000500000012000 filesz 0000000000000180 memsz 000000000001d220 (rw) -> mapped USER (bounds ok)
[kernel ] spawned pid 584 'wimp-app' caps 0000000000001000 — private PML4 @ phys 00000000015c3000
[elf    ] PT_LOAD vaddr 0000500000000000 filesz 000000000000e423 memsz 000000000000e423 (ro) -> mapped USER (bounds ok)
[elf    ] PT_LOAD vaddr 000050000000f000 filesz 00000000000029ac memsz 00000000000029ac (ro) -> mapped USER (bounds ok)
[elf    ] PT_LOAD vaddr 0000500000012000 filesz 0000000000000180 memsz 000000000001d220 (rw) -> mapped USER (bounds ok)
[kernel ] spawned pid 585 'wimp-app' caps 0000000000001000 — private PML4 @ phys 00000000015c3000
[elf    ] PT_LOAD vaddr 0000500000000000 filesz 000000000000e423 memsz 000000000000e423 (ro) -> mapped USER (bounds ok)
[elf    ] PT_LOAD vaddr 000050000000f000 filesz 00000000000029ac memsz 00000000000029ac (ro) -> mapped USER (bounds ok)
[elf    ] PT_LOAD vaddr 0000500000012000 filesz 0000000000000180 memsz 000000000001d220 (rw) -> mapped USER (bounds ok)

[fault  ] ring-3 pid 585 fault (vec 14) cr2=0000000000000001 rip=0000500000000c68 — task terminated
[wimpstrs] round 16/16 clean
[wimpstrs]  PASS  every round completed without a watchdog timeout (no deadlock across preemption)
[wimpstrs]  PASS  every clean-round app exited normally (window create/damage/poll all verified in ring 3)
[wimpstrs]  PASS  every fault-round app actually died via the fault path (not its own SYS_EXIT)
[wimpstrs]  PASS  no window slot survived past any round's teardown (clean OR faulted)
[wimpstrs]  PASS  no DMA grant survived past any round teardown (surface pages reclaimed via page_free_tree)
[wimpstrs]  PASS  focus was reset off every dead process's window
[wimpstrs]  PASS  three windows seeded
[wimpstrs]  PASS  hit-test picks the higher-z window in an overlap
[wimpstrs]  PASS  hit-test picks the sole window under a non-overlapping point
[wimpstrs]  PASS  hit-test returns -1 over empty desktop
[wimpstrs]  PASS  a title-bar click raises + focuses the clicked window to the front
[wimpstrs]  PASS  title-bar drag moves the window and release ends the drag
[wimpstrs]  PASS  minimize box hides the window from compositing + hit-testing
[wimpstrs]  PASS  cyber-compositor composed a frame (compose counter advanced)
[wimpstrs]  PASS  composited window pixels overwrote the desktop background
[wimpstrs]  PASS  close box destroys the window; WM returns to baseline occupancy
[wimpstrs] 16 rounds (4 faulted): +1984 freed, +1984 reused; 1 composes; global depth 1050
[wimpstrs]  PASS  free-frame count reconciles (g_frame_free_depth == lifetime freed - reused)
[wimpstrs]  PASS  the frame allocator's leaf lock never triggered a rank violation (no double-free race)
[wimpstrs] RESULT: 18 passed, 0 failed
[wimpstrs] WIMP STRESS VERIFIED — window mgmt, z-order, drag, close + compositor leak-free across clean AND faulted churn
-- done --
-- APPS STRESS: concurrent ring-3 GUI applications (terminal / sysmon / filer) --
[kernel ] spawned pid 586 'gui-app' caps 0000000000001020 — private PML4 @ phys 00000000015c3000
[elf    ] PT_LOAD vaddr 0000500000000000 filesz 000000000000e423 memsz 000000000000e423 (ro) -> mapped USER (bounds ok)
[elf    ] PT_LOAD vaddr 000050000000f000 filesz 00000000000029ac memsz 00000000000029ac (ro) -> mapped USER (bounds ok)
[elf    ] PT_LOAD vaddr 0000500000012000 filesz 0000000000000180 memsz 000000000001d220 (rw) -> mapped USER (bounds ok)
[kernel ] spawned pid 587 'gui-app' caps 0000000000001020 — private PML4 @ phys 00000000015c0000
[elf    ] PT_LOAD vaddr 0000500000000000 filesz 000000000000e423 memsz 000000000000e423 (ro) -> mapped USER (bounds ok)
[elf    ] PT_LOAD vaddr 000050000000f000 filesz 00000000000029ac memsz 00000000000029ac (ro) -> mapped USER (bounds ok)
[elf    ] PT_LOAD vaddr 0000500000012000 filesz 0000000000000180 memsz 000000000001d220 (rw) -> mapped USER (bounds ok)
[kernel ] spawned pid 588 'gui-app' caps 0000000000001020 — private PML4 @ phys 000000000158e000
[elf    ] PT_LOAD vaddr 0000500000000000 filesz 000000000000e423 memsz 000000000000e423 (ro) -> mapped USER (bounds ok)
[elf    ] PT_LOAD vaddr 000050000000f000 filesz 00000000000029ac memsz 00000000000029ac (ro) -> mapped USER (bounds ok)
[elf    ] PT_LOAD vaddr 0000500000012000 filesz 0000000000000180 memsz 000000000001d220 (rw) -> mapped USER (bounds ok)
unknown command 'ps' — try 'help'
[kernel ] spawned pid 589 'gui-app' caps 0000000000001020 — private PML4 @ phys 00000000015c3000
[elf    ] PT_LOAD vaddr 0000500000000000 filesz 000000000000e423 memsz 000000000000e423 (ro) -> mapped USER (bounds ok)
[elf    ] PT_LOAD vaddr 000050000000f000 filesz 00000000000029ac memsz 00000000000029ac (ro) -> mapped USER (bounds ok)
[elf    ] PT_LOAD vaddr 0000500000012000 filesz 0000000000000180 memsz 000000000001d220 (rw) -> mapped USER (bounds ok)
[kernel ] spawned pid 590 'gui-app' caps 0000000000001020 — private PML4 @ phys 000000000151d000
[elf    ] PT_LOAD vaddr 0000500000000000 filesz 000000000000e423 memsz 000000000000e423 (ro) -> mapped USER (bounds ok)
[elf    ] PT_LOAD vaddr 000050000000f000 filesz 00000000000029ac memsz 00000000000029ac (ro) -> mapped USER (bounds ok)
[elf    ] PT_LOAD vaddr 0000500000012000 filesz 0000000000000180 memsz 000000000001d220 (rw) -> mapped USER (bounds ok)
[kernel ] spawned pid 591 'gui-app' caps 0000000000001020 — private PML4 @ phys 000000000152a000
[elf    ] PT_LOAD vaddr 0000500000000000 filesz 000000000000e423 memsz 000000000000e423 (ro) -> mapped USER (bounds ok)
[elf    ] PT_LOAD vaddr 000050000000f000 filesz 00000000000029ac memsz 00000000000029ac (ro) -> mapped USER (bounds ok)
[elf    ] PT_LOAD vaddr 0000500000012000 filesz 0000000000000180 memsz 000000000001d220 (rw) -> mapped USER (bounds ok)
unknown command 'ps' — try 'help'
[kernel ] spawned pid 592 'gui-app' caps 0000000000001020 — private PML4 @ phys 00000000015c3000
[elf    ] PT_LOAD vaddr 0000500000000000 filesz 000000000000e423 memsz 000000000000e423 (ro) -> mapped USER (bounds ok)
[elf    ] PT_LOAD vaddr 000050000000f000 filesz 00000000000029ac memsz 00000000000029ac (ro) -> mapped USER (bounds ok)
[elf    ] PT_LOAD vaddr 0000500000012000 filesz 0000000000000180 memsz 000000000001d220 (rw) -> mapped USER (bounds ok)
[kernel ] spawned pid 593 'gui-app' caps 0000000000001020 — private PML4 @ phys 000000000157d000
[elf    ] PT_LOAD vaddr 0000500000000000 filesz 000000000000e423 memsz 000000000000e423 (ro) -> mapped USER (bounds ok)
[elf    ] PT_LOAD vaddr 000050000000f000 filesz 00000000000029ac memsz 00000000000029ac (ro) -> mapped USER (bounds ok)
[elf    ] PT_LOAD vaddr 0000500000012000 filesz 0000000000000180 memsz 000000000001d220 (rw) -> mapped USER (bounds ok)
[kernel ] spawned pid 594 'gui-app' caps 0000000000001020 — private PML4 @ phys 000000000145e000
[elf    ] PT_LOAD vaddr 0000500000000000 filesz 000000000000e423 memsz 000000000000e423 (ro) -> mapped USER (bounds ok)
[elf    ] PT_LOAD vaddr 000050000000f000 filesz 00000000000029ac memsz 00000000000029ac (ro) -> mapped USER (bounds ok)
[elf    ] PT_LOAD vaddr 0000500000012000 filesz 0000000000000180 memsz 000000000001d220 (rw) -> mapped USER (bounds ok)
unknown command 'ps' — try 'help'
[kernel ] spawned pid 595 'gui-app' caps 0000000000001020 — private PML4 @ phys 00000000015c3000
[elf    ] PT_LOAD vaddr 0000500000000000 filesz 000000000000e423 memsz 000000000000e423 (ro) -> mapped USER (bounds ok)
[elf    ] PT_LOAD vaddr 000050000000f000 filesz 00000000000029ac memsz 00000000000029ac (ro) -> mapped USER (bounds ok)
[elf    ] PT_LOAD vaddr 0000500000012000 filesz 0000000000000180 memsz 000000000001d220 (rw) -> mapped USER (bounds ok)
[kernel ] spawned pid 596 'gui-app' caps 0000000000001020 — private PML4 @ phys 00000000014e3000
[elf    ] PT_LOAD vaddr 0000500000000000 filesz 000000000000e423 memsz 000000000000e423 (ro) -> mapped USER (bounds ok)
[elf    ] PT_LOAD vaddr 000050000000f000 filesz 00000000000029ac memsz 00000000000029ac (ro) -> mapped USER (bounds ok)
[elf    ] PT_LOAD vaddr 0000500000012000 filesz 0000000000000180 memsz 000000000001d220 (rw) -> mapped USER (bounds ok)
[kernel ] spawned pid 597 'gui-app' caps 0000000000001020 — private PML4 @ phys 00000000014b2000
[elf    ] PT_LOAD vaddr 0000500000000000 filesz 000000000000e423 memsz 000000000000e423 (ro) -> mapped USER (bounds ok)
[elf    ] PT_LOAD vaddr 000050000000f000 filesz 00000000000029ac memsz 00000000000029ac (ro) -> mapped USER (bounds ok)
[elf    ] PT_LOAD vaddr 0000500000012000 filesz 0000000000000180 memsz 000000000001d220 (rw) -> mapped USER (bounds ok)
[kernel ] spawned pid 598 'gui-crash' caps 0000000000001020 — private PML4 @ phys 0000000001558000
[elf    ] PT_LOAD vaddr 0000500000000000 filesz 000000000000e423 memsz 000000000000e423 (ro) -> mapped USER (bounds ok)
[elf    ] PT_LOAD vaddr 000050000000f000 filesz 00000000000029ac memsz 00000000000029ac (ro) -> mapped USER (bounds ok)
[elf    ] PT_LOAD vaddr 0000500000012000 filesz 0000000000000180 memsz 000000000001d220 (rw) -> mapped USER (bounds ok)

[fault  ] ring-3 pid 598 fault (vec 14) cr2=0000000000000001 rip=000050000000ded8 — task terminated
unknown command 'ps' — try 'help'
[kernel ] spawned pid 599 'gui-app' caps 0000000000001020 — private PML4 @ phys 00000000015c3000
[elf    ] PT_LOAD vaddr 0000500000000000 filesz 000000000000e423 memsz 000000000000e423 (ro) -> mapped USER (bounds ok)
[elf    ] PT_LOAD vaddr 000050000000f000 filesz 00000000000029ac memsz 00000000000029ac (ro) -> mapped USER (bounds ok)
[elf    ] PT_LOAD vaddr 0000500000012000 filesz 0000000000000180 memsz 000000000001d220 (rw) -> mapped USER (bounds ok)
[kernel ] spawned pid 600 'gui-app' caps 0000000000001020 — private PML4 @ phys 0000000001469000
[elf    ] PT_LOAD vaddr 0000500000000000 filesz 000000000000e423 memsz 000000000000e423 (ro) -> mapped USER (bounds ok)
[elf    ] PT_LOAD vaddr 000050000000f000 filesz 00000000000029ac memsz 00000000000029ac (ro) -> mapped USER (bounds ok)
[elf    ] PT_LOAD vaddr 0000500000012000 filesz 0000000000000180 memsz 000000000001d220 (rw) -> mapped USER (bounds ok)
[kernel ] spawned pid 601 'gui-app' caps 0000000000001020 — private PML4 @ phys 00000000011e0000
[elf    ] PT_LOAD vaddr 0000500000000000 filesz 000000000000e423 memsz 000000000000e423 (ro) -> mapped USER (bounds ok)
[elf    ] PT_LOAD vaddr 000050000000f000 filesz 00000000000029ac memsz 00000000000029ac (ro) -> mapped USER (bounds ok)
[elf    ] PT_LOAD vaddr 0000500000012000 filesz 0000000000000180 memsz 000000000001d220 (rw) -> mapped USER (bounds ok)
unknown command 'ps' — try 'help'
[kernel ] spawned pid 602 'gui-app' caps 0000000000001020 — private PML4 @ phys 00000000015c3000
[elf    ] PT_LOAD vaddr 0000500000000000 filesz 000000000000e423 memsz 000000000000e423 (ro) -> mapped USER (bounds ok)
[elf    ] PT_LOAD vaddr 000050000000f000 filesz 00000000000029ac memsz 00000000000029ac (ro) -> mapped USER (bounds ok)
[elf    ] PT_LOAD vaddr 0000500000012000 filesz 0000000000000180 memsz 000000000001d220 (rw) -> mapped USER (bounds ok)
[kernel ] spawned pid 603 'gui-app' caps 0000000000001020 — private PML4 @ phys 000000000144a000
[elf    ] PT_LOAD vaddr 0000500000000000 filesz 000000000000e423 memsz 000000000000e423 (ro) -> mapped USER (bounds ok)
[elf    ] PT_LOAD vaddr 000050000000f000 filesz 00000000000029ac memsz 00000000000029ac (ro) -> mapped USER (bounds ok)
[elf    ] PT_LOAD vaddr 0000500000012000 filesz 0000000000000180 memsz 000000000001d220 (rw) -> mapped USER (bounds ok)
[kernel ] spawned pid 604 'gui-app' caps 0000000000001020 — private PML4 @ phys 000000000143b000
[elf    ] PT_LOAD vaddr 0000500000000000 filesz 000000000000e423 memsz 000000000000e423 (ro) -> mapped USER (bounds ok)
[elf    ] PT_LOAD vaddr 000050000000f000 filesz 00000000000029ac memsz 00000000000029ac (ro) -> mapped USER (bounds ok)
[elf    ] PT_LOAD vaddr 0000500000012000 filesz 0000000000000180 memsz 000000000001d220 (rw) -> mapped USER (bounds ok)
unknown command 'ps' — try 'help'
[appsstrs] 6 cycles complete (18 app launches)
[appsstrs]  PASS  every cycle ran its 3 apps to completion without a watchdog timeout
[appsstrs]  PASS  every app in every cycle owned its OWN window (3+ windowed apps per cycle)
[appsstrs]  PASS  apps genuinely overlapped in ring 3 across cores (SMP concurrency)
[appsstrs]  PASS  an app that CRASHED holding a live window still died via the fault path
[appsstrs]  PASS  no window slot survived any cycle (clean OR crashed apps)
[appsstrs]  PASS  no DMA grant survived any cycle (surface pages reclaimed by page_free_tree)
[appsstrs]  PASS  the compositor kept composing after every cycle (never wedged by a crash)
[appsstrs] +2680 freed, +2680 reused; 6 composes this suite; global depth 1050
[appsstrs]  PASS  free-frame count reconciles (g_frame_free_depth == lifetime freed - reused)
[appsstrs]  PASS  the frame allocator's leaf lock never triggered a rank violation
[appsstrs] RESULT: 9 passed, 0 failed
[appsstrs] APPS STRESS VERIFIED — concurrent GUI apps, event loops and surfaces leak-free across clean AND crashed churn
-- done --
-- POSIX STRESS: fork/exec chains, signal frames, pthread mutexes --
[kernel ] spawned pid 605 'posix-w' caps 0000000000000020 — private PML4 @ phys 00000000015c3000
[elf    ] PT_LOAD vaddr 0000500000000000 filesz 000000000000e423 memsz 000000000000e423 (ro) -> mapped USER (bounds ok)
[elf    ] PT_LOAD vaddr 000050000000f000 filesz 00000000000029ac memsz 00000000000029ac (ro) -> mapped USER (bounds ok)
[elf    ] PT_LOAD vaddr 0000500000012000 filesz 0000000000000180 memsz 000000000001d220 (rw) -> mapped USER (bounds ok)
[kernel ] spawned pid 606 'posix-w' caps 0000000000000020 — private PML4 @ phys 00000000014e1000
[elf    ] PT_LOAD vaddr 0000500000000000 filesz 000000000000e423 memsz 000000000000e423 (ro) -> mapped USER (bounds ok)
[elf    ] PT_LOAD vaddr 000050000000f000 filesz 00000000000029ac memsz 00000000000029ac (ro) -> mapped USER (bounds ok)
[elf    ] PT_LOAD vaddr 0000500000012000 filesz 0000000000000180 memsz 000000000001d220 (rw) -> mapped USER (bounds ok)
[kernel ] spawned pid 607 'posix-w' caps 0000000000000020 — private PML4 @ phys 00000000014a2000
[elf    ] PT_LOAD vaddr 0000500000000000 filesz 000000000000e423 memsz 000000000000e423 (ro) -> mapped USER (bounds ok)
[elf    ] PT_LOAD vaddr 000050000000f000 filesz 00000000000029ac memsz 00000000000029ac (ro) -> mapped USER (bounds ok)
[elf    ] PT_LOAD vaddr 0000500000012000 filesz 0000000000000180 memsz 000000000001d220 (rw) -> mapped USER (bounds ok)
[kernel ] spawned pid 608 'posix-w' caps 0000000000000020 — private PML4 @ phys 00000000015a0000
[elf    ] PT_LOAD vaddr 0000500000000000 filesz 000000000000e423 memsz 000000000000e423 (ro) -> mapped USER (bounds ok)
[elf    ] PT_LOAD vaddr 000050000000f000 filesz 00000000000029ac memsz 00000000000029ac (ro) -> mapped USER (bounds ok)
[elf    ] PT_LOAD vaddr 0000500000012000 filesz 0000000000000180 memsz 000000000001d220 (rw) -> mapped USER (bounds ok)
[kernel ] spawned pid 609 'posix-w' caps 0000000000000020 — private PML4 @ phys 0000000001449000
[elf    ] PT_LOAD vaddr 0000500000000000 filesz 000000000000e423 memsz 000000000000e423 (ro) -> mapped USER (bounds ok)
[elf    ] PT_LOAD vaddr 000050000000f000 filesz 00000000000029ac memsz 00000000000029ac (ro) -> mapped USER (bounds ok)
[elf    ] PT_LOAD vaddr 0000500000012000 filesz 0000000000000180 memsz 000000000001d220 (rw) -> mapped USER (bounds ok)
[kernel ] spawned pid 610 'posix-w' caps 0000000000000020 — private PML4 @ phys 00000000014a6000
[elf    ] PT_LOAD vaddr 0000500000000000 filesz 000000000000e423 memsz 000000000000e423 (ro) -> mapped USER (bounds ok)
[elf    ] PT_LOAD vaddr 000050000000f000 filesz 00000000000029ac memsz 00000000000029ac (ro) -> mapped USER (bounds ok)
[elf    ] PT_LOAD vaddr 0000500000012000 filesz 0000000000000180 memsz 000000000001d220 (rw) -> mapped USER (bounds ok)
[kernel ] spawned pid 611 'posix-w' caps 0000000000000020 — private PML4 @ phys 0000000001564000
[elf    ] PT_LOAD vaddr 0000500000000000 filesz 000000000000e423 memsz 000000000000e423 (ro) -> mapped USER (bounds ok)
[elf    ] PT_LOAD vaddr 000050000000f000 filesz 00000000000029ac memsz 00000000000029ac (ro) -> mapped USER (bounds ok)
[elf    ] PT_LOAD vaddr 0000500000012000 filesz 0000000000000180 memsz 000000000001d220 (rw) -> mapped USER (bounds ok)
[kernel ] spawned pid 612 'posix-w' caps 0000000000000020 — private PML4 @ phys 000000000148c000
[elf    ] PT_LOAD vaddr 0000500000000000 filesz 000000000000e423 memsz 000000000000e423 (ro) -> mapped USER (bounds ok)
[uthread] tid 2 --> RING 3 as pid 607 'pthr0' (entry 000050000000006a, cr3 00000000014a2000)
[elf    ] PT_LOAD vaddr 000050000000f000 filesz 00000000000029ac memsz 00000000000029ac (ro) -> mapped USER (bounds ok)
[uthread] tid 3 --> RING 3 as pid 607 'pthr1' (entry 000050000000006a, cr3 00000000014a2000)
[elf    ] PT_LOAD vaddr 0000500000012000 filesz 0000000000000180 memsz 000000000001d220 (rw) -> mapped USER (bounds ok)
[uthread] tid 4 --> RING 3 as pid 607 'pthr2' (entry 000050000000006a, cr3 00000000014a2000)  [posix ] stdout via fd 1
  [posix ] stderr via fd 2
[uthread] tid 5 --> RING 3 as pid 607 'pthr3' (entry 000050000000006a, cr3 0000
0000014a2000)
  [posix ] forked child alive at ring 3 (inherited stdout)
[uthread] tid 2 pid 607 'pthr0' thread exited (code 0) — 4 sibling(s) live
[uthread] tid 3 pid 607 'pthr1' thread exited (code 0) — 3 sibling(s) live
[uthread] tid 4 pid 607 'pthr2' thread exited (code 0) — 2 sibling(s) live
[uthread] tid 5 pid 607 'pthr3' thread exited (code 0) — 1 sibling(s) live
[kernel ] spawned pid 613 'posix-w' caps 0000000000000020 — private PML4 @ phys 000000000141c000
[elf    ] PT_LOAD vaddr 0000500000000000 filesz 000000000000e423 memsz 000000000000e423 (ro) -> mapped USER (bounds ok)
[elf    ] PT_LOAD vaddr 000050000000f000 filesz 00000000000029ac memsz 0000000  [posix ] child wrote through the inherited stdout mapping
0000029ac (ro) -> mapped USER (bounds ok)
[elf    ] PT_LOAD vaddr 0000500000012000 filesz 0000000000000180 memsz 000000000001d220 (rw) -> mapped USER (bounds ok)
[exec   ] pid 611 exec'd '/bin/init' (75400 bytes from CAS) -> entry 0000500000000088
  [posix ] /bin/init re-exec'd FROM THE VFS BY PATH, argv+envp intact
[kernel ] spawned pid 614 'posix-w' caps 0000000000000020 — private PML4 @ phys 00000000014a2000
[elf    ] PT_LOAD vaddr 0000500000000000 filesz 000000000000e423 memsz 000000000000e423 (ro) -> mapped USER (bounds ok)
[elf    ] PT_LOAD vaddr 000050000000f000 filesz 00000000000029ac memsz 00000000000029ac (ro) -> mapped USER (bounds ok)
[elf    ] PT_LOAD vaddr 0000500000012000 filesz 0000000000000180 memsz 000000000001d220 (rw) -> mapped USER (bounds ok)
[kernel ] spawned pid 615 'posix-w' caps 0000000000000020 — private PML4 @ phys 0000000001564000
[elf    ] PT_LOAD vaddr 0000500000000000 filesz 000000000000e423 memsz 000000000000e423 (ro) -> mapped USER (bounds ok)
[elf    ] PT_LOAD vaddr 000050000000f000 filesz 00000000000029ac memsz 00000000000029ac (ro) -> mapped USER (bounds ok)
[elf    ] PT_LOAD vaddr 0000500000012000 filesz 0000000000000180 memsz 000000000001d220 (rw) -> mapped USER (bounds ok)
[kernel ] spawned pid 616 'posix-w' caps 0000000000000020 — private PML4 @ phys 0000000001429000
[elf    ] PT_LOAD vaddr 0000500000000000 filesz 000000000000e423 memsz 000000000000e423 (ro) -> mapped USER (bounds ok)
[elf    ] PT_LOAD vaddr 000050000000f000 filesz 00000000000029ac memsz 00000000000029ac (ro) -> mapped USER (bounds ok)
[elf    ] PT_LOAD vaddr 0000500000012000 filesz 0000000000000180 memsz 000000000001d220 (rw) -> mapped USER (bounds ok)
[kernel ] spawned pid 617 'posix-w' caps 0000000000000020 — private PML4 @ phys 00000000011d6000
[elf    ] PT_LOAD vaddr 0000500000000000 filesz 000000000000e423 memsz 000000000000e423 (ro) -> mapped USER (bounds ok)
[elf    ] PT_LOAD vaddr 000050000000f000 filesz 00000000000029ac memsz 00000000000029ac (ro) -> mapped USER (bounds ok)
[elf    ] PT_LOAD vaddr 0000500000012000 filesz 0000000000000180 memsz 000000000001d220 (rw) -> mapped USER (bounds ok)
[kernel ] spawned pid 618 'posix-w' caps 0000000000000020 — private PML4 @ phys 00000000011da000
[elf    ] PT_LOAD vaddr 0000500000000000 filesz 000000000000e423 memsz 000000000000e423 (ro) -> mapped USER (bounds ok)
[elf    ] PT_LOAD vaddr 000050000000f000 filesz 00000000000029ac memsz 00000000000029ac (ro) -> mapped USER (bounds ok)
[elf    ] PT_LOAD vaddr 0000500000012000 filesz 0000000000000180 memsz 000000000001d220 (rw) -> mapped USER (bounds ok)
[kernel ] spawned pid 619 'posix-w' caps 0000000000000020 — private PML4 @ phys 00000000011e5000
[elf    ] PT_LOAD vaddr 0000500000000000 filesz 000000000000e423 memsz 000000000000e423 (ro) -> mapped USER (bounds ok)
[elf    ] PT_LOAD vaddr 000050000000f000 filesz 00000000000029ac memsz 00000000000029ac (ro) -> mapped USER (bounds ok)
[elf    ] PT_LOAD vaddr 0000500000012000 filesz 0000000000000180 memsz 000000000001d220 (rw) -> mapped USER (bounds ok)
[kernel ] spawned pid 620 'posix-w' caps 0000000000000020 — private PML4 @ phys 000000000153d000
[elf    ] PT_LOAD vaddr 0000500000000000 filesz 000000000000e423 memsz 000000000000e423 (ro) -> mapped USER (bounds ok)
[elf    ] PT_LOAD vaddr 000050000000f000 filesz 00000000000029ac memsz 00000000000029ac (ro) -> mapped USER (bounds ok)
[elf    ] PT_LOAD vaddr 0000500000012000 filesz 0000000000000180 memsz 000000000001d220 (rw) -> mapped USER (bounds ok)
[kernel ] spawned pid 621 'posix-w' caps 0000000000000020 — private PML4 @ phys 00000000015b0000
[elf    ] PT_LOAD vaddr 0000500000000000 filesz 000000000000e423 memsz 000000000000e423 (ro) -> mapped USER (bounds ok)
[uthread] tid 2 --> RING 3 as pid 616 'pthr0' (entry 000050000000006a, cr3 0000000001429000)
[elf    ] PT_LOAD vaddr 000050000000f000 filesz 00000000000029ac memsz 00000000  [posix ] stdout via fd 1000029ac (ro) -> mapped USER (bounds ok)
  [posix ] stderr via fd 2
[uthread] tid 3 --> RING 3 as pid 616 'pthr1' (entry 000050000000006a, cr3 0000
000001429000)
[elf    ] PT_LOAD vaddr 0000500000012000 filesz 0000000000000180 memsz 000000000001d220 (rw) -> mapped USER (bounds ok)
[uthread] tid 4 --> RING 3 as pid 616 'pthr2' (entry 000050000000006a, cr3 0000000001429000)  [posix ] forked child alive at ring 3 (inherited stdout)
[uthread]
 tid 5 --> RING 3 as pid 616 'pthr3' (entry 000050000000006a, cr3 0000000001429000)
[uthread] tid 2 pid 616 'pthr0' thread exited (code 0) — 4 sibling(s) live
[uthread] tid 3 pid 616 'pthr1' thread exited (code 0) — 3 sibling(s) live
[uthread] tid 4 pid 616 'pthr2' thread exited (code 0) — 2 sibling(s) live
[uthread] tid 5 pid 616 'pthr3' thread exited (code 0) — 1 sibling(s) live
[elf    ] PT_LOAD vaddr 0000500000000000 filesz 000000000000e423 memsz 000000000000e423 (ro) -> mapped USER (bounds ok)
[kernel ] spawned pid 622 'posix-w' caps 0000000000000020 — private PML4 @ phys 0000000001495000
[elf    ] PT_LOAD vaddr 000050000000f000 filesz 00000000000029ac memsz 00000000000029ac (ro) -> mapped USER (bounds ok)
  [posix ] child wrote through the inherited stdout mapping
[elf    ] PT_LOAD vaddr 0000500000012000 filesz 0000000000000180 memsz 000000000001d220 (rw) -> mapped USER (bounds ok)
[exec   ] pid 620 exec'd '/bin/init' (75400 bytes from CAS) -> entry 0000500000000088
  [posix ] /bin/init re-exec'd FROM THE VFS BY PATH, argv+envp intact
[kernel ] spawned pid 623 'posix-w' caps 0000000000000020 — private PML4 @ phys 0000000001429000
[elf    ] PT_LOAD vaddr 0000500000000000 filesz 000000000000e423 memsz 000000000000e423 (ro) -> mapped USER (bounds ok)
[elf    ] PT_LOAD vaddr 000050000000f000 filesz 00000000000029ac memsz 00000000000029ac (ro) -> mapped USER (bounds ok)
[elf    ] PT_LOAD vaddr 0000500000012000 filesz 0000000000000180 memsz 000000000001d220 (rw) -> mapped USER (bounds ok)
[kernel ] spawned pid 624 'posix-w' caps 0000000000000020 — private PML4 @ phys 000000000153d000
[elf    ] PT_LOAD vaddr 0000500000000000 filesz 000000000000e423 memsz 000000000000e423 (ro) -> mapped USER (bounds ok)
[elf    ] PT_LOAD vaddr 000050000000f000 filesz 00000000000029ac memsz 00000000000029ac (ro) -> mapped USER (bounds ok)
[elf    ] PT_LOAD vaddr 0000500000012000 filesz 0000000000000180 memsz 000000000001d220 (rw) -> mapped USER (bounds ok)
[kernel ] spawned pid 625 'posix-w' caps 0000000000000020 — private PML4 @ phys 00000000011e4000
[elf    ] PT_LOAD vaddr 0000500000000000 filesz 000000000000e423 memsz 000000000000e423 (ro) -> mapped USER (bounds ok)
[elf    ] PT_LOAD vaddr 000050000000f000 filesz 00000000000029ac memsz 00000000000029ac (ro) -> mapped USER (bounds ok)
[elf    ] PT_LOAD vaddr 0000500000012000 filesz 0000000000000180 memsz 000000000001d220 (rw) -> mapped USER (bounds ok)
[kernel ] spawned pid 626 'posix-w' caps 0000000000000020 — private PML4 @ phys 0000000001420000
[elf    ] PT_LOAD vaddr 0000500000000000 filesz 000000000000e423 memsz 000000000000e423 (ro) -> mapped USER (bounds ok)
[elf    ] PT_LOAD vaddr 000050000000f000 filesz 00000000000029ac memsz 00000000000029ac (ro) -> mapped USER (bounds ok)
[elf    ] PT_LOAD vaddr 0000500000012000 filesz 0000000000000180 memsz 000000000001d220 (rw) -> mapped USER (bounds ok)
[kernel ] spawned pid 627 'posix-w' caps 0000000000000020 — private PML4 @ phys 0000000001550000
[elf    ] PT_LOAD vaddr 0000500000000000 filesz 000000000000e423 memsz 000000000000e423 (ro) -> mapped USER (bounds ok)
[elf    ] PT_LOAD vaddr 000050000000f000 filesz 00000000000029ac memsz 00000000000029ac (ro) -> mapped USER (bounds ok)
[elf    ] PT_LOAD vaddr 0000500000012000 filesz 0000000000000180 memsz 000000000001d220 (rw) -> mapped USER (bounds ok)
[kernel ] spawned pid 628 'posix-w' caps 0000000000000020 — private PML4 @ phys 00000000011e8000
[elf    ] PT_LOAD vaddr 0000500000000000 filesz 000000000000e423 memsz 000000000000e423 (ro) -> mapped USER (bounds ok)
[elf    ] PT_LOAD vaddr 000050000000f000 filesz 00000000000029ac memsz 00000000000029ac (ro) -> mapped USER (bounds ok)
[elf    ] PT_LOAD vaddr 0000500000012000 filesz 0000000000000180 memsz 000000000001d220 (rw) -> mapped USER (bounds ok)
[kernel ] spawned pid 629 'posix-w' caps 0000000000000020 — private PML4 @ phys 0000000001564000
[elf    ] PT_LOAD vaddr 0000500000000000 filesz 000000000000e423 memsz 000000000000e423 (ro) -> mapped USER (bounds ok)
[elf    ] PT_LOAD vaddr 000050000000f000 filesz 00000000000029ac memsz 00000000000029ac (ro) -> mapped USER (bounds ok)
[elf    ] PT_LOAD vaddr 0000500000012000 filesz 0000000000000180 memsz 000000000001d220 (rw) -> mapped USER (bounds ok)
[kernel ] spawned pid 630 'posix-w' caps 0000000000000020 — private PML4 @ phys 00000000014ff000
[elf    ] PT_LOAD vaddr 0000500000000000 filesz 000000000000e423 memsz 000000000000e423 (ro) -> mapped USER (bounds ok)
[uthread] tid 2 --> RING 3 as pid 625 'pthr0' (entry 000050000000006a, cr3 00000000011e4000)
[elf    ] PT_LOAD vaddr 000050000000f000 filesz 00000000000029ac  [posix ] mem stdosut via fd 1z 00000000000029ac (ro) -> mapped USER (bounds ok)
  [posix ] stderr via fd 2
[uthread] tid 3 --> RING 3 as pid 625 'pthr1' (entry 000050000000006a, cr3 0000
0000011e4000)
[elf    ] PT_LOAD vaddr 0000500000012000 filesz 0000000000000180 memsz 000000000001d220 (rw) -> mapped USER (bounds ok)
[uthread] tid 4 --> RING 3 as pid 625 'pthr2' (entry 000050000000006a, cr3 0000  [posix ] forked child alive at ring 3 (inherited stdout)0000011e4000)

[uthread] tid 5 --> RING 3 as pid 625 'pthr3' (entry 000050000000006a, cr3 00000000011e4000)
[uthread] tid 2 pid 625 'pthr0' thread exited (code 0) — 4 sibling(s) live
[uthread] tid 3 pid 625 'pthr1' thread exited (code 0) — 3 sibling(s) live
[uthread] tid 4 pid 625 'pthr2' thread exited (code 0) — 2 sibling(s) live
[uthread] tid 5 pid 625 'pthr3' thread exited (code 0) — 1 sibling(s) live
[elf    ] PT_LOAD vaddr 0000500000000000 filesz 000000000000e423 memsz 000000000000e423 (ro) -> mapped USER (bounds ok)
[kernel ] spawned pid 631 'posix-w' caps 0000000000000020 — private PML4 @ phys 000000000145b000
[elf    ] PT_LOAD vaddr 000050000000f000 filesz 00000000000029ac memsz 00000000000029ac (ro) -> mapped USER (bounds ok)  [posix ] child wrote through the inherited stdout mapping

[elf    ] PT_LOAD vaddr 0000500000012000 filesz 0000000000000180 memsz 000000000001d220 (rw) -> mapped USER (bounds ok)
[exec   ] pid 629 exec'd '/bin/init' (75400 bytes from CAS) -> entry 0000500000000088
  [posix ] /bin/init re-exec'd FROM THE VFS BY PATH, argv+envp intact
[posixstrs]  PASS  every round ran all 7 POSIX workers to a terminal state (no watchdog timeout)
[posixstrs]  PASS  every worker's ring-3 assertions passed (exit code == its success sentinel)
[posixstrs]  PASS  fork() produced real children: distinct pid AND distinct cr3 from the parent
[posixstrs]  PASS  every forked child ran its own image and exited 42
[posixstrs]  PASS  every child's address space was fully reclaimed; no thread group left accounted live
[posixstrs] this suite: 6 fork(s), 6 execve(s), 12 thread(s), 6 child kproc(s)
[posixstrs]  PASS  fork/exec/thread counters all advanced (the syscalls really ran)
[posixstrs] signals: +12 raised, +15 delivered to ring 3, +9 sigreturns
[posixstrs]  PASS  signal deliveries into ring 3 advanced (>= 5 per round)
[posixstrs]  PASS  SYS_SIGRETURN restored real frames (>= 3 per round: SIGINT, SIGALRM, SIGCHLD)
[posixstrs]  PASS  POSIX workers genuinely overlapped in ring 3 across cores (SMP)
[posixstrs]  PASS  no descriptor leaked across the storm (incl. fds inherited by forked children)
[posixstrs] +1995 freed, +1995 reused; global depth 1050
[posixstrs]  PASS  free-frame count reconciles (g_frame_free_depth == lifetime freed - reused)
[posixstrs]  PASS  no lock-rank violation anywhere in the POSIX paths
[posixstrs] RESULT: 12 passed, 0 failed
[posixstrs] POSIX STRESS VERIFIED — fork/exec/waitpid, signal frames and pthread mutexes leak-free
-- done --
-- TOOLCHAIN STRESS: author -> compile -> run, natively in ring 3 --
[toolstrs]  PASS  the SDK is installed in the VFS (7 headers + runtime + README)
[toolstrs] SDK listing: 7 under /usr/include/, 2 under /usr/lib/
[toolstrs]  PASS  readdir over the flat namespace enumerates /usr/include and /usr/lib
[toolstrs] /usr/lib/libc.oc: 4537 bytes, 7/7 required definitions
[toolstrs]  PASS  /usr/lib/libc.oc defines every runtime symbol the SDK headers declare
[kernel ] spawned pid 632 'selfhost' caps 0000000000000020 — private PML4 @ phys 00000000011e4000
[elf    ] PT_LOAD vaddr 0000500000000000 filesz 000000000000e423 memsz 000000000000e423 (ro) -> mapped USER (bounds ok)
[elf    ] PT_LOAD vaddr 000050000000f000 filesz 00000000000029ac memsz 00000000000029ac (ro) -> mapped USER (bounds ok)
[elf    ] PT_LOAD vaddr 0000500000012000 filesz 0000000000000180 memsz 000000000001d220 (rw) -> mapped USER (bounds ok)
[cas    ] put len 247 hash 4cfe7155ffc43e08 -> block 1143 (stored)
[cas    ] put len 512 hash ea0fd3fd3a0aad89 -> block 1144 (stored)
[cas    ] put len 512 hash 966f4dd399921622 -> block 1145 (stored)
[cas    ] put len 512 hash 9f7d60c3d7a4022f -> block 1146 (stored)
[cas    ] put len 260 hash 192ce1587305176d -> block 1147 (stored)
[cas    ] put len 102 hash 2e64e942ff8a2ddf -> block 1148 (stored)
[kernel ] spawned pid 633 'selfhost' caps 0000000000000020 — private PML4 @ phys 0000000001564000
[elf    ] PT_LOAD vaddr 0000500000000000 filesz 000000000000e423 memsz 000000000000e423 (ro) -> mapped USER (bounds ok)
[elf    ] PT_LOAD vaddr 000050000000f000 filesz 00000000000029ac memsz 00000000000029ac (ro) -> mapped USER (bounds ok)
[elf    ] PT_LOAD vaddr 0000500000012000 filesz 0000000000000180 memsz 000000000001d220 (rw) -> mapped USER (bounds ok)
[exec   ] pid 633 exec'd '/bin/occ' (75400 bytes from CAS) -> entry 0000500000000088
occ: 2 input files compiled as one translation unit
[cas    ] put len 512 hash 8c461ee6af8473c6 -> block 1149 (stored)
[cas    ] put len 512 hash a6d26a8ad66a42a0 -> block 1150 (stored)
[cas    ] put len 512 hash 3f741202eaa7068b -> block 1151 (stored)
[cas    ] put len 512 hash bdc3590d446c2d33 -> block 1152 (stored)
[cas    ] put len 512 hash 306b708cea90edb4 -> block 1153 (stored)
[cas    ] put len 512 hash 8de3f2a899724c9c -> block 1154 (stored)
[cas    ] put len 512 hash a2dd678e94929f08 -> block 1155 (stored)
[cas    ] put len 512 hash 0c3f502ec285d162 -> block 1156 (stored)
[cas    ] put len 512 hash 66ce6f299ac4fcd8 -> block 1157 (stored)
[cas    ] put len 512 hash 482449e383b54b6b -> block 1158 (stored)
[cas    ] put len 512 hash e26e9f611530ac14 -> block 1159 (stored)
[cas    ] put len 512 hash dc3617c929ac5da6 -> block 1160 (stored)
[cas    ] put len 512 hash 827314ea5f3c7c82 -> block 1161 (stored)
[cas    ] put len 512 hash 943e992d640320c5 -> block 1162 (stored)
[cas    ] put len 512 hash 125e5713e3837dbb -> block 1163 (stored)
[cas    ] put len 512 hash 71a1503ef123d042 -> block 1164 (stored)
[cas    ] put len 512 hash b1a470b326cdb084 -> block 1165 (stored)
[cas    ] put len 512 hash 2cdfbe367cca89c0 -> block 1166 (stored)
[cas    ] put len 114 hash 037502180588e6ad -> block 1167 (stored)
[cas    ] put len 512 hash cdcbe7201a030336 -> block 1168 (stored)
  [occ   ] compiled OK
[kernel ] spawned pid 634 'selfhost' caps 0000000000000020 — private PML4 @ phys 00000000011af000
[elf    ] PT_LOAD vaddr 0000500000000000 filesz 000000000000224a memsz 000000000000224a (ro) -> mapped USER (bounds ok)
[elf    ] PT_LOAD vaddr 0000500000200000 filesz 00000000000000b8 memsz 00000000000000b8 (ro) -> mapped USER (bounds ok)
[elf    ] PT_LOAD vaddr 0000500000400000 filesz 0000000000000080 memsz 0000000000000080 (rw) -> mapped USER (bounds ok)
[exec   ] pid 634 exec'd '/bin/t.elf' (9330 bytes from CAS) -> entry 0000500000000000
  [a.out ] SYS_WRITE came from <outrun_abi.h>
  [a.out ] compiled by occ against /usr/lib/libc.oc; main returns 147
  [self  ] authored, compiled and RAN a program without a host toolchain
[toolstrs] round 0: occ emitted /bin/t.elf, 9330 bytes, 19 chunk(s)
[kernel ] spawned pid 635 'selfhost' caps 0000000000000020 — private PML4 @ phys 00000000011e4000
[elf    ] PT_LOAD vaddr 0000500000000000 filesz 000000000000e423 memsz 000000000000e423 (ro) -> mapped USER (bounds ok)
[elf    ] PT_LOAD vaddr 000050000000f000 filesz 00000000000029ac memsz 00000000000029ac (ro) -> mapped USER (bounds ok)
[elf    ] PT_LOAD vaddr 0000500000012000 filesz 0000000000000180 memsz 000000000001d220 (rw) -> mapped USER (bounds ok)
[cas    ] put len 247 hash 4cfe7155ffc43e08 -> DEDUP to block 1143 (no write)
[cas    ] put len 512 hash ea0fd3fd3a0aad89 -> DEDUP to block 1144 (no write)
[cas    ] put len 512 hash 966f4dd399921622 -> DEDUP to block 1145 (no write)
[cas    ] put len 512 hash 9f7d60c3d7a4022f -> DEDUP to block 1146 (no write)
[cas    ] put len 260 hash 192ce1587305176d -> DEDUP to block 1147 (no write)
[cas    ] put len 102 hash 2e64e942ff8a2ddf -> DEDUP to block 1148 (no write)
[kernel ] spawned pid 636 'selfhost' caps 0000000000000020 — private PML4 @ phys 00000000012ed000
[elf    ] PT_LOAD vaddr 0000500000000000 filesz 000000000000e423 memsz 000000000000e423 (ro) -> mapped USER (bounds ok)
[elf    ] PT_LOAD vaddr 000050000000f000 filesz 00000000000029ac memsz 00000000000029ac (ro) -> mapped USER (bounds ok)
[elf    ] PT_LOAD vaddr 0000500000012000 filesz 0000000000000180 memsz 000000000001d220 (rw) -> mapped USER (bounds ok)
[exec   ] pid 636 exec'd '/bin/occ' (75400 bytes from CAS) -> entry 0000500000000088
occ: 2 input files compiled as one translation unit
[cas    ] put len 512 hash 8c461ee6af8473c6 -> DEDUP to block 1149 (no write)
[cas    ] put len 512 hash a6d26a8ad66a42a0 -> DEDUP to block 1150 (no write)
[cas    ] put len 512 hash 3f741202eaa7068b -> DEDUP to block 1151 (no write)
[cas    ] put len 512 hash bdc3590d446c2d33 -> DEDUP to block 1152 (no write)
[cas    ] put len 512 hash 306b708cea90edb4 -> DEDUP to block 1153 (no write)
[cas    ] put len 512 hash 8de3f2a899724c9c -> DEDUP to block 1154 (no write)
[cas    ] put len 512 hash a2dd678e94929f08 -> DEDUP to block 1155 (no write)
[cas    ] put len 512 hash 0c3f502ec285d162 -> DEDUP to block 1156 (no write)
[cas    ] put len 512 hash 66ce6f299ac4fcd8 -> DEDUP to block 1157 (no write)
[cas    ] put len 512 hash 482449e383b54b6b -> DEDUP to block 1158 (no write)
[cas    ] put len 512 hash e26e9f611530ac14 -> DEDUP to block 1159 (no write)
[cas    ] put len 512 hash dc3617c929ac5da6 -> DEDUP to block 1160 (no write)
[cas    ] put len 512 hash 827314ea5f3c7c82 -> DEDUP to block 1161 (no write)
[cas    ] put len 512 hash 943e992d640320c5 -> DEDUP to block 1162 (no write)
[cas    ] put len 512 hash 125e5713e3837dbb -> DEDUP to block 1163 (no write)
[cas    ] put len 512 hash 71a1503ef123d042 -> DEDUP to block 1164 (no write)
[cas    ] put len 512 hash b1a470b326cdb084 -> DEDUP to block 1165 (no write)
[cas    ] put len 512 hash 2cdfbe367cca89c0 -> DEDUP to block 1166 (no write)
[cas    ] put len 114 hash 037502180588e6ad -> DEDUP to block 1167 (no write)
[cas    ] put len 512 hash cdcbe7201a030336 -> DEDUP to block 1168 (no write)
  [occ   ] compiled OK
[kernel ] spawned pid 637 'selfhost' caps 0000000000000020 — private PML4 @ phys 000000000127b000
[elf    ] PT_LOAD vaddr 0000500000000000 filesz 000000000000224a memsz 000000000000224a (ro) -> mapped USER (bounds ok)
[elf    ] PT_LOAD vaddr 0000500000200000 filesz 00000000000000b8 memsz 00000000000000b8 (ro) -> mapped USER (bounds ok)
[elf    ] PT_LOAD vaddr 0000500000400000 filesz 0000000000000080 memsz 0000000000000080 (rw) -> mapped USER (bounds ok)
[exec   ] pid 637 exec'd '/bin/t.elf' (9330 bytes from CAS) -> entry 0000500000000000
  [a.out ] SYS_WRITE came from <outrun_abi.h>
  [a.out ] compiled by occ against /usr/lib/libc.oc; main returns 147
  [self  ] authored, compiled and RAN a program without a host toolchain
[toolstrs] round 1: occ emitted /bin/t.elf, 9330 bytes, 19 chunk(s)
[toolstrs]  PASS  every round authored, compiled and ran a program (driver exited 940)
[toolstrs]  PASS  the compiler produced a new executable in the VFS
[toolstrs]  PASS  its output is a well-formed 3-segment x86-64 ELF (R+X, R, R+W)
[toolstrs]  PASS  NO segment it emits is both writable and executable (W^X holds for compiler output)
[toolstrs] +1516 freed, +1516 reused; global depth 1050
[toolstrs]  PASS  free-frame count reconciles (g_frame_free_depth == lifetime freed - reused)
[toolstrs]  PASS  no lock-rank violation across the toolchain paths
[toolstrs] RESULT: 9 passed, 0 failed
[toolstrs] SELF-HOSTING VERIFIED — OutRun compiled and ran a program with no host toolchain
-- done --
-- COMPILER STRESS: preprocessor, struct layout, multi-unit, and refusals --
[kernel ] spawned pid 638 'compstr' caps 0000000000000020 — private PML4 @ phys 00000000011e4000
[elf    ] PT_LOAD vaddr 0000500000000000 filesz 000000000000e423 memsz 000000000000e423 (ro) -> mapped USER (bounds ok)
[elf    ] PT_LOAD vaddr 000050000000f000 filesz 00000000000029ac memsz 00000000000029ac (ro) -> mapped USER (bounds ok)
[elf    ] PT_LOAD vaddr 0000500000012000 filesz 0000000000000180 memsz 000000000001d220 (rw) -> mapped USER (bounds ok)
[cas    ] put len 392 hash 3093456a4c932555 -> block 1169 (stored)
[cas    ] put len 512 hash d07af1c51c0ae345 -> block 1170 (stored)
[cas    ] put len 512 hash c8825dadfcc9e6e4 -> block 1171 (stored)
[cas    ] put len 14 hash a2077f1f9871efd5 -> block 1172 (stored)
[cas    ] put len 76 hash d3dd314bfe7e6cfc -> block 1173 (stored)
[kernel ] spawned pid 639 'compstr' caps 0000000000000020 — private PML4 @ phys 00000000011e2000
[elf    ] PT_LOAD vaddr 0000500000000000 filesz 000000000000e423 memsz 000000000000e423 (ro) -> mapped USER (bounds ok)
[elf    ] PT_LOAD vaddr 000050000000f000 filesz 00000000000029ac memsz 00000000000029ac (ro) -> mapped USER (bounds ok)
[elf    ] PT_LOAD vaddr 0000500000012000 filesz 0000000000000180 memsz 000000000001d220 (rw) -> mapped USER (bounds ok)
[exec   ] pid 639 exec'd '/bin/occ' (75400 bytes from CAS) -> entry 0000500000000088
occ: 2 input files compiled as one translation unit
[cas    ] put len 512 hash de363f8be3c21c36 -> block 1174 (stored)
[cas    ] put len 512 hash a6d26a8ad66a42a0 -> DEDUP to block 1150 (no write)
[cas    ] put len 512 hash 3f741202eaa7068b -> DEDUP to block 1151 (no write)
[cas    ] put len 512 hash bdc3590d446c2d33 -> DEDUP to block 1152 (no write)
[cas    ] put len 512 hash 306b708cea90edb4 -> DEDUP to block 1153 (no write)
[cas    ] put len 512 hash 8de3f2a899724c9c -> DEDUP to block 1154 (no write)
[cas    ] put len 512 hash a2dd678e94929f08 -> DEDUP to block 1155 (no write)
[cas    ] put len 512 hash 0c3f502ec285d162 -> DEDUP to block 1156 (no write)
[cas    ] put len 512 hash 66ce6f299ac4fcd8 -> DEDUP to block 1157 (no write)
[cas    ] put len 512 hash 482449e383b54b6b -> DEDUP to block 1158 (no write)
[cas    ] put len 512 hash e26e9f611530ac14 -> DEDUP to block 1159 (no write)
[cas    ] put len 512 hash 45dbb341a8526ac0 -> block 1175 (stored)
[cas    ] put len 512 hash e51bc2e241970c06 -> block 1176 (stored)
[cas    ] put len 512 hash cd8cfbdd9ea405b2 -> block 1177 (stored)
[cas    ] put len 512 hash 3b39eb9a04d1c856 -> block 1178 (stored)
[cas    ] put len 213 hash 3851c8ae2553ff67 -> block 1179 (stored)
  [occ   ] compiled OK
[kernel ] spawned pid 640 'compstr' caps 0000000000000020 — private PML4 @ phys 000000000158c000
[elf    ] PT_LOAD vaddr 0000500000000000 filesz 0000000000001d65 memsz 0000000000001d65 (ro) -> mapped USER (bounds ok)
[elf    ] PT_LOAD vaddr 0000500000200000 filesz 0000000000000000 memsz 0000000000000000 (ro) -> mapped USER (bounds ok)
[elf    ] PT_LOAD vaddr 0000500000400000 filesz 0000000000000080 memsz 0000000000000080 (rw) -> mapped USER (bounds ok)
[exec   ] pid 640 exec'd '/bin/cs.elf' (7893 bytes from CAS) -> entry 0000500000000000
  [compst] offsets, alignment, nesting and cross-unit calls all verified
[cas    ] put len 62 hash 3cdb9152cb8a6bc8 -> block 1180 (stored)
[kernel ] spawned pid 641 'compstr' caps 0000000000000020 — private PML4 @ phys 0000000001452000
[elf    ] PT_LOAD vaddr 0000500000000000 filesz 000000000000e423 memsz 000000000000e423 (ro) -> mapped USER (bounds ok)
[elf    ] PT_LOAD vaddr 000050000000f000 filesz 00000000000029ac memsz 00000000000029ac (ro) -> mapped USER (bounds ok)
[elf    ] PT_LOAD vaddr 0000500000012000 filesz 0000000000000180 memsz 000000000001d220 (rw) -> mapped USER (bounds ok)
[exec   ] pid 641 exec'd '/bin/occ' (75400 bytes from CAS) -> entry 0000500000000088
occ: /src/cs_n.c:3: '.' on a pointer; use '->' 'a'
occ: /src/cs_n.c:3: '.' on a pointer; use '->' 'a'
[cas    ] put len 51 hash 856c86cdfbc3be42 -> block 1181 (stored)
[kernel ] spawned pid 642 'compstr' caps 0000000000000020 — private PML4 @ phys 0000000001249000
[elf    ] PT_LOAD vaddr 0000500000000000 filesz 000000000000e423 memsz 000000000000e423 (ro) -> mapped USER (bounds ok)
[elf    ] PT_LOAD vaddr 000050000000f000 filesz 00000000000029ac memsz 00000000000029ac (ro) -> mapped USER (bounds ok)
[elf    ] PT_LOAD vaddr 0000500000012000 filesz 0000000000000180 memsz 000000000001d220 (rw) -> mapped USER (bounds ok)
[exec   ] pid 642 exec'd '/bin/occ' (75400 bytes from CAS) -> entry 0000500000000088
occ: /src/cs_n.c:3: function already defined 'main'
[cas    ] put len 69 hash 9f97b6166727a308 -> block 1182 (stored)
[kernel ] spawned pid 643 'compstr' caps 0000000000000020 — private PML4 @ phys 0000000001449000
[elf    ] PT_LOAD vaddr 0000500000000000 filesz 000000000000e423 memsz 000000000000e423 (ro) -> mapped USER (bounds ok)
[elf    ] PT_LOAD vaddr 000050000000f000 filesz 00000000000029ac memsz 00000000000029ac (ro) -> mapped USER (bounds ok)
[elf    ] PT_LOAD vaddr 0000500000012000 filesz 0000000000000180 memsz 000000000001d220 (rw) -> mapped USER (bounds ok)
[exec   ] pid 643 exec'd '/bin/occ' (75400 bytes from CAS) -> entry 0000500000000088
occ: /src/cs_n.c:3: struct redefined with a DIFFERENT layout 'Q'
occ: /src/cs_n.c:4: no main() in any input file, building '/bin/cs_n.elf'
[cas    ] put len 63 hash 61a3996ef9809755 -> block 1183 (stored)
[kernel ] spawned pid 644 'compstr' caps 0000000000000020 — private PML4 @ phys 0000000001480000
[posixstrs] .. waiting spins=6135 ticks=5939 (+200) rq0=0: pid 638(role 39,thr 1 pstate 1 rip 000050000000c0d4 pend 0000000000000000 msk 0000000000000000 sfsp 0000000000000000) child 644 
[elf    ] PT_LOAD vaddr 0000500000000000 filesz 000000000000e423 memsz 000000000000e423 (ro) -> mapped USER (bounds ok)
[elf    ] PT_LOAD vaddr 000050000000f000 filesz 00000000000029ac memsz 00000000000029ac (ro) -> mapped USER (bounds ok)
[elf    ] PT_LOAD vaddr 0000500000012000 filesz 0000000000000180 memsz 000000000001d220 (rw) -> mapped USER (bounds ok)
[exec   ] pid 644 exec'd '/bin/occ' (75400 bytes from CAS) -> entry 0000500000000088
occ: /src/cs_n.c:3: no such member 'zzz'
occ: /src/cs_n.c:3: no such member 'zzz'
  [compst] all four invalid programs were REFUSED, and none left an output file
[compstrs]  PASS  the driver authored, built, ran and validated a multi-unit project (exit 950)
[compstrs] /bin/cs.elf: 7893 bytes, 16 chunk(s), from TWO source units
[compstrs]  PASS  a multi-unit executable was produced in the VFS
[compstrs]  PASS  it is a well-formed 3-segment x86-64 ELF (R+X, R, R+W)
[compstrs]  PASS  NO segment is both writable and executable (W^X holds for multi-unit output)
[compstrs]  PASS  no output file survives from any REFUSED compile
[compstrs]  PASS  no descriptor leaked across seven compiler processes
[compstrs] +1950 freed, +1950 reused; global depth 1050
[compstrs]  PASS  free-frame count reconciles (g_frame_free_depth == lifetime freed - reused)
[compstrs]  PASS  no lock-rank violation across the compiler paths
[compstrs] RESULT: 8 passed, 0 failed
[compstrs] LANGUAGE VERIFIED — preprocessor, struct layout, multi-unit linkage, and refusals
-- done --
-- IOMMU (INTEL VT-d) STATUS + DMA ISOLATION --
[virt   ] CPUID.1:ECX.VMX = 0 (no VT-x — TCG emulation, guest execution unavailable)
[iommu  ] regs @ 00000000fed90000   GSTS c0000000   root table @ 000000000100d000
[iommu  ] DRHD units 1   second-level 3-level   identity map 1024 MiB   domain-id 1
[iommu  ]  PASS  DMA translation is ENABLED (GSTS.TES)
[iommu  ]  PASS  root table pointer is programmed (GSTS.RTPS)
[iommu  ] fault recording: 1 register(s) @ CAP.FRO offset 0x220
[iommu  ] (live DMA-confinement proof runs in `capdma` — a blocked DMA puts a
[iommu  ]  virtio device into its broken state, so it is exercised exactly once)
[iommu  ] RESULT: 2 passed, 0 failed
[iommu  ] HARDWARE DMA ISOLATION VERIFIED — devices are confined to their domains
-- done --
-- CAPABILITY-BOUND DMA DOMAINS --
[kernel ] spawned pid 645 'dma-owner' caps 0000000000000011 — private PML4 @ phys 00000000011e4000
[kernel ] spawned pid 646 'dma-other' caps 0000000000000000 — private PML4 @ phys 0000000001491000
[hw     ] GRANT  pid 645 'dma-owner' -> 'virtio-net': phys 00000000fe808000 mapped at vaddr 000040a140000000 (4 pages)
[iommu  ] device 0:3.0 confined to pid 645 DMA domain 32 (1 of its pages reachable)
[capdma ]  PASS  capability holder is granted the device's MMIO
[capdma ]  PASS  granting a device creates a private DMA domain for the owner
[capdma ]  PASS  device context entry points at the owner's DMA domain
[capdma ]  PASS  device carries the owner's domain id
[capdma ]  PASS  owner's own RAM page IS reachable by the device
[capdma ]  PASS  another process's RAM page is NOT reachable
[capdma ]  PASS  kernel memory is NOT reachable by the device
[capdma ]  PASS  kernel's virtqueue memory is NOT reachable
[capdma ]  PASS  device MMIO was not mapped into the DMA domain
[capdma ]  PASS  confined device attempting kernel DMA is BLOCKED by hardware
[capdma ] blocked: device 0:3.0 tried read at 000000000101b000 — outside pid 645's domain
[capdma ]  PASS  revoking the grant returns the device to the kernel domain
[capdma ] RESULT: 11 passed, 0 failed
[capdma ] CAPABILITY-BOUND DMA VERIFIED — direct device access, hardware-confined to its owner
-- done --
-- RING-3 USERSPACE DEVICE DRIVER --
[kernel ] spawned pid 647 'nic-driver' caps 0000000000000011 — private PML4 @ phys 0000000001590000
[drv    ] handing 'virtio-net' to unprivileged pid 647 (kernel leaves the data path)
[elf    ] loading 'nic-driver' from ISO module image at phys 00000000002d2000 (0000000000012688 bytes)
[elf    ] PT_LOAD vaddr 0000500000000000 filesz 000000000000e423 memsz 000000000000e423 (ro) -> mapped USER (bounds ok)
[elf    ] PT_LOAD vaddr 000050000000f000 filesz 00000000000029ac memsz 00000000000029ac (ro) -> mapped USER (bounds ok)
[elf    ] PT_LOAD vaddr 0000500000012000 filesz 0000000000000180 memsz 000000000001d220 (rw) -> mapped USER (bounds ok)

[kernel ] --> RING 3 as pid 647 'nic-driver' (entry 0000500000000088, caps 0000000000000011, cr3 0000000001590000)
  [drv:r3] ==== USERSPACE virtio-net DRIVER starting at ring 3 ====
[hw     ] GRANT  pid 647 'nic-driver' -> 'virtio-net': phys 00000000fe808000 mapped at vaddr 000040a1c0000000 (4 pages)
[iommu  ] device 0:3.0 confined to pid 647 DMA domain 34 (52 of its pages reachable)
  [drv:r3] NIC registers mapped into this process at vaddr 000040a1c0000000
  [drv:r3] own DMA memory: vaddr 0000520000000000 -> phys 00000000018cc000
  [drv:r3] negotiated features, FEATURES_OK accepted by device
  [drv:r3] TX virtqueue live in our own pages; DRIVER_OK set
  [drv:r3] *** TX COMPLETED BY HARDWARE *** used.idx=0000000000000001
  [drv:r3] the NIC read the descriptor and frame from THIS PROCESS's
  [drv:r3] memory via DMA, inside its capability-bound IOMMU domain.
[kernel ] <-- RING 0: 'nic-driver' returned via SYS_EXIT
-- done --
[mouse  ] PS/2 mouse online: id 3, 4-byte packets (wheel), IRQ 12
-- Metropolis-Terminal compositor: animated physics loop --
[gfx    ] animated 150 frames (glitch-in + spring + collision), settled. center=00000000000b0f16
-- done (screendump to view) --
-- RING-3 APPLICATION SURFACE (first-class scheduler thread) --
[kernel ] spawned pid 648 'surface-app' caps 0000000000000040 — private PML4 @ phys 00000000014ce000
[elf    ] PT_LOAD vaddr 0000500000000000 filesz 000000000000e423 memsz 000000000000e423 (ro) -> mapped USER (bounds ok)
[elf    ] PT_LOAD vaddr 000050000000f000 filesz 00000000000029ac memsz 00000000000029ac (ro) -> mapped USER (bounds ok)
[elf    ] PT_LOAD vaddr 0000500000012000 filesz 0000000000000180 memsz 000000000001d220 (rw) -> mapped USER (bounds ok)
[uthread] spawned 'surface-app': pid 648 = tid 2 (role 2) — scheduled, not entered
[surface] handing canvas window 4 to unprivileged pid 648
[uthread] tid 2 --> RING 3 as pid 648 'surface-app' (entry 0000500000000088, cr3 00000000014ce000)
  [app:r3] ==== RING-3 SURFACE THREAD: live event/render loop ====
[surface] pid 648 owns surface 4 (200x120) DOUBLE-BUFFERED at user vaddr 0000530000000000 (+24 pages back)
  [app:r3] got double-buffered surface at 0000530000000000 — drawing back buffers, publishing via SYS_SURFACE_FLIP
[surface] slot 4 bound=1 owner=pid 648 — compositor will place its pixels; the app KEEPS RUNNING
-- done --
-- RING-3 PROCESSES AS FIRST-CLASS SCHEDULER THREADS --
[kernel ] spawned pid 649 'ident-A' caps 0000000000000020 — private PML4 @ phys 0000000001572000
[elf    ] PT_LOAD vaddr 0000500000000000 filesz 000000000000e423 memsz 000000000000e423 (ro) -> mapped USER (bounds ok)
[elf    ] PT_LOAD vaddr 000050000000f000 filesz 00000000000029ac memsz 00000000000029ac (ro) -> mapped USER (bounds ok)
[elf    ] PT_LOAD vaddr 0000500000012000 filesz 0000000000000180 memsz 000000000001d220 (rw) -> mapped USER (bounds ok)
[uthread] spawned 'ident-A': pid 649 = tid 3 (role 4) — scheduled, not entered
[kernel ] spawned pid 650 'ident-B' caps 0000000000000000 — private PML4 @ phys 0000000001503000
[elf    ] PT_LOAD vaddr 0000500000000000 filesz 000000000000e423 memsz 000000000000e423 (ro) -> mapped USER (bounds ok)
[elf    ] PT_LOAD vaddr 000050000000f000 filesz 00000000000029ac memsz 00000000000029ac (ro) -> mapped USER (bounds ok)
[elf    ] PT_LOAD vaddr 0000500000012000 filesz 0000000000000180 memsz 000000000001d220 (rw) -> mapped USER (bounds ok)
[uthread] spawned 'ident-B': pid 650 = tid 4 (role 4) — scheduled, not entered
[uthread] tid 3 --> RING 3 as pid 649 'ident-A' (entry 0000500000000088, cr3 0000000001572000)
[uthread] tid 4 --> RING 3 as pid 650 'ident-B' (entry 0000500000000088, cr3 0000000001503000)
[uthread] tid 3 pid 649 'ident-A' exited (code 0) — thread reaped, 57 frame(s) reclaimed
[uthread] tid 4 pid 650 'ident-B' exited (code 0) — thread reaped, 57 frame(s) reclaimed
[threads]  PASS  two ring-3 threads ran to completion CONCURRENTLY with the kernel main thread
[threads]  PASS  per-thread process identity survived every context switch (both probers exit 0)
[threads]  PASS  SYS_EXIT reaps the thread (PCB slots returned to the scheduler)
[kernel ] spawned pid 651 'surf-exit' caps 0000000000000040 — private PML4 @ phys 0000000001503000
[elf    ] PT_LOAD vaddr 0000500000000000 filesz 000000000000e423 memsz 000000000000e423 (ro) -> mapped USER (bounds ok)
[elf    ] PT_LOAD vaddr 000050000000f000 filesz 00000000000029ac memsz 00000000000029ac (ro) -> mapped USER (bounds ok)
[elf    ] PT_LOAD vaddr 0000500000012000 filesz 0000000000000180 memsz 000000000001d220 (rw) -> mapped USER (bounds ok)
[uthread] spawned 'surf-exit': pid 651 = tid 3 (role 3) — scheduled, not entered
[uthread] tid 3 --> RING 3 as pid 651 'surf-exit' (entry 0000500000000088, cr3 0000000001503000)
[surface] pid 651 owns surface 3 (64x64) DOUBLE-BUFFERED at user vaddr 0000530000000000 (+4 pages back) (recycled pixel buffers)
  [x3 :r3] surface slot 3 live; exiting so the kernel reclaims it
[surface] slot 3 reclaimed on owner exit — 8 pages (phys 00000000012f0000) back on the free list
[uthread] tid 3 pid 651 'surf-exit' exited (code 0) — thread reaped, 60 frame(s) reclaimed
[threads]  PASS  surface reclaimed when its owner exits (slot unbound, buffer on free list)
[kernel ] spawned pid 652 'surf-exit2' caps 0000000000000040 — private PML4 @ phys 0000000001503000
[elf    ] PT_LOAD vaddr 0000500000000000 filesz 000000000000e423 memsz 000000000000e423 (ro) -> mapped USER (bounds ok)
[elf    ] PT_LOAD vaddr 000050000000f000 filesz 00000000000029ac memsz 00000000000029ac (ro) -> mapped USER (bounds ok)
[elf    ] PT_LOAD vaddr 0000500000012000 filesz 0000000000000180 memsz 000000000001d220 (rw) -> mapped USER (bounds ok)
[uthread] spawned 'surf-exit2': pid 652 = tid 3 (role 3) — scheduled, not entered
[uthread] tid 3 --> RING 3 as pid 652 'surf-exit2' (entry 0000500000000088, cr3 0000000001503000)
[surface] pid 652 owns surface 3 (64x64) DOUBLE-BUFFERED at user vaddr 0000530000000000 (+4 pages back) (recycled pixel buffers)
  [x3 :r3] surface slot 3 live; exiting so the kernel reclaims it
[surface] slot 3 reclaimed on owner exit — 8 pages (phys 00000000012f0000) back on the free list
[uthread] tid 3 pid 652 'surf-exit2' exited (code 0) — thread reaped, 60 frame(s) reclaimed
[threads]  PASS  reclaimed pixel buffer is RECYCLED by the next surface create (same phys)
[kernel ] spawned pid 653 'stack-bomb-t' caps 0000000000000000 — private PML4 @ phys 0000000001503000
[uthread] tid 3 --> RING 3 as pid 653 'stack-bomb-t' (entry 0000500000000000, cr3 0000000001503000)

[guard  ] STACK OVERFLOW: ring-3 pid 653 hit guard page @ 0000500000fefff8 — task terminated
[uthread] faulting tid 3 terminated — siblings and kernel unaffected, 10 frame(s) reclaimed
[threads]  PASS  faulting ring-3 thread hit the guard page and was terminated (not unwound)
[threads]  PASS  kernel and sibling threads survive the fault (surface app still bound)
[threads] RESULT: 7 passed, 0 failed
[threads] FIRST-CLASS RING-3 THREADS VERIFIED — concurrent, isolated, reaped
-- done --
-- DOUBLE-BUFFERED SURFACES: page flip vs tearing --
[kernel ] spawned pid 654 'tear-test' caps 0000000000000040 — private PML4 @ phys 0000000001503000
[elf    ] PT_LOAD vaddr 0000500000000000 filesz 000000000000e423 memsz 000000000000e423 (ro) -> mapped USER (bounds ok)
[elf    ] PT_LOAD vaddr 000050000000f000 filesz 00000000000029ac memsz 00000000000029ac (ro) -> mapped USER (bounds ok)
[elf    ] PT_LOAD vaddr 0000500000012000 filesz 0000000000000180 memsz 000000000001d220 (rw) -> mapped USER (bounds ok)
[uthread] spawned 'tear-test': pid 654 = tid 3 (role 5) — scheduled, not entered
[uthread] tid 3 --> RING 3 as pid 654 'tear-test' (entry 0000500000000088, cr3 0000000001503000)
[surface] pid 654 owns surface 5 (64x64) DOUBLE-BUFFERED at user vaddr 0000530000000000 (+4 pages back) (recycled pixel buffers)
  [tt :r3] tear-test live: 400 alternating full frames via SYS_SURFACE_FLIP
[flip   ]  PASS  ring-3 thread created a double-buffered surface (front+back pair)
[flip   ]  PASS  both buffers are user-mapped in the owner (and only 2*bufpages of them)
[flip   ]  PASS  flips on a slot with NO consumer complete immediately (producer never parks)
[flip   ]  PASS  sibling surface thread kept running while another slot was consumed
[flip   ] consumed 200 published frames: 0 torn, 100/100 color A/B
[flip   ]  PASS  200 frames published through SYS_SURFACE_FLIP under preemption
[flip   ]  PASS  ZERO torn frames: every published front buffer is a COMPLETE frame
[flip   ]  PASS  frames alternate strictly (each flip is exactly one finished frame)
[surface] slot 5 reclaimed on owner exit — 8 pages (phys 00000000012f0000) back on the free list
[uthread] tid 3 pid 654 'tear-test' exited (code 0) — thread reaped, 60 frame(s) reclaimed
[flip   ]  PASS  double buffer reclaimed as one chunk when the owner exits
[flip   ] RESULT: 8 passed, 0 failed
[flip   ] PAGE FLIP VERIFIED — the compositor can no longer observe a half-drawn frame
-- done --
-- CURSOR COORDINATE TRANSLATION INVARIANTS --
[cursor ]  PASS  screen->world->screen round-trip exact at all zooms (<=1 px)
[cursor ] worst round-trip error across 150 samples: 1 px
[cursor ]  PASS  world->screen->world round-trip stable
[cursor ]  PASS  zoom-at-cursor keeps the world point pinned under the pointer
[cursor ] worst anchor drift across 150 zoom ops: 0 world units
[cursor ]  PASS  panning preserves projected size (no drift)
[cursor ]  PASS  2x zoom doubles projected size
[cursor ]  PASS  hit-testing matches rendering (centre of each window picks it)
[cursor ] RESULT: 6 passed, 0 failed
[cursor ] COORDINATE TRANSLATION LOCKED DOWN
-- done --
-- KINETIC CAMERA INVARIANTS --
[kinetic]  PASS  a flick imparts momentum (camera keeps moving after input stops)
[kinetic]  PASS  friction brings the camera to a complete rest
[kinetic] flick settled in 48 frames; glide distance 193 world units
[kinetic]  PASS  glide distance is bounded (no runaway)
[kinetic]  PASS  eased zoom converges to its target
[kinetic]  PASS  anchor stays pinned on EVERY frame of the eased zoom
[kinetic] worst mid-transition anchor drift over 4 zooms: 0 world units
[kinetic]  PASS  commanded glide converges exactly on its target
[kinetic] glide-to-focus converged in 25 frames
[kinetic]  PASS  eased zoom does not overshoot its target
[kinetic]  PASS  zoom stays clamped to 12.5%..400% under repeated impulses
[kinetic]  PASS  dt grouping is EXACT: 100 frames @ dt=2 == 200 frames @ dt=1 (bit-identical)
[kinetic]  PASS  irregular frame times (1..5 ticks) land on the identical camera state
[kinetic]  PASS  window-spring dt grouping is EXACT (60 frames @ dt=2 == 120 @ dt=1)
[kinetic]  PASS  window springs under irregular frame times land on the identical state
[kinetic] RESULT: 12 passed, 0 failed
[kinetic] KINETIC CAMERA VERIFIED — momentum settles, anchor never slips
-- done --
-- METROPOLIS-TERMINAL: spatial canvas (interactive) --
[canvas ] 300 frames | camera world (-30,0) zoom 88% | focus 'TIME-STREAM' | hud closed
-- done --
-- INPUT ROUTING TO A LIVE RING-3 THREAD (single canvas pass) --
[canvas ] frame 30: click synthesized at screen (470,400)
  [app:r3] click at surface-local (000000000000001f,0000000000000014) — repainting NOW, mid-pass
[canvas ] frame 60: click synthesized at screen (560,440)
  [app:r3] click at surface-local (000000000000005b,0000000000000040) — repainting NOW, mid-pass
[canvas ] frame 90: click synthesized at screen (660,470)
  [app:r3] click at surface-local (000000000000009d,0000000000000061) — repainting NOW, mid-pass
[canvas ] 150 frames | camera world (-30,0) zoom 88% | focus 'VIDEO-EDITOR' | hud closed
[surfin ] app repainted DURING the pass: 447 hit-marker pixels (0000000000f06a18) in its surface
-- done --
-- KEYBOARD ROUTING TO RING-3 SURFACES (type=2) --
[canvas ] 30 frames | camera world (170,0) zoom 88% | focus 'VIDEO-EDITOR' | hud closed
[keys   ]  PASS  navigation-mode keys steer the camera, none leak to the app
  [app:r3] key event code 0000000000000048 — echoing into our pixels
  [app:r3] key event code 0000000000000049 — echoing into our pixels
  [app:r3] key event code 0000000000000020 — echoing into our pixels
  [app:r3] key event code 0000000000000052 — echoing into our pixels
  [app:r3] key event code 0000000000000033 — echoing into our pixels
[canvas ] 90 frames | camera world (171,0) zoom 88% | focus 'VIDEO-EDITOR' | hud closed
[keys   ]  PASS  Enter armed type-to-app and 5 keys were routed to the focused surface
[keys   ]  PASS  Esc returned the keyboard to canvas navigation
[keys   ] pixel-decoded from the published front buffer: "HI R3"
[keys   ]  PASS  app painted the typed text — pixels decode back to "HI R3"
[canvas ] 30 frames | camera world (371,0) zoom 88% | focus 'VIDEO-EDITOR' | hud closed
[keys   ]  PASS  post-Esc keys move the camera again and the app receives none
[keys   ] RESULT: 5 passed, 0 failed
[keys   ] KEYBOARD ROUTING VERIFIED — the focused app owns the keys, end to end
-- done --
-- METROPOLIS-TERMINAL: spatial canvas (interactive) --
[canvas ] 120 frames | camera world (0,0) zoom 100% | focus 'TIME-STREAM' | hud closed
-- done --
-- genuine ring-3 user mode: capability passthrough via SYSCALL trap --
[kernel ] demo device: REAL 'virtio-net' (virtio MMIO @ phys 00000000fe808000)
[kernel ] spawned pid 655 'stream-app' caps 0000000000000011 — private PML4 @ phys 0000000001503000
[kernel ] spawned pid 656 'sketchy-app' caps 0000000000000020 — private PML4 @ phys 0000000001485000
[kernel ] user program source: ELF module loaded from ISO
[elf    ] loading 'stream-app' from ISO module image at phys 00000000002d2000 (0000000000012688 bytes)
[elf    ] PT_LOAD vaddr 0000500000000000 filesz 000000000000e423 memsz 000000000000e423 (ro) -> mapped USER (bounds ok)
[elf    ] PT_LOAD vaddr 000050000000f000 filesz 00000000000029ac memsz 00000000000029ac (ro) -> mapped USER (bounds ok)
[elf    ] PT_LOAD vaddr 0000500000012000 filesz 0000000000000180 memsz 000000000001d220 (rw) -> mapped USER (bounds ok)

[kernel ] --> RING 3 as pid 655 'stream-app' (entry 0000500000000088, caps 0000000000000011, cr3 0000000001503000)
  [elf:r3] user_init.elf alive at ring 3
00000000005ec0de  [elf:r3] callee-saved regs survive SYSCALL: PASS
  [elf:r3] requesting virtio MMIO window via SYSCALL...
[hw     ] GRANT  pid 655 'stream-app' -> 'virtio-net': phys 00000000fe808000 mapped at vaddr 000040a3c0000000 (4 pages)
[iommu  ] device 0:3.0 confined to pid 655 DMA domain 36 (52 of its pages reachable)
  [elf:r3] virtio-net MAC read from device registers: 0000525400abcdef
  [elf:r3] opening "motd" via sys_open...
  [elf:r3] file access DENIED (this process lacks CAP_FILESYSTEM)
  [elf:r3] framebuffer access DENIED (no CAP_FRAMEBUFFER)
[kernel ] <-- RING 0: 'stream-app' returned via SYS_EXIT
[elf    ] loading 'sketchy-app' from ISO module image at phys 00000000002d2000 (0000000000012688 bytes)
[elf    ] PT_LOAD vaddr 0000500000000000 filesz 000000000000e423 memsz 000000000000e423 (ro) -> mapped USER (bounds ok)
[elf    ] PT_LOAD vaddr 000050000000f000 filesz 00000000000029ac memsz 00000000000029ac (ro) -> mapped USER (bounds ok)
[elf    ] PT_LOAD vaddr 0000500000012000 filesz 0000000000000180 memsz 000000000001d220 (rw) -> mapped USER (bounds ok)

[kernel ] --> RING 3 as pid 656 'sketchy-app' (entry 0000500000000088, caps 0000000000000020, cr3 0000000001485000)
  [elf:r3] user_init.elf alive at ring 3
00000000005ec0de  [elf:r3] callee-saved regs survive SYSCALL: PASS
  [elf:r3] requesting virtio MMIO window via SYSCALL...
[hw     ] DENIED pid 656 'sketchy-app' -> 'virtio-net': lacks CAP_HW_PASSTHROUGH
  [elf:r3] passthrough DENIED, code fffffffffffffffe
  [elf:r3] opening "motd" via sys_open...
  [elf:r3] read from VFS -> motd v2 - overwritten content.
  [elf:r3] framebuffer access DENIED (no CAP_FRAMEBUFFER)
[kernel ] <-- RING 0: 'sketchy-app' returned via SYS_EXIT
[cas    ] put len 512 hash 283c1f83cff9ad6c -> DEDUP to block 618 (no write)
[cas    ] put len 512 hash 16629655a6c80b54 -> DEDUP to block 619 (no write)
[cas    ] put len 512 hash 5c41c703d97cddf8 -> DEDUP to block 620 (no write)
[cas    ] put len 512 hash b79de96fbf1825b8 -> DEDUP to block 621 (no write)
[cas    ] put len 512 hash c19e7f06eb7c79d0 -> DEDUP to block 622 (no write)
[cas    ] put len 512 hash 99e97dc701c96e37 -> DEDUP to block 623 (no write)
[cas    ] put len 512 hash 342d2b7ae70a6113 -> DEDUP to block 624 (no write)
[cas    ] put len 512 hash 1ea798dfe0d513c6 -> DEDUP to block 625 (no write)
[cas    ] put len 512 hash f7a5a88bcd0629a2 -> DEDUP to block 626 (no write)
[cas    ] put len 512 hash 31896655d91e6fe4 -> DEDUP to block 627 (no write)
[cas    ] put len 512 hash 22fb2a7330d72d0a -> DEDUP to block 628 (no write)
[cas    ] put len 512 hash 7e496a061afdc868 -> DEDUP to block 629 (no write)
[cas    ] put len 512 hash c09ebf12b9f9215c -> DEDUP to block 630 (no write)
[cas    ] put len 512 hash b45955e884a0f94f -> DEDUP to block 631 (no write)
[cas    ] put len 512 hash 8174defd6f049c81 -> DEDUP to block 632 (no write)
[cas    ] put len 512 hash b536fb382fd80e6d -> DEDUP to block 633 (no write)
[cas    ] put len 512 hash cbecbfcdc8599470 -> DEDUP to block 634 (no write)
[cas    ] put len 512 hash c14672390d692b15 -> DEDUP to block 635 (no write)
[cas    ] put len 512 hash e2d31bf578c9e22a -> DEDUP to block 636 (no write)
[cas    ] put len 512 hash 02c29bef023dd120 -> DEDUP to block 637 (no write)
[cas    ] put len 512 hash a0ac90903ed4c08d -> DEDUP to block 638 (no write)
[cas    ] put len 512 hash 6c7ccaec510a5a60 -> DEDUP to block 639 (no write)
[cas    ] put len 512 hash c6d00f64aa6fd143 -> DEDUP to block 640 (no write)
[cas    ] put len 512 hash 7a59b2418191b1ae -> DEDUP to block 641 (no write)
[cas    ] put len 512 hash b3b7261d89b241c3 -> DEDUP to block 642 (no write)
[cas    ] put len 512 hash 809702c1c3734163 -> DEDUP to block 643 (no write)
[cas    ] put len 512 hash 8fb8d077bdb28e2c -> DEDUP to block 644 (no write)
[cas    ] put len 512 hash 601468e3dc054cc8 -> DEDUP to block 645 (no write)
[cas    ] put len 512 hash 8277356999afebc7 -> DEDUP to block 646 (no write)
[cas    ] put len 512 hash ab2c0eb4fff7d4be -> DEDUP to block 647 (no write)
[cas    ] put len 512 hash 6bdcd66653514248 -> DEDUP to block 648 (no write)
[cas    ] put len 512 hash df7024fc59275404 -> DEDUP to block 649 (no write)
[cas    ] put len 512 hash f29d1fc727085618 -> DEDUP to block 650 (no write)
[cas    ] put len 512 hash b2042b5f2b47d948 -> DEDUP to block 651 (no write)
[cas    ] put len 512 hash 4c48e7aaa1563bd1 -> DEDUP to block 652 (no write)
[cas    ] put len 512 hash a31d846ffa212019 -> DEDUP to block 653 (no write)
[cas    ] put len 512 hash 52713510a76ef545 -> DEDUP to block 654 (no write)
[cas    ] put len 512 hash 04af7fe909d30ddb -> DEDUP to block 655 (no write)
[cas    ] put len 512 hash 601fcb83f024df49 -> DEDUP to block 656 (no write)
[cas    ] put len 512 hash cdeaa9ba354d38db -> DEDUP to block 657 (no write)
[cas    ] put len 512 hash 60a294edd265c995 -> DEDUP to block 658 (no write)
[cas    ] put len 512 hash a6ea0d757d1a3311 -> DEDUP to block 659 (no write)
[cas    ] put len 512 hash 6c86696232b8dbf8 -> DEDUP to block 660 (no write)
[cas    ] put len 512 hash 9d5f4b0e220b7d49 -> DEDUP to block 661 (no write)
[cas    ] put len 512 hash e65e09831f8820dd -> DEDUP to block 662 (no write)
[cas    ] put len 512 hash 8841405ad54fadb6 -> DEDUP to block 663 (no write)
[cas    ] put len 512 hash 7d7dcd16135439eb -> DEDUP to block 664 (no write)
[cas    ] put len 512 hash 6fed86e083fe90e6 -> DEDUP to block 665 (no write)
[cas    ] put len 512 hash 2e31435cc05a3121 -> DEDUP to block 666 (no write)
[cas    ] put len 512 hash 030b1d81b74121b1 -> DEDUP to block 667 (no write)
[cas    ] put len 512 hash a03d5cae1eb5a861 -> DEDUP to block 668 (no write)
[cas    ] put len 512 hash ed84cfd7e1fb1bf5 -> DEDUP to block 669 (no write)
[cas    ] put len 512 hash 6bfce4ae0858b0cc -> DEDUP to block 670 (no write)
[cas    ] put len 512 hash 6d6dad4315408ebc -> DEDUP to block 671 (no write)
[cas    ] put len 512 hash 0db4061667f286ad -> DEDUP to block 672 (no write)
[cas    ] put len 512 hash a9f804c1eb2a0ef2 -> DEDUP to block 673 (no write)
[cas    ] put len 512 hash 5ba17bbc7b7ce6c5 -> DEDUP to block 674 (no write)
[cas    ] put len 512 hash a2a81cd48ef3a57c -> DEDUP to block 675 (no write)
[cas    ] put len 512 hash dda30de1833c88b0 -> DEDUP to block 676 (no write)
[cas    ] put len 512 hash c34901b45aba7ebf -> DEDUP to block 677 (no write)
[cas    ] put len 512 hash 90b356b333e64ca6 -> DEDUP to block 678 (no write)
[cas    ] put len 512 hash 8bfdb37b4bda55d7 -> DEDUP to block 679 (no write)
[cas    ] put len 512 hash 77560cded39c9f47 -> DEDUP to block 680 (no write)
[cas    ] put len 512 hash 54a6906d42365cb9 -> DEDUP to block 681 (no write)
[cas    ] put len 512 hash 7a7d59b723984935 -> DEDUP to block 682 (no write)
[cas    ] put len 512 hash bf01ce0815f1454d -> DEDUP to block 683 (no write)
[cas    ] put len 512 hash d186a3c900ccda17 -> DEDUP to block 684 (no write)
[cas    ] put len 512 hash 25d4873c820fab5c -> DEDUP to block 685 (no write)
[cas    ] put len 512 hash 96b317cdb4df51e8 -> DEDUP to block 686 (no write)
[cas    ] put len 512 hash ef63f440cd03b504 -> DEDUP to block 687 (no write)
[cas    ] put len 512 hash c546e3f536c06acb -> DEDUP to block 688 (no write)
[cas    ] put len 512 hash 9fa3d0d5f8aac291 -> DEDUP to block 689 (no write)
[cas    ] put len 512 hash a93de40d51a10f1f -> DEDUP to block 690 (no write)
[cas    ] put len 512 hash c3067c30b7cb9e01 -> DEDUP to block 691 (no write)
[cas    ] put len 512 hash b6fcce1cbce51fc2 -> DEDUP to block 692 (no write)
[cas    ] put len 512 hash 8781e9bd8af66160 -> DEDUP to block 693 (no write)
[cas    ] put len 512 hash 22eb4ca1b5aa54b2 -> DEDUP to block 694 (no write)
[cas    ] put len 512 hash a0e65af1a730d80d -> DEDUP to block 695 (no write)
[cas    ] put len 512 hash df3f84d906c384f2 -> DEDUP to block 696 (no write)
[cas    ] put len 512 hash 4e41088587cdf6f4 -> DEDUP to block 697 (no write)
[cas    ] put len 512 hash 0a81e4ea18b69149 -> DEDUP to block 698 (no write)
[cas    ] put len 512 hash 65c7af84d363b31c -> DEDUP to block 699 (no write)
[cas    ] put len 512 hash 4c8e8755e715c7e9 -> DEDUP to block 700 (no write)
[cas    ] put len 512 hash 743a01fbd5a1da2c -> DEDUP to block 701 (no write)
[cas    ] put len 512 hash 42a91272572c67d8 -> DEDUP to block 702 (no write)
[cas    ] put len 512 hash 22e310df68286949 -> DEDUP to block 703 (no write)
[cas    ] put len 512 hash 2c7ae31d63a36780 -> DEDUP to block 704 (no write)
[cas    ] put len 512 hash 007786f506aa4cd3 -> DEDUP to block 705 (no write)
[cas    ] put len 512 hash 93feae334ec4fe1c -> DEDUP to block 706 (no write)
[cas    ] put len 512 hash 66106576d22dc3e2 -> DEDUP to block 707 (no write)
[cas    ] put len 512 hash 679ce23f36494afe -> DEDUP to block 708 (no write)
[cas    ] put len 512 hash 7920405479821ff0 -> DEDUP to block 709 (no write)
[cas    ] put len 512 hash 641b9bf5565fa136 -> DEDUP to block 710 (no write)
[cas    ] put len 512 hash b1c442552ef3c858 -> DEDUP to block 711 (no write)
[cas    ] put len 512 hash 42a2e8505e48ece1 -> DEDUP to block 712 (no write)
[cas    ] put len 512 hash 97a69c6b379f75b9 -> DEDUP to block 713 (no write)
[cas    ] put len 512 hash 6d127bed18e05828 -> DEDUP to block 714 (no write)
[cas    ] put len 512 hash 1f9dd3a4891eb4d3 -> DEDUP to block 715 (no write)
[cas    ] put len 512 hash ee632e36223abd9e -> DEDUP to block 716 (no write)
[cas    ] put len 512 hash 83cc549b5f884ee1 -> DEDUP to block 717 (no write)
[cas    ] put len 512 hash ae3a9701784d0b0f -> DEDUP to block 718 (no write)
[cas    ] put len 512 hash 0dac7a550880cbd0 -> DEDUP to block 719 (no write)
[cas    ] put len 512 hash 0ad81cefc488b7a8 -> DEDUP to block 720 (no write)
[cas    ] put len 512 hash 341b84aa7e6ad3ef -> DEDUP to block 721 (no write)
[cas    ] put len 512 hash 98763caa37e7443b -> DEDUP to block 722 (no write)
[cas    ] put len 512 hash c0559ca2e3cc6713 -> DEDUP to block 723 (no write)
[cas    ] put len 512 hash 74bc4f02042534f0 -> DEDUP to block 724 (no write)
[cas    ] put len 512 hash 9484ba6e53156b6b -> DEDUP to block 725 (no write)
[cas    ] put len 512 hash 741e3b2ce502bbd9 -> DEDUP to block 726 (no write)
[cas    ] put len 512 hash 7e52e46308a8bece -> DEDUP to block 727 (no write)
[cas    ] put len 512 hash 4524640039b75991 -> DEDUP to block 728 (no write)
[cas    ] put len 512 hash 5dee4e7cdf9e1c09 -> DEDUP to block 729 (no write)
[cas    ] put len 512 hash 27a8c5fbbd5b4c27 -> DEDUP to block 730 (no write)
[cas    ] put len 512 hash 25b431305ab3f6af -> DEDUP to block 731 (no write)
[cas    ] put len 512 hash 872d91499c877c77 -> DEDUP to block 732 (no write)
[cas    ] put len 512 hash beecf6fa9c2a174d -> DEDUP to block 733 (no write)
[cas    ] put len 512 hash de49107cff909c79 -> DEDUP to block 734 (no write)
[cas    ] put len 512 hash 9381ce87c027047e -> DEDUP to block 735 (no write)
[cas    ] put len 512 hash 08a6b6a43889d470 -> DEDUP to block 736 (no write)
[cas    ] put len 512 hash 2c5fea0a2f52c71f -> DEDUP to block 737 (no write)
[cas    ] put len 512 hash be17dbff7543353a -> DEDUP to block 738 (no write)
[cas    ] put len 512 hash 8e9eeacdaab85583 -> DEDUP to block 739 (no write)
[cas    ] put len 512 hash e0fa52d6a383cb64 -> DEDUP to block 740 (no write)
[cas    ] put len 512 hash 1a540585a97b0e29 -> DEDUP to block 741 (no write)
[cas    ] put len 512 hash 243c25a140099dc4 -> DEDUP to block 742 (no write)
[cas    ] put len 512 hash 367b5716fe455d6b -> DEDUP to block 743 (no write)
[cas    ] put len 512 hash 9f8864b9c6043a0e -> DEDUP to block 744 (no write)
[cas    ] put len 512 hash 03b4a4bbd06ad911 -> DEDUP to block 745 (no write)
[cas    ] put len 512 hash 52a593684d9c6bff -> DEDUP to block 746 (no write)
[cas    ] put len 512 hash 20db7abf698952e0 -> DEDUP to block 747 (no write)
[cas    ] put len 512 hash eded70e163b23676 -> DEDUP to block 748 (no write)
[cas    ] put len 512 hash dc90c0fc5bbba19c -> DEDUP to block 749 (no write)
[cas    ] put len 512 hash e4ce524b9c61988e -> DEDUP to block 750 (no write)
[cas    ] put len 512 hash e146af444226a07a -> DEDUP to block 751 (no write)
[cas    ] put len 512 hash 6935659f9a9091bd -> DEDUP to block 752 (no write)
[cas    ] put len 512 hash 2037c356805eb9f8 -> DEDUP to block 753 (no write)
[cas    ] put len 512 hash 1da2fac28630caca -> DEDUP to block 754 (no write)
[cas    ] put len 512 hash b9070509df3d1af0 -> DEDUP to block 755 (no write)
[cas    ] put len 512 hash 7a1a2a892707d093 -> DEDUP to block 756 (no write)
[cas    ] put len 512 hash 8f70124b74c64e41 -> DEDUP to block 757 (no write)
[cas    ] put len 512 hash 5abfc16d5d534cfa -> DEDUP to block 758 (no write)
[cas    ] put len 512 hash 8140a62a8fafdf51 -> DEDUP to block 759 (no write)
[cas    ] put len 512 hash 7f04fa565c7336c5 -> DEDUP to block 760 (no write)
[cas    ] put len 512 hash ed8347748be25877 -> DEDUP to block 761 (no write)
[cas    ] put len 512 hash ca492f28d6fd5641 -> DEDUP to block 762 (no write)
[cas    ] put len 512 hash 6e74ebe98693f77f -> DEDUP to block 763 (no write)
[cas    ] put len 512 hash b868139760f006ed -> DEDUP to block 764 (no write)
[cas    ] put len 136 hash 2674aa20cf8bc698 -> DEDUP to block 765 (no write)
[cas    ] put len 512 hash e6db94bbf528a473 -> DEDUP to block 766 (no write)
[cas    ] put len 512 hash a7c39f860e3e0c99 -> DEDUP to block 767 (no write)
[cas    ] put len 512 hash 2589f4b1af428ad3 -> DEDUP to block 768 (no write)
[cas    ] put len 512 hash f5aef9805a0337c0 -> DEDUP to block 769 (no write)
[kernel ] spawned pid 657 'cas-exec' caps 0000000000000071 — private PML4 @ phys 00000000014aa000

[kernel ] exec-from-storage: running 'init' loaded from CAS (not GRUB)
[exec   ] read 75400 ELF bytes from CAS (file_hash 178a7b0e23d1f07f) — not a GRUB module
[elf    ] PT_LOAD vaddr 0000500000000000 filesz 000000000000e423 memsz 000000000000e423 (ro) -> mapped USER (bounds ok)
[elf    ] PT_LOAD vaddr 000050000000f000 filesz 00000000000029ac memsz 00000000000029ac (ro) -> mapped USER (bounds ok)
[elf    ] PT_LOAD vaddr 0000500000012000 filesz 0000000000000180 memsz 000000000001d220 (rw) -> mapped USER (bounds ok)

[kernel ] --> RING 3 as pid 657 'init' (entry 0000500000000088, caps 0000000000000071, cr3 00000000014aa000)
  [elf:r3] user_init.elf alive at ring 3
00000000005ec0de  [elf:r3] callee-saved regs survive SYSCALL: PASS
  [elf:r3] requesting virtio MMIO window via SYSCALL...
[hw     ] GRANT  pid 657 'cas-exec' -> 'virtio-net': phys 00000000fe808000 mapped at vaddr 000040a440000000 (4 pages)
[iommu  ] device 0:3.0 confined to pid 657 DMA domain 38 (52 of its pages reachable)
  [elf:r3] virtio-net MAC read from device registers: 0000525400abcdef
  [elf:r3] opening "motd" via sys_open...
  [elf:r3] read from VFS -> motd v2 - overwritten content.
[gfx    ] sys_map_framebuffer: mapped 3072 KiB of FB into pid 657 at user vaddr 0000550000000000
  [elf:r3] mapped framebuffer; drawing a ring-3 marker
[kernel ] <-- RING 0: 'init' returned via SYS_EXIT
-- done: capabilities decided per-process — hardware for one, files
   for another, both for the CAS-loaded process. --

Type 'help' for commands, 'demo' for the capability walk-through.
outrun> 