# iso=/mnt/c/Users/jrmym/Documents/GitHub-Pull/OutRun-OS/metal/.logs/v89/default.iso md5=bc1c521f01e4ed74255b3ae0b39d4ce6 boot=2 qemu='-smp 4'
c[?7l[2J[0mSeaBIOS (version 1.16.3-debian-1.16.3-2)


iPXE (https://ipxe.org) 00:04.0 CA00 PCI2.10 PnP PMM+1EFCAF10+1EF0AF10 CA00
Press Ctrl-B to configure iPXE (PCI 00:04.0)...                                                                               


Booting from Hard Disk...
Boot failed: not a bootable disk

Booting from Floppy...
Boot failed: could not read the boot disk

Booting from DVD/CD...
[01;01H[2J[02;30HGNU GRUB  version 2.12[04;02H┌───────────────────────────────────────────────────────────[04;61H[04;62H─────────────────┐[05;02H│[05;79H│[06;02H│[06;79H│[07;02H│[07;79H│[08;02H│[08;79H│[09;02H│[09;79H│[10;02H│[10;79H│[11;02H│[11;79H│[12;02H│[12;79H│[13;02H│[13;79H│[14;02H│[14;79H│[15;02H│[15;79H│[16;02H│[16;79H│[17;02H│[17;02H[17;79H│[18;02H└────────────────────────────────────────────────────────────────────────────┘[20;02H     U[20;07H[20;08Hse the ↑ and ↓ keys to select which entry is highlighted.          
      Press enter to boot the selected OS, `e' to edit the commands       
      before booting or `c' for a command-line.                           [05;80H [05;03H[0;30;47m*Outrun OS (kernel 0.30.0-metal)                             [05;63H[05;64H               [06;03H[0m                                                                            [07;03H                                            [07;46H[07;47H                                [08;03H                                                                            [09;03H                             [09;31H[09;32H                                               [10;03H                                                                            [11;03H                                                                            [12;03H                                                                            [13;03H                                                                            [14;03H                                                                            [15;03H                                                                            [16;03H                                                            [16;62H[16;63H                [17;03H                                                                            [17;80H 





   The highlighted entry will be execu[23;38H[23;39Hted automatically in 2s.                 [05;78H

















   The highlighted entry will be executed automatically in 1s.                 [05;78H

















   The highlighted entry will be executed automatically in 0s.                 [01;01H[2J[2J
  ....................................................................
  :   OUTRUN OS  --  bare-metal kernel 0.88.0-dev                   :
  :   Assembly bootstrap -> x86_64 long mode -> freestanding C core  :
  ....................................................................

[kernel ] long mode active, kernel at 1 MiB, first GiB identity-mapped
[kernel ] IDT loaded (52 vectors incl. IPI 48-50 + slice tick 51), PIC remapped, PIT @ 100 Hz, IRQs on
[kernel ] consoles: VGA text + COM1 serial (115200 8N1) — both live
[kernel ] booted by: GRUB 2.12-1ubuntu7.3
[kernel ] boot module 'user_init.elf' at phys 00000000004dd000..00000000004fed60 (user ELF)
[kernel ] physical memory map (Multiboot2):
           0000000000000000 + 000000000009fc00  USABLE RAM
           000000000009fc00 + 0000000000000400  reserved
           00000000000f0000 + 0000000000010000  reserved
           0000000000100000 + 000000001fedd000  USABLE RAM
           000000001ffdd000 + 0000000000023000  reserved
           00000000fffc0000 + 0000000000040000  reserved
           000000fd00000000 + 0000000300000000  reserved
           total usable: 511 MiB
[kernel ] framebuffer: 1024x768 x32 bpp, pitch 4096, phys 00000000fe000000
[acpi   ] RSDP (ACPI 1.0) provided by bootloader
[kernel ] capability table initialized (16 slots, kernel-owned)
[kernel ] paging: boot PML4 @ phys 0000000000196000; process frame pool from 16 MiB
[kernel ] W^X enforced: kernel .text R+X, all other pages RW+NX
[sweep  ] descriptor-table integrity sweep armed: 64 entries/tick @ 100 Hz

-- real 4-level page-table hardware passthrough --
[hw     ] device 'sensor0' registers at phys 0000000001003000, sentinel 0x00000000cafebabe, requires CAMERA
[kernel ] spawned pid 1 'stream-app' caps 0000000000000003 — private PML4 @ phys 0000000001004000
[kernel ] spawned pid 2 'sketchy-app' caps 0000000000000020 — private PML4 @ phys 0000000001005000

[test   ] authorized process maps the device:
[hw     ] GRANT  pid 1 'stream-app' -> 'sensor0': phys 0000000001003000 mapped at vaddr 0000400040000000 (1 pages)
[paging ] 'stream-app' PTE: vaddr 0000400040000000 -> phys 0000000001003000
[paging ] 'stream-app' read through its OWN address space: 0x00000000cafebabe  == sentinel (REAL mapping resolves)

[test   ] unauthorized process attempts the same device:
[hw     ] DENIED pid 2 'sketchy-app' -> 'sensor0': lacks CAP_HW_PASSTHROUGH
[paging ] 'sketchy-app' passthrough returned -2; device vaddr present in its space? NO (sandboxed, nothing mapped)
-- done: authorized app holds a real MMIO mapping; unauthorized was dropped --
[iommu  ] no DMAR table — platform has no VT-d remapping hardware

[pci    ] enumerating bus 0 (config mechanism #1, ports 0xCF8/0xCFC):
[pci    ]   0:00.0  vendor 8086 device 1237 class 600
[pci    ]   1:00.0  vendor 8086 device 7000 class 601
[pci    ]   2:00.0  vendor 1af4 device 1050 class 300
[vgpu   ] virtio-gpu at 0:2.0 — bringing up control queue
[vgpu   ] DRIVER_OK — controlq size 16, notify_off 0 — READY (2D resources only, polling completion)
[pci    ]   3:00.0  vendor 1af4 device 1042 class 100
[vblk   ] virtio-blk at 0:3.0 — bringing up modern driver
[vblk   ] device features: hi 101 lo 30007e54 (VERSION_1=1)
[vblk   ] capacity: 8192 sectors (4 MiB)
[vblk   ] DRIVER_OK — queue0 size 64, notify_off 0, mult 4 — READY
[vblk   ] interrupt-driven: INTx on IRQ 11 (vector 43), ISR reg mapped
[pci    ]   4:00.0  vendor 1af4 device 1041 class 200
[vnet   ] virtio-net at 0:4.0 — bringing up modern driver
[vnet   ] MAC 52:54:0:ab:cd:ef
[vnet   ] DRIVER_OK — rxq 16 txq 16, INTx IRQ 11 — READY
[sched  ] round-robin up: main=tid0, idle=tid1 (PIT preemption on demand)
[poly   ] C++ SPSC ring: pushed 12, popped 12 -> "polyglot-ipc" (depth 0)
-- content-addressable storage on virtio-blk (Rust-hashed) --
[cas    ] CAS journal recovery: replayed a pending metadata transaction (bitmap blk 1, index blk 327, seq 2776)
[vfs    ] VFS journal: applied a pending directory commit (seq 1198, 13 block(s)) to disk
[cas    ] mounted existing volume (v5): 1292/8192 blocks used, 2909 puts, 1200 dedup hits
[cas    ] refcounts derived from 70 live file(s): 644 data block(s) allocated, 641 referenced, 3 UNREFERENCED; volume 1292/8192
[cas    ]   unreferenced != leaked: cas_put() is reachable without a dirent, and the boot suites use it that way (cmd_cas, the validation matrix). A value that GROWS across boots on one volume is the leak signal.
[vfs    ] cross-reboot journal probe: 'vfs-reboot-test' found from a PRIOR boot
[vfs    ] cross-reboot journal probe: content VERIFIED
[cas    ] put len 46 hash 155c834afdff66eb -> DEDUP to block 648 (no write)
[cas    ] put len 47 hash bc6c7bd024077f72 -> DEDUP to block 649 (no write)
[cas    ] put len 46 hash 155c834afdff66eb -> DEDUP to block 648 (no write)
[cas    ] get 155c834afdff66eb -> "Hello, Outrun CAS! The content is the address." (46 bytes read from disk)
[cas    ] dedup: hash(a)==hash(a')? YES ; blocks used this run +0
[vblk   ] I/O completions delivered by INTERRUPT: 4524
-- done (state persisted to disk) --
-- VFS: named files over CAS (multi-block, dedup, copy-on-write) --
[cas    ] put len 512 hash d5a886f1cf000ce3 -> DEDUP to block 650 (no write)
[cas    ] put len 512 hash 74fde0ba14acbbb6 -> DEDUP to block 651 (no write)
[cas    ] put len 512 hash 549298c50fdbd1fe -> DEDUP to block 652 (no write)
[cas    ] put len 512 hash bd123c2163f46d8d -> DEDUP to block 653 (no write)
[cas    ] put len 512 hash 1f837e34bc74f83e -> DEDUP to block 654 (no write)
[cas    ] put len 512 hash f4d57d21ee971b0e -> DEDUP to block 655 (no write)
[cas    ] put len 512 hash 3ff7dd6f6240a0c6 -> DEDUP to block 656 (no write)
[cas    ] put len 512 hash bac7b7e9c318fe80 -> DEDUP to block 657 (no write)
[cas    ] put len 512 hash 50d603b7dedb2e94 -> DEDUP to block 658 (no write)
[cas    ] put len 512 hash ca87ada26a4383d1 -> DEDUP to block 659 (no write)
[cas    ] put len 512 hash 1a33bff36f212ddf -> DEDUP to block 660 (no write)
[cas    ] put len 512 hash 552fdeb721c253f2 -> DEDUP to block 661 (no write)
[cas    ] put len 512 hash e21be967b069b4be -> DEDUP to block 662 (no write)
[cas    ] put len 512 hash 181330c62c219a0a -> DEDUP to block 663 (no write)
[cas    ] put len 512 hash 1b24812c91e881f3 -> DEDUP to block 664 (no write)
[cas    ] put len 512 hash 7c21c18cefd8754a -> DEDUP to block 665 (no write)
[cas    ] put len 512 hash d0a4e6d5f82d3617 -> DEDUP to block 666 (no write)
[cas    ] put len 512 hash 8182fdb2d49a764d -> DEDUP to block 667 (no write)
[cas    ] put len 512 hash 805ba60b1ee45198 -> DEDUP to block 668 (no write)
[cas    ] put len 512 hash 9e11fa65caab22c9 -> DEDUP to block 669 (no write)
[cas    ] put len 512 hash 6d763aee56740376 -> DEDUP to block 670 (no write)
[cas    ] put len 512 hash d40294dfdc14556a -> DEDUP to block 671 (no write)
[cas    ] put len 512 hash 12e38d2cc09dc0d9 -> DEDUP to block 672 (no write)
[cas    ] put len 512 hash 10b9843bd1f9ff7b -> DEDUP to block 673 (no write)
[cas    ] put len 512 hash 72ff90a4885373be -> DEDUP to block 674 (no write)
[cas    ] put len 512 hash bdb43bc9d08e3261 -> DEDUP to block 675 (no write)
[cas    ] put len 512 hash e1cec4a31dc4f5b9 -> DEDUP to block 676 (no write)
[cas    ] put len 512 hash 4dedf00f4682836c -> DEDUP to block 677 (no write)
[cas    ] put len 512 hash 64100964eff12b85 -> DEDUP to block 678 (no write)
[cas    ] put len 512 hash 9068016c157f439f -> DEDUP to block 679 (no write)
[cas    ] put len 512 hash 65cc1d92e9ef409e -> DEDUP to block 680 (no write)
[cas    ] put len 512 hash 205cfcc4ff17eed9 -> DEDUP to block 681 (no write)
[cas    ] put len 512 hash 0c7595d5e60e5c42 -> DEDUP to block 682 (no write)
[cas    ] put len 512 hash 3f156594b60b2ea1 -> DEDUP to block 683 (no write)
[cas    ] put len 512 hash f9c0dd24844d0674 -> DEDUP to block 684 (no write)
[cas    ] put len 512 hash 49fc733d5117112a -> DEDUP to block 685 (no write)
[cas    ] put len 512 hash 534c365be165ee7e -> DEDUP to block 686 (no write)
[cas    ] put len 512 hash 455f12a23bbf47e0 -> DEDUP to block 687 (no write)
[cas    ] put len 512 hash fb7af756ff84a1ef -> DEDUP to block 688 (no write)
[cas    ] put len 512 hash f699cf84b16a7803 -> DEDUP to block 689 (no write)
[cas    ] put len 512 hash 20dc2a002c502d13 -> DEDUP to block 690 (no write)
[cas    ] put len 512 hash a00d92e7613600df -> DEDUP to block 691 (no write)
[cas    ] put len 512 hash 518da76accb6172e -> DEDUP to block 692 (no write)
[cas    ] put len 512 hash fe33d9f883f4b034 -> DEDUP to block 693 (no write)
[cas    ] put len 512 hash 1c4d89a8c3f1932d -> DEDUP to block 694 (no write)
[cas    ] put len 512 hash 11d7ce6f5d24a86d -> DEDUP to block 695 (no write)
[cas    ] put len 512 hash 98ac926c021d3806 -> DEDUP to block 696 (no write)
[cas    ] put len 512 hash b7364cf80c53794b -> DEDUP to block 697 (no write)
[cas    ] put len 512 hash 9b753db2b25fdc49 -> DEDUP to block 698 (no write)
[cas    ] put len 512 hash e244b88b2541b827 -> DEDUP to block 699 (no write)
[cas    ] put len 512 hash 8e144cbfbbac9aea -> DEDUP to block 700 (no write)
[cas    ] put len 512 hash f5770b12bde9e29d -> DEDUP to block 701 (no write)
[cas    ] put len 512 hash b76aebbcb10796b7 -> DEDUP to block 702 (no write)
[cas    ] put len 512 hash cdfeaa860e7b7653 -> DEDUP to block 703 (no write)
[cas    ] put len 512 hash 06533b0cccf5984c -> DEDUP to block 704 (no write)
[cas    ] put len 512 hash 35e852ac7fc68968 -> DEDUP to block 705 (no write)
[cas    ] put len 512 hash a4d009f00535a96c -> DEDUP to block 706 (no write)
[cas    ] put len 512 hash c784dcf8c687bcaf -> DEDUP to block 707 (no write)
[cas    ] put len 512 hash b66dc150e10b50d4 -> DEDUP to block 708 (no write)
[cas    ] put len 512 hash 496de50c8d805489 -> DEDUP to block 709 (no write)
[cas    ] put len 512 hash 06ff8aa4f4b7a652 -> DEDUP to block 710 (no write)
[cas    ] put len 512 hash beb08bb3736d5109 -> DEDUP to block 711 (no write)
[cas    ] put len 512 hash 8dc6d84bf32f4aaf -> DEDUP to block 712 (no write)
[cas    ] put len 512 hash 59fec655207d24b0 -> DEDUP to block 713 (no write)
[cas    ] put len 512 hash 51f05eac88e2fe1d -> DEDUP to block 714 (no write)
[cas    ] put len 512 hash 7b8fd1101d158ec3 -> DEDUP to block 715 (no write)
[cas    ] put len 512 hash a53bdb72a0fc4a1b -> DEDUP to block 716 (no write)
[cas    ] put len 512 hash e80e64d49f744991 -> DEDUP to block 717 (no write)
[cas    ] put len 512 hash 8e75a22a7fb2b404 -> DEDUP to block 718 (no write)
[cas    ] put len 512 hash 6c75ae4cae75ee80 -> DEDUP to block 719 (no write)
[cas    ] put len 512 hash 861aeaa82070257c -> DEDUP to block 720 (no write)
[cas    ] put len 512 hash a9551d44080f8fa0 -> DEDUP to block 721 (no write)
[cas    ] put len 512 hash ab34ed9d5ef99796 -> DEDUP to block 722 (no write)
[cas    ] put len 512 hash 1c58e88b623e4667 -> DEDUP to block 723 (no write)
[cas    ] put len 512 hash 256bf6bac926f437 -> DEDUP to block 724 (no write)
[cas    ] put len 512 hash f1b5b1633672fa02 -> DEDUP to block 725 (no write)
[cas    ] put len 512 hash 2b53186aae58ecc5 -> DEDUP to block 726 (no write)
[cas    ] put len 512 hash 276935224de959ff -> DEDUP to block 727 (no write)
[cas    ] put len 512 hash 7e0766a111101583 -> DEDUP to block 728 (no write)
[cas    ] put len 512 hash c8d7bf2836c5de53 -> DEDUP to block 729 (no write)
[cas    ] put len 512 hash 155348f5bed3dc0d -> DEDUP to block 730 (no write)
[cas    ] put len 512 hash 3dc1d62de63fa424 -> DEDUP to block 731 (no write)
[cas    ] put len 512 hash d69ced1b4fbaa366 -> DEDUP to block 732 (no write)
[cas    ] put len 512 hash 80478a13a7bfd015 -> DEDUP to block 733 (no write)
[cas    ] put len 512 hash 015da332096a84f9 -> DEDUP to block 734 (no write)
[cas    ] put len 512 hash e543889ddda45b25 -> DEDUP to block 735 (no write)
[cas    ] put len 512 hash a6fc35d52285e091 -> DEDUP to block 736 (no write)
[cas    ] put len 512 hash aa7d83fac7e912ac -> DEDUP to block 737 (no write)
[cas    ] put len 512 hash 26b35985a9664f3a -> DEDUP to block 738 (no write)
[cas    ] put len 512 hash ae6420694bb45e78 -> DEDUP to block 739 (no write)
[cas    ] put len 512 hash bf74743f377d546a -> DEDUP to block 740 (no write)
[cas    ] put len 512 hash 6b317a14034d2af2 -> DEDUP to block 741 (no write)
[cas    ] put len 512 hash ab67e36ca07d22f4 -> DEDUP to block 742 (no write)
[cas    ] put len 512 hash fde0087272b287d9 -> DEDUP to block 743 (no write)
[cas    ] put len 512 hash 71290aa289b48de4 -> DEDUP to block 744 (no write)
[cas    ] put len 512 hash 6261d7b179284a02 -> DEDUP to block 745 (no write)
[cas    ] put len 512 hash 9fbf934ea0fd42db -> DEDUP to block 746 (no write)
[cas    ] put len 512 hash 461a68dc00bba7c7 -> DEDUP to block 747 (no write)
[cas    ] put len 512 hash 2f7cb7b9985e6812 -> DEDUP to block 748 (no write)
[cas    ] put len 512 hash ddff6beee82969b0 -> DEDUP to block 749 (no write)
[cas    ] put len 512 hash 383431371a76096e -> DEDUP to block 750 (no write)
[cas    ] put len 512 hash 5173d8597f76a995 -> DEDUP to block 751 (no write)
[cas    ] put len 512 hash 24b7bab11a15161f -> DEDUP to block 752 (no write)
[cas    ] put len 512 hash f911726bc1ffd5a3 -> DEDUP to block 753 (no write)
[cas    ] put len 512 hash 0253b5dcce40e761 -> DEDUP to block 754 (no write)
[cas    ] put len 512 hash 5116e78862e258e7 -> DEDUP to block 755 (no write)
[cas    ] put len 512 hash 29b6893034f51e6b -> DEDUP to block 756 (no write)
[cas    ] put len 512 hash 145ed2396a0bbb4e -> DEDUP to block 757 (no write)
[cas    ] put len 512 hash 5b0a26083666a504 -> DEDUP to block 758 (no write)
[cas    ] put len 512 hash 4153b3a056388548 -> DEDUP to block 759 (no write)
[cas    ] put len 512 hash b7034fcfa034cfdf -> DEDUP to block 760 (no write)
[cas    ] put len 512 hash 95dbb0b39e76916a -> DEDUP to block 761 (no write)
[cas    ] put len 512 hash 1099404e3c8785da -> DEDUP to block 762 (no write)
[cas    ] put len 512 hash 6f32dc389543cd67 -> DEDUP to block 763 (no write)
[cas    ] put len 512 hash a33df20f3ea0f604 -> DEDUP to block 764 (no write)
[cas    ] put len 512 hash 346a0ac7ec5d685a -> DEDUP to block 765 (no write)
[cas    ] put len 512 hash 4e1a43fd8bdaa542 -> DEDUP to block 766 (no write)
[cas    ] put len 512 hash 316159ed045b2378 -> DEDUP to block 767 (no write)
[cas    ] put len 512 hash f98370a7522eb42e -> DEDUP to block 768 (no write)
[cas    ] put len 512 hash b12cf2b6f46b7181 -> DEDUP to block 769 (no write)
[cas    ] put len 512 hash 42b3b1d860162906 -> DEDUP to block 770 (no write)
[cas    ] put len 512 hash b36d61bcf1309f14 -> DEDUP to block 771 (no write)
[cas    ] put len 512 hash fd976d6951a8e35b -> DEDUP to block 772 (no write)
[cas    ] put len 512 hash 214356f2eef97ddd -> DEDUP to block 773 (no write)
[cas    ] put len 512 hash 60769e4955656bdf -> DEDUP to block 774 (no write)
[cas    ] put len 512 hash ca3f00ea179e6cac -> DEDUP to block 775 (no write)
[cas    ] put len 512 hash 5696acb0bf831071 -> DEDUP to block 776 (no write)
[cas    ] put len 512 hash a6c574c6ef96196a -> DEDUP to block 777 (no write)
[cas    ] put len 512 hash 5a128dcf7e93a694 -> DEDUP to block 778 (no write)
[cas    ] put len 512 hash 0ebb6a4bb6d5a237 -> DEDUP to block 779 (no write)
[cas    ] put len 512 hash e6e50a530f0a165a -> DEDUP to block 780 (no write)
[cas    ] put len 512 hash acfbef3fde339c36 -> DEDUP to block 781 (no write)
[cas    ] put len 512 hash 28a0c4d1bd6c8ecc -> DEDUP to block 782 (no write)
[cas    ] put len 512 hash 0231129dd2c65bee -> DEDUP to block 783 (no write)
[cas    ] put len 512 hash af1d6b84b4431136 -> DEDUP to block 784 (no write)
[cas    ] put len 512 hash bc655b5bc26ae9b0 -> DEDUP to block 785 (no write)
[cas    ] put len 512 hash 6bf76d808f7acbfa -> DEDUP to block 786 (no write)
[cas    ] put len 512 hash 276ddca315b73d39 -> DEDUP to block 787 (no write)
[cas    ] put len 512 hash dbd8bf3cd335d67f -> DEDUP to block 788 (no write)
[cas    ] put len 512 hash 08caff4db3a20c4b -> DEDUP to block 789 (no write)
[cas    ] put len 512 hash 9107a45fe73b5694 -> DEDUP to block 790 (no write)
[cas    ] put len 512 hash 634d20906edc5a10 -> DEDUP to block 791 (no write)
[cas    ] put len 512 hash c53a9b7772d40dd3 -> DEDUP to block 792 (no write)
[cas    ] put len 512 hash c57a176e85689d6d -> DEDUP to block 793 (no write)
[cas    ] put len 512 hash e88a8e345c1d0734 -> DEDUP to block 794 (no write)
[cas    ] put len 512 hash c01a3cb5d5bdc194 -> DEDUP to block 795 (no write)
[cas    ] put len 512 hash 8e8efc74781ccde7 -> DEDUP to block 796 (no write)
[cas    ] put len 512 hash c54da671f362e6eb -> DEDUP to block 797 (no write)
[cas    ] put len 512 hash 7f696bc980d098c7 -> DEDUP to block 798 (no write)
[cas    ] put len 512 hash 3473c6f720cd68d8 -> DEDUP to block 799 (no write)
[cas    ] put len 512 hash af9daffc96ccabbb -> DEDUP to block 800 (no write)
[cas    ] put len 512 hash f9c97e8af3d49fbc -> DEDUP to block 801 (no write)
[cas    ] put len 512 hash a6c09d84bcf49de6 -> DEDUP to block 802 (no write)
[cas    ] put len 512 hash c2db9692d1561ec2 -> DEDUP to block 803 (no write)
[cas    ] put len 512 hash 2bd646e946c15e5e -> DEDUP to block 804 (no write)
[cas    ] put len 512 hash 88141eb3a2c551ab -> DEDUP to block 805 (no write)
[cas    ] put len 512 hash 87edb821fce0f6e5 -> DEDUP to block 806 (no write)
[cas    ] put len 512 hash cdb130a3e3e74a01 -> DEDUP to block 807 (no write)
[cas    ] put len 512 hash d88c96ac66ee25c9 -> DEDUP to block 808 (no write)
[cas    ] put len 512 hash df5c187d33a269b5 -> DEDUP to block 809 (no write)
[cas    ] put len 512 hash 5f862f1c84e2a4a2 -> DEDUP to block 810 (no write)
[cas    ] put len 512 hash 32df00922139ace9 -> DEDUP to block 811 (no write)
[cas    ] put len 512 hash e7bd61488d064ddc -> DEDUP to block 812 (no write)
[cas    ] put len 512 hash aacb3c2fa95c7646 -> DEDUP to block 813 (no write)
[cas    ] put len 512 hash 8333a8d05fa8a37f -> DEDUP to block 814 (no write)
[cas    ] put len 512 hash 3f41bee57fa3ef28 -> DEDUP to block 815 (no write)
[cas    ] put len 512 hash 4c478a5a081b49a3 -> DEDUP to block 816 (no write)
[cas    ] put len 512 hash 94059ff863e872f0 -> DEDUP to block 817 (no write)
[cas    ] put len 512 hash bc77085194984a30 -> DEDUP to block 818 (no write)
[cas    ] put len 512 hash 99de2a6a4305b053 -> DEDUP to block 819 (no write)
[cas    ] put len 512 hash 209548bb7f5c1a17 -> DEDUP to block 820 (no write)
[cas    ] put len 512 hash dd39b4664310da4b -> DEDUP to block 821 (no write)
[cas    ] put len 512 hash f1786a2d1c94f074 -> DEDUP to block 822 (no write)
[cas    ] put len 512 hash f4ed661698586bc3 -> DEDUP to block 823 (no write)
[cas    ] put len 512 hash 467cc75bab744e5d -> DEDUP to block 824 (no write)
[cas    ] put len 512 hash 9fc670d411c573d2 -> DEDUP to block 825 (no write)
[cas    ] put len 512 hash 2de204ebd142fcfb -> DEDUP to block 826 (no write)
[cas    ] put len 512 hash 83496acc1ad21c9e -> DEDUP to block 827 (no write)
[cas    ] put len 512 hash 69673d9aa63166d5 -> DEDUP to block 828 (no write)
[cas    ] put len 512 hash d45ab55ff8fb2221 -> DEDUP to block 829 (no write)
[cas    ] put len 512 hash 81cd9dc7b4e2af8f -> DEDUP to block 830 (no write)
[cas    ] put len 512 hash 8b69d96cc947e796 -> DEDUP to block 831 (no write)
[cas    ] put len 512 hash 7f49959bfabc3050 -> DEDUP to block 832 (no write)
[cas    ] put len 512 hash 6d8ccb5317687fac -> DEDUP to block 833 (no write)
[cas    ] put len 512 hash 9fdaa7ef4c46e9ca -> DEDUP to block 834 (no write)
[cas    ] put len 512 hash dfca6a347a6714a5 -> DEDUP to block 835 (no write)
[cas    ] put len 512 hash 1f401f8da89d1ff5 -> DEDUP to block 836 (no write)
[cas    ] put len 512 hash a174c554007786d5 -> DEDUP to block 837 (no write)
[cas    ] put len 512 hash 2e20ac3d2330b499 -> DEDUP to block 838 (no write)
[cas    ] put len 512 hash 7f92e4c4e58a24b7 -> DEDUP to block 839 (no write)
[cas    ] put len 512 hash 77214cfe80f280a1 -> DEDUP to block 840 (no write)
[cas    ] put len 512 hash 86964b499e23ac9d -> DEDUP to block 841 (no write)
[cas    ] put len 512 hash f92c467217fb09ba -> DEDUP to block 842 (no write)
[cas    ] put len 512 hash db47078414c596fc -> DEDUP to block 843 (no write)
[cas    ] put len 512 hash d9b0dfd6b0980239 -> DEDUP to block 844 (no write)
[cas    ] put len 512 hash 73799f1e9d80e188 -> DEDUP to block 845 (no write)
[cas    ] put len 512 hash 7b09f22f3ea6a1d9 -> DEDUP to block 846 (no write)
[cas    ] put len 512 hash 2bfcfcf57a5ae5d8 -> DEDUP to block 847 (no write)
[cas    ] put len 512 hash 484ef636ef6c2b46 -> DEDUP to block 848 (no write)
[cas    ] put len 512 hash 8515714f6c4dc041 -> DEDUP to block 849 (no write)
[cas    ] put len 512 hash 9cd32bedab49375a -> DEDUP to block 850 (no write)
[cas    ] put len 512 hash 67e673306c7c4d88 -> DEDUP to block 851 (no write)
[cas    ] put len 512 hash d72fd43ef3a817bf -> DEDUP to block 852 (no write)
[cas    ] put len 512 hash 47a12d315b21a3cc -> DEDUP to block 853 (no write)
[cas    ] put len 512 hash 5c69203b0fd6690f -> DEDUP to block 854 (no write)
[cas    ] put len 512 hash 0a07c0b3aab6d24b -> DEDUP to block 855 (no write)
[cas    ] put len 512 hash a5febe9b32770eca -> DEDUP to block 856 (no write)
[cas    ] put len 512 hash c5a5bfbea0a36029 -> DEDUP to block 857 (no write)
[cas    ] put len 512 hash 2fcc7fc65429ad91 -> DEDUP to block 858 (no write)
[cas    ] put len 512 hash 0ee6c7c41016f056 -> DEDUP to block 859 (no write)
[cas    ] put len 512 hash 64ea05a1696fe4cd -> DEDUP to block 860 (no write)
[cas    ] put len 512 hash bcd2a5efeb9b02aa -> DEDUP to block 861 (no write)
[cas    ] put len 512 hash 860dddf2c4e04969 -> DEDUP to block 862 (no write)
[cas    ] put len 512 hash 70196191b0aacc3d -> DEDUP to block 863 (no write)
[cas    ] put len 512 hash e64387d3e27035c0 -> DEDUP to block 864 (no write)
[cas    ] put len 512 hash 21e2ebeae76cb709 -> DEDUP to block 865 (no write)
[cas    ] put len 512 hash 8b9c5d61e7ce5898 -> DEDUP to block 866 (no write)
[cas    ] put len 512 hash e9c7d87579370284 -> DEDUP to block 867 (no write)
[cas    ] put len 512 hash 42522d651497a75f -> DEDUP to block 868 (no write)
[cas    ] put len 512 hash 8b8395bee207107e -> DEDUP to block 869 (no write)
[cas    ] put len 512 hash 32bd0807f8f47a2d -> DEDUP to block 870 (no write)
[cas    ] put len 512 hash 537bbb1c5727ed75 -> DEDUP to block 871 (no write)
[cas    ] put len 512 hash 3bf78b8ab34f396c -> DEDUP to block 872 (no write)
[cas    ] put len 512 hash 910797318e885562 -> DEDUP to block 873 (no write)
[cas    ] put len 512 hash 3f5c6b003656204b -> DEDUP to block 874 (no write)
[cas    ] put len 512 hash bbbd026df84b57be -> DEDUP to block 875 (no write)
[cas    ] put len 512 hash 6ae1db77528c0088 -> DEDUP to block 876 (no write)
[cas    ] put len 512 hash caa97ac814992efe -> DEDUP to block 877 (no write)
[cas    ] put len 512 hash 2f189e8b24dd802f -> DEDUP to block 878 (no write)
[cas    ] put len 512 hash 42af4a9be5fa86a4 -> DEDUP to block 879 (no write)
[cas    ] put len 512 hash 15a62396705122e3 -> DEDUP to block 880 (no write)
[cas    ] put len 512 hash 2454033773ce3925 -> DEDUP to block 881 (no write)
[cas    ] put len 512 hash 772989cda6e661fe -> DEDUP to block 882 (no write)
[cas    ] put len 512 hash 537b5d490fdd678d -> DEDUP to block 883 (no write)
[cas    ] put len 512 hash fa840478b2de002a -> DEDUP to block 884 (no write)
[cas    ] put len 512 hash 7195b5af2929f2d1 -> DEDUP to block 885 (no write)
[cas    ] put len 512 hash 96152aa0758456ce -> DEDUP to block 886 (no write)
[cas    ] put len 512 hash f6357a16e55dcd73 -> DEDUP to block 887 (no write)
[cas    ] put len 512 hash 9df02ab414757691 -> DEDUP to block 888 (no write)
[cas    ] put len 512 hash 7df62b9f0f900c73 -> DEDUP to block 889 (no write)
[cas    ] put len 512 hash e6e9a0b809330339 -> DEDUP to block 890 (no write)
[cas    ] put len 512 hash f9ade896a0acfd3d -> DEDUP to block 891 (no write)
[cas    ] put len 512 hash 0881d7141b376910 -> DEDUP to block 892 (no write)
[cas    ] put len 512 hash f76ed222a6756dec -> DEDUP to block 893 (no write)
[cas    ] put len 512 hash 3cab8504d003d9ca -> DEDUP to block 894 (no write)
[cas    ] put len 512 hash f69b0f4016320804 -> DEDUP to block 895 (no write)
[cas    ] put len 512 hash b9814b8f1a2a9e8a -> DEDUP to block 896 (no write)
[cas    ] put len 512 hash f8252dd385ecd65e -> DEDUP to block 897 (no write)
[cas    ] put len 512 hash 671a0ed8d51ffe6c -> DEDUP to block 898 (no write)
[cas    ] put len 512 hash beb8453c8d14e959 -> DEDUP to block 899 (no write)
[cas    ] put len 512 hash cdc10f959c4c4f0f -> DEDUP to block 900 (no write)
[cas    ] put len 512 hash ba7c8383b4c20c28 -> DEDUP to block 901 (no write)
[cas    ] put len 512 hash 0ded7a70ef85a579 -> DEDUP to block 902 (no write)
[cas    ] put len 512 hash 65553578ab7af004 -> DEDUP to block 903 (no write)
[cas    ] put len 512 hash 25038958b321b3e8 -> DEDUP to block 904 (no write)
[cas    ] put len 512 hash f1dcd027dbe3d42a -> DEDUP to block 905 (no write)
[cas    ] put len 512 hash 629bc1208aac7331 -> DEDUP to block 906 (no write)
[cas    ] put len 512 hash 8eadb81c186907a9 -> DEDUP to block 907 (no write)
[cas    ] put len 512 hash 3e4cad99ab396b7a -> DEDUP to block 908 (no write)
[cas    ] put len 512 hash 2afadb8ae943e17f -> DEDUP to block 909 (no write)
[cas    ] put len 512 hash 2a3099cba04b765c -> DEDUP to block 910 (no write)
[cas    ] put len 512 hash 2deaf09277a0ff7a -> DEDUP to block 911 (no write)
[cas    ] put len 512 hash f3b6cb20d717dfa9 -> DEDUP to block 912 (no write)
[cas    ] put len 512 hash 337a92840253e8f9 -> DEDUP to block 913 (no write)
[cas    ] put len 512 hash 15f81b4c872e1b9d -> DEDUP to block 914 (no write)
[cas    ] put len 512 hash a6fb4d70a436ccd9 -> DEDUP to block 915 (no write)
[cas    ] put len 512 hash 390f65237909c321 -> DEDUP to block 916 (no write)
[cas    ] put len 512 hash 870da99d82ca83b6 -> DEDUP to block 917 (no write)
[cas    ] put len 512 hash 9fc2c10e75c8e070 -> DEDUP to block 918 (no write)
[cas    ] put len 512 hash 04227e0441c0c80f -> DEDUP to block 919 (no write)
[cas    ] put len 352 hash 429484fcf0dfcb9a -> DEDUP to block 920 (no write)
[cas    ] put len 512 hash d15efa0b1eea0a7b -> DEDUP to block 921 (no write)
[cas    ] put len 512 hash bbfa54c6c213a5ff -> DEDUP to block 922 (no write)
[cas    ] put len 512 hash 2f815026ffdb253b -> DEDUP to block 923 (no write)
[cas    ] put len 512 hash 194671acac0978dd -> DEDUP to block 924 (no write)
[cas    ] put len 512 hash 4c705c1423e61ad3 -> DEDUP to block 925 (no write)
[cas    ] put len 512 hash d5a886f1cf000ce3 -> DEDUP to block 650 (no write)
[cas    ] put len 512 hash 74fde0ba14acbbb6 -> DEDUP to block 651 (no write)
[cas    ] put len 512 hash 549298c50fdbd1fe -> DEDUP to block 652 (no write)
[cas    ] put len 512 hash bd123c2163f46d8d -> DEDUP to block 653 (no write)
[cas    ] put len 512 hash 1f837e34bc74f83e -> DEDUP to block 654 (no write)
[cas    ] put len 512 hash f4d57d21ee971b0e -> DEDUP to block 655 (no write)
[cas    ] put len 512 hash 3ff7dd6f6240a0c6 -> DEDUP to block 656 (no write)
[cas    ] put len 512 hash bac7b7e9c318fe80 -> DEDUP to block 657 (no write)
[cas    ] put len 512 hash 50d603b7dedb2e94 -> DEDUP to block 658 (no write)
[cas    ] put len 512 hash ca87ada26a4383d1 -> DEDUP to block 659 (no write)
[cas    ] put len 512 hash 1a33bff36f212ddf -> DEDUP to block 660 (no write)
[cas    ] put len 512 hash 552fdeb721c253f2 -> DEDUP to block 661 (no write)
[cas    ] put len 512 hash e21be967b069b4be -> DEDUP to block 662 (no write)
[cas    ] put len 512 hash 181330c62c219a0a -> DEDUP to block 663 (no write)
[cas    ] put len 512 hash 1b24812c91e881f3 -> DEDUP to block 664 (no write)
[cas    ] put len 512 hash 7c21c18cefd8754a -> DEDUP to block 665 (no write)
[cas    ] put len 512 hash d0a4e6d5f82d3617 -> DEDUP to block 666 (no write)
[cas    ] put len 512 hash 8182fdb2d49a764d -> DEDUP to block 667 (no write)
[cas    ] put len 512 hash 805ba60b1ee45198 -> DEDUP to block 668 (no write)
[cas    ] put len 512 hash 9e11fa65caab22c9 -> DEDUP to block 669 (no write)
[cas    ] put len 512 hash 6d763aee56740376 -> DEDUP to block 670 (no write)
[cas    ] put len 512 hash d40294dfdc14556a -> DEDUP to block 671 (no write)
[cas    ] put len 512 hash 12e38d2cc09dc0d9 -> DEDUP to block 672 (no write)
[cas    ] put len 512 hash 10b9843bd1f9ff7b -> DEDUP to block 673 (no write)
[cas    ] put len 512 hash 72ff90a4885373be -> DEDUP to block 674 (no write)
[cas    ] put len 512 hash bdb43bc9d08e3261 -> DEDUP to block 675 (no write)
[cas    ] put len 512 hash e1cec4a31dc4f5b9 -> DEDUP to block 676 (no write)
[cas    ] put len 512 hash 4dedf00f4682836c -> DEDUP to block 677 (no write)
[cas    ] put len 512 hash 64100964eff12b85 -> DEDUP to block 678 (no write)
[cas    ] put len 512 hash 9068016c157f439f -> DEDUP to block 679 (no write)
[cas    ] put len 512 hash 65cc1d92e9ef409e -> DEDUP to block 680 (no write)
[cas    ] put len 512 hash 205cfcc4ff17eed9 -> DEDUP to block 681 (no write)
[cas    ] put len 512 hash 0c7595d5e60e5c42 -> DEDUP to block 682 (no write)
[cas    ] put len 512 hash 3f156594b60b2ea1 -> DEDUP to block 683 (no write)
[cas    ] put len 512 hash f9c0dd24844d0674 -> DEDUP to block 684 (no write)
[cas    ] put len 512 hash 49fc733d5117112a -> DEDUP to block 685 (no write)
[cas    ] put len 512 hash 534c365be165ee7e -> DEDUP to block 686 (no write)
[cas    ] put len 512 hash 455f12a23bbf47e0 -> DEDUP to block 687 (no write)
[cas    ] put len 512 hash fb7af756ff84a1ef -> DEDUP to block 688 (no write)
[cas    ] put len 512 hash f699cf84b16a7803 -> DEDUP to block 689 (no write)
[cas    ] put len 512 hash 20dc2a002c502d13 -> DEDUP to block 690 (no write)
[cas    ] put len 512 hash a00d92e7613600df -> DEDUP to block 691 (no write)
[cas    ] put len 512 hash 518da76accb6172e -> DEDUP to block 692 (no write)
[cas    ] put len 512 hash fe33d9f883f4b034 -> DEDUP to block 693 (no write)
[cas    ] put len 512 hash 1c4d89a8c3f1932d -> DEDUP to block 694 (no write)
[cas    ] put len 512 hash 11d7ce6f5d24a86d -> DEDUP to block 695 (no write)
[cas    ] put len 512 hash 98ac926c021d3806 -> DEDUP to block 696 (no write)
[cas    ] put len 512 hash b7364cf80c53794b -> DEDUP to block 697 (no write)
[cas    ] put len 512 hash 9b753db2b25fdc49 -> DEDUP to block 698 (no write)
[cas    ] put len 512 hash e244b88b2541b827 -> DEDUP to block 699 (no write)
[cas    ] put len 512 hash 8e144cbfbbac9aea -> DEDUP to block 700 (no write)
[cas    ] put len 512 hash f5770b12bde9e29d -> DEDUP to block 701 (no write)
[cas    ] put len 512 hash b76aebbcb10796b7 -> DEDUP to block 702 (no write)
[cas    ] put len 512 hash cdfeaa860e7b7653 -> DEDUP to block 703 (no write)
[cas    ] put len 512 hash 06533b0cccf5984c -> DEDUP to block 704 (no write)
[cas    ] put len 512 hash 35e852ac7fc68968 -> DEDUP to block 705 (no write)
[cas    ] put len 512 hash a4d009f00535a96c -> DEDUP to block 706 (no write)
[cas    ] put len 512 hash c784dcf8c687bcaf -> DEDUP to block 707 (no write)
[cas    ] put len 512 hash b66dc150e10b50d4 -> DEDUP to block 708 (no write)
[cas    ] put len 512 hash 496de50c8d805489 -> DEDUP to block 709 (no write)
[cas    ] put len 512 hash 06ff8aa4f4b7a652 -> DEDUP to block 710 (no write)
[cas    ] put len 512 hash beb08bb3736d5109 -> DEDUP to block 711 (no write)
[cas    ] put len 512 hash 8dc6d84bf32f4aaf -> DEDUP to block 712 (no write)
[cas    ] put len 512 hash 59fec655207d24b0 -> DEDUP to block 713 (no write)
[cas    ] put len 512 hash 51f05eac88e2fe1d -> DEDUP to block 714 (no write)
[cas    ] put len 512 hash 7b8fd1101d158ec3 -> DEDUP to block 715 (no write)
[cas    ] put len 512 hash a53bdb72a0fc4a1b -> DEDUP to block 716 (no write)
[cas    ] put len 512 hash e80e64d49f744991 -> DEDUP to block 717 (no write)
[cas    ] put len 512 hash 8e75a22a7fb2b404 -> DEDUP to block 718 (no write)
[cas    ] put len 512 hash 6c75ae4cae75ee80 -> DEDUP to block 719 (no write)
[cas    ] put len 512 hash 861aeaa82070257c -> DEDUP to block 720 (no write)
[cas    ] put len 512 hash a9551d44080f8fa0 -> DEDUP to block 721 (no write)
[cas    ] put len 512 hash ab34ed9d5ef99796 -> DEDUP to block 722 (no write)
[cas    ] put len 512 hash 1c58e88b623e4667 -> DEDUP to block 723 (no write)
[cas    ] put len 512 hash 256bf6bac926f437 -> DEDUP to block 724 (no write)
[cas    ] put len 512 hash f1b5b1633672fa02 -> DEDUP to block 725 (no write)
[cas    ] put len 512 hash 2b53186aae58ecc5 -> DEDUP to block 726 (no write)
[cas    ] put len 512 hash 276935224de959ff -> DEDUP to block 727 (no write)
[cas    ] put len 512 hash 7e0766a111101583 -> DEDUP to block 728 (no write)
[cas    ] put len 512 hash c8d7bf2836c5de53 -> DEDUP to block 729 (no write)
[cas    ] put len 512 hash 155348f5bed3dc0d -> DEDUP to block 730 (no write)
[cas    ] put len 512 hash 3dc1d62de63fa424 -> DEDUP to block 731 (no write)
[cas    ] put len 512 hash d69ced1b4fbaa366 -> DEDUP to block 732 (no write)
[cas    ] put len 512 hash 80478a13a7bfd015 -> DEDUP to block 733 (no write)
[cas    ] put len 512 hash 015da332096a84f9 -> DEDUP to block 734 (no write)
[cas    ] put len 512 hash e543889ddda45b25 -> DEDUP to block 735 (no write)
[cas    ] put len 512 hash a6fc35d52285e091 -> DEDUP to block 736 (no write)
[cas    ] put len 512 hash aa7d83fac7e912ac -> DEDUP to block 737 (no write)
[cas    ] put len 512 hash 26b35985a9664f3a -> DEDUP to block 738 (no write)
[cas    ] put len 512 hash ae6420694bb45e78 -> DEDUP to block 739 (no write)
[cas    ] put len 512 hash bf74743f377d546a -> DEDUP to block 740 (no write)
[cas    ] put len 512 hash 6b317a14034d2af2 -> DEDUP to block 741 (no write)
[cas    ] put len 512 hash ab67e36ca07d22f4 -> DEDUP to block 742 (no write)
[cas    ] put len 512 hash fde0087272b287d9 -> DEDUP to block 743 (no write)
[cas    ] put len 512 hash 71290aa289b48de4 -> DEDUP to block 744 (no write)
[cas    ] put len 512 hash 6261d7b179284a02 -> DEDUP to block 745 (no write)
[cas    ] put len 512 hash 9fbf934ea0fd42db -> DEDUP to block 746 (no write)
[cas    ] put len 512 hash 461a68dc00bba7c7 -> DEDUP to block 747 (no write)
[cas    ] put len 512 hash 2f7cb7b9985e6812 -> DEDUP to block 748 (no write)
[cas    ] put len 512 hash ddff6beee82969b0 -> DEDUP to block 749 (no write)
[cas    ] put len 512 hash 383431371a76096e -> DEDUP to block 750 (no write)
[cas    ] put len 512 hash 5173d8597f76a995 -> DEDUP to block 751 (no write)
[cas    ] put len 512 hash 24b7bab11a15161f -> DEDUP to block 752 (no write)
[cas    ] put len 512 hash f911726bc1ffd5a3 -> DEDUP to block 753 (no write)
[cas    ] put len 512 hash 0253b5dcce40e761 -> DEDUP to block 754 (no write)
[cas    ] put len 512 hash 5116e78862e258e7 -> DEDUP to block 755 (no write)
[cas    ] put len 512 hash 29b6893034f51e6b -> DEDUP to block 756 (no write)
[cas    ] put len 512 hash 145ed2396a0bbb4e -> DEDUP to block 757 (no write)
[cas    ] put len 512 hash 5b0a26083666a504 -> DEDUP to block 758 (no write)
[cas    ] put len 512 hash 4153b3a056388548 -> DEDUP to block 759 (no write)
[cas    ] put len 512 hash b7034fcfa034cfdf -> DEDUP to block 760 (no write)
[cas    ] put len 512 hash 95dbb0b39e76916a -> DEDUP to block 761 (no write)
[cas    ] put len 512 hash 1099404e3c8785da -> DEDUP to block 762 (no write)
[cas    ] put len 512 hash 6f32dc389543cd67 -> DEDUP to block 763 (no write)
[cas    ] put len 512 hash a33df20f3ea0f604 -> DEDUP to block 764 (no write)
[cas    ] put len 512 hash 346a0ac7ec5d685a -> DEDUP to block 765 (no write)
[cas    ] put len 512 hash 4e1a43fd8bdaa542 -> DEDUP to block 766 (no write)
[cas    ] put len 512 hash 316159ed045b2378 -> DEDUP to block 767 (no write)
[cas    ] put len 512 hash f98370a7522eb42e -> DEDUP to block 768 (no write)
[cas    ] put len 512 hash b12cf2b6f46b7181 -> DEDUP to block 769 (no write)
[cas    ] put len 512 hash 42b3b1d860162906 -> DEDUP to block 770 (no write)
[cas    ] put len 512 hash b36d61bcf1309f14 -> DEDUP to block 771 (no write)
[cas    ] put len 512 hash fd976d6951a8e35b -> DEDUP to block 772 (no write)
[cas    ] put len 512 hash 214356f2eef97ddd -> DEDUP to block 773 (no write)
[cas    ] put len 512 hash 60769e4955656bdf -> DEDUP to block 774 (no write)
[cas    ] put len 512 hash ca3f00ea179e6cac -> DEDUP to block 775 (no write)
[cas    ] put len 512 hash 5696acb0bf831071 -> DEDUP to block 776 (no write)
[cas    ] put len 512 hash a6c574c6ef96196a -> DEDUP to block 777 (no write)
[cas    ] put len 512 hash 5a128dcf7e93a694 -> DEDUP to block 778 (no write)
[cas    ] put len 512 hash 0ebb6a4bb6d5a237 -> DEDUP to block 779 (no write)
[cas    ] put len 512 hash e6e50a530f0a165a -> DEDUP to block 780 (no write)
[cas    ] put len 512 hash acfbef3fde339c36 -> DEDUP to block 781 (no write)
[cas    ] put len 512 hash 28a0c4d1bd6c8ecc -> DEDUP to block 782 (no write)
[cas    ] put len 512 hash 0231129dd2c65bee -> DEDUP to block 783 (no write)
[cas    ] put len 512 hash af1d6b84b4431136 -> DEDUP to block 784 (no write)
[cas    ] put len 512 hash bc655b5bc26ae9b0 -> DEDUP to block 785 (no write)
[cas    ] put len 512 hash 6bf76d808f7acbfa -> DEDUP to block 786 (no write)
[cas    ] put len 512 hash 276ddca315b73d39 -> DEDUP to block 787 (no write)
[cas    ] put len 512 hash dbd8bf3cd335d67f -> DEDUP to block 788 (no write)
[cas    ] put len 512 hash 08caff4db3a20c4b -> DEDUP to block 789 (no write)
[cas    ] put len 512 hash 9107a45fe73b5694 -> DEDUP to block 790 (no write)
[cas    ] put len 512 hash 634d20906edc5a10 -> DEDUP to block 791 (no write)
[cas    ] put len 512 hash c53a9b7772d40dd3 -> DEDUP to block 792 (no write)
[cas    ] put len 512 hash c57a176e85689d6d -> DEDUP to block 793 (no write)
[cas    ] put len 512 hash e88a8e345c1d0734 -> DEDUP to block 794 (no write)
[cas    ] put len 512 hash c01a3cb5d5bdc194 -> DEDUP to block 795 (no write)
[cas    ] put len 512 hash 8e8efc74781ccde7 -> DEDUP to block 796 (no write)
[cas    ] put len 512 hash c54da671f362e6eb -> DEDUP to block 797 (no write)
[cas    ] put len 512 hash 7f696bc980d098c7 -> DEDUP to block 798 (no write)
[cas    ] put len 512 hash 3473c6f720cd68d8 -> DEDUP to block 799 (no write)
[cas    ] put len 512 hash af9daffc96ccabbb -> DEDUP to block 800 (no write)
[cas    ] put len 512 hash f9c97e8af3d49fbc -> DEDUP to block 801 (no write)
[cas    ] put len 512 hash a6c09d84bcf49de6 -> DEDUP to block 802 (no write)
[cas    ] put len 512 hash c2db9692d1561ec2 -> DEDUP to block 803 (no write)
[cas    ] put len 512 hash 2bd646e946c15e5e -> DEDUP to block 804 (no write)
[cas    ] put len 512 hash 88141eb3a2c551ab -> DEDUP to block 805 (no write)
[cas    ] put len 512 hash 87edb821fce0f6e5 -> DEDUP to block 806 (no write)
[cas    ] put len 512 hash cdb130a3e3e74a01 -> DEDUP to block 807 (no write)
[cas    ] put len 512 hash d88c96ac66ee25c9 -> DEDUP to block 808 (no write)
[cas    ] put len 512 hash df5c187d33a269b5 -> DEDUP to block 809 (no write)
[cas    ] put len 512 hash 5f862f1c84e2a4a2 -> DEDUP to block 810 (no write)
[cas    ] put len 512 hash 32df00922139ace9 -> DEDUP to block 811 (no write)
[cas    ] put len 512 hash e7bd61488d064ddc -> DEDUP to block 812 (no write)
[cas    ] put len 512 hash aacb3c2fa95c7646 -> DEDUP to block 813 (no write)
[cas    ] put len 512 hash 8333a8d05fa8a37f -> DEDUP to block 814 (no write)
[cas    ] put len 512 hash 3f41bee57fa3ef28 -> DEDUP to block 815 (no write)
[cas    ] put len 512 hash 4c478a5a081b49a3 -> DEDUP to block 816 (no write)
[cas    ] put len 512 hash 94059ff863e872f0 -> DEDUP to block 817 (no write)
[cas    ] put len 512 hash bc77085194984a30 -> DEDUP to block 818 (no write)
[cas    ] put len 512 hash 99de2a6a4305b053 -> DEDUP to block 819 (no write)
[cas    ] put len 512 hash 209548bb7f5c1a17 -> DEDUP to block 820 (no write)
[cas    ] put len 512 hash dd39b4664310da4b -> DEDUP to block 821 (no write)
[cas    ] put len 512 hash f1786a2d1c94f074 -> DEDUP to block 822 (no write)
[cas    ] put len 512 hash f4ed661698586bc3 -> DEDUP to block 823 (no write)
[cas    ] put len 512 hash 467cc75bab744e5d -> DEDUP to block 824 (no write)
[cas    ] put len 512 hash 9fc670d411c573d2 -> DEDUP to block 825 (no write)
[cas    ] put len 512 hash 2de204ebd142fcfb -> DEDUP to block 826 (no write)
[cas    ] put len 512 hash 83496acc1ad21c9e -> DEDUP to block 827 (no write)
[cas    ] put len 512 hash 69673d9aa63166d5 -> DEDUP to block 828 (no write)
[cas    ] put len 512 hash d45ab55ff8fb2221 -> DEDUP to block 829 (no write)
[cas    ] put len 512 hash 81cd9dc7b4e2af8f -> DEDUP to block 830 (no write)
[cas    ] put len 512 hash 8b69d96cc947e796 -> DEDUP to block 831 (no write)
[cas    ] put len 512 hash 7f49959bfabc3050 -> DEDUP to block 832 (no write)
[cas    ] put len 512 hash 6d8ccb5317687fac -> DEDUP to block 833 (no write)
[cas    ] put len 512 hash 9fdaa7ef4c46e9ca -> DEDUP to block 834 (no write)
[cas    ] put len 512 hash dfca6a347a6714a5 -> DEDUP to block 835 (no write)
[cas    ] put len 512 hash 1f401f8da89d1ff5 -> DEDUP to block 836 (no write)
[cas    ] put len 512 hash a174c554007786d5 -> DEDUP to block 837 (no write)
[cas    ] put len 512 hash 2e20ac3d2330b499 -> DEDUP to block 838 (no write)
[cas    ] put len 512 hash 7f92e4c4e58a24b7 -> DEDUP to block 839 (no write)
[cas    ] put len 512 hash 77214cfe80f280a1 -> DEDUP to block 840 (no write)
[cas    ] put len 512 hash 86964b499e23ac9d -> DEDUP to block 841 (no write)
[cas    ] put len 512 hash f92c467217fb09ba -> DEDUP to block 842 (no write)
[cas    ] put len 512 hash db47078414c596fc -> DEDUP to block 843 (no write)
[cas    ] put len 512 hash d9b0dfd6b0980239 -> DEDUP to block 844 (no write)
[cas    ] put len 512 hash 73799f1e9d80e188 -> DEDUP to block 845 (no write)
[cas    ] put len 512 hash 7b09f22f3ea6a1d9 -> DEDUP to block 846 (no write)
[cas    ] put len 512 hash 2bfcfcf57a5ae5d8 -> DEDUP to block 847 (no write)
[cas    ] put len 512 hash 484ef636ef6c2b46 -> DEDUP to block 848 (no write)
[cas    ] put len 512 hash 8515714f6c4dc041 -> DEDUP to block 849 (no write)
[cas    ] put len 512 hash 9cd32bedab49375a -> DEDUP to block 850 (no write)
[cas    ] put len 512 hash 67e673306c7c4d88 -> DEDUP to block 851 (no write)
[cas    ] put len 512 hash d72fd43ef3a817bf -> DEDUP to block 852 (no write)
[cas    ] put len 512 hash 47a12d315b21a3cc -> DEDUP to block 853 (no write)
[cas    ] put len 512 hash 5c69203b0fd6690f -> DEDUP to block 854 (no write)
[cas    ] put len 512 hash 0a07c0b3aab6d24b -> DEDUP to block 855 (no write)
[cas    ] put len 512 hash a5febe9b32770eca -> DEDUP to block 856 (no write)
[cas    ] put len 512 hash c5a5bfbea0a36029 -> DEDUP to block 857 (no write)
[cas    ] put len 512 hash 2fcc7fc65429ad91 -> DEDUP to block 858 (no write)
[cas    ] put len 512 hash 0ee6c7c41016f056 -> DEDUP to block 859 (no write)
[cas    ] put len 512 hash 64ea05a1696fe4cd -> DEDUP to block 860 (no write)
[cas    ] put len 512 hash bcd2a5efeb9b02aa -> DEDUP to block 861 (no write)
[cas    ] put len 512 hash 860dddf2c4e04969 -> DEDUP to block 862 (no write)
[cas    ] put len 512 hash 70196191b0aacc3d -> DEDUP to block 863 (no write)
[cas    ] put len 512 hash e64387d3e27035c0 -> DEDUP to block 864 (no write)
[cas    ] put len 512 hash 21e2ebeae76cb709 -> DEDUP to block 865 (no write)
[cas    ] put len 512 hash 8b9c5d61e7ce5898 -> DEDUP to block 866 (no write)
[cas    ] put len 512 hash e9c7d87579370284 -> DEDUP to block 867 (no write)
[cas    ] put len 512 hash 42522d651497a75f -> DEDUP to block 868 (no write)
[cas    ] put len 512 hash 8b8395bee207107e -> DEDUP to block 869 (no write)
[cas    ] put len 512 hash 32bd0807f8f47a2d -> DEDUP to block 870 (no write)
[cas    ] put len 512 hash 537bbb1c5727ed75 -> DEDUP to block 871 (no write)
[cas    ] put len 512 hash 3bf78b8ab34f396c -> DEDUP to block 872 (no write)
[cas    ] put len 512 hash 910797318e885562 -> DEDUP to block 873 (no write)
[cas    ] put len 512 hash 3f5c6b003656204b -> DEDUP to block 874 (no write)
[cas    ] put len 512 hash bbbd026df84b57be -> DEDUP to block 875 (no write)
[cas    ] put len 512 hash 6ae1db77528c0088 -> DEDUP to block 876 (no write)
[cas    ] put len 512 hash caa97ac814992efe -> DEDUP to block 877 (no write)
[cas    ] put len 512 hash 2f189e8b24dd802f -> DEDUP to block 878 (no write)
[cas    ] put len 512 hash 42af4a9be5fa86a4 -> DEDUP to block 879 (no write)
[cas    ] put len 512 hash 15a62396705122e3 -> DEDUP to block 880 (no write)
[cas    ] put len 512 hash 2454033773ce3925 -> DEDUP to block 881 (no write)
[cas    ] put len 512 hash 772989cda6e661fe -> DEDUP to block 882 (no write)
[cas    ] put len 512 hash 537b5d490fdd678d -> DEDUP to block 883 (no write)
[cas    ] put len 512 hash fa840478b2de002a -> DEDUP to block 884 (no write)
[cas    ] put len 512 hash 7195b5af2929f2d1 -> DEDUP to block 885 (no write)
[cas    ] put len 512 hash 96152aa0758456ce -> DEDUP to block 886 (no write)
[cas    ] put len 512 hash f6357a16e55dcd73 -> DEDUP to block 887 (no write)
[cas    ] put len 512 hash 9df02ab414757691 -> DEDUP to block 888 (no write)
[cas    ] put len 512 hash 7df62b9f0f900c73 -> DEDUP to block 889 (no write)
[cas    ] put len 512 hash e6e9a0b809330339 -> DEDUP to block 890 (no write)
[cas    ] put len 512 hash f9ade896a0acfd3d -> DEDUP to block 891 (no write)
[cas    ] put len 512 hash 0881d7141b376910 -> DEDUP to block 892 (no write)
[cas    ] put len 512 hash f76ed222a6756dec -> DEDUP to block 893 (no write)
[cas    ] put len 512 hash 3cab8504d003d9ca -> DEDUP to block 894 (no write)
[cas    ] put len 512 hash f69b0f4016320804 -> DEDUP to block 895 (no write)
[cas    ] put len 512 hash b9814b8f1a2a9e8a -> DEDUP to block 896 (no write)
[cas    ] put len 512 hash f8252dd385ecd65e -> DEDUP to block 897 (no write)
[cas    ] put len 512 hash 671a0ed8d51ffe6c -> DEDUP to block 898 (no write)
[cas    ] put len 512 hash beb8453c8d14e959 -> DEDUP to block 899 (no write)
[cas    ] put len 512 hash cdc10f959c4c4f0f -> DEDUP to block 900 (no write)
[cas    ] put len 512 hash ba7c8383b4c20c28 -> DEDUP to block 901 (no write)
[cas    ] put len 512 hash 0ded7a70ef85a579 -> DEDUP to block 902 (no write)
[cas    ] put len 512 hash 65553578ab7af004 -> DEDUP to block 903 (no write)
[cas    ] put len 512 hash 25038958b321b3e8 -> DEDUP to block 904 (no write)
[cas    ] put len 512 hash f1dcd027dbe3d42a -> DEDUP to block 905 (no write)
[cas    ] put len 512 hash 629bc1208aac7331 -> DEDUP to block 906 (no write)
[cas    ] put len 512 hash 8eadb81c186907a9 -> DEDUP to block 907 (no write)
[cas    ] put len 512 hash 3e4cad99ab396b7a -> DEDUP to block 908 (no write)
[cas    ] put len 512 hash 2afadb8ae943e17f -> DEDUP to block 909 (no write)
[cas    ] put len 512 hash 2a3099cba04b765c -> DEDUP to block 910 (no write)
[cas    ] put len 512 hash 2deaf09277a0ff7a -> DEDUP to block 911 (no write)
[cas    ] put len 512 hash f3b6cb20d717dfa9 -> DEDUP to block 912 (no write)
[cas    ] put len 512 hash 337a92840253e8f9 -> DEDUP to block 913 (no write)
[cas    ] put len 512 hash 15f81b4c872e1b9d -> DEDUP to block 914 (no write)
[cas    ] put len 512 hash a6fb4d70a436ccd9 -> DEDUP to block 915 (no write)
[cas    ] put len 512 hash 390f65237909c321 -> DEDUP to block 916 (no write)
[cas    ] put len 512 hash 870da99d82ca83b6 -> DEDUP to block 917 (no write)
[cas    ] put len 512 hash 9fc2c10e75c8e070 -> DEDUP to block 918 (no write)
[cas    ] put len 512 hash 04227e0441c0c80f -> DEDUP to block 919 (no write)
[cas    ] put len 352 hash 429484fcf0dfcb9a -> DEDUP to block 920 (no write)
[cas    ] put len 512 hash d15efa0b1eea0a7b -> DEDUP to block 921 (no write)
[cas    ] put len 512 hash bbfa54c6c213a5ff -> DEDUP to block 922 (no write)
[cas    ] put len 512 hash 2f815026ffdb253b -> DEDUP to block 923 (no write)
[cas    ] put len 512 hash 194671acac0978dd -> DEDUP to block 924 (no write)
[cas    ] put len 512 hash 4c705c1423e61ad3 -> DEDUP to block 925 (no write)
[cas    ] put len 512 hash d1a9fdb1b665802a -> DEDUP to block 926 (no write)
[cas    ] put len 512 hash 63ef783144edd099 -> DEDUP to block 927 (no write)
[cas    ] put len 512 hash e8cfd51f050a500e -> DEDUP to block 928 (no write)
[cas    ] put len 512 hash 70ce5ccac17869b0 -> DEDUP to block 929 (no write)
[cas    ] put len 512 hash 17928cf947ee6932 -> DEDUP to block 930 (no write)
[cas    ] put len 512 hash 29ad20c62dec22db -> DEDUP to block 931 (no write)
[cas    ] put len 244 hash 0e6c2f9aeeda2560 -> DEDUP to block 932 (no write)
[cas    ] put len 512 hash 82f0c0b6af482e14 -> DEDUP to block 933 (no write)
[cas    ] put len 512 hash e80301acf63cf8e0 -> DEDUP to block 934 (no write)
[cas    ] put len 475 hash a9d431653e73b229 -> DEDUP to block 935 (no write)
[cas    ] put len 512 hash d3b73aebeaffbaae -> DEDUP to block 936 (no write)
[cas    ] put len 338 hash d6798ca1e451dba3 -> DEDUP to block 937 (no write)
[cas    ] put len 236 hash 35eb625e4b55e0db -> DEDUP to block 938 (no write)
[cas    ] put len 512 hash 6edbb92fea8476c3 -> DEDUP to block 939 (no write)
[cas    ] put len 512 hash 0894a2cc2b750969 -> DEDUP to block 940 (no write)
[cas    ] put len 512 hash 7204128ac106c6de -> DEDUP to block 941 (no write)
[cas    ] put len 512 hash 37b0ba9254c454c1 -> DEDUP to block 942 (no write)
[cas    ] put len 512 hash b59b831d63386aa7 -> DEDUP to block 943 (no write)
[cas    ] put len 280 hash dd07f3d5dfedd694 -> DEDUP to block 944 (no write)
[cas    ] put len 512 hash 92230377d5c0ec7b -> DEDUP to block 945 (no write)
[cas    ] put len 405 hash 39d22a9edb87e795 -> DEDUP to block 946 (no write)
[cas    ] put len 512 hash fbe25a5578ea3f14 -> DEDUP to block 947 (no write)
[cas    ] put len 512 hash a7b0d7249c28285a -> DEDUP to block 948 (no write)
[cas    ] put len 512 hash 0569f8a9a83d1b35 -> DEDUP to block 949 (no write)
[cas    ] put len 151 hash d83e9880fe13b390 -> DEDUP to block 950 (no write)
[cas    ] put len 512 hash 520755d8f9da9ef8 -> DEDUP to block 951 (no write)
[cas    ] put len 512 hash 2e83bf92bc616d48 -> DEDUP to block 952 (no write)
[cas    ] put len 512 hash 9fbb983eb1e356b6 -> DEDUP to block 953 (no write)
[cas    ] put len 512 hash b10861fd841583ec -> DEDUP to block 954 (no write)
[cas    ] put len 512 hash 8e6b22f6e9bdfad3 -> DEDUP to block 955 (no write)
[cas    ] put len 512 hash 694342aa52d18e3c -> DEDUP to block 956 (no write)
[cas    ] put len 512 hash 2b8cef2761f93e60 -> DEDUP to block 957 (no write)
[cas    ] put len 512 hash 66a6e1e520959000 -> DEDUP to block 958 (no write)
[cas    ] put len 512 hash a6adf3f1bcecd530 -> DEDUP to block 959 (no write)
[cas    ] put len 512 hash 4eec2531d743dcdc -> DEDUP to block 960 (no write)
[cas    ] put len 512 hash 47beb384699bd47e -> DEDUP to block 961 (no write)
[cas    ] put len 512 hash 9d8c10288d8c073f -> DEDUP to block 962 (no write)
[cas    ] put len 512 hash 714bfebb86507d37 -> DEDUP to block 963 (no write)
[cas    ] put len 512 hash 9048f87fc5535aa0 -> DEDUP to block 964 (no write)
[cas    ] put len 512 hash 686353cff7bb807b -> DEDUP to block 965 (no write)
[cas    ] put len 3 hash 92fc2f19663598d2 -> DEDUP to block 966 (no write)
[cas    ] put len 512 hash 1d0ce35c77705482 -> DEDUP to block 967 (no write)
[cas    ] put len 495 hash 003da873f8b391fe -> DEDUP to block 968 (no write)
[cas    ] put len 512 hash 24e4834191f04ba6 -> DEDUP to block 969 (no write)
[cas    ] put len 512 hash f826136a59b7eecc -> DEDUP to block 970 (no write)
[cas    ] put len 512 hash 2df31184e3ad4416 -> DEDUP to block 971 (no write)
[cas    ] put len 512 hash fdecb435288e2f34 -> DEDUP to block 972 (no write)
[cas    ] put len 512 hash 1141d8be0123ddc6 -> DEDUP to block 973 (no write)
[cas    ] put len 512 hash 6919960a571ef501 -> DEDUP to block 974 (no write)
[cas    ] put len 512 hash 33e4ea65b22cec51 -> DEDUP to block 975 (no write)
[cas    ] put len 512 hash c209c5cc6c212f72 -> DEDUP to block 976 (no write)
[cas    ] put len 512 hash 37acb9c3363b56f5 -> DEDUP to block 977 (no write)
[cas    ] put len 512 hash b278fa30c6828290 -> DEDUP to block 978 (no write)
[cas    ] put len 512 hash f92a06eedb6d1236 -> DEDUP to block 979 (no write)
[cas    ] put len 512 hash 6f895203ac52d3fa -> DEDUP to block 980 (no write)
[cas    ] put len 512 hash d1a10745d6b64339 -> DEDUP to block 981 (no write)
[cas    ] put len 512 hash a9d12f5449cf82cc -> DEDUP to block 982 (no write)
[cas    ] put len 512 hash 53179e3111346d80 -> DEDUP to block 983 (no write)
[cas    ] put len 512 hash 034f1f6b44ad5f90 -> DEDUP to block 984 (no write)
[cas    ] put len 512 hash 757c9bfade584b3e -> DEDUP to block 985 (no write)
[cas    ] put len 512 hash e7bbde9934d36d08 -> DEDUP to block 986 (no write)
[cas    ] put len 512 hash e58c3d57c9d5e599 -> DEDUP to block 987 (no write)
[cas    ] put len 512 hash 973e88cd5385eabf -> DEDUP to block 988 (no write)
[cas    ] put len 512 hash 3c0f7a62f6261495 -> DEDUP to block 989 (no write)
[cas    ] put len 512 hash 1e7f2323b0ba3cd5 -> DEDUP to block 990 (no write)
[cas    ] put len 512 hash 5b2f5a2b83a1c36a -> DEDUP to block 991 (no write)
[cas    ] put len 512 hash 5e0553e4b81effa1 -> DEDUP to block 992 (no write)
[cas    ] put len 512 hash 7413f92c150f4582 -> DEDUP to block 993 (no write)
[cas    ] put len 512 hash 4b3ff8f69fb82aa0 -> DEDUP to block 994 (no write)
[cas    ] put len 512 hash fa2e3aa8c83c145c -> DEDUP to block 995 (no write)
[cas    ] put len 512 hash 2b64c71dc8bf81de -> DEDUP to block 996 (no write)
[cas    ] put len 512 hash b1972bca7e1d74da -> DEDUP to block 997 (no write)
[cas    ] put len 512 hash 35f3c539990d94d0 -> DEDUP to block 998 (no write)
[cas    ] put len 512 hash 2be39fd4d6a07279 -> DEDUP to block 999 (no write)
[cas    ] put len 512 hash be4fab103085ace0 -> DEDUP to block 1000 (no write)
[cas    ] put len 512 hash b8c9ca47430b4400 -> DEDUP to block 1001 (no write)
[cas    ] put len 512 hash 78e5b7ba67581a50 -> DEDUP to block 1002 (no write)
[cas    ] put len 512 hash 35a0bb005c51efc2 -> DEDUP to block 1003 (no write)
[cas    ] put len 512 hash 3fa86393f6b1ae50 -> DEDUP to block 1004 (no write)
[cas    ] put len 373 hash 207bc20d7eaeff91 -> DEDUP to block 1005 (no write)
[cas    ] put len 512 hash 3a6b410610f923f4 -> DEDUP to block 1006 (no write)
[cas    ] put len 512 hash e95ab1ca6b198bcd -> DEDUP to block 1007 (no write)
[cas    ] put len 512 hash 55d30a987421dacf -> DEDUP to block 1008 (no write)
[cas    ] put len 512 hash 3db43ba6bf886a28 -> DEDUP to block 1009 (no write)
[cas    ] put len 512 hash 716e174f66fb5c09 -> DEDUP to block 1010 (no write)
[cas    ] put len 512 hash 68bc605bf8ee55cd -> DEDUP to block 1011 (no write)
[cas    ] put len 512 hash 0a01a529ed928e3f -> DEDUP to block 1012 (no write)
[cas    ] put len 512 hash 0e3f9b20e3a82ee3 -> DEDUP to block 1013 (no write)
[cas    ] put len 512 hash d7e827eb3ab6516d -> DEDUP to block 1014 (no write)
[cas    ] put len 512 hash 9357f540456834f3 -> DEDUP to block 1015 (no write)
[cas    ] put len 512 hash e1390cda2088b036 -> DEDUP to block 1016 (no write)
[cas    ] put len 512 hash bfc44bdba34c5d55 -> DEDUP to block 1017 (no write)
[cas    ] put len 512 hash 9c2e1625e8841027 -> DEDUP to block 1018 (no write)
[cas    ] put len 512 hash 90d58b55e45c052d -> DEDUP to block 1019 (no write)
[cas    ] put len 512 hash 5dec2434199befad -> DEDUP to block 1020 (no write)
[cas    ] put len 512 hash bfd0057337d4433e -> DEDUP to block 1021 (no write)
[cas    ] put len 512 hash 4f0b8732739924da -> DEDUP to block 1022 (no write)
[cas    ] put len 512 hash 4921f5d51307d954 -> DEDUP to block 1023 (no write)
[cas    ] put len 512 hash cd21389e3671549c -> DEDUP to block 1024 (no write)
[cas    ] put len 512 hash 92008a7874c08805 -> DEDUP to block 1025 (no write)
[cas    ] put len 512 hash a1f801f42bcf1d38 -> DEDUP to block 1026 (no write)
[cas    ] put len 512 hash 2253ae5f6eff1a0d -> DEDUP to block 1027 (no write)
[cas    ] put len 512 hash 004725f2c401ce11 -> DEDUP to block 1028 (no write)
[cas    ] put len 512 hash 941e138f8ab81b44 -> DEDUP to block 1029 (no write)
[cas    ] put len 512 hash 413daab22d5eecab -> DEDUP to block 1030 (no write)
[cas    ] put len 512 hash 8487ec9e332bfbe6 -> DEDUP to block 1031 (no write)
[cas    ] put len 512 hash 268de19528a23919 -> DEDUP to block 1032 (no write)
[cas    ] put len 512 hash 654a73b385de960d -> DEDUP to block 1033 (no write)
[cas    ] put len 512 hash 0cdac22bd26cf0e5 -> DEDUP to block 1034 (no write)
[cas    ] put len 512 hash c6fce43173655e61 -> DEDUP to block 1035 (no write)
[cas    ] put len 512 hash 8beda11b1a625ef2 -> DEDUP to block 1036 (no write)
[cas    ] put len 512 hash cf03973ad4238af6 -> DEDUP to block 1037 (no write)
[cas    ] put len 512 hash 990a9e0b60f65753 -> DEDUP to block 1038 (no write)
[cas    ] put len 512 hash e6e04fe80cdd2bde -> DEDUP to block 1039 (no write)
[cas    ] put len 512 hash 1d0b4dd08dfe8b17 -> DEDUP to block 1040 (no write)
[cas    ] put len 512 hash cae8ea1c3fb5d1ed -> DEDUP to block 1041 (no write)
[cas    ] put len 512 hash c35352ca75eb78d1 -> DEDUP to block 1042 (no write)
[cas    ] put len 512 hash e9e6ab87432a04ae -> DEDUP to block 1043 (no write)
[cas    ] put len 512 hash 5105f864b579eba5 -> DEDUP to block 1044 (no write)
[cas    ] put len 512 hash 2fa6473e7d239cf8 -> DEDUP to block 1045 (no write)
[cas    ] put len 512 hash 85778a878e864369 -> DEDUP to block 1046 (no write)
[cas    ] put len 512 hash e11de4f2123e8f1c -> DEDUP to block 1047 (no write)
[cas    ] put len 512 hash 7a38ca5c3966a9fc -> DEDUP to block 1048 (no write)
[cas    ] put len 512 hash c8a72c9c2380dfa5 -> DEDUP to block 1049 (no write)
[cas    ] put len 512 hash d4dc05fee34162b7 -> DEDUP to block 1050 (no write)
[cas    ] put len 512 hash 78b748bbb97c2cd9 -> DEDUP to block 1051 (no write)
[cas    ] put len 512 hash 93d09f2a2582e5fc -> DEDUP to block 1052 (no write)
[cas    ] put len 512 hash da355900519bb07a -> DEDUP to block 1053 (no write)
[cas    ] put len 512 hash 6c86cd4c9ace75a7 -> DEDUP to block 1054 (no write)
[cas    ] put len 512 hash 23a6f83de21b0ab5 -> DEDUP to block 1055 (no write)
[cas    ] put len 274 hash 9cc014ad96bff0fb -> DEDUP to block 1056 (no write)
[cas    ] put len 512 hash b743d74375880d58 -> DEDUP to block 1057 (no write)
[cas    ] put len 512 hash 10cfefbbf5a36189 -> DEDUP to block 1058 (no write)
[cas    ] put len 512 hash 6fb3614f68aa3732 -> DEDUP to block 1059 (no write)
[cas    ] put len 512 hash 37de65b456ef0c46 -> DEDUP to block 1060 (no write)
[cas    ] put len 512 hash 6921841e11b5ae81 -> DEDUP to block 1061 (no write)
[cas    ] put len 512 hash 8a9fa59fb0d4c85a -> DEDUP to block 1062 (no write)
[cas    ] put len 512 hash bbe650b46138c3b7 -> DEDUP to block 1063 (no write)
[cas    ] put len 512 hash 2e1d5b1602560417 -> DEDUP to block 1064 (no write)
[cas    ] put len 512 hash 1c24288fa6440950 -> DEDUP to block 1065 (no write)
[cas    ] put len 512 hash c4e26fcfed1b29fc -> DEDUP to block 1066 (no write)
[cas    ] put len 512 hash 27c2858a175612a8 -> DEDUP to block 1067 (no write)
[cas    ] put len 512 hash 348a0cde5957de4d -> DEDUP to block 1068 (no write)
[cas    ] put len 512 hash 64cf89d91cf59293 -> DEDUP to block 1069 (no write)
[cas    ] put len 512 hash 71eefe5990b66670 -> DEDUP to block 1070 (no write)
[cas    ] put len 512 hash 404bd2d8d8d4f57b -> DEDUP to block 1071 (no write)
[cas    ] put len 512 hash 15f461abcd42f43f -> DEDUP to block 1072 (no write)
[cas    ] put len 512 hash d2c974550d28c8a9 -> DEDUP to block 1073 (no write)
[cas    ] put len 512 hash 26a4cee79560a544 -> DEDUP to block 1074 (no write)
[cas    ] put len 512 hash 1bdb476353bd46bd -> DEDUP to block 1075 (no write)
[cas    ] put len 512 hash 1dfa7ee3b0047808 -> DEDUP to block 1076 (no write)
[cas    ] put len 512 hash cee00098244eb0d3 -> DEDUP to block 1077 (no write)
[cas    ] put len 512 hash 549290676b8a296e -> DEDUP to block 1078 (no write)
[cas    ] put len 512 hash a230231d562b006d -> DEDUP to block 1079 (no write)
[cas    ] put len 512 hash e92efbba8a887bab -> DEDUP to block 1080 (no write)
[cas    ] put len 512 hash 938beee55d30ae09 -> DEDUP to block 1081 (no write)
[cas    ] put len 512 hash c405be691ab7c9ff -> DEDUP to block 1082 (no write)
[cas    ] put len 512 hash f7d4554905b86f4a -> DEDUP to block 1083 (no write)
[cas    ] put len 315 hash 269ca27320d31d79 -> DEDUP to block 1084 (no write)
[cas    ] put len 512 hash 12d3a37a601240e6 -> DEDUP to block 1085 (no write)
[cas    ] put len 512 hash 8680e78d375b9585 -> DEDUP to block 1086 (no write)
[cas    ] put len 338 hash 22db749565fa5b12 -> DEDUP to block 1087 (no write)
[cas    ] put len 160 hash daf5f63dbf2f0d8c -> DEDUP to block 1088 (no write)
[cas    ] put len 286 hash b1a99739d1fb3603 -> DEDUP to block 1089 (no write)
[cas    ] put len 221 hash bcbc801d317e12ac -> DEDUP to block 1090 (no write)
[sdk    ] installed 16/16 SDK files (79346 bytes): 7 headers in /usr/include, the runtime + README in /usr/lib, the toolchain's and the shell's own sources in /src
[cas    ] put len 70 hash 84244543d2d93a3d -> block 1126 (stored)
[cas    ] put len 512 hash aea49363f1ef848d -> DEDUP to block 1092 (no write)
[cas    ] put len 512 hash fb04efdab6d2ed4d -> DEDUP to block 1093 (no write)
[cas    ] put len 376 hash 7f4fe244e98a0963 -> DEDUP to block 1094 (no write)
[vfs    ] directory:
[vfs    ]   /bin/init  (138592 bytes, 271 chunks, hash 0fca4ed790e71383)
[vfs    ]   /bin/occ  (138592 bytes, 271 chunks, hash 0fca4ed790e71383)
[vfs    ]   /usr/include/outrun_abi.h  (3316 bytes, 7 chunks, hash 317cca280e996074)
[vfs    ]   /usr/include/stdio.h  (1499 bytes, 3 chunks, hash c1d0d51b961ff1fd)
[vfs    ]   /usr/include/stdlib.h  (850 bytes, 2 chunks, hash 15d881c173141bd0)
[vfs    ]   /usr/include/string.h  (236 bytes, 1 chunks, hash 35eb625e4b55e0db)
[vfs    ]   /usr/include/unistd.h  (2840 bytes, 6 chunks, hash da675e1c041189cb)
[vfs    ]   /usr/include/signal.h  (917 bytes, 2 chunks, hash 76fed0b6b26b35c7)
[vfs    ]   /usr/include/pthread.h  (1687 bytes, 4 chunks, hash 67244b48cbfcdf92)
[vfs    ]   /usr/lib/libc.oc  (7683 bytes, 16 chunks, hash 9e3771b906ddef71)
[vfs    ]   /usr/lib/README  (1007 bytes, 2 chunks, hash f420065d37ac7407)
[vfs    ]   /src/vedit.c  (18805 bytes, 37 chunks, hash 77077d3e94b6da6b)
[vfs    ]   /src/omake.c  (25362 bytes, 50 chunks, hash f711df9647dcd1ad)
[vfs    ]   /src/vsh.c  (13627 bytes, 27 chunks, hash dc2488675722b6b8)
[vfs    ]   /src/demo.mk  (850 bytes, 2 chunks, hash 11fccd1f51732532)
[vfs    ]   /src/hello.h  (160 bytes, 1 chunks, hash daf5f63dbf2f0d8c)
[vfs    ]   /src/hello_a.c  (286 bytes, 1 chunks, hash b1a99739d1fb3603)
[vfs    ]   /src/hello_b.c  (221 bytes, 1 chunks, hash bcbc801d317e12ac)
[vfs    ]   motd  (70 bytes, 1 chunks, hash 84244543d2d93a3d)
[vfs    ]   readme  (1400 bytes, 3 chunks, hash 0abbc20b3944d403)
[vfs    ]   readme_copy  (1400 bytes, 3 chunks, hash 0abbc20b3944d403)
[vfs    ]   vtest  (900 bytes, 2 chunks, hash 5c2b7bc5ec9441d5)
[vfs    ]   m66dat  (16384 bytes, 32 chunks, hash 72b8f69d3fbf10a7)
[vfs    ]   cio-26  (1024 bytes, 2 chunks, hash 1b71e663ad03cb25)
[vfs    ]   cio-27  (1024 bytes, 2 chunks, hash c9a14b7130644725)
[vfs    ]   cio-28  (1024 bytes, 2 chunks, hash 502f912d9c956b25)
[vfs    ]   cio-29  (1024 bytes, 2 chunks, hash 65370ef59cd44325)
[vfs    ]   cio-shared  (1024 bytes, 2 chunks, hash 41d2173232019325)
[vfs    ]   cio-34  (1024 bytes, 2 chunks, hash ffacc95e0b2ee325)
[vfs    ]   cio-35  (1024 bytes, 2 chunks, hash 7b7806a1210c9725)
[vfs    ]   cio-36  (1024 bytes, 2 chunks, hash d641108e57866b25)
[vfs    ]   cio-37  (1024 bytes, 2 chunks, hash 75c2edcb6a59d325)
[vfs    ]   cio-55  (1024 bytes, 2 chunks, hash 17fe772680896f25)
[vfs    ]   cio-56  (1024 bytes, 2 chunks, hash 27bda0d4131be325)
[vfs    ]   cio-57  (1024 bytes, 2 chunks, hash e21d71889c764325)
[vfs    ]   cio-58  (1024 bytes, 2 chunks, hash 1ffbfa566057bb25)
[vfs    ]   cio-62  (1024 bytes, 2 chunks, hash 67cb4e4249664325)
[vfs    ]   cio-65  (1024 bytes, 2 chunks, hash 7a8bd84d441cb325)
[vfs    ]   cio-68  (1024 bytes, 2 chunks, hash 241fccf29a0a6b25)
[vfs    ]   cio-71  (1024 bytes, 2 chunks, hash c1e3d9ee81a66725)
[vfs    ]   cio-74  (1024 bytes, 2 chunks, hash fe9a10c62e2dbb25)
[vfs    ]   cio-77  (1024 bytes, 2 chunks, hash 41d2173232019325)
[vfs    ]   ipc-payload  (16 bytes, 1 chunks, hash 30b47d925b331c51)
[vfs    ]   ipc-peer  (8 bytes, 1 chunks, hash d154494560da9e79)
[vfs    ]   vfio-devid  (8 bytes, 1 chunks, hash e6bd86443df8ce07)
[vfs    ]   vfs-crash-test  (24 bytes, 1 chunks, hash f773c1a74e209af8)
[vfs    ]   m72own  (0 bytes, 0 chunks, hash 0000000000000000)
[vfs    ]   /etc/udb.a  (1536 bytes, 3 chunks, hash eb8604a9f8a1b123)
[vfs    ]   /etc/udb.b  (1536 bytes, 3 chunks, hash efd6d7df5e8e3d1f)
[vfs    ]   /src/shared.h  (247 bytes, 1 chunks, hash 4cfe7155ffc43e08)
[vfs    ]   /src/t.c  (2360 bytes, 5 chunks, hash e3e16af83cdebb34)
[vfs    ]   /src/lib2.c  (102 bytes, 1 chunks, hash 2e64e942ff8a2ddf)
[vfs    ]   /bin/t.elf  (12667 bytes, 25 chunks, hash 11924260f65e60ba)
[vfs    ]   /src/cs_hdr.h  (392 bytes, 1 chunks, hash 3093456a4c932555)
[vfs    ]   /src/cs_a.c  (1038 bytes, 3 chunks, hash cbfa83bc1c6154e0)
[vfs    ]   /src/cs_b.c  (76 bytes, 1 chunks, hash d3dd314bfe7e6cfc)
[vfs    ]   /bin/cs.elf  (9921 bytes, 20 chunks, hash dbbd448b5afd5ed7)
[vfs    ]   /src/cs_n.c  (63 bytes, 1 chunks, hash 61a3996ef9809755)
[vfs    ]   /src/emit.c  (44 bytes, 1 chunks, hash 9b7577c215d3fb65)
[vfs    ]   /src/wcx.c  (196 bytes, 1 chunks, hash b4b51765947b68a0)
[vfs    ]   /src/t.vsh  (84 bytes, 1 chunks, hash 62e57e234351c8df)
[vfs    ]   /bin/vsh  (21251 bytes, 42 chunks, hash ffdb21a63ce7db73)
[vfs    ]   /bin/emit  (8201 bytes, 17 chunks, hash 883d1608e48e1ec6)
[vfs    ]   /bin/wcx  (8460 bytes, 17 chunks, hash 3cc6266ba3413928)
[vfs    ]   /bin/omake  (36562 bytes, 72 chunks, hash aee0d615d48a87f7)
[vfs    ]   /bin/lang.elf  (12187 bytes, 24 chunks, hash 8c8ee34d5a7733a2)
[vfs    ]   /bin/hello.elf  (8356 bytes, 17 chunks, hash 047b8db8e7ff4160)
[vfs    ]   /var/omake.stamp  (33 bytes, 1 chunks, hash b4a78c3f13e7a73f)
[vfs    ]   init  (138592 bytes, 271 chunks, hash 0fca4ed790e71383)
[vfs    ]   vfs-reboot-test  (24 bytes, 1 chunks, hash c0d7a911b45ec856)
[vfs    ] read 'readme' (1400 bytes, spans 3 blocks): content verified
[cas    ] put len 32 hash 50fc444c0771b178 -> block 1095 (stored)
[vfs    ] copy-on-write 'motd': hash 84244543d2d93a3d -> 50fc444c0771b178 (immutable blocks, name repointed)
[cas    ] put len 512 hash aea49363f1ef848d -> DEDUP to block 1092 (no write)
[cas    ] put len 512 hash fb04efdab6d2ed4d -> DEDUP to block 1093 (no write)
[cas    ] put len 376 hash 7f4fe244e98a0963 -> DEDUP to block 1094 (no write)
[vfs    ] 'readme_copy' identical to 'readme' -> blocks used +0 (CAS dedup)
-- done --
[udb    ] loaded generation 7, 1 account(s) (both slots valid)
[udb    ] CROSS-BOOT OK: account 'udbreboot' (uid 4242) survived a reboot at generation 7
[udb    ] KDF cost: scrypt(N=1024 r=8 p=1, 1027 KiB) 17 ds/4 = ~42 ms each; PBKDF2(c=4096) 5 ds/4
-- preemptive scheduler + multiple outstanding I/O --
[sched  ] submitted 8 reads without blocking; in-flight now 8
[sched  ] all 8 done; PEAK concurrent in-flight tags = 8
[worker ] tid3 did 4 write+read cycles: verified
[worker ] tid2 did 4 write+read cycles: verified
[worker ] tid4 did 4 write+read cycles: verified
[worker ] tid5 did 4 write+read cycles: verified
[sched  ] 4 worker threads completed; wakes routed to specific TIDs
[sched  ] preemption proof: non-yielding spinner advanced to 5322889 while main
[sched  ]   also ran (0 would mean no time-slicing occurred)
[vblk   ] lifetime interrupt completions: 12879
-- done --
-- async IRQ routing: NIC interrupt wakes a parked thread --
[netd   ] tid2 holds CAP_NETWORK; TX ARP who-has 10.0.2.2
[netd   ] sys_wait_event(NET_RX): parking until the NIC interrupts...
[netd   ] woken by IRQ; RX 76 bytes, ethertype 806
[netd   ] ARP reply: 10.0.2.2 is-at 52:55:a:0:2:2 (parsed in place)
[net    ] zero-copy IP/UDP router: DHCP round-trip through a port filter
[dhcpd  ] tid2 bound UDP port 68 -> execution slot 0
[dhcpd  ] TX DHCPDISCOVER (291 bytes), waiting on port-68 slot...
[dhcpd  ] router delivered 548-byte UDP payload (zero-copy pointer)
[dhcpd  ] DHCP OFFER: offered IP 10.0.2.15, server 10.0.2.2
-- done --
-- Time-Stream Engine: chronological index + local vector query --
[stream ] chronological timeline (27 events, all vector-indexed):
[stream ]  #0  t=763  FILE  vfs: wrote file /bin/init
[stream ]  #1  t=1335  FILE  vfs: wrote file /bin/occ
[stream ]  #2  t=1347  FILE  vfs: wrote file /usr/include/outrun_abi.h
[stream ]  #3  t=1351  FILE  vfs: wrote file /usr/include/stdio.h
[stream ]  #4  t=1356  FILE  vfs: wrote file /usr/include/stdlib.h
[stream ]  #5  t=1359  FILE  vfs: wrote file /usr/include/string.h
[stream ]  #6  t=1372  FILE  vfs: wrote file /usr/include/unistd.h
[stream ]  #7  t=1377  FILE  vfs: wrote file /usr/include/signal.h
[stream ]  #8  t=1384  FILE  vfs: wrote file /usr/include/pthread.h
[stream ]  #9  t=1417  FILE  vfs: wrote file /usr/lib/libc.oc
[stream ]  #10  t=1421  FILE  vfs: wrote file /usr/lib/README
[stream ]  #11  t=1497  FILE  vfs: wrote file /src/vedit.c
[stream ]  #12  t=1606  FILE  vfs: wrote file /src/omake.c
[stream ]  #13  t=1663  FILE  vfs: wrote file /src/vsh.c
[stream ]  #14  t=1667  FILE  vfs: wrote file /src/demo.mk
[stream ]  #15  t=1669  FILE  vfs: wrote file /src/hello.h
[stream ]  #16  t=1672  FILE  vfs: wrote file /src/hello_a.c
[stream ]  #17  t=1675  FILE  vfs: wrote file /src/hello_b.c
[stream ]  #18  t=1684  FILE  vfs: wrote file motd
[stream ]  #19  t=1689  FILE  vfs: wrote file readme
[stream ]  #20  t=1767  FILE  vfs: wrote file motd
[stream ]  #21  t=1775  FILE  vfs: wrote file readme_copy
[stream ]  #22  t=1845  COMM  Sarah: shared the Q3 revenue chart deck
[stream ]  #23  t=1845  COMM  DevTeam: merged the microkernel scheduler patch
[stream ]  #24  t=1845  COMM  Ops: flagged a network gateway DHCP change
[stream ]  #25  t=1845  SYS   netd: received DHCP offer 10.0.2.15 from gateway
[stream ]  #26  t=1845  SYS   sched: ran four concurrent worker threads
[stream ] query "the Q3 chart Sarah sent":
[stream ]   -> COMM Sarah: shared the Q3 revenue chart deck  (score 4)
[stream ]   -> FILE vfs: wrote file /usr/include/pthread.h  (score 1)
[stream ] query "scheduler patch":
[stream ]   -> COMM DevTeam: merged the microkernel scheduler patch  (score 2)
[stream ]   -> FILE vfs: wrote file /src/demo.mk  (score 1)
[stream ] query "dhcp gateway address":
[stream ]   -> COMM Ops: flagged a network gateway DHCP change  (score 2)
[stream ]   -> SYS  netd: received DHCP offer 10.0.2.15 from gateway  (score 2)
-- done --
-- PRODUCTION VALIDATION MATRIX --
[valid  ] capability audit:
[kernel ] spawned pid 3 'audit-none' caps 0000000000000000 — private PML4 @ phys 0000000001019000
[kernel ] spawned pid 4 'audit-fs' caps 0000000000000020 — private PML4 @ phys 000000000101a000
[valid  ]  PASS  sys_open  denied w/o CAP_FILESYSTEM
[valid  ]  PASS  sys_read  denied w/o CAP_FILESYSTEM
[valid  ]  PASS  sys_write denied w/o CAP_FILESYSTEM
[valid  ]  PASS  sys_wait_event denied w/o CAP_NETWORK
[valid  ]  PASS  sys_map_fb denied w/o CAP_FRAMEBUFFER
[valid  ]  PASS  sys_open  passes cap gate w/ CAP_FILESYSTEM
[valid  ] ELF loader bounds-checking:
[elf    ] PT_LOAD vaddr 0000500000000000 filesz 0000000000000000 memsz 0000000000001000 (ro) -> mapped USER (bounds ok)
[valid  ]  PASS  valid minimal ELF accepted
[elf    ] reject: image smaller than ELF header
[valid  ]  PASS  reject: image smaller than header
[elf    ] reject: program header table out of bounds
[valid  ]  PASS  reject: phdr table out of bounds
[elf    ] reject: segment file range out of bounds
[valid  ]  PASS  reject: segment file range out of bounds
[elf    ] reject: segment vaddr 0000000000001000 outside user range
[valid  ]  PASS  reject: segment vaddr outside user range
[elf    ] reject: entry 0000000000001000 outside user range
[valid  ]  PASS  reject: entry outside user range
[elf    ] reject: memsz < filesz
[valid  ]  PASS  reject: memsz < filesz
[valid  ] CAS/VFS round-trip integrity:
[cas    ] put len 512 hash 6404ff35e8dec725 -> DEDUP to block 1091 (no write)
[valid  ]  PASS  CAS put/get byte-exact round-trip
[cas    ] put len 512 hash 6404ff35e8dec725 -> DEDUP to block 1091 (no write)
[valid  ]  PASS  CAS dedup: identical put -> same hash
[valid  ]  PASS  CAS dedup: identical put -> no new block
[valid  ]  PASS  CAS get of unknown hash -> not found
[cas    ] put len 512 hash 510b231af2415325 -> DEDUP to block 1096 (no write)
[cas    ] put len 512 hash 510b231af2415325 -> DEDUP to block 1096 (no write)
[cas    ] put len 276 hash ab06722f02efa055 -> block 1126 (stored)
[valid  ]  PASS  VFS multi-block write/read round-trip
[cas    ] put len 512 hash 510b231af2415325 -> DEDUP to block 1096 (no write)
[cas    ] put len 388 hash 668072e4108a11d5 -> block 1098 (stored)
[valid  ]  PASS  VFS copy-on-write changes file hash
[valid  ] RESULT: 19 passed, 0 failed
[valid  ] ALL CHECKS PASSED — image is production-verified
-- done --
-- EXHAUSTIVE ISOLATION & HARDENING INVARIANTS --
[kernel ] spawned pid 5 'inv-cap' caps 0000000000000000 — private PML4 @ phys 0000000001024000
[invar  ]  PASS  no cap-mask escalates sys_open
[invar  ]  PASS  no cap-mask escalates sys_read
[invar  ]  PASS  no cap-mask escalates sys_write_file
[invar  ]  PASS  no cap-mask escalates sys_wait_event
[invar  ]  PASS  no cap-mask escalates sys_map_framebuffer
[hw     ] DENIED pid 5 'inv-cap' -> 'sensor0': lacks CAP_HW_PASSTHROUGH
[hw     ] DENIED pid 5 'inv-cap' -> 'sensor0': lacks CAP_HW_PASSTHROUGH
[hw     ] DENIED pid 5 'inv-cap' -> 'sensor0': lacks CAP_HW_PASSTHROUGH
[hw     ] DENIED pid 5 'inv-cap' -> 'sensor0': lacks CAP_HW_PASSTHROUGH
[hw     ] DENIED pid 5 'inv-cap' -> 'sensor0': lacks CAP_HW_PASSTHROUGH
[hw     ] DENIED pid 5 'inv-cap' -> 'sensor0': lacks CAP_HW_PASSTHROUGH
[hw     ] DENIED pid 5 'inv-cap' -> 'sensor0': lacks CAP_HW_PASSTHROUGH
[hw     ] DENIED pid 5 'inv-cap' -> 'sensor0': lacks CAP_HW_PASSTHROUGH
[hw     ] DENIED pid 5 'inv-cap' -> 'sensor0': lacks CAP_HW_PASSTHROUGH
[hw     ] DENIED pid 5 'inv-cap' -> 'sensor0': lacks CAP_HW_PASSTHROUGH
[hw     ] DENIED pid 5 'inv-cap' -> 'sensor0': lacks CAP_HW_PASSTHROUGH
[hw     ] DENIED pid 5 'inv-cap' -> 'sensor0': lacks CAP_HW_PASSTHROUGH
[hw     ] DENIED pid 5 'inv-cap' -> 'sensor0': lacks CAP_HW_PASSTHROUGH
[hw     ] DENIED pid 5 'inv-cap' -> 'sensor0': lacks CAP_HW_PASSTHROUGH
[hw     ] DENIED pid 5 'inv-cap' -> 'sensor0': lacks CAP_HW_PASSTHROUGH
[hw     ] DENIED pid 5 'inv-cap' -> 'sensor0': lacks CAP_HW_PASSTHROUGH
[hw     ] DENIED pid 5 'inv-cap' -> 'sensor0': lacks CAP_HW_PASSTHROUGH
[hw     ] DENIED pid 5 'inv-cap' -> 'sensor0': lacks CAP_HW_PASSTHROUGH
[hw     ] DENIED pid 5 'inv-cap' -> 'sensor0': lacks CAP_HW_PASSTHROUGH
[hw     ] DENIED pid 5 'inv-cap' -> 'sensor0': lacks CAP_HW_PASSTHROUGH
[hw     ] DENIED pid 5 'inv-cap' -> 'sensor0': lacks CAP_HW_PASSTHROUGH
[hw     ] DENIED pid 5 'inv-cap' -> 'sensor0': lacks CAP_HW_PASSTHROUGH
[hw     ] DENIED pid 5 'inv-cap' -> 'sensor0': lacks CAP_HW_PASSTHROUGH
[hw     ] DENIED pid 5 'inv-cap' -> 'sensor0': lacks CAP_HW_PASSTHROUGH
[hw     ] DENIED pid 5 'inv-cap' -> 'sensor0': lacks CAP_HW_PASSTHROUGH
[hw     ] DENIED pid 5 'inv-cap' -> 'sensor0': lacks CAP_HW_PASSTHROUGH
[hw     ] DENIED pid 5 'inv-cap' -> 'sensor0': lacks CAP_HW_PASSTHROUGH
[hw     ] DENIED pid 5 'inv-cap' -> 'sensor0': lacks CAP_HW_PASSTHROUGH
[hw     ] DENIED pid 5 'inv-cap' -> 'sensor0': lacks CAP_HW_PASSTHROUGH
[hw     ] DENIED pid 5 'inv-cap' -> 'sensor0': lacks CAP_HW_PASSTHROUGH
[hw     ] DENIED pid 5 'inv-cap' -> 'sensor0': lacks CAP_HW_PASSTHROUGH
[hw     ] DENIED pid 5 'inv-cap' -> 'sensor0': lacks CAP_HW_PASSTHROUGH
[invar  ]  PASS  no cap-mask escalates sys_hw_passthrough
[invar  ] capability space swept: 192/192 denial checks held
[kernel ] spawned pid 6 'inv-A' caps 0000000000000000 — private PML4 @ phys 0000000001025000
[kernel ] spawned pid 7 'inv-B' caps 0000000000000000 — private PML4 @ phys 0000000001026000
[invar  ]  PASS  same vaddr resolves to A's own frame in A
[invar  ]  PASS  same vaddr resolves to B's own frame in B
[invar  ]  PASS  processes get physically distinct frames
[invar  ]  PASS  A-private page is NOT visible in B
[invar  ]  PASS  user page PTE present + USER + WRITE
[invar  ]  PASS  kernel page reachable via shared identity
[invar  ]  PASS  kernel page is SUPERVISOR-only (ring3 blocked)
[invar  ]  PASS  processes SHARE identity PML4[0]
[invar  ]  PASS  processes SHARE device-MMIO PML4[0xC0]
[invar  ]  PASS  processes have PRIVATE user PML4[0xA0]
[kernel ] spawned pid 8 'inv-hw' caps 0000000000000003 — private PML4 @ phys 0000000001033000
[kernel ] spawned pid 9 'inv-hw2' caps 0000000000000001 — private PML4 @ phys 0000000001034000
[invar  ]  PASS  passthrough rejects invalid device handle
[hw     ] GRANT  pid 8 'inv-hw' -> 'sensor0': phys 0000000001003000 mapped at vaddr 0000400200000000 (1 pages)
[invar  ]  PASS  passthrough grants valid device w/ HW+device cap
[hw     ] DENIED pid 9 'inv-hw2' -> 'sensor0': missing device capability
[invar  ]  PASS  passthrough denies device w/o its device-cap (2-level gate)
[invar  ]  PASS  granted device page is USER + cache-disabled
[invar  ]  PASS  device mapping absent from an unrelated space
[invar  ] RESULT: 21 passed, 0 failed
[invar  ] CORE SECURITY BOUNDARY VERIFIED — isolation is airtight
-- done --
[kernel ] ring-3 enabled: GDT (8 TSS slots) + BSP TSS loaded, SYSCALL/SYSRET armed
[kernel ]   STAR kern=0x08 user=0x1B, LSTAR=00000000001012f0, TSS0.rsp0=00000000002864c0
-- SMP GROUNDWORK: boot every core, prove the cross-core protocols --
[smp    ] MADT: 4 enabled cpu(s): apic0 apic1 apic2 apic3
[smp    ] BSP: apic id 0, LAPIC at 00000000fee00000 (virtual-wire kept: PIT/PIC unchanged)
[smp    ] trampoline staged: 166 bytes at 0000000000008000 (R+X), mailbox at 0000000000009000 (RW+NX)
[smp    ] cpu1 online: long mode, own TSS (sel 0000000000000040)+SYSCALL, LAPIC id 1, gs 00000000004d0fd0
[smp    ] cpu2 online: long mode, own TSS (sel 0000000000000050)+SYSCALL, LAPIC id 2, gs 00000000004d1120
[smp    ] cpu3 online: long mode, own TSS (sel 0000000000000060)+SYSCALL, LAPIC id 3, gs 00000000004d1270
[smp    ] 4/4 cpus online — scheduler stays BSP-only BY POLICY (invariants preserved)
-- done --
-- STRESS & ENFORCEMENT (fault injection + TLB/CR3 + W^X/NX) --
[stress ]  PASS  kernel address space has ZERO writable+executable pages
[stress ] scanned 2058 kernel leaf pages, 0 W+X
[kernel ] spawned pid 10 'stress-wx' caps 0000000000000020 — private PML4 @ phys 000000000103a000
[stress ]  PASS  user address space has ZERO writable+executable pages
[stress ]  PASS  executing a data page traps (#PF, NX enforced)
[stress ]  PASS  writing to R+X kernel code traps (#PF, code immutable)
[stress ]  PASS  writing to R+NX kernel .rodata traps (#PF, constants immutable)
[stress ] .rodata window 0000000000158000..0000000000195000 (244 KiB), NX and write-protected
[stress ]  PASS  invlpg after remap: no stale TLB entry (sees new frame, all cores shot down)
[kernel ] spawned pid 11 'churn-A' caps 0000000000000000 — private PML4 @ phys 0000000001045000
[kernel ] spawned pid 12 'churn-B' caps 0000000000000000 — private PML4 @ phys 0000000001046000
[stress ]  PASS  20000 CR3 switches under preemption keep spaces isolated
[stress ]  PASS  page-table auditor detects a flipped reserved bit
[kernel ] spawned pid 13 'oom' caps 0000000000000020 — private PML4 @ phys 000000000104f000
[stress ]  PASS  allocator exhaustion returns failure cleanly (no panic)
[kernel ] spawned pid 14 'stack-bomb' caps 0000000000000000 — private PML4 @ phys 0000000001054000

[kernel ] --> RING 3 as pid 14 'stack-bomb' (entry 0000500000000000, caps 0000000000000000, cr3 0000000001054000)

[guard  ] STACK OVERFLOW: ring-3 pid 14 hit guard page @ 0000500000fefff8 — task terminated
[kernel ] <-- RING 0: 'stack-bomb' returned via SYS_EXIT
[stress ]  PASS  ring-3 stack overflow trapped by guard page
[stress ]  PASS  stack canary detects local buffer overflow
[stress ] RESULT: 11 passed, 0 failed
[stress ] STRESS & ENFORCEMENT CLEAN — no races, W^X/NX hold
-- done --
-- SYSCALL ARGUMENT FUZZING --
[kernel ] spawned pid 15 'fuzz' caps 0000000000000000 — private PML4 @ phys 000000000105e000
[fuzz   ]  PASS  SYS_OPEN valid user name pointer succeeds
[fuzz   ]  PASS  SYS_OPEN kernel-address name rejected (EFAULT)
[fuzz   ]  PASS  SYS_WRITE kernel-address string rejected (no kernel leak)
[fuzz   ]  PASS  SYS_WRITE unmapped user pointer rejected
[fuzz   ]  PASS  SYS_READ into kernel memory rejected (no kernel write)
[fuzz   ]  PASS  SYS_READ into valid user buffer succeeds
[fuzz   ] 20000 randomized calls: 12322 rejected, 7678 ok — kernel never faulted
[fuzz   ]  PASS  post-fuzz: kernel still has ZERO writable+executable pages
[fuzz   ]  PASS  post-fuzz: fuzz process isolation intact (private user PML4)
[fuzz   ] RESULT: 8 passed, 0 failed
[fuzz   ] SYSCALL BOUNDARY HARDENED — all adversarial pointers rejected
-- done --
-- DESCRIPTOR-TABLE INTEGRITY SWEEP (background, tick-driven) --
[sweep  ] armed=1  batch=64 entries/tick @ 100 Hz
[sweep  ] full passes completed: 61
[sweep  ] leaf entries audited:  127399
[sweep  ] violations found:      0
[sweep  ] injecting reserved-bit flip into live PD entry 3 ...
[sweep  ]  PASS  background sweep caught corruption at va 0000000000600000 after 26 ticks
[sweep  ] entry repaired; violations counter now 1
-- done --
-- SMP: per-CPU state, IPIs, TLB shootdown, cross-core atomics --
[smp    ] 4 cpu(s) in MADT, 4 online
[smp    ]  PASS  every MADT-enumerated cpu reached 64-bit kernel C (or single-cpu boot)
[smp    ]  PASS  per-CPU areas via GS: each cpu sees its own identity, APIC ids distinct
[smp    ]  PASS  targeted fixed-vector IPI delivered to and acknowledged by every AP
[smp    ] 4 cpus x 100000 lock-xadd -> counter 400000 (want 400000)
[smp    ]  PASS  concurrent lock-xadd from ALL cpus totals exactly (no lost increment)
[smp    ] shootdown of 0000500000050000: 3/3 remote acks; remote reads primed=1 fresh=1
[smp    ]  PASS  TLB shootdown acknowledged by every remote cpu
[smp    ]  PASS  after remap+shootdown every remote cpu reads the NEW frame (primed on the old one first)
[smp    ] RESULT: 6 passed, 0 failed
[smp    ] SMP GROUNDWORK VERIFIED — every core boots, IPIs and shootdowns are real
-- done --
-- PARALLEL WORK DISPATCH: work-stealing job runner across cores --
[par    ] 2048 units over 4 core(s): cpu0=772 cpu1=320 cpu2=484 cpu3=472 | result d522f943ba492800 vs serial d522f943ba492800
[par    ]  PASS  work conservation: every unit processed exactly once (sum of claims == units)
[par    ]  PASS  correctness: parallel reduction equals the serial reference bit-for-bit
[par    ]  PASS  distribution: the job was spread across multiple cores (or 1 on a uniprocessor)
[par    ]  PASS  sensitivity: a one-bit change to the data changes the parallel result
[par    ]  PASS  determinism: restoring the data reproduces the original result
[par    ] RESULT: 5 passed, 0 failed
[par    ] PARALLEL DISPATCH VERIFIED — all cores share the work, reduction is exact
-- done --
-- PARALLEL PAGE-TABLE INTEGRITY AUDIT (real workload on all cores) --
[audit  ] enumerated 515 PD-entry units across the kernel address space
[audit  ]  PASS  enumeration fit the audit table (no truncation)
[audit  ] 515 units over 4 core(s): cpu0=355 cpu1=143 cpu2=1 cpu3=16 | parallel viol 0 vs serial 0
[audit  ]  PASS  work conservation: every enumerated unit audited exactly once
[audit  ]  PASS  clean kernel: the parallel audit finds ZERO violations
[audit  ]  PASS  parallel verdict equals the serial auditor bit-for-bit
[audit  ]  PASS  distribution: the audit was spread across cores (or 1 on a uniprocessor)
[audit  ] injected 1 corruption at huge PDE 3 -> parallel audit saw 1 (want 1), after repair 0
[audit  ]  PASS  injected reserved-bit corruption is CAUGHT by the parallel audit
[audit  ]  PASS  after repair the parallel audit returns to a clean verdict
[audit  ] RESULT: 7 passed, 0 failed
[audit  ] PARALLEL INTEGRITY AUDIT VERIFIED — all cores, exact, corruption caught
-- done --
[cas    ] put len 512 hash 6404ff35e8dec725 -> DEDUP to block 1091 (no write)
[cas    ] put len 512 hash 6404ff35e8dec725 -> DEDUP to block 1091 (no write)
[cas    ] put len 512 hash 6404ff35e8dec725 -> DEDUP to block 1091 (no write)
[cas    ] put len 512 hash 6404ff35e8dec725 -> DEDUP to block 1091 (no write)
[cas    ] put len 512 hash 6404ff35e8dec725 -> DEDUP to block 1091 (no write)
[cas    ] put len 512 hash 6404ff35e8dec725 -> DEDUP to block 1091 (no write)
[cas    ] put len 512 hash 6404ff35e8dec725 -> DEDUP to block 1091 (no write)
[cas    ] put len 512 hash 6404ff35e8dec725 -> DEDUP to block 1091 (no write)
[cas    ] put len 512 hash 6404ff35e8dec725 -> DEDUP to block 1091 (no write)
[cas    ] put len 512 hash 6404ff35e8dec725 -> DEDUP to block 1091 (no write)
[cas    ] put len 512 hash 6404ff35e8dec725 -> DEDUP to block 1091 (no write)
[cas    ] put len 512 hash 6404ff35e8dec725 -> DEDUP to block 1091 (no write)
[cas    ] put len 512 hash 6404ff35e8dec725 -> DEDUP to block 1091 (no write)
[cas    ] put len 512 hash 6404ff35e8dec725 -> DEDUP to block 1091 (no write)
[cas    ] put len 512 hash 6404ff35e8dec725 -> DEDUP to block 1091 (no write)
[cas    ] put len 512 hash 6404ff35e8dec725 -> DEDUP to block 1091 (no write)
[cas    ] put len 512 hash 6404ff35e8dec725 -> DEDUP to block 1091 (no write)
[cas    ] put len 512 hash 6404ff35e8dec725 -> DEDUP to block 1091 (no write)
[cas    ] put len 512 hash 6404ff35e8dec725 -> DEDUP to block 1091 (no write)
[cas    ] put len 512 hash 6404ff35e8dec725 -> DEDUP to block 1091 (no write)
[cas    ] put len 512 hash 6404ff35e8dec725 -> DEDUP to block 1091 (no write)
[cas    ] put len 512 hash 6404ff35e8dec725 -> DEDUP to block 1091 (no write)
[cas    ] put len 512 hash 6404ff35e8dec725 -> DEDUP to block 1091 (no write)
[cas    ] put len 512 hash 6404ff35e8dec725 -> DEDUP to block 1091 (no write)
[cas    ] put len 512 hash 6404ff35e8dec725 -> DEDUP to block 1091 (no write)
[cas    ] put len 512 hash 6404ff35e8dec725 -> DEDUP to block 1091 (no write)
[cas    ] put len 512 hash 6404ff35e8dec725 -> DEDUP to block 1091 (no write)
[cas    ] put len 512 hash 6404ff35e8dec725 -> DEDUP to block 1091 (no write)
[cas    ] put len 512 hash 6404ff35e8dec725 -> DEDUP to block 1091 (no write)
[cas    ] put len 512 hash 6404ff35e8dec725 -> DEDUP to block 1091 (no write)
[cas    ] put len 512 hash 6404ff35e8dec725 -> DEDUP to block 1091 (no write)
[cas    ] put len 512 hash 6404ff35e8dec725 -> DEDUP to block 1091 (no write)
[cas    ] put len 512 hash 95855603ad6f2f65 -> DEDUP to block 1097 (no write)
-- MULTI-CORE SCHEDULING: an AP autonomously runs a ring-3 thread --
[kernel ] spawned pid 16 'mc-thread' caps 0000000000000000 — private PML4 @ phys 000000000119f000
[elf    ] PT_LOAD vaddr 0000500000000000 filesz 000000000001b713 memsz 000000000001b713 (ro) -> mapped USER (bounds ok)
[elf    ] PT_LOAD vaddr 000050000001c000 filesz 0000000000003f20 memsz 0000000000003f20 (ro) -> mapped USER (bounds ok)
[elf    ] PT_LOAD vaddr 0000500000020000 filesz 0000000000000284 memsz 0000000000037fe0 (rw) -> mapped USER (bounds ok)
[mcsched] queued pid 16 on cpu1's run queue (apic 1); the AP pulls it itself
  [mc :r3] ring-3 thread executing on an APPLICATION PROCESSOR
  [mc :r3] SYS_GETPID via the AP's own SYSCALL path -> pid 0000000000000010
[mcsched]  PASS  an application processor executed the ring-3 thread and it returned
[mcsched]  PASS  the AP's capability gate resolved the thread's identity (exit code == pid)
[mcsched] cpu1 ran pid 16 -> exit code 16 (want 16) [ran_on mask 2]
[mcsched] RESULT: 2 passed, 0 failed
[mcsched] MULTI-CORE SCHEDULING VERIFIED — a ring-3 thread ran on an application processor
-- done --
-- CONCURRENT SCHEDULING: per-CPU queues, stealing, several cores in ring 3 at once --
[kernel ] spawned pid 17 'mcq-probe' caps 0000000000000000 — private PML4 @ phys 000000000119f000
[elf    ] PT_LOAD vaddr 0000500000000000 filesz 000000000001b713 memsz 000000000001b713 (ro) -> mapped USER (bounds ok)
[elf    ] PT_LOAD vaddr 000050000001c000 filesz 0000000000003f20 memsz 0000000000003f20 (ro) -> mapped USER (bounds ok)
[elf    ] PT_LOAD vaddr 0000500000020000 filesz 0000000000000284 memsz 0000000000037fe0 (rw) -> mapped USER (bounds ok)
[kernel ] spawned pid 18 'mcq-probe' caps 0000000000000000 — private PML4 @ phys 0000000001200000
[elf    ] PT_LOAD vaddr 0000500000000000 filesz 000000000001b713 memsz 000000000001b713 (ro) -> mapped USER (bounds ok)
[elf    ] PT_LOAD vaddr 000050000001c000 filesz 0000000000003f20 memsz 0000000000003f20 (ro) -> mapped USER (bounds ok)
[elf    ] PT_LOAD vaddr 0000500000020000 filesz 0000000000000284 memsz 0000000000037fe0 (rw) -> mapped USER (bounds ok)
[kernel ] spawned pid 19 'mcq-probe' caps 0000000000000000 — private PML4 @ phys 0000000001261000
[elf    ] PT_LOAD vaddr 0000500000000000 filesz 000000000001b713 memsz 000000000001b713 (ro) -> mapped USER (bounds ok)
[elf    ] PT_LOAD vaddr 000050000001c000 filesz 0000000000003f20 memsz 0000000000003f20 (ro) -> mapped USER (bounds ok)
[elf    ] PT_LOAD vaddr 0000500000020000 filesz 0000000000000284 memsz 0000000000037fe0 (rw) -> mapped USER (bounds ok)
[kernel ] spawned pid 20 'mcq-probe' caps 0000000000000000 — private PML4 @ phys 00000000012c2000
[elf    ] PT_LOAD vaddr 0000500000000000 filesz 000000000001b713 memsz 000000000001b713 (ro) -> mapped USER (bounds ok)
[elf    ] PT_LOAD vaddr 000050000001c000 filesz 0000000000003f20 memsz 0000000000003f20 (ro) -> mapped USER (bounds ok)
[elf    ] PT_LOAD vaddr 0000500000020000 filesz 0000000000000284 memsz 0000000000037fe0 (rw) -> mapped USER (bounds ok)
[mcq    ] 3 task(s) piled on cpu1's queue alone; waking every AP to pull/steal
[mcq    ] BSP entering ring 3 CONCURRENTLY with the APs...
[mcq    ]   pid 17: exit 17 (want 17)  ran_on mask 1  finish#4
[mcq    ]   pid 18: exit 18 (want 18)  ran_on mask 2  finish#2
[mcq    ]   pid 19: exit 19 (want 19)  ran_on mask 4  finish#3
[mcq    ]   pid 20: exit 20 (want 20)  ran_on mask 8  finish#5
[mcq    ]   cpu0 ran 1 task(s), stole 0
[mcq    ]   cpu1 ran 1 task(s), stole 0
[mcq    ]   cpu2 ran 1 task(s), stole 1
[mcq    ]   cpu3 ran 1 task(s), stole 1
[mcq    ] ring-3 concurrency high-water mark: 4 core(s) at once
[mcq    ]  PASS  every probe ran to completion
[mcq    ]  PASS  every exit code == its pid (no identity bleed across per-CPU entry paths)
[mcq    ]  PASS  the executed-task count matches the probes dispatched
[mcq    ]  PASS  two or more cores were IN RING 3 SIMULTANEOUSLY (the v0.39 headline)
[mcq    ]  PASS  idle APs STOLE work from cpu1's overloaded queue (dynamic balancing)
[mcq    ]  PASS  more than one AP executed tasks (the pile-up was spread out)
[mcq    ] RESULT: 6 passed, 0 failed
[mcq    ] CONCURRENT SCHEDULING VERIFIED — queues drained autonomously, ring 3 in parallel
-- done --
-- IPI PREEMPTION: force a ring-3 thread off its core mid-loop, resume it on ANOTHER --
[kernel ] spawned pid 21 'mcpre-long' caps 0000000000000000 — private PML4 @ phys 00000000012c2000
[elf    ] PT_LOAD vaddr 0000500000000000 filesz 000000000001b713 memsz 000000000001b713 (ro) -> mapped USER (bounds ok)
[elf    ] PT_LOAD vaddr 000050000001c000 filesz 0000000000003f20 memsz 0000000000003f20 (ro) -> mapped USER (bounds ok)
[elf    ] PT_LOAD vaddr 0000500000020000 filesz 0000000000000284 memsz 0000000000037fe0 (rw) -> mapped USER (bounds ok)
[kernel ] spawned pid 22 'mcpre-hi' caps 0000000000000000 — private PML4 @ phys 000000000119f000
[elf    ] PT_LOAD vaddr 0000500000000000 filesz 000000000001b713 memsz 000000000001b713 (ro) -> mapped USER (bounds ok)
[elf    ] PT_LOAD vaddr 000050000001c000 filesz 0000000000003f20 memsz 0000000000003f20 (ro) -> mapped USER (bounds ok)
[elf    ] PT_LOAD vaddr 0000500000020000 filesz 0000000000000284 memsz 0000000000037fe0 (rw) -> mapped USER (bounds ok)
[mcpre  ] long probe reached ring 3 on cpu1 in 0 tick(s) (ceiling 6000)
[mcpre  ] pid 21 is mid-loop in ring 3 on cpu1; queueing pid 22 AT THE FRONT and firing IPI 50
[mcpre  ] cpu1 preempt_count +1 (deferred at CPL0: 0); long: exit 21 ran_on 6 finish#7 | hi: exit 22 ran_on 8 finish#6
[mcpre  ]  PASS  the cross-core IPI PREEMPTED the running ring-3 thread (context captured mid-loop)
[mcpre  ]  PASS  the high-priority thread ran on the freed core and completed (exit == pid)
[mcpre  ]  PASS  the preempted thread RESUMED and finished intact (registers/stack/identity: exit == pid)
[mcpre  ]  PASS  completion order inverted: the later, higher-priority thread finished FIRST
[mcpre  ]  PASS  the captured context MIGRATED CORES: started on cpu1, finished on cpu2
[mcpre  ] RESULT: 5 passed, 0 failed
[mcpre  ] IPI PREEMPTION VERIFIED — a ring-3 context was forced out, migrated, and resumed
-- done --
-- TIME-SLICING: one AP round-robins several ring-3 threads off its own LAPIC timer --
[kernel ] spawned pid 23 'slice-probe' caps 0000000000000000 — private PML4 @ phys 00000000012c2000
[elf    ] PT_LOAD vaddr 0000500000000000 filesz 000000000001b713 memsz 000000000001b713 (ro) -> mapped USER (bounds ok)
[elf    ] PT_LOAD vaddr 000050000001c000 filesz 0000000000003f20 memsz 0000000000003f20 (ro) -> mapped USER (bounds ok)
[elf    ] PT_LOAD vaddr 0000500000020000 filesz 0000000000000284 memsz 0000000000037fe0 (rw) -> mapped USER (bounds ok)
[kernel ] spawned pid 24 'slice-probe' caps 0000000000000000 — private PML4 @ phys 000000000119f000
[elf    ] PT_LOAD vaddr 0000500000000000 filesz 000000000001b713 memsz 000000000001b713 (ro) -> mapped USER (bounds ok)
[elf    ] PT_LOAD vaddr 000050000001c000 filesz 0000000000003f20 memsz 0000000000003f20 (ro) -> mapped USER (bounds ok)
[elf    ] PT_LOAD vaddr 0000500000020000 filesz 0000000000000284 memsz 0000000000037fe0 (rw) -> mapped USER (bounds ok)
[kernel ] spawned pid 25 'slice-probe' caps 0000000000000000 — private PML4 @ phys 0000000001261000
[elf    ] PT_LOAD vaddr 0000500000000000 filesz 000000000001b713 memsz 000000000001b713 (ro) -> mapped USER (bounds ok)
[elf    ] PT_LOAD vaddr 000050000001c000 filesz 0000000000003f20 memsz 0000000000003f20 (ro) -> mapped USER (bounds ok)
[elf    ] PT_LOAD vaddr 0000500000020000 filesz 0000000000000284 memsz 0000000000037fe0 (rw) -> mapped USER (bounds ok)
[slice  ] 3 threads on cpu1's queue, slice gate OPEN — its timer takes it from here
[slice  ]   cpu1's timer sliced 7 context(s) out mid-loop
[slice  ]   cpu2's timer sliced 7 context(s) out mid-loop
[slice  ]   cpu3's timer sliced 7 context(s) out mid-loop
[slice  ] dispatch order (all cores): 23 24 25 23 24 25 23 24 25 23 24 25 23 24 25 23 24 25 23 24 25 23 24 25
[slice  ]   pid 23: exit 23 (want 23)  dispatched 8 time(s)  ran_on 2
[slice  ]   pid 24: exit 24 (want 24)  dispatched 8 time(s)  ran_on 8
[slice  ]   pid 25: exit 25 (want 25)  dispatched 8 time(s)  ran_on 4
[slice  ]  PASS  all three threads completed with intact checksums (exit == pid) despite slicing
[slice  ]  PASS  AP timers forced context switches (total slice count >= 2)
[slice  ]  PASS  every thread was set down and picked back up (each dispatched >= 2 times)
[slice  ]  PASS  the dispatch log shows ROUND-ROBIN interleaving (>= 4 alternations between threads)
[slice  ] RESULT: 4 passed, 0 failed
[slice  ] TIME-SLICING VERIFIED — an AP preemptively multitasks ring-3 threads on its own clock
-- done --
-- CONCURRENT IO: BSP + APs execute VFS/CAS/surface syscalls simultaneously --
[kernel ] spawned pid 26 'cio-file' caps 0000000000000020 — private PML4 @ phys 000000000119f000
[elf    ] PT_LOAD vaddr 0000500000000000 filesz 000000000001b713 memsz 000000000001b713 (ro) -> mapped USER (bounds ok)
[elf    ] PT_LOAD vaddr 000050000001c000 filesz 0000000000003f20 memsz 0000000000003f20 (ro) -> mapped USER (bounds ok)
[elf    ] PT_LOAD vaddr 0000500000020000 filesz 0000000000000284 memsz 0000000000037fe0 (rw) -> mapped USER (bounds ok)
[kernel ] spawned pid 27 'cio-file' caps 0000000000000020 — private PML4 @ phys 0000000001261000
[elf    ] PT_LOAD vaddr 0000500000000000 filesz 000000000001b713 memsz 000000000001b713 (ro) -> mapped USER (bounds ok)
[elf    ] PT_LOAD vaddr 000050000001c000 filesz 0000000000003f20 memsz 0000000000003f20 (ro) -> mapped USER (bounds ok)
[elf    ] PT_LOAD vaddr 0000500000020000 filesz 0000000000000284 memsz 0000000000037fe0 (rw) -> mapped USER (bounds ok)
[kernel ] spawned pid 28 'cio-file' caps 0000000000000020 — private PML4 @ phys 00000000012c2000
[elf    ] PT_LOAD vaddr 0000500000000000 filesz 000000000001b713 memsz 000000000001b713 (ro) -> mapped USER (bounds ok)
[elf    ] PT_LOAD vaddr 000050000001c000 filesz 0000000000003f20 memsz 0000000000003f20 (ro) -> mapped USER (bounds ok)
[elf    ] PT_LOAD vaddr 0000500000020000 filesz 0000000000000284 memsz 0000000000037fe0 (rw) -> mapped USER (bounds ok)
[kernel ] spawned pid 29 'cio-file' caps 0000000000000020 — private PML4 @ phys 0000000001200000
[elf    ] PT_LOAD vaddr 0000500000000000 filesz 000000000001b713 memsz 000000000001b713 (ro) -> mapped USER (bounds ok)
[elf    ] PT_LOAD vaddr 000050000001c000 filesz 0000000000003f20 memsz 0000000000003f20 (ro) -> mapped USER (bounds ok)
[elf    ] PT_LOAD vaddr 0000500000020000 filesz 0000000000000284 memsz 0000000000037fe0 (rw) -> mapped USER (bounds ok)
[kernel ] spawned pid 30 'cio-surf' caps 0000000000000040 — private PML4 @ phys 0000000001323000
[elf    ] PT_LOAD vaddr 0000500000000000 filesz 000000000001b713 memsz 000000000001b713 (ro) -> mapped USER (bounds ok)
[elf    ] PT_LOAD vaddr 000050000001c000 filesz 0000000000003f20 memsz 0000000000003f20 (ro) -> mapped USER (bounds ok)
[elf    ] PT_LOAD vaddr 0000500000020000 filesz 0000000000000284 memsz 0000000000037fe0 (rw) -> mapped USER (bounds ok)
[kernel ] spawned pid 31 'cio-surf' caps 0000000000000040 — private PML4 @ phys 0000000001384000
[elf    ] PT_LOAD vaddr 0000500000000000 filesz 000000000001b713 memsz 000000000001b713 (ro) -> mapped USER (bounds ok)
[elf    ] PT_LOAD vaddr 000050000001c000 filesz 0000000000003f20 memsz 0000000000003f20 (ro) -> mapped USER (bounds ok)
[elf    ] PT_LOAD vaddr 0000500000020000 filesz 0000000000000284 memsz 0000000000037fe0 (rw) -> mapped USER (bounds ok)
[cas    ] put len 512 hash 16c88502da606f25 -> block 1126 (stored)
[cas    ] put len 512 hash 16c88502da606f25 -> DEDUP to block 1126 (no write)
[cas    ] put len 512 hash f7771db7687e3525 -> block 1103 (stored)
[cas    ] put len 512 hash f7771db7687e3525 -> DEDUP to block 1103 (no write)
[cas    ] put len 512 hash da68ad7a2ba9c725 -> block 1101 (stored)
[cas    ] put len 512 hash da68ad7a2ba9c725 -> DEDUP to block 1101 (no write)
[cas    ] put len 512 hash 683dff86887ab325 -> block 1100 (stored)
[cas    ] put len 512 hash 683dff86887ab325 -> DEDUP to block 1100 (no write)
[cas    ] put len 512 hash 53c11ff5a77cc725 -> block 1099 (stored)
[cas    ] put len 512 hash 53c11ff5a77cc725 -> DEDUP to block 1099 (no write)
[cio    ] 5 workers queued on 3 APs; BSP entering ring 3 with its own file worker
[cas    ] put len 512 hash 751ae4196671dd25 -> block 1289 (stored)
[cas    ] put len 512 hash 751ae4196671dd25 -> DEDUP to block 1289 (no write)
[cas    ] put len 512 hash eca08411bb16c725 -> block 1101 (stored)
[cas    ] put len 512 hash eca08411bb16c725 -> DEDUP to block 1101 (no write)
[cas    ] put len 512 hash 4809e6c59e0e5f25 -> block 1100 (stored)
[cas    ] put len 512 hash 4809e6c59e0e5f25 -> DEDUP to block 1100 (no write)
[cas    ] put len 512 hash eca08411bb16c725 -> DEDUP to block 1101 (no write)
[cas    ] put len 512 hash eca08411bb16c725 -> DEDUP to block 1101 (no write)
[cas    ] put len 512 hash 751ae4196671dd25 -> DEDUP to block 1289 (no write)
[cas    ] put len 512 hash 751ae4196671dd25 -> DEDUP to block 1289 (no write)
[cas    ] put len 512 hash 1ca318f360da8925 -> block 1099 (stored)
[cas    ] put len 512 hash 1ca318f360da8925 -> DEDUP to block 1099 (no write)
[cas    ] put len 512 hash 6b5e3055140e6325 -> block 1101 (stored)
[cas    ] put len 512 hash 6b5e3055140e6325 -> DEDUP to block 1101 (no write)
[cas    ] put len 512 hash 4809e6c59e0e5f25 -> DEDUP to block 1100 (no write)
[cas    ] put len 512 hash 4809e6c59e0e5f25 -> DEDUP to block 1100 (no write)
[cas    ] put len 512 hash 1ca318f360da8925 -> DEDUP to block 1099 (no write)
[cas    ] put len 512 hash 1ca318f360da8925 -> DEDUP to block 1099 (no write)
[cas    ] put len 512 hash 0b590a9bb8c43325 -> block 1103 (stored)
[cas    ] put len 512 hash 0b590a9bb8c43325 -> DEDUP to block 1103 (no write)
[cas    ] put len 512 hash 60a5faf6856c5f25 -> block 1126 (stored)
[cas    ] put len 512 hash 60a5faf6856c5f25 -> DEDUP to block 1126 (no write)
[cas    ] put len 512 hash 0b590a9bb8c43325 -> DEDUP to block 1103 (no write)
[cas    ] put len 512 hash 0b590a9bb8c43325 -> DEDUP to block 1103 (no write)
[cas    ] put len 512 hash 77c875e013111725 -> block 1099 (stored)
[cas    ] put len 512 hash 77c875e013111725 -> DEDUP to block 1099 (no write)
[cas    ] put len 512 hash 77c875e013111725 -> DEDUP to block 1099 (no write)
[cas    ] put len 512 hash 77c875e013111725 -> DEDUP to block 1099 (no write)
[cas    ] put len 512 hash 60a5faf6856c5f25 -> DEDUP to block 1126 (no write)
[cas    ] put len 512 hash 60a5faf6856c5f25 -> DEDUP to block 1126 (no write)
[cas    ] put len 512 hash f4d54f796431db25 -> DEDUP to block 1116 (no write)
[cas    ] put len 512 hash f4d54f796431db25 -> DEDUP to block 1116 (no write)
[cas    ] put len 512 hash 41f0d3bd144beb25 -> block 1100 (stored)
[cas    ] put len 512 hash 41f0d3bd144beb25 -> DEDUP to block 1100 (no write)
[cas    ] put len 512 hash 6b5e3055140e6325 -> DEDUP to block 1101 (no write)
[cas    ] put len 512 hash 6b5e3055140e6325 -> DEDUP to block 1101 (no write)
[cas    ] put len 512 hash 5c0cb4979c3b3325 -> block 1099 (stored)
[cas    ] put len 512 hash 5c0cb4979c3b3325 -> DEDUP to block 1099 (no write)
[cas    ] put len 512 hash 41f0d3bd144beb25 -> DEDUP to block 1100 (no write)
[cas    ] put len 512 hash 41f0d3bd144beb25 -> DEDUP to block 1100 (no write)
[cas    ] put len 512 hash f4d54f796431db25 -> DEDUP to block 1116 (no write)
[cas    ] put len 512 hash f4d54f796431db25 -> DEDUP to block 1116 (no write)
[cas    ] put len 512 hash 5c0cb4979c3b3325 -> DEDUP to block 1099 (no write)
[cas    ] put len 512 hash 5c0cb4979c3b3325 -> DEDUP to block 1099 (no write)
[cas    ] put len 512 hash d233bdd2e3fb3525 -> block 1103 (stored)
[cas    ] put len 512 hash d233bdd2e3fb3525 -> DEDUP to block 1103 (no write)
[cas    ] put len 512 hash a7c35d39c5cbc725 -> block 1100 (stored)
[cas    ] put len 512 hash a7c35d39c5cbc725 -> DEDUP to block 1100 (no write)
[surface] pid 30 owns surface 6 (64x64) DOUBLE-BUFFERED at user vaddr 0000530000000000 (+4 pages back)
[surface] slot 6 reclaimed on owner exit — 8 pages (phys 00000000013e5000) back on the free list
[cas    ] put len 512 hash d233bdd2e3fb3525 -> DEDUP to block 1103 (no write)
[surface] pid 30 owns surface 6 (64x64) DOUBLE-BUFFERED at user vaddr 0000530000000000 (+4 pages back) (recycled pixel buffers)
[cas    ] put len 512 hash d233bdd2e3fb3525 -> DEDUP to block 1103 (no write)
[surface] slot 6 reclaimed on owner exit — 8 pages (phys 00000000013e5000) back on the free list
[surface] pid 31 owns surface 7 (64x64) DOUBLE-BUFFERED at user vaddr 0000530000000000 (+4 pages back) (recycled pixel buffers)
[surface] slot 7 reclaimed on owner exit — 8 pages (phys 00000000013e5000) back on the free list
[surface] pid 31 owns surface 7 (64x64) DOUBLE-BUFFERED at user vaddr 0000530000000000 (+4 pages back) (recycled pixel buffers)
[cas    ] put len 512 hash a7c35d39c5cbc725 -> DEDUP to block 1100 (no write)
[surface] slot 7 reclaimed on owner exit — 8 pages (phys 00000000013e5000) back on the free list
[cas    ] put len 512 hash a7c35d39c5cbc725 -> DEDUP to block 1100 (no write)
[cas    ] put len 512 hash b687b3ba465c9f25 -> block 1126 (stored)
[cas    ] put len 512 hash b687b3ba465c9f25 -> DEDUP to block 1126 (no write)
[cas    ] put len 512 hash b687b3ba465c9f25 -> DEDUP to block 1126 (no write)
[cas    ] put len 512 hash b687b3ba465c9f25 -> DEDUP to block 1126 (no write)
[cas    ] put len 512 hash 6c6cd45d24dda925 -> block 1101 (stored)
[cas    ] put len 512 hash 6c6cd45d24dda925 -> DEDUP to block 1101 (no write)
[cas    ] put len 512 hash 6c6cd45d24dda925 -> DEDUP to block 1101 (no write)
[cas    ] put len 512 hash 6c6cd45d24dda925 -> DEDUP to block 1101 (no write)
[cas    ] put len 512 hash bc8500dbc142f725 -> block 1126 (stored)
[cas    ] put len 512 hash bc8500dbc142f725 -> DEDUP to block 1126 (no write)
[cas    ] put len 512 hash bc8500dbc142f725 -> DEDUP to block 1126 (no write)
[cas    ] put len 512 hash bc8500dbc142f725 -> DEDUP to block 1126 (no write)
[cio    ]  PASS  all six workers ran to completion (watchdog: no cross-core deadlock)
[cio    ]   pid 26 'cio-file': exit 26 (want 26)  ran_on 1
[cio    ]   pid 27 'cio-file': exit 27 (want 27)  ran_on 2
[cio    ]   pid 28 'cio-file': exit 28 (want 28)  ran_on 4
[cio    ]   pid 29 'cio-file': exit 29 (want 29)  ran_on 8
[cio    ]   pid 30 'cio-surf': exit 30 (want 30)  ran_on 8
[cio    ]   pid 31 'cio-surf': exit 31 (want 31)  ran_on 8
[cio    ]  PASS  every worker verified every byte it read back (exit == pid, no 6xx/7xx)
[cio    ]   cpu0 dispatched 32 file syscalls
[cio    ]   cpu1 dispatched 32 file syscalls
[cio    ]   cpu2 dispatched 32 file syscalls
[cio    ]   cpu3 dispatched 32 file syscalls
[cio    ]  PASS  file syscalls were dispatched by >= 2 distinct cores
[cio    ] file-syscall in-flight high-water: 46
[cio    ]  PASS  >= 2 cores were INSIDE file syscalls at the same instant
[cio    ]  PASS  each worker file holds EXACTLY its final-round pattern (no torn write)
[cio    ]  PASS  the shared file (16 racing writes) is ONE uniform image (whole-file writes atomic)
[cio    ]  PASS  directory: no duplicate names claimed by racing writers
[cio    ]  PASS  every live chunk hash resolves in the CAS index
[cio    ] allocation bitmap: 1290 bits set, superblock used_blocks 1290
[cio    ]  PASS  used_blocks == popcount(bitmap) (no double-allocated or leaked block)
[cio    ]  PASS  descriptor array fully released after the storm
[cio    ] surface free list: 1 chunk(s)
[cio    ]  PASS  both churn surfaces were reclaimed on exit (AP exit path reclaims now)
[cio    ]  PASS  free-list pixel chunks are pairwise disjoint (no double-free/overlap)
[cio    ]   lock ofile (rank 1): 1176 acquisitions, 7 contended
[cio    ]   lock vfs (rank 2): 213 acquisitions, 68 contended
[cio    ]   lock cas (rank 3): 10276 acquisitions, 0 contended
[cio    ]   lock vblk (rank 4): 18796 acquisitions, 0 contended
[cio    ]   lock surf (rank 5): 21 acquisitions, 0 contended
[cio    ]  PASS  no lock left held at quiescence
[cio    ]  PASS  ZERO rank violations across the whole run (lock order held everywhere)
[cio    ] RESULT: 14 passed, 0 failed
[cio    ] CONCURRENT IO VERIFIED — the VFS/CAS/surface stack is multi-core reentrant
-- done --
-- SMP STRESS: mixed workload + v0.49 TLB shootdown/affinity/migration, biased across every core --
[kernel ] spawned pid 32 'smp-stress' caps 0000000000000040 — private PML4 @ phys 000000000119f000
[elf    ] PT_LOAD vaddr 0000500000000000 filesz 000000000001b713 memsz 000000000001b713 (ro) -> mapped USER (bounds ok)
[elf    ] PT_LOAD vaddr 000050000001c000 filesz 0000000000003f20 memsz 0000000000003f20 (ro) -> mapped USER (bounds ok)
[elf    ] PT_LOAD vaddr 0000500000020000 filesz 0000000000000284 memsz 0000000000037fe0 (rw) -> mapped USER (bounds ok)
[kernel ] spawned pid 33 'smp-stress' caps 0000000000000040 — private PML4 @ phys 00000000012c2000
[elf    ] PT_LOAD vaddr 0000500000000000 filesz 000000000001b713 memsz 000000000001b713 (ro) -> mapped USER (bounds ok)
[elf    ] PT_LOAD vaddr 000050000001c000 filesz 0000000000003f20 memsz 0000000000003f20 (ro) -> mapped USER (bounds ok)
[elf    ] PT_LOAD vaddr 0000500000020000 filesz 0000000000000284 memsz 0000000000037fe0 (rw) -> mapped USER (bounds ok)
[kernel ] spawned pid 34 'smp-stress' caps 0000000000000020 — private PML4 @ phys 0000000001384000
[elf    ] PT_LOAD vaddr 0000500000000000 filesz 000000000001b713 memsz 000000000001b713 (ro) -> mapped USER (bounds ok)
[elf    ] PT_LOAD vaddr 000050000001c000 filesz 0000000000003f20 memsz 0000000000003f20 (ro) -> mapped USER (bounds ok)
[elf    ] PT_LOAD vaddr 0000500000020000 filesz 0000000000000284 memsz 0000000000037fe0 (rw) -> mapped USER (bounds ok)
[cas    ] put len 512 hash 476bec07673a5325 -> block 1101 (stored)
[cas    ] put len 512 hash 476bec07673a5325 -> DEDUP to block 1101 (no write)
[kernel ] spawned pid 35 'smp-stress' caps 0000000000000020 — private PML4 @ phys 000000000138a000
[elf    ] PT_LOAD vaddr 0000500000000000 filesz 000000000001b713 memsz 000000000001b713 (ro) -> mapped USER (bounds ok)
[elf    ] PT_LOAD vaddr 000050000001c000 filesz 0000000000003f20 memsz 0000000000003f20 (ro) -> mapped USER (bounds ok)
[elf    ] PT_LOAD vaddr 0000500000020000 filesz 0000000000000284 memsz 0000000000037fe0 (rw) -> mapped USER (bounds ok)
[cas    ] put len 512 hash fdb47022d5709925 -> block 1102 (stored)
[cas    ] put len 512 hash fdb47022d5709925 -> DEDUP to block 1102 (no write)
[kernel ] spawned pid 36 'smp-stress' caps 0000000000000020 — private PML4 @ phys 0000000001267000
[elf    ] PT_LOAD vaddr 0000500000000000 filesz 000000000001b713 memsz 000000000001b713 (ro) -> mapped USER (bounds ok)
[elf    ] PT_LOAD vaddr 000050000001c000 filesz 0000000000003f20 memsz 0000000000003f20 (ro) -> mapped USER (bounds ok)
[elf    ] PT_LOAD vaddr 0000500000020000 filesz 0000000000000284 memsz 0000000000037fe0 (rw) -> mapped USER (bounds ok)
[cas    ] put len 512 hash 18d4c639ce7e3725 -> block 1104 (stored)
[cas    ] put len 512 hash 18d4c639ce7e3725 -> DEDUP to block 1104 (no write)
[kernel ] spawned pid 37 'smp-stress' caps 0000000000000020 — private PML4 @ phys 0000000001329000
[elf    ] PT_LOAD vaddr 0000500000000000 filesz 000000000001b713 memsz 000000000001b713 (ro) -> mapped USER (bounds ok)
[elf    ] PT_LOAD vaddr 000050000001c000 filesz 0000000000003f20 memsz 0000000000003f20 (ro) -> mapped USER (bounds ok)
[elf    ] PT_LOAD vaddr 0000500000020000 filesz 0000000000000284 memsz 0000000000037fe0 (rw) -> mapped USER (bounds ok)
[cas    ] put len 512 hash 15b15b1791ff7b25 -> block 1105 (stored)
[cas    ] put len 512 hash 15b15b1791ff7b25 -> DEDUP to block 1105 (no write)
[kernel ] spawned pid 38 'smp-stress' caps 0000000000000000 — private PML4 @ phys 00000000013ed000
[elf    ] PT_LOAD vaddr 0000500000000000 filesz 000000000001b713 memsz 000000000001b713 (ro) -> mapped USER (bounds ok)
[elf    ] PT_LOAD vaddr 000050000001c000 filesz 0000000000003f20 memsz 0000000000003f20 (ro) -> mapped USER (bounds ok)
[elf    ] PT_LOAD vaddr 0000500000020000 filesz 0000000000000284 memsz 0000000000037fe0 (rw) -> mapped USER (bounds ok)
[kernel ] spawned pid 39 'smp-stress' caps 0000000000000000 — private PML4 @ phys 000000000144e000
[elf    ] PT_LOAD vaddr 0000500000000000 filesz 000000000001b713 memsz 000000000001b713 (ro) -> mapped USER (bounds ok)
[elf    ] PT_LOAD vaddr 000050000001c000 filesz 0000000000003f20 memsz 0000000000003f20 (ro) -> mapped USER (bounds ok)
[elf    ] PT_LOAD vaddr 0000500000020000 filesz 0000000000000284 memsz 0000000000037fe0 (rw) -> mapped USER (bounds ok)
[kernel ] spawned pid 40 'smp-stress' caps 0000000000000000 — private PML4 @ phys 00000000014af000
[elf    ] PT_LOAD vaddr 0000500000000000 filesz 000000000001b713 memsz 000000000001b713 (ro) -> mapped USER (bounds ok)
[elf    ] PT_LOAD vaddr 000050000001c000 filesz 0000000000003f20 memsz 0000000000003f20 (ro) -> mapped USER (bounds ok)
[elf    ] PT_LOAD vaddr 0000500000020000 filesz 0000000000000284 memsz 0000000000037fe0 (rw) -> mapped USER (bounds ok)
[kernel ] spawned pid 41 'smp-stress' caps 0000000000000000 — private PML4 @ phys 0000000001510000
[elf    ] PT_LOAD vaddr 0000500000000000 filesz 000000000001b713 memsz 000000000001b713 (ro) -> mapped USER (bounds ok)
[elf    ] PT_LOAD vaddr 000050000001c000 filesz 0000000000003f20 memsz 0000000000003f20 (ro) -> mapped USER (bounds ok)
[elf    ] PT_LOAD vaddr 0000500000020000 filesz 0000000000000284 memsz 0000000000037fe0 (rw) -> mapped USER (bounds ok)
[cas    ] put len 512 hash dcf9aab778309f25 -> block 1107 (stored)
[cas    ] put len 512 hash dcf9aab778309f25 -> DEDUP to block 1107 (no write)
[smpstrs] 10 workers (2 surface + 4 VFS + 4 syscall) biased round-robin across 4 cores
[surface] pid 33 owns surface 7 (64x64) DOUBLE-BUFFERED at user vaddr 0000530000000000 (+4 pages back) (recycled pixel buffers)
[surface] pid 32 owns surface 6 (64x64) DOUBLE-BUFFERED at user vaddr 0000530000000000 (+4 pages back)
[surface] slot 7 reclaimed on owner exit — 8 pages (phys 00000000013e5000) back on the free list
[surface] pid 33 owns surface 7 (64x64) DOUBLE-BUFFERED at user vaddr 0000530000000000 (+4 pages back) (recycled pixel buffers)
[surface] slot 6 reclaimed on owner exit — 8 pages (phys 0000000001574000) back on the free list
[surface] pid 32 owns surface 6 (64x64) DOUBLE-BUFFERED at user vaddr 0000530000000000 (+4 pages back) (recycled pixel buffers)
[surface] slot 7 reclaimed on owner exit — 8 pages (phys 00000000013e5000) back on the free list
[cas    ] put len 512 hash 0dda4b3e985b8b25 -> block 1289 (stored)
[surface] slot 6 reclaimed on owner exit — 8 pages (phys 0000000001574000) back on the free list
[cas    ] put len 512 hash 0dda4b3e985b8b25 -> DEDUP to block 1289 (no write)
[cas    ] put len 512 hash 4c440c8773a70325 -> block 1102 (stored)
[cas    ] put len 512 hash 4c440c8773a70325 -> DEDUP to block 1102 (no write)
[cas    ] put len 512 hash 1da8e73a0a4ebb25 -> block 1105 (stored)
[cas    ] put len 512 hash 1da8e73a0a4ebb25 -> DEDUP to block 1105 (no write)
[cas    ] put len 512 hash 0dda4b3e985b8b25 -> DEDUP to block 1289 (no write)
[cas    ] put len 512 hash 0dda4b3e985b8b25 -> DEDUP to block 1289 (no write)
[cas    ] put len 512 hash 4c440c8773a70325 -> DEDUP to block 1102 (no write)
[cas    ] put len 512 hash 4c440c8773a70325 -> DEDUP to block 1102 (no write)
[cas    ] put len 512 hash 1da8e73a0a4ebb25 -> DEDUP to block 1105 (no write)
[cas    ] put len 512 hash 1da8e73a0a4ebb25 -> DEDUP to block 1105 (no write)
[cas    ] put len 512 hash eb841c765f973325 -> block 1101 (stored)
[cas    ] put len 512 hash eb841c765f973325 -> DEDUP to block 1101 (no write)
[cas    ] put len 512 hash 49d82685c139c925 -> block 1107 (stored)
[cas    ] put len 512 hash 49d82685c139c925 -> DEDUP to block 1107 (no write)
[cas    ] put len 512 hash 3f0b668bf3624725 -> block 1104 (stored)
[cas    ] put len 512 hash 3f0b668bf3624725 -> DEDUP to block 1104 (no write)
[cas    ] put len 512 hash ce74f9bde46ffd25 -> block 1289 (stored)
[cas    ] put len 512 hash ce74f9bde46ffd25 -> DEDUP to block 1289 (no write)
[cas    ] put len 512 hash 3f0b668bf3624725 -> DEDUP to block 1104 (no write)
[cas    ] put len 512 hash 3f0b668bf3624725 -> DEDUP to block 1104 (no write)
[cas    ] put len 512 hash ce74f9bde46ffd25 -> DEDUP to block 1289 (no write)
[cas    ] put len 512 hash ce74f9bde46ffd25 -> DEDUP to block 1289 (no write)
[cas    ] put len 512 hash eb841c765f973325 -> DEDUP to block 1101 (no write)
[cas    ] put len 512 hash eb841c765f973325 -> DEDUP to block 1101 (no write)
[cas    ] put len 512 hash 06239da2bfd7c925 -> block 1102 (stored)
[cas    ] put len 512 hash 06239da2bfd7c925 -> DEDUP to block 1102 (no write)
[cas    ] put len 512 hash 34e68523327bab25 -> block 1104 (stored)
[cas    ] put len 512 hash 34e68523327bab25 -> DEDUP to block 1104 (no write)
[cas    ] put len 512 hash 67f9f2c9e70a9325 -> block 1105 (stored)
[cas    ] put len 512 hash 67f9f2c9e70a9325 -> DEDUP to block 1105 (no write)
[cas    ] put len 512 hash 06239da2bfd7c925 -> DEDUP to block 1102 (no write)
[cas    ] put len 512 hash 06239da2bfd7c925 -> DEDUP to block 1102 (no write)
[cas    ] put len 512 hash 49d82685c139c925 -> DEDUP to block 1107 (no write)
[cas    ] put len 512 hash 49d82685c139c925 -> DEDUP to block 1107 (no write)
[cas    ] put len 512 hash 67f9f2c9e70a9325 -> DEDUP to block 1105 (no write)
[cas    ] put len 512 hash 67f9f2c9e70a9325 -> DEDUP to block 1105 (no write)
[cas    ] put len 512 hash 34e68523327bab25 -> DEDUP to block 1104 (no write)
[cas    ] put len 512 hash 34e68523327bab25 -> DEDUP to block 1104 (no write)
[cas    ] put len 512 hash dffea1f1e3af5d25 -> block 1101 (stored)
[cas    ] put len 512 hash dffea1f1e3af5d25 -> DEDUP to block 1101 (no write)
[cas    ] put len 512 hash f080decace288325 -> block 1289 (stored)
[cas    ] put len 512 hash f080decace288325 -> DEDUP to block 1289 (no write)
[cas    ] put len 512 hash db6ad8b32fddfb25 -> block 1102 (stored)
[cas    ] put len 512 hash db6ad8b32fddfb25 -> DEDUP to block 1102 (no write)
[cas    ] put len 512 hash db6ad8b32fddfb25 -> DEDUP to block 1102 (no write)
[cas    ] put len 512 hash db6ad8b32fddfb25 -> DEDUP to block 1102 (no write)
[cas    ] put len 512 hash f080decace288325 -> DEDUP to block 1289 (no write)
[cas    ] put len 512 hash f080decace288325 -> DEDUP to block 1289 (no write)
  [mc :r3] ring-3 thread executing on an APPLICATION PROCESSOR
  [mc :r3] SYS_GETPID via the AP's own SYSCALL path -> pid 0000000000000029
  [mc :r3] ring-3 thread executing on an APPLICATION PROCESSOR[cas    ] put len 512 hash dffea1f1e3af5d25 -> DEDUP to block 1101 (no write)
  [mc :r3] SYS_GETPID via the AP's own SYSCALL path -> pid 
0000000000000026
  [mc :r3] ring-3 thread executing on an APPLICATION PROCESSOR
  [mc :r3] SYS_GETPID via the AP's own SYSCALL path -> pid 0000000000000027
[cas    ] put len 512 hash dffea1f1e3af5d25 -> DEDUP to block 1101 (no write)  [mc :r3] ring-3 thread executing on an APPLICATION PROCESSOR

  [mc :r3] SYS_GETPID via the AP's own SYSCALL path -> pid 0000000000000028
[cas    ] put len 512 hash 24e37d4a77f08725 -> block 1104 (stored)
[cas    ] put len 512 hash 24e37d4a77f08725 -> DEDUP to block 1104 (no write)
[cas    ] put len 512 hash 24e37d4a77f08725 -> DEDUP to block 1104 (no write)
[cas    ] put len 512 hash 24e37d4a77f08725 -> DEDUP to block 1104 (no write)
[cas    ] put len 512 hash 89dac747637a2325 -> block 1105 (stored)
[cas    ] put len 512 hash 89dac747637a2325 -> DEDUP to block 1105 (no write)
[cas    ] put len 512 hash 89dac747637a2325 -> DEDUP to block 1105 (no write)
[cas    ] put len 512 hash 89dac747637a2325 -> DEDUP to block 1105 (no write)
[cas    ] put len 512 hash e258dea3c1444725 -> block 1104 (stored)
[cas    ] put len 512 hash e258dea3c1444725 -> DEDUP to block 1104 (no write)
[cas    ] put len 512 hash e258dea3c1444725 -> DEDUP to block 1104 (no write)
[cas    ] put len 512 hash e258dea3c1444725 -> DEDUP to block 1104 (no write)
[smpstrs]   pid 32 role 10: exit 32 (want 32) ran_on 1
[smpstrs]   pid 33 role 10: exit 33 (want 33) ran_on 2
[smpstrs]   pid 34 role 9: exit 34 (want 34) ran_on 4
[smpstrs]   pid 35 role 9: exit 35 (want 35) ran_on 8
[smpstrs]   pid 36 role 9: exit 36 (want 36) ran_on 1
[smpstrs]   pid 37 role 9: exit 37 (want 37) ran_on 2
[smpstrs]   pid 38 role 6: exit 38 (want 38) ran_on 2
[smpstrs]   pid 39 role 6: exit 39 (want 39) ran_on 2
[smpstrs]   pid 40 role 6: exit 40 (want 40) ran_on 2
[smpstrs]   pid 41 role 6: exit 41 (want 41) ran_on 2
[smpstrs]  PASS  no watchdog timeout — every worker reached a terminal state (no deadlock)
[smpstrs]  PASS  every worker's exit code == its pid (no 6xx/7xx: VFS/surface work was correct)
[smpstrs] 4 distinct core(s) executed part of this mixed workload
[smpstrs]  PASS  >= 2 distinct cores executed part of the mix (bias + stealing both worked)
[smpstrs]  PASS  ZERO cross-core lock-rank violations across the whole mixed run
[smpstrs] -- v0.49 phase 2: TLB shootdown + affinity + remap/unmap migration --
[kernel ] spawned pid 42 'smpstrs-noadmin' caps 0000000000000000 — private PML4 @ phys 0000000001267000
[smpstrs]  PASS  every v0.49 SMP syscall denied without PCAP_SMP_ADMIN
[kernel ] spawned pid 43 'smp-migrate' caps 0000000000000200 — private PML4 @ phys 0000000001264000
[elf    ] PT_LOAD vaddr 0000500000000000 filesz 000000000001b713 memsz 000000000001b713 (ro) -> mapped USER (bounds ok)
[elf    ] PT_LOAD vaddr 000050000001c000 filesz 0000000000003f20 memsz 0000000000003f20 (ro) -> mapped USER (bounds ok)
[elf    ] PT_LOAD vaddr 0000500000020000 filesz 0000000000000284 memsz 0000000000037fe0 (rw) -> mapped USER (bounds ok)
[kernel ] spawned pid 44 'smp-migrate' caps 0000000000000200 — private PML4 @ phys 0000000001200000
[elf    ] PT_LOAD vaddr 0000500000000000 filesz 000000000001b713 memsz 000000000001b713 (ro) -> mapped USER (bounds ok)
[elf    ] PT_LOAD vaddr 000050000001c000 filesz 0000000000003f20 memsz 0000000000003f20 (ro) -> mapped USER (bounds ok)
[elf    ] PT_LOAD vaddr 0000500000020000 filesz 0000000000000284 memsz 0000000000037fe0 (rw) -> mapped USER (bounds ok)
[kernel ] spawned pid 45 'smp-migrate' caps 0000000000000200 — private PML4 @ phys 00000000014b1000
[elf    ] PT_LOAD vaddr 0000500000000000 filesz 000000000001b713 memsz 000000000001b713 (ro) -> mapped USER (bounds ok)
[elf    ] PT_LOAD vaddr 000050000001c000 filesz 0000000000003f20 memsz 0000000000003f20 (ro) -> mapped USER (bounds ok)
[elf    ] PT_LOAD vaddr 0000500000020000 filesz 0000000000000284 memsz 0000000000037fe0 (rw) -> mapped USER (bounds ok)
[kernel ] spawned pid 46 'smp-migrate' caps 0000000000000200 — private PML4 @ phys 0000000001385000
[elf    ] PT_LOAD vaddr 0000500000000000 filesz 000000000001b713 memsz 000000000001b713 (ro) -> mapped USER (bounds ok)
[elf    ] PT_LOAD vaddr 000050000001c000 filesz 0000000000003f20 memsz 0000000000003f20 (ro) -> mapped USER (bounds ok)
[elf    ] PT_LOAD vaddr 0000500000020000 filesz 0000000000000284 memsz 0000000000037fe0 (rw) -> mapped USER (bounds ok)
[kernel ] spawned pid 47 'smp-migrate' caps 0000000000000200 — private PML4 @ phys 0000000001450000
[elf    ] PT_LOAD vaddr 0000500000000000 filesz 000000000001b713 memsz 000000000001b713 (ro) -> mapped USER (bounds ok)
[elf    ] PT_LOAD vaddr 000050000001c000 filesz 0000000000003f20 memsz 0000000000003f20 (ro) -> mapped USER (bounds ok)
[elf    ] PT_LOAD vaddr 0000500000020000 filesz 0000000000000284 memsz 0000000000037fe0 (rw) -> mapped USER (bounds ok)
[kernel ] spawned pid 48 'smp-migrate' caps 0000000000000200 — private PML4 @ phys 00000000013ef000
[elf    ] PT_LOAD vaddr 0000500000000000 filesz 000000000001b713 memsz 000000000001b713 (ro) -> mapped USER (bounds ok)
[elf    ] PT_LOAD vaddr 000050000001c000 filesz 0000000000003f20 memsz 0000000000003f20 (ro) -> mapped USER (bounds ok)
[elf    ] PT_LOAD vaddr 0000500000020000 filesz 0000000000000284 memsz 0000000000037fe0 (rw) -> mapped USER (bounds ok)
[kernel ] spawned pid 49 'smp-migrate' caps 0000000000000200 — private PML4 @ phys 0000000001512000
[elf    ] PT_LOAD vaddr 0000500000000000 filesz 000000000001b713 memsz 000000000001b713 (ro) -> mapped USER (bounds ok)
[elf    ] PT_LOAD vaddr 000050000001c000 filesz 0000000000003f20 memsz 0000000000003f20 (ro) -> mapped USER (bounds ok)
[elf    ] PT_LOAD vaddr 0000500000020000 filesz 0000000000000284 memsz 0000000000037fe0 (rw) -> mapped USER (bounds ok)
[kernel ] spawned pid 50 'smp-migrate' caps 0000000000000200 — private PML4 @ phys 0000000001324000
[elf    ] PT_LOAD vaddr 0000500000000000 filesz 000000000001b713 memsz 000000000001b713 (ro) -> mapped USER (bounds ok)
[elf    ] PT_LOAD vaddr 000050000001c000 filesz 0000000000003f20 memsz 0000000000003f20 (ro) -> mapped USER (bounds ok)
[elf    ] PT_LOAD vaddr 0000500000020000 filesz 0000000000000284 memsz 0000000000037fe0 (rw) -> mapped USER (bounds ok)
[smpstrs]   pid 43 (role 16): exit 43 (want 43) ran_on 1 affinity 1
[smpstrs]   pid 44 (role 16): exit 44 (want 44) ran_on 2 affinity 0
[smpstrs]   pid 45 (role 16): exit 45 (want 45) ran_on 1 affinity 1
[smpstrs]   pid 46 (role 16): exit 46 (want 46) ran_on 4 affinity 0
[smpstrs]   pid 47 (role 16): exit 47 (want 47) ran_on 1 affinity 1
[smpstrs]   pid 48 (role 16): exit 48 (want 48) ran_on 2 affinity 0
[smpstrs]   pid 49 (role 16): exit 49 (want 49) ran_on 1 affinity 1
[smpstrs]   pid 50 (role 16): exit 50 (want 50) ran_on 8 affinity 0
[smpstrs]  PASS  no watchdog timeout — every remap/unmap/migration worker finished (0 IPI deadlocks)
[smpstrs]  PASS  every worker's exit code == its pid (0 stale TLB reads across remap/unmap/migration)
[smpstrs]  PASS  every pid-pinned worker's ran_on stayed inside its affinity mask (cpu0 only)
[smpstrs] phase 2: 1 task(s) stolen, 1 non-blocking steal attempt(s) backed off busy
[smpstrs]  PASS  ZERO cross-core lock-rank violations across the migration phase
[smpstrs] RESULT: 9 passed, 0 failed
[smpstrs] SMP STRESS VERIFIED — mixed syscall/VFS/compositor workload survives across every core
-- done --
-- DMA STRESS: real passthrough/DMA grants held and revoked across genuine kproc exit --
[kernel ] spawned pid 51 'dma-stress' caps 0000000000000003 — private PML4 @ phys 0000000001512000
[elf    ] PT_LOAD vaddr 0000500000000000 filesz 000000000001b713 memsz 000000000001b713 (ro) -> mapped USER (bounds ok)
[elf    ] PT_LOAD vaddr 000050000001c000 filesz 0000000000003f20 memsz 0000000000003f20 (ro) -> mapped USER (bounds ok)
[elf    ] PT_LOAD vaddr 0000500000020000 filesz 0000000000000284 memsz 0000000000037fe0 (rw) -> mapped USER (bounds ok)
[kernel ] spawned pid 52 'dma-stress' caps 0000000000000003 — private PML4 @ phys 000000000156c000
[elf    ] PT_LOAD vaddr 0000500000000000 filesz 000000000001b713 memsz 000000000001b713 (ro) -> mapped USER (bounds ok)
[elf    ] PT_LOAD vaddr 000050000001c000 filesz 0000000000003f20 memsz 0000000000003f20 (ro) -> mapped USER (bounds ok)
[elf    ] PT_LOAD vaddr 0000500000020000 filesz 0000000000000284 memsz 0000000000037fe0 (rw) -> mapped USER (bounds ok)
[kernel ] spawned pid 53 'dma-stress' caps 0000000000000003 — private PML4 @ phys 00000000014aa000
[elf    ] PT_LOAD vaddr 0000500000000000 filesz 000000000001b713 memsz 000000000001b713 (ro) -> mapped USER (bounds ok)
[elf    ] PT_LOAD vaddr 000050000001c000 filesz 0000000000003f20 memsz 0000000000003f20 (ro) -> mapped USER (bounds ok)
[elf    ] PT_LOAD vaddr 0000500000020000 filesz 0000000000000284 memsz 0000000000037fe0 (rw) -> mapped USER (bounds ok)
[kernel ] spawned pid 54 'dma-stress' caps 0000000000000003 — private PML4 @ phys 000000000150b000
[elf    ] PT_LOAD vaddr 0000500000000000 filesz 000000000001b713 memsz 000000000001b713 (ro) -> mapped USER (bounds ok)
[elf    ] PT_LOAD vaddr 000050000001c000 filesz 0000000000003f20 memsz 0000000000003f20 (ro) -> mapped USER (bounds ok)
[elf    ] PT_LOAD vaddr 0000500000020000 filesz 0000000000000284 memsz 0000000000037fe0 (rw) -> mapped USER (bounds ok)
[kernel ] spawned pid 55 'dma-stress' caps 0000000000000020 — private PML4 @ phys 0000000001449000
[elf    ] PT_LOAD vaddr 0000500000000000 filesz 000000000001b713 memsz 000000000001b713 (ro) -> mapped USER (bounds ok)
[elf    ] PT_LOAD vaddr 000050000001c000 filesz 0000000000003f20 memsz 0000000000003f20 (ro) -> mapped USER (bounds ok)
[elf    ] PT_LOAD vaddr 0000500000020000 filesz 0000000000000284 memsz 0000000000037fe0 (rw) -> mapped USER (bounds ok)
[cas    ] put len 512 hash 7d5e5bb2c86a3525 -> block 1105 (stored)
[cas    ] put len 512 hash 7d5e5bb2c86a3525 -> DEDUP to block 1105 (no write)
[kernel ] spawned pid 56 'dma-stress' caps 0000000000000020 — private PML4 @ phys 0000000001332000
[elf    ] PT_LOAD vaddr 0000500000000000 filesz 000000000001b713 memsz 000000000001b713 (ro) -> mapped USER (bounds ok)
[elf    ] PT_LOAD vaddr 000050000001c000 filesz 0000000000003f20 memsz 0000000000003f20 (ro) -> mapped USER (bounds ok)
[elf    ] PT_LOAD vaddr 0000500000020000 filesz 0000000000000284 memsz 0000000000037fe0 (rw) -> mapped USER (bounds ok)
[cas    ] put len 512 hash 0864315f6d949f25 -> block 1107 (stored)
[cas    ] put len 512 hash 0864315f6d949f25 -> DEDUP to block 1107 (no write)
[kernel ] spawned pid 57 'dma-stress' caps 0000000000000020 — private PML4 @ phys 0000000001221000
[elf    ] PT_LOAD vaddr 0000500000000000 filesz 000000000001b713 memsz 000000000001b713 (ro) -> mapped USER (bounds ok)
[elf    ] PT_LOAD vaddr 000050000001c000 filesz 0000000000003f20 memsz 0000000000003f20 (ro) -> mapped USER (bounds ok)
[elf    ] PT_LOAD vaddr 0000500000020000 filesz 0000000000000284 memsz 0000000000037fe0 (rw) -> mapped USER (bounds ok)
[cas    ] put len 512 hash 2b2dd9f3dad22725 -> block 1106 (stored)
[cas    ] put len 512 hash 2b2dd9f3dad22725 -> DEDUP to block 1106 (no write)
[kernel ] spawned pid 58 'dma-stress' caps 0000000000000020 — private PML4 @ phys 0000000001253000
[elf    ] PT_LOAD vaddr 0000500000000000 filesz 000000000001b713 memsz 000000000001b713 (ro) -> mapped USER (bounds ok)
[elf    ] PT_LOAD vaddr 000050000001c000 filesz 0000000000003f20 memsz 0000000000003f20 (ro) -> mapped USER (bounds ok)
[elf    ] PT_LOAD vaddr 0000500000020000 filesz 0000000000000284 memsz 0000000000037fe0 (rw) -> mapped USER (bounds ok)
[cas    ] put len 512 hash e085cb17b8543325 -> block 1109 (stored)
[cas    ] put len 512 hash e085cb17b8543325 -> DEDUP to block 1109 (no write)
[kernel ] spawned pid 59 'dma-stress' caps 0000000000000040 — private PML4 @ phys 0000000001399000
[elf    ] PT_LOAD vaddr 0000500000000000 filesz 000000000001b713 memsz 000000000001b713 (ro) -> mapped USER (bounds ok)
[elf    ] PT_LOAD vaddr 000050000001c000 filesz 0000000000003f20 memsz 0000000000003f20 (ro) -> mapped USER (bounds ok)
[elf    ] PT_LOAD vaddr 0000500000020000 filesz 0000000000000284 memsz 0000000000037fe0 (rw) -> mapped USER (bounds ok)
[kernel ] spawned pid 60 'dma-stress' caps 0000000000000040 — private PML4 @ phys 00000000011fe000
[elf    ] PT_LOAD vaddr 0000500000000000 filesz 000000000001b713 memsz 000000000001b713 (ro) -> mapped USER (bounds ok)
[elf    ] PT_LOAD vaddr 000050000001c000 filesz 0000000000003f20 memsz 0000000000003f20 (ro) -> mapped USER (bounds ok)
[elf    ] PT_LOAD vaddr 0000500000020000 filesz 0000000000000284 memsz 0000000000037fe0 (rw) -> mapped USER (bounds ok)
[cas    ] put len 512 hash 476bec07673a5325 -> block 1108 (stored)
[cas    ] put len 512 hash 476bec07673a5325 -> DEDUP to block 1108 (no write)
[dmastrs] 10 workers (4 DMA-churn + 4 VFS + 2 surface) biased round-robin across 4 cores
[hw     ] GRANT  pid 52 'dma-stress' -> 'sensor0': phys 0000000001003000 mapped at vaddr 0000400d00000000 (1 pages)
[hw     ] GRANT  pid 53 'dma-stress' -> 'sensor0': phys 0000000001003000 mapped at vaddr 0000400d40000000 (1 pages)
[hw     ] GRANT  pid 51 'dma-stress' -> 'sensor0': phys 0000000001003000 mapped at vaddr 0000400cc0000000 (1 pages)
[hw     ] GRANT  pid 54 'dma-stress' -> 'sensor0': phys 0000000001003000 mapped at vaddr 0000400d80000000 (1 pages)
[cas    ] put len 512 hash 39c814782ab9a925 -> block 1111 (stored)
[cas    ] put len 512 hash 39c814782ab9a925 -> DEDUP to block 1111 (no write)
[cas    ] put len 512 hash f2c16c5d6c3e4325 -> block 1107 (stored)
[cas    ] put len 512 hash f2c16c5d6c3e4325 -> DEDUP to block 1107 (no write)
[cas    ] put len 512 hash 39c814782ab9a925 -> DEDUP to block 1111 (no write)
[cas    ] put len 512 hash 39c814782ab9a925 -> DEDUP to block 1111 (no write)
[cas    ] put len 512 hash 883306c5ffebeb25 -> block 1108 (stored)
[cas    ] put len 512 hash 883306c5ffebeb25 -> DEDUP to block 1108 (no write)
[cas    ] put len 512 hash f2c16c5d6c3e4325 -> DEDUP to block 1107 (no write)
[cas    ] put len 512 hash f2c16c5d6c3e4325 -> DEDUP to block 1107 (no write)
[cas    ] put len 512 hash 883306c5ffebeb25 -> DEDUP to block 1108 (no write)
[cas    ] put len 512 hash 883306c5ffebeb25 -> DEDUP to block 1108 (no write)
[cas    ] put len 512 hash f3e1d779b042f725 -> block 1106 (stored)
[cas    ] put len 512 hash f3e1d779b042f725 -> DEDUP to block 1106 (no write)
[cas    ] put len 512 hash 8853658101b3c725 -> block 1109 (stored)
[cas    ] put len 512 hash 8853658101b3c725 -> DEDUP to block 1109 (no write)
[cas    ] put len 512 hash 3a3f56b88e0f3525 -> block 1107 (stored)
[cas    ] put len 512 hash 3a3f56b88e0f3525 -> DEDUP to block 1107 (no write)
[cas    ] put len 512 hash 3a3f56b88e0f3525 -> DEDUP to block 1107 (no write)
[cas    ] put len 512 hash 3a3f56b88e0f3525 -> DEDUP to block 1107 (no write)
[cas    ] put len 512 hash f3e1d779b042f725 -> DEDUP to block 1106 (no write)
[cas    ] put len 512 hash f3e1d779b042f725 -> DEDUP to block 1106 (no write)
[cas    ] put len 512 hash 8853658101b3c725 -> DEDUP to block 1109 (no write)
[cas    ] put len 512 hash 8853658101b3c725 -> DEDUP to block 1109 (no write)
[cas    ] put len 512 hash 809b80e76635ef25 -> block 1108 (stored)
[cas    ] put len 512 hash 809b80e76635ef25 -> DEDUP to block 1108 (no write)
[cas    ] put len 512 hash e2f59a6cfd17ef25 -> block 1107 (stored)
[cas    ] put len 512 hash e2f59a6cfd17ef25 -> DEDUP to block 1107 (no write)
[cas    ] put len 512 hash ac8db1bccaead325 -> block 1105 (stored)
[cas    ] put len 512 hash ac8db1bccaead325 -> DEDUP to block 1105 (no write)
[cas    ] put len 512 hash 809b80e76635ef25 -> DEDUP to block 1108 (no write)
[cas    ] put len 512 hash 809b80e76635ef25 -> DEDUP to block 1108 (no write)
[cas    ] put len 512 hash 3e740ef66f728925 -> block 1106 (stored)
[cas    ] put len 512 hash 3e740ef66f728925 -> DEDUP to block 1106 (no write)
[cas    ] put len 512 hash 3e740ef66f728925 -> DEDUP to block 1106 (no write)
[cas    ] put len 512 hash 3e740ef66f728925 -> DEDUP to block 1106 (no write)
[cas    ] put len 512 hash ac8db1bccaead325 -> DEDUP to block 1105 (no write)
[cas    ] put len 512 hash ac8db1bccaead325 -> DEDUP to block 1105 (no write)
[cas    ] put len 512 hash c059f731fb0cef25 -> block 1109 (stored)
[cas    ] put len 512 hash c059f731fb0cef25 -> DEDUP to block 1109 (no write)
[cas    ] put len 512 hash c059f731fb0cef25 -> DEDUP to block 1109 (no write)
[cas    ] put len 512 hash c059f731fb0cef25 -> DEDUP to block 1109 (no write)
[surface] pid 59 owns surface 7 (64x64) DOUBLE-BUFFERED at user vaddr 0000530000000000 (+4 pages back) (recycled pixel buffers)
[cas    ] put len 512 hash e2f59a6cfd17ef25 -> DEDUP to block 1107 (no write)
[surface] slot 7 reclaimed on owner exit — 8 pages (phys 0000000001574000) back on the free list
[surface] pid 59 owns surface 7 (64x64) DOUBLE-BUFFERED at user vaddr 0000530000000000 (+4 pages back) (recycled pixel buffers)
[surface] slot 7 reclaimed on owner exit — 8 pages (phys 0000000001574000) back on the free list
[cas    ] put len 512 hash e2f59a6cfd17ef25 -> DEDUP to block 1107 (no write)
[surface] pid 60 owns surface 6 (64x64) DOUBLE-BUFFERED at user vaddr 0000530000000000 (+4 pages back) (recycled pixel buffers)
[surface] slot 6 reclaimed on owner exit — 8 pages (phys 0000000001574000) back on the free list
[surface] pid 60 owns surface 6 (64x64) DOUBLE-BUFFERED at user vaddr 0000530000000000 (+4 pages back) (recycled pixel buffers)
[surface] slot 6 reclaimed on owner exit — 8 pages (phys 0000000001574000) back on the free list
[cas    ] put len 512 hash 1cddc760d80c3325 -> block 1106 (stored)
[cas    ] put len 512 hash 1cddc760d80c3325 -> DEDUP to block 1106 (no write)
[cas    ] put len 512 hash 50a0d687781f0325 -> block 1108 (stored)
[cas    ] put len 512 hash 50a0d687781f0325 -> DEDUP to block 1108 (no write)
[cas    ] put len 512 hash 1cddc760d80c3325 -> DEDUP to block 1106 (no write)
[cas    ] put len 512 hash 1cddc760d80c3325 -> DEDUP to block 1106 (no write)
[cas    ] put len 512 hash 50a0d687781f0325 -> DEDUP to block 1108 (no write)
[cas    ] put len 512 hash 50a0d687781f0325 -> DEDUP to block 1108 (no write)
[cas    ] put len 512 hash fa90b9db9a1c0b25 -> block 1105 (stored)
[cas    ] put len 512 hash fa90b9db9a1c0b25 -> DEDUP to block 1105 (no write)
[cas    ] put len 512 hash fa90b9db9a1c0b25 -> DEDUP to block 1105 (no write)
[cas    ] put len 512 hash fa90b9db9a1c0b25 -> DEDUP to block 1105 (no write)
[cas    ] put len 512 hash 9170cc4bc2363725 -> block 1107 (stored)
[cas    ] put len 512 hash 9170cc4bc2363725 -> DEDUP to block 1107 (no write)
[cas    ] put len 512 hash 9170cc4bc2363725 -> DEDUP to block 1107 (no write)
[cas    ] put len 512 hash 9170cc4bc2363725 -> DEDUP to block 1107 (no write)
[cas    ] put len 512 hash e03f3400edbdc925 -> block 1105 (stored)
[cas    ] put len 512 hash e03f3400edbdc925 -> DEDUP to block 1105 (no write)
[cas    ] put len 512 hash e03f3400edbdc925 -> DEDUP to block 1105 (no write)
[cas    ] put len 512 hash e03f3400edbdc925 -> DEDUP to block 1105 (no write)
[dmastrs]   pid 51 role 11: exit 51 (want 51) grants=0 slpt=0000000000000000 finish#37
[dmastrs]   pid 52 role 11: exit 52 (want 52) grants=0 slpt=0000000000000000 finish#35
[dmastrs]   pid 53 role 11: exit 53 (want 53) grants=0 slpt=0000000000000000 finish#36
[dmastrs]   pid 54 role 11: exit 54 (want 54) grants=0 slpt=0000000000000000 finish#38
[dmastrs]   pid 55 role 9: exit 55 (want 55) grants=0 slpt=0000000000000000 finish#44
[dmastrs]   pid 56 role 9: exit 56 (want 56) grants=0 slpt=0000000000000000 finish#43
[dmastrs]   pid 57 role 9: exit 57 (want 57) grants=0 slpt=0000000000000000 finish#42
[dmastrs]   pid 58 role 9: exit 58 (want 58) grants=0 slpt=0000000000000000 finish#39
[dmastrs]   pid 59 role 10: exit 59 (want 59) grants=0 slpt=0000000000000000 finish#40
[dmastrs]   pid 60 role 10: exit 60 (want 60) grants=0 slpt=0000000000000000 finish#41
[dmastrs]  PASS  no watchdog timeout — every worker reached a terminal state
[dmastrs]  PASS  every worker's exit code == its pid (DMA/passthrough work was correct)
[dmastrs]  PASS  every worker's DMA grant table is empty after exit (all revoked)
[dmastrs]  PASS  every worker's IOMMU domain (g_proc_slpt) was freed and zeroed on exit
[dmastrs]  PASS  no descriptor leaks (open-file table fully released)
[dmastrs] this run: +1008 freed, +20 reused; global depth 993 reconciles: freed=4390 reused=3397
[dmastrs]  PASS  free-frame count reconciles (g_frame_free_depth == lifetime freed - reused)
[dmastrs] RESULT: 6 passed, 0 failed
[dmastrs] DMA STRESS VERIFIED — every grant revoked, every domain freed, no leaks, no contamination
-- done --
-- LEAK CHECK: heavy spawn/destroy loop proves 100% physical-frame reclamation --
[kernel ] spawned pid 61 'leak-probe' caps 0000000000000000 — private PML4 @ phys 0000000001449000
[elf    ] PT_LOAD vaddr 0000500000000000 filesz 000000000001b713 memsz 000000000001b713 (ro) -> mapped USER (bounds ok)
[elf    ] PT_LOAD vaddr 000050000001c000 filesz 0000000000003f20 memsz 0000000000003f20 (ro) -> mapped USER (bounds ok)
[elf    ] PT_LOAD vaddr 0000500000020000 filesz 0000000000000284 memsz 0000000000037fe0 (rw) -> mapped USER (bounds ok)
  [mc :r3] ring-3 thread executing on an APPLICATION PROCESSOR
  [mc :r3] SYS_GETPID via the AP's own SYSCALL path -> pid 000000000000003d
[elf    ] PT_LOAD vaddr 0000500000000000 filesz 000000000001b713 memsz 000000000001b713 (ro) -> mapped USER (bounds ok)
[elf    ] PT_LOAD vaddr 000050000001c000 filesz 0000000000003f20 memsz 0000000000003f20 (ro) -> mapped USER (bounds ok)
[elf    ] PT_LOAD vaddr 0000500000020000 filesz 0000000000000284 memsz 0000000000037fe0 (rw) -> mapped USER (bounds ok)
  [mc :r3] ring-3 thread executing on an APPLICATION PROCESSOR
  [mc :r3] SYS_GETPID via the AP's own SYSCALL path -> pid 000000000000003d
[elf    ] PT_LOAD vaddr 0000500000000000 filesz 000000000001b713 memsz 000000000001b713 (ro) -> mapped USER (bounds ok)
[elf    ] PT_LOAD vaddr 000050000001c000 filesz 0000000000003f20 memsz 0000000000003f20 (ro) -> mapped USER (bounds ok)
[elf    ] PT_LOAD vaddr 0000500000020000 filesz 0000000000000284 memsz 0000000000037fe0 (rw) -> mapped USER (bounds ok)
  [mc :r3] ring-3 thread executing on an APPLICATION PROCESSOR
  [mc :r3] SYS_GETPID via the AP's own SYSCALL path -> pid 000000000000003d
[elf    ] PT_LOAD vaddr 0000500000000000 filesz 000000000001b713 memsz 000000000001b713 (ro) -> mapped USER (bounds ok)
[elf    ] PT_LOAD vaddr 000050000001c000 filesz 0000000000003f20 memsz 0000000000003f20 (ro) -> mapped USER (bounds ok)
[elf    ] PT_LOAD vaddr 0000500000020000 filesz 0000000000000284 memsz 0000000000037fe0 (rw) -> mapped USER (bounds ok)
  [mc :r3] ring-3 thread executing on an APPLICATION PROCESSOR
  [mc :r3] SYS_GETPID via the AP's own SYSCALL path -> pid 000000000000003d
[elf    ] PT_LOAD vaddr 0000500000000000 filesz 000000000001b713 memsz 000000000001b713 (ro) -> mapped USER (bounds ok)
[elf    ] PT_LOAD vaddr 000050000001c000 filesz 0000000000003f20 memsz 0000000000003f20 (ro) -> mapped USER (bounds ok)
[elf    ] PT_LOAD vaddr 0000500000020000 filesz 0000000000000284 memsz 0000000000037fe0 (rw) -> mapped USER (bounds ok)
  [mc :r3] ring-3 thread executing on an APPLICATION PROCESSOR
  [mc :r3] SYS_GETPID via the AP's own SYSCALL path -> pid 000000000000003d
[elf    ] PT_LOAD vaddr 0000500000000000 filesz 000000000001b713 memsz 000000000001b713 (ro) -> mapped USER (bounds ok)
[elf    ] PT_LOAD vaddr 000050000001c000 filesz 0000000000003f20 memsz 0000000000003f20 (ro) -> mapped USER (bounds ok)
[elf    ] PT_LOAD vaddr 0000500000020000 filesz 0000000000000284 memsz 0000000000037fe0 (rw) -> mapped USER (bounds ok)
  [mc :r3] ring-3 thread executing on an APPLICATION PROCESSOR
  [mc :r3] SYS_GETPID via the AP's own SYSCALL path -> pid 000000000000003d
[elf    ] PT_LOAD vaddr 0000500000000000 filesz 000000000001b713 memsz 000000000001b713 (ro) -> mapped USER (bounds ok)
[elf    ] PT_LOAD vaddr 000050000001c000 filesz 0000000000003f20 memsz 0000000000003f20 (ro) -> mapped USER (bounds ok)
[elf    ] PT_LOAD vaddr 0000500000020000 filesz 0000000000000284 memsz 0000000000037fe0 (rw) -> mapped USER (bounds ok)
  [mc :r3] ring-3 thread executing on an APPLICATION PROCESSOR
  [mc :r3] SYS_GETPID via the AP's own SYSCALL path -> pid 000000000000003d
[elf    ] PT_LOAD vaddr 0000500000000000 filesz 000000000001b713 memsz 000000000001b713 (ro) -> mapped USER (bounds ok)
[elf    ] PT_LOAD vaddr 000050000001c000 filesz 0000000000003f20 memsz 0000000000003f20 (ro) -> mapped USER (bounds ok)
[elf    ] PT_LOAD vaddr 0000500000020000 filesz 0000000000000284 memsz 0000000000037fe0 (rw) -> mapped USER (bounds ok)
  [mc :r3] ring-3 thread executing on an APPLICATION PROCESSOR
  [mc :r3] SYS_GETPID via the AP's own SYSCALL path -> pid 000000000000003d
[elf    ] PT_LOAD vaddr 0000500000000000 filesz 000000000001b713 memsz 000000000001b713 (ro) -> mapped USER (bounds ok)
[elf    ] PT_LOAD vaddr 000050000001c000 filesz 0000000000003f20 memsz 0000000000003f20 (ro) -> mapped USER (bounds ok)
[elf    ] PT_LOAD vaddr 0000500000020000 filesz 0000000000000284 memsz 0000000000037fe0 (rw) -> mapped USER (bounds ok)
  [mc :r3] ring-3 thread executing on an APPLICATION PROCESSOR
  [mc :r3] SYS_GETPID via the AP's own SYSCALL path -> pid 000000000000003d
[elf    ] PT_LOAD vaddr 0000500000000000 filesz 000000000001b713 memsz 000000000001b713 (ro) -> mapped USER (bounds ok)
[elf    ] PT_LOAD vaddr 000050000001c000 filesz 0000000000003f20 memsz 0000000000003f20 (ro) -> mapped USER (bounds ok)
[elf    ] PT_LOAD vaddr 0000500000020000 filesz 0000000000000284 memsz 0000000000037fe0 (rw) -> mapped USER (bounds ok)
  [mc :r3] ring-3 thread executing on an APPLICATION PROCESSOR
  [mc :r3] SYS_GETPID via the AP's own SYSCALL path -> pid 000000000000003d
[elf    ] PT_LOAD vaddr 0000500000000000 filesz 000000000001b713 memsz 000000000001b713 (ro) -> mapped USER (bounds ok)
[elf    ] PT_LOAD vaddr 000050000001c000 filesz 0000000000003f20 memsz 0000000000003f20 (ro) -> mapped USER (bounds ok)
[elf    ] PT_LOAD vaddr 0000500000020000 filesz 0000000000000284 memsz 0000000000037fe0 (rw) -> mapped USER (bounds ok)
  [mc :r3] ring-3 thread executing on an APPLICATION PROCESSOR
  [mc :r3] SYS_GETPID via the AP's own SYSCALL path -> pid 000000000000003d
[elf    ] PT_LOAD vaddr 0000500000000000 filesz 000000000001b713 memsz 000000000001b713 (ro) -> mapped USER (bounds ok)
[elf    ] PT_LOAD vaddr 000050000001c000 filesz 0000000000003f20 memsz 0000000000003f20 (ro) -> mapped USER (bounds ok)
[elf    ] PT_LOAD vaddr 0000500000020000 filesz 0000000000000284 memsz 0000000000037fe0 (rw) -> mapped USER (bounds ok)
  [mc :r3] ring-3 thread executing on an APPLICATION PROCESSOR
  [mc :r3] SYS_GETPID via the AP's own SYSCALL path -> pid 000000000000003d
[elf    ] PT_LOAD vaddr 0000500000000000 filesz 000000000001b713 memsz 000000000001b713 (ro) -> mapped USER (bounds ok)
[elf    ] PT_LOAD vaddr 000050000001c000 filesz 0000000000003f20 memsz 0000000000003f20 (ro) -> mapped USER (bounds ok)
[elf    ] PT_LOAD vaddr 0000500000020000 filesz 0000000000000284 memsz 0000000000037fe0 (rw) -> mapped USER (bounds ok)
  [mc :r3] ring-3 thread executing on an APPLICATION PROCESSOR
  [mc :r3] SYS_GETPID via the AP's own SYSCALL path -> pid 000000000000003d
[elf    ] PT_LOAD vaddr 0000500000000000 filesz 000000000001b713 memsz 000000000001b713 (ro) -> mapped USER (bounds ok)
[elf    ] PT_LOAD vaddr 000050000001c000 filesz 0000000000003f20 memsz 0000000000003f20 (ro) -> mapped USER (bounds ok)
[elf    ] PT_LOAD vaddr 0000500000020000 filesz 0000000000000284 memsz 0000000000037fe0 (rw) -> mapped USER (bounds ok)
  [mc :r3] ring-3 thread executing on an APPLICATION PROCESSOR
  [mc :r3] SYS_GETPID via the AP's own SYSCALL path -> pid 000000000000003d
[elf    ] PT_LOAD vaddr 0000500000000000 filesz 000000000001b713 memsz 000000000001b713 (ro) -> mapped USER (bounds ok)
[elf    ] PT_LOAD vaddr 000050000001c000 filesz 0000000000003f20 memsz 0000000000003f20 (ro) -> mapped USER (bounds ok)
[elf    ] PT_LOAD vaddr 0000500000020000 filesz 0000000000000284 memsz 0000000000037fe0 (rw) -> mapped USER (bounds ok)
  [mc :r3] ring-3 thread executing on an APPLICATION PROCESSOR
  [mc :r3] SYS_GETPID via the AP's own SYSCALL path -> pid 000000000000003d
[elf    ] PT_LOAD vaddr 0000500000000000 filesz 000000000001b713 memsz 000000000001b713 (ro) -> mapped USER (bounds ok)
[elf    ] PT_LOAD vaddr 000050000001c000 filesz 0000000000003f20 memsz 0000000000003f20 (ro) -> mapped USER (bounds ok)
[elf    ] PT_LOAD vaddr 0000500000020000 filesz 0000000000000284 memsz 0000000000037fe0 (rw) -> mapped USER (bounds ok)
  [mc :r3] ring-3 thread executing on an APPLICATION PROCESSOR
  [mc :r3] SYS_GETPID via the AP's own SYSCALL path -> pid 000000000000003d
[elf    ] PT_LOAD vaddr 0000500000000000 filesz 000000000001b713 memsz 000000000001b713 (ro) -> mapped USER (bounds ok)
[elf    ] PT_LOAD vaddr 000050000001c000 filesz 0000000000003f20 memsz 0000000000003f20 (ro) -> mapped USER (bounds ok)
[elf    ] PT_LOAD vaddr 0000500000020000 filesz 0000000000000284 memsz 0000000000037fe0 (rw) -> mapped USER (bounds ok)
  [mc :r3] ring-3 thread executing on an APPLICATION PROCESSOR
  [mc :r3] SYS_GETPID via the AP's own SYSCALL path -> pid 000000000000003d
[elf    ] PT_LOAD vaddr 0000500000000000 filesz 000000000001b713 memsz 000000000001b713 (ro) -> mapped USER (bounds ok)
[elf    ] PT_LOAD vaddr 000050000001c000 filesz 0000000000003f20 memsz 0000000000003f20 (ro) -> mapped USER (bounds ok)
[elf    ] PT_LOAD vaddr 0000500000020000 filesz 0000000000000284 memsz 0000000000037fe0 (rw) -> mapped USER (bounds ok)
  [mc :r3] ring-3 thread executing on an APPLICATION PROCESSOR
  [mc :r3] SYS_GETPID via the AP's own SYSCALL path -> pid 000000000000003d
[elf    ] PT_LOAD vaddr 0000500000000000 filesz 000000000001b713 memsz 000000000001b713 (ro) -> mapped USER (bounds ok)
[elf    ] PT_LOAD vaddr 000050000001c000 filesz 0000000000003f20 memsz 0000000000003f20 (ro) -> mapped USER (bounds ok)
[elf    ] PT_LOAD vaddr 0000500000020000 filesz 0000000000000284 memsz 0000000000037fe0 (rw) -> mapped USER (bounds ok)
  [mc :r3] ring-3 thread executing on an APPLICATION PROCESSOR
  [mc :r3] SYS_GETPID via the AP's own SYSCALL path -> pid 000000000000003d
[elf    ] PT_LOAD vaddr 0000500000000000 filesz 000000000001b713 memsz 000000000001b713 (ro) -> mapped USER (bounds ok)
[elf    ] PT_LOAD vaddr 000050000001c000 filesz 0000000000003f20 memsz 0000000000003f20 (ro) -> mapped USER (bounds ok)
[elf    ] PT_LOAD vaddr 0000500000020000 filesz 0000000000000284 memsz 0000000000037fe0 (rw) -> mapped USER (bounds ok)
  [mc :r3] ring-3 thread executing on an APPLICATION PROCESSOR
  [mc :r3] SYS_GETPID via the AP's own SYSCALL path -> pid 000000000000003d
[elf    ] PT_LOAD vaddr 0000500000000000 filesz 000000000001b713 memsz 000000000001b713 (ro) -> mapped USER (bounds ok)
[elf    ] PT_LOAD vaddr 000050000001c000 filesz 0000000000003f20 memsz 0000000000003f20 (ro) -> mapped USER (bounds ok)
[elf    ] PT_LOAD vaddr 0000500000020000 filesz 0000000000000284 memsz 0000000000037fe0 (rw) -> mapped USER (bounds ok)
  [mc :r3] ring-3 thread executing on an APPLICATION PROCESSOR
  [mc :r3] SYS_GETPID via the AP's own SYSCALL path -> pid 000000000000003d
[elf    ] PT_LOAD vaddr 0000500000000000 filesz 000000000001b713 memsz 000000000001b713 (ro) -> mapped USER (bounds ok)
[elf    ] PT_LOAD vaddr 000050000001c000 filesz 0000000000003f20 memsz 0000000000003f20 (ro) -> mapped USER (bounds ok)
[elf    ] PT_LOAD vaddr 0000500000020000 filesz 0000000000000284 memsz 0000000000037fe0 (rw) -> mapped USER (bounds ok)
  [mc :r3] ring-3 thread executing on an APPLICATION PROCESSOR
  [mc :r3] SYS_GETPID via the AP's own SYSCALL path -> pid 000000000000003d
[elf    ] PT_LOAD vaddr 0000500000000000 filesz 000000000001b713 memsz 000000000001b713 (ro) -> mapped USER (bounds ok)
[elf    ] PT_LOAD vaddr 000050000001c000 filesz 0000000000003f20 memsz 0000000000003f20 (ro) -> mapped USER (bounds ok)
[elf    ] PT_LOAD vaddr 0000500000020000 filesz 0000000000000284 memsz 0000000000037fe0 (rw) -> mapped USER (bounds ok)
  [mc :r3] ring-3 thread executing on an APPLICATION PROCESSOR
  [mc :r3] SYS_GETPID via the AP's own SYSCALL path -> pid 000000000000003d
[elf    ] PT_LOAD vaddr 0000500000000000 filesz 000000000001b713 memsz 000000000001b713 (ro) -> mapped USER (bounds ok)
[elf    ] PT_LOAD vaddr 000050000001c000 filesz 0000000000003f20 memsz 0000000000003f20 (ro) -> mapped USER (bounds ok)
[elf    ] PT_LOAD vaddr 0000500000020000 filesz 0000000000000284 memsz 0000000000037fe0 (rw) -> mapped USER (bounds ok)
  [mc :r3] ring-3 thread executing on an APPLICATION PROCESSOR
  [mc :r3] SYS_GETPID via the AP's own SYSCALL path -> pid 000000000000003d
[elf    ] PT_LOAD vaddr 0000500000000000 filesz 000000000001b713 memsz 000000000001b713 (ro) -> mapped USER (bounds ok)
[elf    ] PT_LOAD vaddr 000050000001c000 filesz 0000000000003f20 memsz 0000000000003f20 (ro) -> mapped USER (bounds ok)
[elf    ] PT_LOAD vaddr 0000500000020000 filesz 0000000000000284 memsz 0000000000037fe0 (rw) -> mapped USER (bounds ok)
  [mc :r3] ring-3 thread executing on an APPLICATION PROCESSOR
  [mc :r3] SYS_GETPID via the AP's own SYSCALL path -> pid 000000000000003d
[elf    ] PT_LOAD vaddr 0000500000000000 filesz 000000000001b713 memsz 000000000001b713 (ro) -> mapped USER (bounds ok)
[elf    ] PT_LOAD vaddr 000050000001c000 filesz 0000000000003f20 memsz 0000000000003f20 (ro) -> mapped USER (bounds ok)
[elf    ] PT_LOAD vaddr 0000500000020000 filesz 0000000000000284 memsz 0000000000037fe0 (rw) -> mapped USER (bounds ok)
  [mc :r3] ring-3 thread executing on an APPLICATION PROCESSOR
  [mc :r3] SYS_GETPID via the AP's own SYSCALL path -> pid 000000000000003d
[elf    ] PT_LOAD vaddr 0000500000000000 filesz 000000000001b713 memsz 000000000001b713 (ro) -> mapped USER (bounds ok)
[elf    ] PT_LOAD vaddr 000050000001c000 filesz 0000000000003f20 memsz 0000000000003f20 (ro) -> mapped USER (bounds ok)
[elf    ] PT_LOAD vaddr 0000500000020000 filesz 0000000000000284 memsz 0000000000037fe0 (rw) -> mapped USER (bounds ok)
  [mc :r3] ring-3 thread executing on an APPLICATION PROCESSOR
  [mc :r3] SYS_GETPID via the AP's own SYSCALL path -> pid 000000000000003d
[elf    ] PT_LOAD vaddr 0000500000000000 filesz 000000000001b713 memsz 000000000001b713 (ro) -> mapped USER (bounds ok)
[elf    ] PT_LOAD vaddr 000050000001c000 filesz 0000000000003f20 memsz 0000000000003f20 (ro) -> mapped USER (bounds ok)
[elf    ] PT_LOAD vaddr 0000500000020000 filesz 0000000000000284 memsz 0000000000037fe0 (rw) -> mapped USER (bounds ok)
  [mc :r3] ring-3 thread executing on an APPLICATION PROCESSOR
  [mc :r3] SYS_GETPID via the AP's own SYSCALL path -> pid 000000000000003d
[elf    ] PT_LOAD vaddr 0000500000000000 filesz 000000000001b713 memsz 000000000001b713 (ro) -> mapped USER (bounds ok)
[elf    ] PT_LOAD vaddr 000050000001c000 filesz 0000000000003f20 memsz 0000000000003f20 (ro) -> mapped USER (bounds ok)
[elf    ] PT_LOAD vaddr 0000500000020000 filesz 0000000000000284 memsz 0000000000037fe0 (rw) -> mapped USER (bounds ok)
  [mc :r3] ring-3 thread executing on an APPLICATION PROCESSOR
  [mc :r3] SYS_GETPID via the AP's own SYSCALL path -> pid 000000000000003d
[elf    ] PT_LOAD vaddr 0000500000000000 filesz 000000000001b713 memsz 000000000001b713 (ro) -> mapped USER (bounds ok)
[elf    ] PT_LOAD vaddr 000050000001c000 filesz 0000000000003f20 memsz 0000000000003f20 (ro) -> mapped USER (bounds ok)
[elf    ] PT_LOAD vaddr 0000500000020000 filesz 0000000000000284 memsz 0000000000037fe0 (rw) -> mapped USER (bounds ok)
  [mc :r3] ring-3 thread executing on an APPLICATION PROCESSOR
  [mc :r3] SYS_GETPID via the AP's own SYSCALL path -> pid 000000000000003d
[elf    ] PT_LOAD vaddr 0000500000000000 filesz 000000000001b713 memsz 000000000001b713 (ro) -> mapped USER (bounds ok)
[elf    ] PT_LOAD vaddr 000050000001c000 filesz 0000000000003f20 memsz 0000000000003f20 (ro) -> mapped USER (bounds ok)
[elf    ] PT_LOAD vaddr 0000500000020000 filesz 0000000000000284 memsz 0000000000037fe0 (rw) -> mapped USER (bounds ok)
  [mc :r3] ring-3 thread executing on an APPLICATION PROCESSOR
  [mc :r3] SYS_GETPID via the AP's own SYSCALL path -> pid 000000000000003d
[elf    ] PT_LOAD vaddr 0000500000000000 filesz 000000000001b713 memsz 000000000001b713 (ro) -> mapped USER (bounds ok)
[elf    ] PT_LOAD vaddr 000050000001c000 filesz 0000000000003f20 memsz 0000000000003f20 (ro) -> mapped USER (bounds ok)
[elf    ] PT_LOAD vaddr 0000500000020000 filesz 0000000000000284 memsz 0000000000037fe0 (rw) -> mapped USER (bounds ok)
  [mc :r3] ring-3 thread executing on an APPLICATION PROCESSOR
  [mc :r3] SYS_GETPID via the AP's own SYSCALL path -> pid 000000000000003d
[elf    ] PT_LOAD vaddr 0000500000000000 filesz 000000000001b713 memsz 000000000001b713 (ro) -> mapped USER (bounds ok)
[elf    ] PT_LOAD vaddr 000050000001c000 filesz 0000000000003f20 memsz 0000000000003f20 (ro) -> mapped USER (bounds ok)
[elf    ] PT_LOAD vaddr 0000500000020000 filesz 0000000000000284 memsz 0000000000037fe0 (rw) -> mapped USER (bounds ok)
  [mc :r3] ring-3 thread executing on an APPLICATION PROCESSOR
  [mc :r3] SYS_GETPID via the AP's own SYSCALL path -> pid 000000000000003d
[elf    ] PT_LOAD vaddr 0000500000000000 filesz 000000000001b713 memsz 000000000001b713 (ro) -> mapped USER (bounds ok)
[elf    ] PT_LOAD vaddr 000050000001c000 filesz 0000000000003f20 memsz 0000000000003f20 (ro) -> mapped USER (bounds ok)
[elf    ] PT_LOAD vaddr 0000500000020000 filesz 0000000000000284 memsz 0000000000037fe0 (rw) -> mapped USER (bounds ok)
  [mc :r3] ring-3 thread executing on an APPLICATION PROCESSOR
  [mc :r3] SYS_GETPID via the AP's own SYSCALL path -> pid 000000000000003d
[elf    ] PT_LOAD vaddr 0000500000000000 filesz 000000000001b713 memsz 000000000001b713 (ro) -> mapped USER (bounds ok)
[elf    ] PT_LOAD vaddr 000050000001c000 filesz 0000000000003f20 memsz 0000000000003f20 (ro) -> mapped USER (bounds ok)
[elf    ] PT_LOAD vaddr 0000500000020000 filesz 0000000000000284 memsz 0000000000037fe0 (rw) -> mapped USER (bounds ok)
  [mc :r3] ring-3 thread executing on an APPLICATION PROCESSOR
  [mc :r3] SYS_GETPID via the AP's own SYSCALL path -> pid 000000000000003d
[elf    ] PT_LOAD vaddr 0000500000000000 filesz 000000000001b713 memsz 000000000001b713 (ro) -> mapped USER (bounds ok)
[elf    ] PT_LOAD vaddr 000050000001c000 filesz 0000000000003f20 memsz 0000000000003f20 (ro) -> mapped USER (bounds ok)
[elf    ] PT_LOAD vaddr 0000500000020000 filesz 0000000000000284 memsz 0000000000037fe0 (rw) -> mapped USER (bounds ok)
  [mc :r3] ring-3 thread executing on an APPLICATION PROCESSOR
  [mc :r3] SYS_GETPID via the AP's own SYSCALL path -> pid 000000000000003d
[elf    ] PT_LOAD vaddr 0000500000000000 filesz 000000000001b713 memsz 000000000001b713 (ro) -> mapped USER (bounds ok)
[elf    ] PT_LOAD vaddr 000050000001c000 filesz 0000000000003f20 memsz 0000000000003f20 (ro) -> mapped USER (bounds ok)
[elf    ] PT_LOAD vaddr 0000500000020000 filesz 0000000000000284 memsz 0000000000037fe0 (rw) -> mapped USER (bounds ok)
  [mc :r3] ring-3 thread executing on an APPLICATION PROCESSOR
  [mc :r3] SYS_GETPID via the AP's own SYSCALL path -> pid 000000000000003d
[elf    ] PT_LOAD vaddr 0000500000000000 filesz 000000000001b713 memsz 000000000001b713 (ro) -> mapped USER (bounds ok)
[elf    ] PT_LOAD vaddr 000050000001c000 filesz 0000000000003f20 memsz 0000000000003f20 (ro) -> mapped USER (bounds ok)
[elf    ] PT_LOAD vaddr 0000500000020000 filesz 0000000000000284 memsz 0000000000037fe0 (rw) -> mapped USER (bounds ok)
  [mc :r3] ring-3 thread executing on an APPLICATION PROCESSOR
  [mc :r3] SYS_GETPID via the AP's own SYSCALL path -> pid 000000000000003d
[elf    ] PT_LOAD vaddr 0000500000000000 filesz 000000000001b713 memsz 000000000001b713 (ro) -> mapped USER (bounds ok)
[elf    ] PT_LOAD vaddr 000050000001c000 filesz 0000000000003f20 memsz 0000000000003f20 (ro) -> mapped USER (bounds ok)
[elf    ] PT_LOAD vaddr 0000500000020000 filesz 0000000000000284 memsz 0000000000037fe0 (rw) -> mapped USER (bounds ok)
  [mc :r3] ring-3 thread executing on an APPLICATION PROCESSOR
  [mc :r3] SYS_GETPID via the AP's own SYSCALL path -> pid 000000000000003d
[elf    ] PT_LOAD vaddr 0000500000000000 filesz 000000000001b713 memsz 000000000001b713 (ro) -> mapped USER (bounds ok)
[elf    ] PT_LOAD vaddr 000050000001c000 filesz 0000000000003f20 memsz 0000000000003f20 (ro) -> mapped USER (bounds ok)
[elf    ] PT_LOAD vaddr 0000500000020000 filesz 0000000000000284 memsz 0000000000037fe0 (rw) -> mapped USER (bounds ok)
  [mc :r3] ring-3 thread executing on an APPLICATION PROCESSOR
  [mc :r3] SYS_GETPID via the AP's own SYSCALL path -> pid 000000000000003d
[leakchk] 40 iterations of spawn -> elf_load -> run -> exit on ONE kproc slot (pid 61)
[leakchk] 97 frame(s) reclaimed per iteration; high-water after iter 0: 0000000001591000, after iter 39: 0000000001591000
[leakchk] this run: +3880 freed, +3881 reused-from-list; global depth 992, freed 8270, reused 7278
[leakchk]  PASS  every iteration ran to completion and exited cleanly (exit == pid)
[leakchk]  PASS  every iteration reclaimed the SAME nonzero frame count (deterministic teardown, no drift)
[leakchk]  PASS  the bump high-water mark did NOT move after iteration 0 (steady state: fully satisfied from the free list)
[leakchk]  PASS  free-list depth exactly reconciles with the allocator's lifetime counters (no phantom/lost frames)
[leakchk]  PASS  later iterations were satisfied from the free list, not fresh RAM (reuse actually happened)
[leakchk]  PASS  the frame allocator's leaf lock never triggered a rank violation
[leakchk] RESULT: 6 passed, 0 failed
[leakchk] LEAK CHECK VERIFIED — page_free_tree returns every private frame, every time
-- done --
-- KPROC STRESS: 200 spawn/run/exit cycles across surface/DMA roles (+ cio/VFS for the first few) --
[kernel ] spawned pid 62 'kp-stress' caps 0000000000000020 — private PML4 @ phys 00000000013f0000
[elf    ] PT_LOAD vaddr 0000500000000000 filesz 000000000001b713 memsz 000000000001b713 (ro) -> mapped USER (bounds ok)
[elf    ] PT_LOAD vaddr 000050000001c000 filesz 0000000000003f20 memsz 0000000000003f20 (ro) -> mapped USER (bounds ok)
[elf    ] PT_LOAD vaddr 0000500000020000 filesz 0000000000000284 memsz 0000000000037fe0 (rw) -> mapped USER (bounds ok)
[cas    ] put len 512 hash 9d912f4bed808325 -> block 1107 (stored)
[cas    ] put len 512 hash 9d912f4bed808325 -> DEDUP to block 1107 (no write)
[kernel ] spawned pid 63 'kp-stress' caps 0000000000000040 — private PML4 @ phys 0000000001330000
[elf    ] PT_LOAD vaddr 0000500000000000 filesz 000000000001b713 memsz 000000000001b713 (ro) -> mapped USER (bounds ok)
[elf    ] PT_LOAD vaddr 000050000001c000 filesz 0000000000003f20 memsz 0000000000003f20 (ro) -> mapped USER (bounds ok)
[elf    ] PT_LOAD vaddr 0000500000020000 filesz 0000000000000284 memsz 0000000000037fe0 (rw) -> mapped USER (bounds ok)
[kernel ] spawned pid 64 'kp-stress' caps 0000000000000003 — private PML4 @ phys 0000000001223000
[elf    ] PT_LOAD vaddr 0000500000000000 filesz 000000000001b713 memsz 000000000001b713 (ro) -> mapped USER (bounds ok)
[elf    ] PT_LOAD vaddr 000050000001c000 filesz 0000000000003f20 memsz 0000000000003f20 (ro) -> mapped USER (bounds ok)
[elf    ] PT_LOAD vaddr 0000500000020000 filesz 0000000000000284 memsz 0000000000037fe0 (rw) -> mapped USER (bounds ok)
[hw     ] GRANT  pid 64 'kp-stress' -> 'sensor0': phys 0000000001003000 mapped at vaddr 0000401000000000 (1 pages)
[surface] pid 63 owns surface 7 (64x64) DOUBLE-BUFFERED at user vaddr 0000530000000000 (+4 pages back) (recycled pixel buffers)
[surface] slot 7 reclaimed on owner exit — 8 pages (phys 0000000001574000) back on the free list
[surface] pid 63 owns surface 7 (64x64) DOUBLE-BUFFERED at user vaddr 0000530000000000 (+4 pages back) (recycled pixel buffers)
[cas    ] put len 512 hash 47d27526fac81325 -> block 1110 (stored)
[surface] slot 7 reclaimed on owner exit — 8 pages (phys 0000000001574000) back on the free list
[cas    ] put len 512 hash 47d27526fac81325 -> DEDUP to block 1110 (no write)
[cas    ] put len 512 hash 47d27526fac81325 -> DEDUP to block 1110 (no write)
[cas    ] put len 512 hash 47d27526fac81325 -> DEDUP to block 1110 (no write)
[cas    ] put len 512 hash ad85e61a604def25 -> block 1107 (stored)
[cas    ] put len 512 hash ad85e61a604def25 -> DEDUP to block 1107 (no write)
[cas    ] put len 512 hash ad85e61a604def25 -> DEDUP to block 1107 (no write)
[cas    ] put len 512 hash ad85e61a604def25 -> DEDUP to block 1107 (no write)
[cas    ] put len 512 hash 80895235b027dd25 -> block 1110 (stored)
[cas    ] put len 512 hash 80895235b027dd25 -> DEDUP to block 1110 (no write)
[cas    ] put len 512 hash 80895235b027dd25 -> DEDUP to block 1110 (no write)
[cas    ] put len 512 hash 80895235b027dd25 -> DEDUP to block 1110 (no write)
[cas    ] put len 512 hash bc6ac16bce843325 -> block 1107 (stored)
[cas    ] put len 512 hash bc6ac16bce843325 -> DEDUP to block 1107 (no write)
[cas    ] put len 512 hash bc6ac16bce843325 -> DEDUP to block 1107 (no write)
[cas    ] put len 512 hash bc6ac16bce843325 -> DEDUP to block 1107 (no write)
[kernel ] spawned pid 65 'kp-stress' caps 0000000000000020 — private PML4 @ phys 00000000013f0000
[elf    ] PT_LOAD vaddr 0000500000000000 filesz 000000000001b713 memsz 000000000001b713 (ro) -> mapped USER (bounds ok)
[elf    ] PT_LOAD vaddr 000050000001c000 filesz 0000000000003f20 memsz 0000000000003f20 (ro) -> mapped USER (bounds ok)
[elf    ] PT_LOAD vaddr 0000500000020000 filesz 0000000000000284 memsz 0000000000037fe0 (rw) -> mapped USER (bounds ok)
[cas    ] put len 512 hash cebe97bff8144325 -> block 1110 (stored)
[cas    ] put len 512 hash cebe97bff8144325 -> DEDUP to block 1110 (no write)
[kernel ] spawned pid 66 'kp-stress' caps 0000000000000040 — private PML4 @ phys 0000000001330000
[elf    ] PT_LOAD vaddr 0000500000000000 filesz 000000000001b713 memsz 000000000001b713 (ro) -> mapped USER (bounds ok)
[elf    ] PT_LOAD vaddr 000050000001c000 filesz 0000000000003f20 memsz 0000000000003f20 (ro) -> mapped USER (bounds ok)
[elf    ] PT_LOAD vaddr 0000500000020000 filesz 0000000000000284 memsz 0000000000037fe0 (rw) -> mapped USER (bounds ok)
[kernel ] spawned pid 67 'kp-stress' caps 0000000000000003 — private PML4 @ phys 000000000121c000
[elf    ] PT_LOAD vaddr 0000500000000000 filesz 000000000001b713 memsz 000000000001b713 (ro) -> mapped USER (bounds ok)
[elf    ] PT_LOAD vaddr 000050000001c000 filesz 0000000000003f20 memsz 0000000000003f20 (ro) -> mapped USER (bounds ok)
[elf    ] PT_LOAD vaddr 0000500000020000 filesz 0000000000000284 memsz 0000000000037fe0 (rw) -> mapped USER (bounds ok)
[surface] pid 66 owns surface 6 (64x64) DOUBLE-BUFFERED at user vaddr 0000530000000000 (+4 pages back) (recycled pixel buffers)
[hw     ] GRANT  pid 67 'kp-stress' -> 'sensor0': phys 0000000001003000 mapped at vaddr 00004010c0000000 (1 pages)
[surface] slot 6 reclaimed on owner exit — 8 pages (phys 0000000001574000) back on the free list
[surface] pid 66 owns surface 6 (64x64) DOUBLE-BUFFERED at user vaddr 0000530000000000 (+4 pages back) (recycled pixel buffers)
[surface] slot 6 reclaimed on owner exit — 8 pages (phys 0000000001574000) back on the free list
[cas    ] put len 512 hash e2ee2cd39143ab25 -> block 1111 (stored)
[cas    ] put len 512 hash e2ee2cd39143ab25 -> DEDUP to block 1111 (no write)
[cas    ] put len 512 hash e2ee2cd39143ab25 -> DEDUP to block 1111 (no write)
[cas    ] put len 512 hash e2ee2cd39143ab25 -> DEDUP to block 1111 (no write)
[cas    ] put len 512 hash 2b76833bfd9b5d25 -> block 1110 (stored)
[cas    ] put len 512 hash 2b76833bfd9b5d25 -> DEDUP to block 1110 (no write)
[cas    ] put len 512 hash 2b76833bfd9b5d25 -> DEDUP to block 1110 (no write)
[cas    ] put len 512 hash 2b76833bfd9b5d25 -> DEDUP to block 1110 (no write)
[cas    ] put len 512 hash 8043042585d3cb25 -> block 1111 (stored)
[cas    ] put len 512 hash 8043042585d3cb25 -> DEDUP to block 1111 (no write)
[cas    ] put len 512 hash 8043042585d3cb25 -> DEDUP to block 1111 (no write)
[cas    ] put len 512 hash 8043042585d3cb25 -> DEDUP to block 1111 (no write)
[cas    ] put len 512 hash 0511497226ff6b25 -> block 1110 (stored)
[cas    ] put len 512 hash 0511497226ff6b25 -> DEDUP to block 1110 (no write)
[cas    ] put len 512 hash 0511497226ff6b25 -> DEDUP to block 1110 (no write)
[cas    ] put len 512 hash 0511497226ff6b25 -> DEDUP to block 1110 (no write)
[kernel ] spawned pid 68 'kp-stress' caps 0000000000000020 — private PML4 @ phys 00000000013f0000
[elf    ] PT_LOAD vaddr 0000500000000000 filesz 000000000001b713 memsz 000000000001b713 (ro) -> mapped USER (bounds ok)
[elf    ] PT_LOAD vaddr 000050000001c000 filesz 0000000000003f20 memsz 0000000000003f20 (ro) -> mapped USER (bounds ok)
[elf    ] PT_LOAD vaddr 0000500000020000 filesz 0000000000000284 memsz 0000000000037fe0 (rw) -> mapped USER (bounds ok)
[cas    ] put len 512 hash 6a6cb679009f3725 -> block 1111 (stored)
[cas    ] put len 512 hash 6a6cb679009f3725 -> DEDUP to block 1111 (no write)
[kernel ] spawned pid 69 'kp-stress' caps 0000000000000040 — private PML4 @ phys 0000000001330000
[elf    ] PT_LOAD vaddr 0000500000000000 filesz 000000000001b713 memsz 000000000001b713 (ro) -> mapped USER (bounds ok)
[elf    ] PT_LOAD vaddr 000050000001c000 filesz 0000000000003f20 memsz 0000000000003f20 (ro) -> mapped USER (bounds ok)
[elf    ] PT_LOAD vaddr 0000500000020000 filesz 0000000000000284 memsz 0000000000037fe0 (rw) -> mapped USER (bounds ok)
[kernel ] spawned pid 70 'kp-stress' caps 0000000000000003 — private PML4 @ phys 000000000125d000
[elf    ] PT_LOAD vaddr 0000500000000000 filesz 000000000001b713 memsz 000000000001b713 (ro) -> mapped USER (bounds ok)
[elf    ] PT_LOAD vaddr 000050000001c000 filesz 0000000000003f20 memsz 0000000000003f20 (ro) -> mapped USER (bounds ok)
[elf    ] PT_LOAD vaddr 0000500000020000 filesz 0000000000000284 memsz 0000000000037fe0 (rw) -> mapped USER (bounds ok)
[surface] pid 69 owns surface 7 (64x64) DOUBLE-BUFFERED at user vaddr 0000530000000000 (+4 pages back) (recycled pixel buffers)
[hw     ] GRANT  pid 70 'kp-stress' -> 'sensor0': phys 0000000001003000 mapped at vaddr 0000401180000000 (1 pages)
[surface] slot 7 reclaimed on owner exit — 8 pages (phys 0000000001574000) back on the free list
[surface] pid 69 owns surface 7 (64x64) DOUBLE-BUFFERED at user vaddr 0000530000000000 (+4 pages back) (recycled pixel buffers)
[surface] slot 7 reclaimed on owner exit — 8 pages (phys 0000000001574000) back on the free list
[cas    ] put len 512 hash 5ffeb9e778b32d25 -> block 1112 (stored)
[cas    ] put len 512 hash 5ffeb9e778b32d25 -> DEDUP to block 1112 (no write)
[cas    ] put len 512 hash 5ffeb9e778b32d25 -> DEDUP to block 1112 (no write)
[cas    ] put len 512 hash 5ffeb9e778b32d25 -> DEDUP to block 1112 (no write)
[cas    ] put len 512 hash 6c901128004a5325 -> block 1111 (stored)
[cas    ] put len 512 hash 6c901128004a5325 -> DEDUP to block 1111 (no write)
[cas    ] put len 512 hash 6c901128004a5325 -> DEDUP to block 1111 (no write)
[cas    ] put len 512 hash 6c901128004a5325 -> DEDUP to block 1111 (no write)
[cas    ] put len 512 hash e398304b4b0c1f25 -> block 1112 (stored)
[cas    ] put len 512 hash e398304b4b0c1f25 -> DEDUP to block 1112 (no write)
[cas    ] put len 512 hash e398304b4b0c1f25 -> DEDUP to block 1112 (no write)
[cas    ] put len 512 hash e398304b4b0c1f25 -> DEDUP to block 1112 (no write)
[cas    ] put len 512 hash 59d8a3aeda864725 -> block 1111 (stored)
[cas    ] put len 512 hash 59d8a3aeda864725 -> DEDUP to block 1111 (no write)
[cas    ] put len 512 hash 59d8a3aeda864725 -> DEDUP to block 1111 (no write)
[cas    ] put len 512 hash 59d8a3aeda864725 -> DEDUP to block 1111 (no write)
[kernel ] spawned pid 71 'kp-stress' caps 0000000000000020 — private PML4 @ phys 00000000013f0000
[elf    ] PT_LOAD vaddr 0000500000000000 filesz 000000000001b713 memsz 000000000001b713 (ro) -> mapped USER (bounds ok)
[elf    ] PT_LOAD vaddr 000050000001c000 filesz 0000000000003f20 memsz 0000000000003f20 (ro) -> mapped USER (bounds ok)
[elf    ] PT_LOAD vaddr 0000500000020000 filesz 0000000000000284 memsz 0000000000037fe0 (rw) -> mapped USER (bounds ok)
[cas    ] put len 512 hash 28305d1e7e598925 -> block 1112 (stored)
[cas    ] put len 512 hash 28305d1e7e598925 -> DEDUP to block 1112 (no write)
[kernel ] spawned pid 72 'kp-stress' caps 0000000000000040 — private PML4 @ phys 0000000001330000
[elf    ] PT_LOAD vaddr 0000500000000000 filesz 000000000001b713 memsz 000000000001b713 (ro) -> mapped USER (bounds ok)
[elf    ] PT_LOAD vaddr 000050000001c000 filesz 0000000000003f20 memsz 0000000000003f20 (ro) -> mapped USER (bounds ok)
[elf    ] PT_LOAD vaddr 0000500000020000 filesz 0000000000000284 memsz 0000000000037fe0 (rw) -> mapped USER (bounds ok)
[kernel ] spawned pid 73 'kp-stress' caps 0000000000000003 — private PML4 @ phys 0000000001219000
[elf    ] PT_LOAD vaddr 0000500000000000 filesz 000000000001b713 memsz 000000000001b713 (ro) -> mapped USER (bounds ok)
[elf    ] PT_LOAD vaddr 000050000001c000 filesz 0000000000003f20 memsz 0000000000003f20 (ro) -> mapped USER (bounds ok)
[elf    ] PT_LOAD vaddr 0000500000020000 filesz 0000000000000284 memsz 0000000000037fe0 (rw) -> mapped USER (bounds ok)
[surface] pid 72 owns surface 6 (64x64) DOUBLE-BUFFERED at user vaddr 0000530000000000 (+4 pages back) (recycled pixel buffers)
[hw     ] GRANT  pid 73 'kp-stress' -> 'sensor0': phys 0000000001003000 mapped at vaddr 0000401240000000 (1 pages)
[surface] slot 6 reclaimed on owner exit — 8 pages (phys 0000000001574000) back on the free list
[surface] pid 72 owns surface 6 (64x64) DOUBLE-BUFFERED at user vaddr 0000530000000000 (+4 pages back) (recycled pixel buffers)
[surface] slot 6 reclaimed on owner exit — 8 pages (phys 0000000001574000) back on the free list
[cas    ] put len 512 hash a35127485492ef25 -> block 1113 (stored)
[cas    ] put len 512 hash a35127485492ef25 -> DEDUP to block 1113 (no write)
[cas    ] put len 512 hash a35127485492ef25 -> DEDUP to block 1113 (no write)
[cas    ] put len 512 hash a35127485492ef25 -> DEDUP to block 1113 (no write)
[cas    ] put len 512 hash 765c6b1e9ab21725 -> block 1112 (stored)
[cas    ] put len 512 hash 765c6b1e9ab21725 -> DEDUP to block 1112 (no write)
[cas    ] put len 512 hash 765c6b1e9ab21725 -> DEDUP to block 1112 (no write)
[cas    ] put len 512 hash 765c6b1e9ab21725 -> DEDUP to block 1112 (no write)
[cas    ] put len 512 hash a2f02b3788070325 -> block 1113 (stored)
[cas    ] put len 512 hash a2f02b3788070325 -> DEDUP to block 1113 (no write)
[cas    ] put len 512 hash a2f02b3788070325 -> DEDUP to block 1113 (no write)
[cas    ] put len 512 hash a2f02b3788070325 -> DEDUP to block 1113 (no write)
[cas    ] put len 512 hash db91f582f85c4525 -> block 1112 (stored)
[cas    ] put len 512 hash db91f582f85c4525 -> DEDUP to block 1112 (no write)
[cas    ] put len 512 hash db91f582f85c4525 -> DEDUP to block 1112 (no write)
[cas    ] put len 512 hash db91f582f85c4525 -> DEDUP to block 1112 (no write)
[kernel ] spawned pid 74 'kp-stress' caps 0000000000000020 — private PML4 @ phys 00000000013f0000
[elf    ] PT_LOAD vaddr 0000500000000000 filesz 000000000001b713 memsz 000000000001b713 (ro) -> mapped USER (bounds ok)
[elf    ] PT_LOAD vaddr 000050000001c000 filesz 0000000000003f20 memsz 0000000000003f20 (ro) -> mapped USER (bounds ok)
[elf    ] PT_LOAD vaddr 0000500000020000 filesz 0000000000000284 memsz 0000000000037fe0 (rw) -> mapped USER (bounds ok)
[cas    ] put len 512 hash 1c2383b135519f25 -> block 1113 (stored)
[cas    ] put len 512 hash 1c2383b135519f25 -> DEDUP to block 1113 (no write)
[kernel ] spawned pid 75 'kp-stress' caps 0000000000000040 — private PML4 @ phys 0000000001330000
[elf    ] PT_LOAD vaddr 0000500000000000 filesz 000000000001b713 memsz 000000000001b713 (ro) -> mapped USER (bounds ok)
[elf    ] PT_LOAD vaddr 000050000001c000 filesz 0000000000003f20 memsz 0000000000003f20 (ro) -> mapped USER (bounds ok)
[elf    ] PT_LOAD vaddr 0000500000020000 filesz 0000000000000284 memsz 0000000000037fe0 (rw) -> mapped USER (bounds ok)
[kernel ] spawned pid 76 'kp-stress' caps 0000000000000003 — private PML4 @ phys 00000000013a2000
[elf    ] PT_LOAD vaddr 0000500000000000 filesz 000000000001b713 memsz 000000000001b713 (ro) -> mapped USER (bounds ok)
[elf    ] PT_LOAD vaddr 000050000001c000 filesz 0000000000003f20 memsz 0000000000003f20 (ro) -> mapped USER (bounds ok)
[elf    ] PT_LOAD vaddr 0000500000020000 filesz 0000000000000284 memsz 0000000000037fe0 (rw) -> mapped USER (bounds ok)
[hw     ] GRANT  pid 76 'kp-stress' -> 'sensor0': phys 0000000001003000 mapped at vaddr 0000401300000000 (1 pages)
[surface] pid 75 owns surface 7 (64x64) DOUBLE-BUFFERED at user vaddr 0000530000000000 (+4 pages back) (recycled pixel buffers)
[surface] slot 7 reclaimed on owner exit — 8 pages (phys 0000000001574000) back on the free list
[surface] pid 75 owns surface 7 (64x64) DOUBLE-BUFFERED at user vaddr 0000530000000000 (+4 pages back) (recycled pixel buffers)
[surface] slot 7 reclaimed on owner exit — 8 pages (phys 0000000001574000) back on the free list
[cas    ] put len 512 hash c7886f1cb9d75f25 -> block 1114 (stored)
[cas    ] put len 512 hash c7886f1cb9d75f25 -> DEDUP to block 1114 (no write)
[cas    ] put len 512 hash c7886f1cb9d75f25 -> DEDUP to block 1114 (no write)
[cas    ] put len 512 hash c7886f1cb9d75f25 -> DEDUP to block 1114 (no write)
[cas    ] put len 512 hash 53c11ff5a77cc725 -> block 1113 (stored)
[cas    ] put len 512 hash 53c11ff5a77cc725 -> DEDUP to block 1113 (no write)
[cas    ] put len 512 hash 53c11ff5a77cc725 -> DEDUP to block 1113 (no write)
[cas    ] put len 512 hash 53c11ff5a77cc725 -> DEDUP to block 1113 (no write)
[cas    ] put len 512 hash e2f26f0fb00e3525 -> block 1114 (stored)
[cas    ] put len 512 hash e2f26f0fb00e3525 -> DEDUP to block 1114 (no write)
[cas    ] put len 512 hash e2f26f0fb00e3525 -> DEDUP to block 1114 (no write)
[cas    ] put len 512 hash e2f26f0fb00e3525 -> DEDUP to block 1114 (no write)
[cas    ] put len 512 hash f0f9775335f7ef25 -> block 1113 (stored)
[cas    ] put len 512 hash f0f9775335f7ef25 -> DEDUP to block 1113 (no write)
[cas    ] put len 512 hash f0f9775335f7ef25 -> DEDUP to block 1113 (no write)
[cas    ] put len 512 hash f0f9775335f7ef25 -> DEDUP to block 1113 (no write)
[kernel ] spawned pid 77 'kp-stress' caps 0000000000000020 — private PML4 @ phys 00000000013f0000
[elf    ] PT_LOAD vaddr 0000500000000000 filesz 000000000001b713 memsz 000000000001b713 (ro) -> mapped USER (bounds ok)
[elf    ] PT_LOAD vaddr 000050000001c000 filesz 0000000000003f20 memsz 0000000000003f20 (ro) -> mapped USER (bounds ok)
[elf    ] PT_LOAD vaddr 0000500000020000 filesz 0000000000000284 memsz 0000000000037fe0 (rw) -> mapped USER (bounds ok)
[cas    ] put len 512 hash 43905bfca358a325 -> block 1114 (stored)
[cas    ] put len 512 hash 43905bfca358a325 -> DEDUP to block 1114 (no write)
[kernel ] spawned pid 78 'kp-stress' caps 0000000000000040 — private PML4 @ phys 0000000001330000
[elf    ] PT_LOAD vaddr 0000500000000000 filesz 000000000001b713 memsz 000000000001b713 (ro) -> mapped USER (bounds ok)
[elf    ] PT_LOAD vaddr 000050000001c000 filesz 0000000000003f20 memsz 0000000000003f20 (ro) -> mapped USER (bounds ok)
[elf    ] PT_LOAD vaddr 0000500000020000 filesz 0000000000000284 memsz 0000000000037fe0 (rw) -> mapped USER (bounds ok)
[kernel ] spawned pid 79 'kp-stress' caps 0000000000000003 — private PML4 @ phys 0000000001296000
[elf    ] PT_LOAD vaddr 0000500000000000 filesz 000000000001b713 memsz 000000000001b713 (ro) -> mapped USER (bounds ok)
[elf    ] PT_LOAD vaddr 000050000001c000 filesz 0000000000003f20 memsz 0000000000003f20 (ro) -> mapped USER (bounds ok)
[elf    ] PT_LOAD vaddr 0000500000020000 filesz 0000000000000284 memsz 0000000000037fe0 (rw) -> mapped USER (bounds ok)
[hw     ] GRANT  pid 79 'kp-stress' -> 'sensor0': phys 0000000001003000 mapped at vaddr 00004013c0000000 (1 pages)
[surface] pid 78 owns surface 6 (64x64) DOUBLE-BUFFERED at user vaddr 0000530000000000 (+4 pages back) (recycled pixel buffers)
[surface] slot 6 reclaimed on owner exit — 8 pages (phys 0000000001574000) back on the free list
[surface] pid 78 owns surface 6 (64x64) DOUBLE-BUFFERED at user vaddr 0000530000000000 (+4 pages back) (recycled pixel buffers)
[surface] slot 6 reclaimed on owner exit — 8 pages (phys 0000000001574000) back on the free list
[cas    ] put len 512 hash da68ad7a2ba9c725 -> block 1115 (stored)
[cas    ] put len 512 hash da68ad7a2ba9c725 -> DEDUP to block 1115 (no write)
[cas    ] put len 512 hash da68ad7a2ba9c725 -> DEDUP to block 1115 (no write)
[cas    ] put len 512 hash da68ad7a2ba9c725 -> DEDUP to block 1115 (no write)
[cas    ] put len 512 hash 751ae4196671dd25 -> block 1114 (stored)
[cas    ] put len 512 hash 751ae4196671dd25 -> DEDUP to block 1114 (no write)
[cas    ] put len 512 hash 751ae4196671dd25 -> DEDUP to block 1114 (no write)
[cas    ] put len 512 hash 751ae4196671dd25 -> DEDUP to block 1114 (no write)
[cas    ] put len 512 hash 0b590a9bb8c43325 -> block 1115 (stored)
[cas    ] put len 512 hash 0b590a9bb8c43325 -> DEDUP to block 1115 (no write)
[cas    ] put len 512 hash 0b590a9bb8c43325 -> DEDUP to block 1115 (no write)
[cas    ] put len 512 hash 0b590a9bb8c43325 -> DEDUP to block 1115 (no write)
[cas    ] put len 512 hash f4d54f796431db25 -> block 1114 (stored)
[cas    ] put len 512 hash f4d54f796431db25 -> DEDUP to block 1114 (no write)
[cas    ] put len 512 hash f4d54f796431db25 -> DEDUP to block 1114 (no write)
[cas    ] put len 512 hash f4d54f796431db25 -> DEDUP to block 1114 (no write)
[kernel ] spawned pid 80 'kp-stress' caps 0000000000000040 — private PML4 @ phys 00000000013f0000
[elf    ] PT_LOAD vaddr 0000500000000000 filesz 000000000001b713 memsz 000000000001b713 (ro) -> mapped USER (bounds ok)
[elf    ] PT_LOAD vaddr 000050000001c000 filesz 0000000000003f20 memsz 0000000000003f20 (ro) -> mapped USER (bounds ok)
[elf    ] PT_LOAD vaddr 0000500000020000 filesz 0000000000000284 memsz 0000000000037fe0 (rw) -> mapped USER (bounds ok)
[kernel ] spawned pid 81 'kp-stress' caps 0000000000000003 — private PML4 @ phys 0000000001330000
[elf    ] PT_LOAD vaddr 0000500000000000 filesz 000000000001b713 memsz 000000000001b713 (ro) -> mapped USER (bounds ok)
[elf    ] PT_LOAD vaddr 000050000001c000 filesz 0000000000003f20 memsz 0000000000003f20 (ro) -> mapped USER (bounds ok)
[elf    ] PT_LOAD vaddr 0000500000020000 filesz 0000000000000284 memsz 0000000000037fe0 (rw) -> mapped USER (bounds ok)
[hw     ] GRANT  pid 81 'kp-stress' -> 'sensor0': phys 0000000001003000 mapped at vaddr 0000401440000000 (1 pages)
[surface] pid 80 owns surface 6 (64x64) DOUBLE-BUFFERED at user vaddr 0000530000000000 (+4 pages back) (recycled pixel buffers)
[surface] slot 6 reclaimed on owner exit — 8 pages (phys 0000000001574000) back on the free list
[surface] pid 80 owns surface 6 (64x64) DOUBLE-BUFFERED at user vaddr 0000530000000000 (+4 pages back) (recycled pixel buffers)
[surface] slot 6 reclaimed on owner exit — 8 pages (phys 0000000001574000) back on the free list
[kernel ] spawned pid 82 'kp-stress' caps 0000000000000040 — private PML4 @ phys 00000000013f0000
[elf    ] PT_LOAD vaddr 0000500000000000 filesz 000000000001b713 memsz 000000000001b713 (ro) -> mapped USER (bounds ok)
[elf    ] PT_LOAD vaddr 000050000001c000 filesz 0000000000003f20 memsz 0000000000003f20 (ro) -> mapped USER (bounds ok)
[elf    ] PT_LOAD vaddr 0000500000020000 filesz 0000000000000284 memsz 0000000000037fe0 (rw) -> mapped USER (bounds ok)
[kernel ] spawned pid 83 'kp-stress' caps 0000000000000003 — private PML4 @ phys 0000000001337000
[elf    ] PT_LOAD vaddr 0000500000000000 filesz 000000000001b713 memsz 000000000001b713 (ro) -> mapped USER (bounds ok)
[elf    ] PT_LOAD vaddr 000050000001c000 filesz 0000000000003f20 memsz 0000000000003f20 (ro) -> mapped USER (bounds ok)
[elf    ] PT_LOAD vaddr 0000500000020000 filesz 0000000000000284 memsz 0000000000037fe0 (rw) -> mapped USER (bounds ok)
[hw     ] GRANT  pid 83 'kp-stress' -> 'sensor0': phys 0000000001003000 mapped at vaddr 00004014c0000000 (1 pages)
[surface] pid 82 owns surface 6 (64x64) DOUBLE-BUFFERED at user vaddr 0000530000000000 (+4 pages back) (recycled pixel buffers)
[surface] slot 6 reclaimed on owner exit — 8 pages (phys 0000000001574000) back on the free list
[surface] pid 82 owns surface 6 (64x64) DOUBLE-BUFFERED at user vaddr 0000530000000000 (+4 pages back) (recycled pixel buffers)
[surface] slot 6 reclaimed on owner exit — 8 pages (phys 0000000001574000) back on the free list
[kernel ] spawned pid 84 'kp-stress' caps 0000000000000040 — private PML4 @ phys 00000000013f0000
[elf    ] PT_LOAD vaddr 0000500000000000 filesz 000000000001b713 memsz 000000000001b713 (ro) -> mapped USER (bounds ok)
[elf    ] PT_LOAD vaddr 000050000001c000 filesz 0000000000003f20 memsz 0000000000003f20 (ro) -> mapped USER (bounds ok)
[elf    ] PT_LOAD vaddr 0000500000020000 filesz 0000000000000284 memsz 0000000000037fe0 (rw) -> mapped USER (bounds ok)
[kernel ] spawned pid 85 'kp-stress' caps 0000000000000003 — private PML4 @ phys 0000000001264000
[elf    ] PT_LOAD vaddr 0000500000000000 filesz 000000000001b713 memsz 000000000001b713 (ro) -> mapped USER (bounds ok)
[elf    ] PT_LOAD vaddr 000050000001c000 filesz 0000000000003f20 memsz 0000000000003f20 (ro) -> mapped USER (bounds ok)
[elf    ] PT_LOAD vaddr 0000500000020000 filesz 0000000000000284 memsz 0000000000037fe0 (rw) -> mapped USER (bounds ok)
[hw     ] GRANT  pid 85 'kp-stress' -> 'sensor0': phys 0000000001003000 mapped at vaddr 0000401540000000 (1 pages)
[surface] pid 84 owns surface 6 (64x64) DOUBLE-BUFFERED at user vaddr 0000530000000000 (+4 pages back) (recycled pixel buffers)
[surface] slot 6 reclaimed on owner exit — 8 pages (phys 0000000001574000) back on the free list
[surface] pid 84 owns surface 6 (64x64) DOUBLE-BUFFERED at user vaddr 0000530000000000 (+4 pages back) (recycled pixel buffers)
[surface] slot 6 reclaimed on owner exit — 8 pages (phys 0000000001574000) back on the free list
[kernel ] spawned pid 86 'kp-stress' caps 0000000000000040 — private PML4 @ phys 00000000013f0000
[elf    ] PT_LOAD vaddr 0000500000000000 filesz 000000000001b713 memsz 000000000001b713 (ro) -> mapped USER (bounds ok)
[elf    ] PT_LOAD vaddr 000050000001c000 filesz 0000000000003f20 memsz 0000000000003f20 (ro) -> mapped USER (bounds ok)
[elf    ] PT_LOAD vaddr 0000500000020000 filesz 0000000000000284 memsz 0000000000037fe0 (rw) -> mapped USER (bounds ok)
[kernel ] spawned pid 87 'kp-stress' caps 0000000000000003 — private PML4 @ phys 0000000001324000
[elf    ] PT_LOAD vaddr 0000500000000000 filesz 000000000001b713 memsz 000000000001b713 (ro) -> mapped USER (bounds ok)
[elf    ] PT_LOAD vaddr 000050000001c000 filesz 0000000000003f20 memsz 0000000000003f20 (ro) -> mapped USER (bounds ok)
[elf    ] PT_LOAD vaddr 0000500000020000 filesz 0000000000000284 memsz 0000000000037fe0 (rw) -> mapped USER (bounds ok)
[hw     ] GRANT  pid 87 'kp-stress' -> 'sensor0': phys 0000000001003000 mapped at vaddr 00004015c0000000 (1 pages)
[surface] pid 86 owns surface 6 (64x64) DOUBLE-BUFFERED at user vaddr 0000530000000000 (+4 pages back) (recycled pixel buffers)
[surface] slot 6 reclaimed on owner exit — 8 pages (phys 0000000001574000) back on the free list
[surface] pid 86 owns surface 6 (64x64) DOUBLE-BUFFERED at user vaddr 0000530000000000 (+4 pages back) (recycled pixel buffers)
[surface] slot 6 reclaimed on owner exit — 8 pages (phys 0000000001574000) back on the free list
[kernel ] spawned pid 88 'kp-stress' caps 0000000000000040 — private PML4 @ phys 00000000013f0000
[elf    ] PT_LOAD vaddr 0000500000000000 filesz 000000000001b713 memsz 000000000001b713 (ro) -> mapped USER (bounds ok)
[elf    ] PT_LOAD vaddr 000050000001c000 filesz 0000000000003f20 memsz 0000000000003f20 (ro) -> mapped USER (bounds ok)
[elf    ] PT_LOAD vaddr 0000500000020000 filesz 0000000000000284 memsz 0000000000037fe0 (rw) -> mapped USER (bounds ok)
[kernel ] spawned pid 89 'kp-stress' caps 0000000000000003 — private PML4 @ phys 0000000001338000
[elf    ] PT_LOAD vaddr 0000500000000000 filesz 000000000001b713 memsz 000000000001b713 (ro) -> mapped USER (bounds ok)
[elf    ] PT_LOAD vaddr 000050000001c000 filesz 0000000000003f20 memsz 0000000000003f20 (ro) -> mapped USER (bounds ok)
[elf    ] PT_LOAD vaddr 0000500000020000 filesz 0000000000000284 memsz 0000000000037fe0 (rw) -> mapped USER (bounds ok)
[surface] pid 88 owns surface 6 (64x64) DOUBLE-BUFFERED at user vaddr 0000530000000000 (+4 pages back) (recycled pixel buffers)
[hw     ] GRANT  pid 89 'kp-stress' -> 'sensor0': phys 0000000001003000 mapped at vaddr 0000401640000000 (1 pages)
[surface] slot 6 reclaimed on owner exit — 8 pages (phys 0000000001574000) back on the free list
[surface] pid 88 owns surface 6 (64x64) DOUBLE-BUFFERED at user vaddr 0000530000000000 (+4 pages back) (recycled pixel buffers)
[surface] slot 6 reclaimed on owner exit — 8 pages (phys 0000000001574000) back on the free list
[kernel ] spawned pid 90 'kp-stress' caps 0000000000000040 — private PML4 @ phys 00000000013f0000
[elf    ] PT_LOAD vaddr 0000500000000000 filesz 000000000001b713 memsz 000000000001b713 (ro) -> mapped USER (bounds ok)
[elf    ] PT_LOAD vaddr 000050000001c000 filesz 0000000000003f20 memsz 0000000000003f20 (ro) -> mapped USER (bounds ok)
[elf    ] PT_LOAD vaddr 0000500000020000 filesz 0000000000000284 memsz 0000000000037fe0 (rw) -> mapped USER (bounds ok)
[kernel ] spawned pid 91 'kp-stress' caps 0000000000000003 — private PML4 @ phys 000000000133a000
[elf    ] PT_LOAD vaddr 0000500000000000 filesz 000000000001b713 memsz 000000000001b713 (ro) -> mapped USER (bounds ok)
[elf    ] PT_LOAD vaddr 000050000001c000 filesz 0000000000003f20 memsz 0000000000003f20 (ro) -> mapped USER (bounds ok)
[elf    ] PT_LOAD vaddr 0000500000020000 filesz 0000000000000284 memsz 0000000000037fe0 (rw) -> mapped USER (bounds ok)
[surface] pid 90 owns surface 6 (64x64) DOUBLE-BUFFERED at user vaddr 0000530000000000 (+4 pages back) (recycled pixel buffers)
[hw     ] GRANT  pid 91 'kp-stress' -> 'sensor0': phys 0000000001003000 mapped at vaddr 00004016c0000000 (1 pages)
[surface] slot 6 reclaimed on owner exit — 8 pages (phys 0000000001574000) back on the free list
[surface] pid 90 owns surface 6 (64x64) DOUBLE-BUFFERED at user vaddr 0000530000000000 (+4 pages back) (recycled pixel buffers)
[surface] slot 6 reclaimed on owner exit — 8 pages (phys 0000000001574000) back on the free list
[kernel ] spawned pid 92 'kp-stress' caps 0000000000000040 — private PML4 @ phys 00000000013f0000
[elf    ] PT_LOAD vaddr 0000500000000000 filesz 000000000001b713 memsz 000000000001b713 (ro) -> mapped USER (bounds ok)
[elf    ] PT_LOAD vaddr 000050000001c000 filesz 0000000000003f20 memsz 0000000000003f20 (ro) -> mapped USER (bounds ok)
[elf    ] PT_LOAD vaddr 0000500000020000 filesz 0000000000000284 memsz 0000000000037fe0 (rw) -> mapped USER (bounds ok)
[kernel ] spawned pid 93 'kp-stress' caps 0000000000000003 — private PML4 @ phys 0000000001332000
[elf    ] PT_LOAD vaddr 0000500000000000 filesz 000000000001b713 memsz 000000000001b713 (ro) -> mapped USER (bounds ok)
[elf    ] PT_LOAD vaddr 000050000001c000 filesz 0000000000003f20 memsz 0000000000003f20 (ro) -> mapped USER (bounds ok)
[elf    ] PT_LOAD vaddr 0000500000020000 filesz 0000000000000284 memsz 0000000000037fe0 (rw) -> mapped USER (bounds ok)
[hw     ] GRANT  pid 93 'kp-stress' -> 'sensor0': phys 0000000001003000 mapped at vaddr 0000401740000000 (1 pages)
[surface] pid 92 owns surface 6 (64x64) DOUBLE-BUFFERED at user vaddr 0000530000000000 (+4 pages back) (recycled pixel buffers)
[surface] slot 6 reclaimed on owner exit — 8 pages (phys 0000000001574000) back on the free list
[surface] pid 92 owns surface 6 (64x64) DOUBLE-BUFFERED at user vaddr 0000530000000000 (+4 pages back) (recycled pixel buffers)
[surface] slot 6 reclaimed on owner exit — 8 pages (phys 0000000001574000) back on the free list
[kernel ] spawned pid 94 'kp-stress' caps 0000000000000040 — private PML4 @ phys 00000000013f0000
[elf    ] PT_LOAD vaddr 0000500000000000 filesz 000000000001b713 memsz 000000000001b713 (ro) -> mapped USER (bounds ok)
[elf    ] PT_LOAD vaddr 000050000001c000 filesz 0000000000003f20 memsz 0000000000003f20 (ro) -> mapped USER (bounds ok)
[elf    ] PT_LOAD vaddr 0000500000020000 filesz 0000000000000284 memsz 0000000000037fe0 (rw) -> mapped USER (bounds ok)
[kernel ] spawned pid 95 'kp-stress' caps 0000000000000003 — private PML4 @ phys 0000000001333000
[elf    ] PT_LOAD vaddr 0000500000000000 filesz 000000000001b713 memsz 000000000001b713 (ro) -> mapped USER (bounds ok)
[elf    ] PT_LOAD vaddr 000050000001c000 filesz 0000000000003f20 memsz 0000000000003f20 (ro) -> mapped USER (bounds ok)
[elf    ] PT_LOAD vaddr 0000500000020000 filesz 0000000000000284 memsz 0000000000037fe0 (rw) -> mapped USER (bounds ok)
[surface] pid 94 owns surface 6 (64x64) DOUBLE-BUFFERED at user vaddr 0000530000000000 (+4 pages back) (recycled pixel buffers)
[hw     ] GRANT  pid 95 'kp-stress' -> 'sensor0': phys 0000000001003000 mapped at vaddr 00004017c0000000 (1 pages)
[surface] slot 6 reclaimed on owner exit — 8 pages (phys 0000000001574000) back on the free list
[surface] pid 94 owns surface 6 (64x64) DOUBLE-BUFFERED at user vaddr 0000530000000000 (+4 pages back) (recycled pixel buffers)
[surface] slot 6 reclaimed on owner exit — 8 pages (phys 0000000001574000) back on the free list
[kernel ] spawned pid 96 'kp-stress' caps 0000000000000040 — private PML4 @ phys 00000000013f0000
[elf    ] PT_LOAD vaddr 0000500000000000 filesz 000000000001b713 memsz 000000000001b713 (ro) -> mapped USER (bounds ok)
[elf    ] PT_LOAD vaddr 000050000001c000 filesz 0000000000003f20 memsz 0000000000003f20 (ro) -> mapped USER (bounds ok)
[elf    ] PT_LOAD vaddr 0000500000020000 filesz 0000000000000284 memsz 0000000000037fe0 (rw) -> mapped USER (bounds ok)
[kernel ] spawned pid 97 'kp-stress' caps 0000000000000003 — private PML4 @ phys 0000000001220000
[elf    ] PT_LOAD vaddr 0000500000000000 filesz 000000000001b713 memsz 000000000001b713 (ro) -> mapped USER (bounds ok)
[elf    ] PT_LOAD vaddr 000050000001c000 filesz 0000000000003f20 memsz 0000000000003f20 (ro) -> mapped USER (bounds ok)
[elf    ] PT_LOAD vaddr 0000500000020000 filesz 0000000000000284 memsz 0000000000037fe0 (rw) -> mapped USER (bounds ok)
[hw     ] GRANT  pid 97 'kp-stress' -> 'sensor0': phys 0000000001003000 mapped at vaddr 0000401840000000 (1 pages)
[surface] pid 96 owns surface 6 (64x64) DOUBLE-BUFFERED at user vaddr 0000530000000000 (+4 pages back) (recycled pixel buffers)
[surface] slot 6 reclaimed on owner exit — 8 pages (phys 0000000001574000) back on the free list
[surface] pid 96 owns surface 6 (64x64) DOUBLE-BUFFERED at user vaddr 0000530000000000 (+4 pages back) (recycled pixel buffers)
[surface] slot 6 reclaimed on owner exit — 8 pages (phys 0000000001574000) back on the free list
[kernel ] spawned pid 98 'kp-stress' caps 0000000000000040 — private PML4 @ phys 00000000013f0000
[elf    ] PT_LOAD vaddr 0000500000000000 filesz 000000000001b713 memsz 000000000001b713 (ro) -> mapped USER (bounds ok)
[elf    ] PT_LOAD vaddr 000050000001c000 filesz 0000000000003f20 memsz 0000000000003f20 (ro) -> mapped USER (bounds ok)
[elf    ] PT_LOAD vaddr 0000500000020000 filesz 0000000000000284 memsz 0000000000037fe0 (rw) -> mapped USER (bounds ok)
[kernel ] spawned pid 99 'kp-stress' caps 0000000000000003 — private PML4 @ phys 0000000001325000
[elf    ] PT_LOAD vaddr 0000500000000000 filesz 000000000001b713 memsz 000000000001b713 (ro) -> mapped USER (bounds ok)
[elf    ] PT_LOAD vaddr 000050000001c000 filesz 0000000000003f20 memsz 0000000000003f20 (ro) -> mapped USER (bounds ok)
[elf    ] PT_LOAD vaddr 0000500000020000 filesz 0000000000000284 memsz 0000000000037fe0 (rw) -> mapped USER (bounds ok)
[hw     ] GRANT  pid 99 'kp-stress' -> 'sensor0': phys 0000000001003000 mapped at vaddr 00004018c0000000 (1 pages)
[surface] pid 98 owns surface 6 (64x64) DOUBLE-BUFFERED at user vaddr 0000530000000000 (+4 pages back) (recycled pixel buffers)
[surface] slot 6 reclaimed on owner exit — 8 pages (phys 0000000001574000) back on the free list
[surface] pid 98 owns surface 6 (64x64) DOUBLE-BUFFERED at user vaddr 0000530000000000 (+4 pages back) (recycled pixel buffers)
[surface] slot 6 reclaimed on owner exit — 8 pages (phys 0000000001574000) back on the free list
[kernel ] spawned pid 100 'kp-stress' caps 0000000000000040 — private PML4 @ phys 00000000013f0000
[elf    ] PT_LOAD vaddr 0000500000000000 filesz 000000000001b713 memsz 000000000001b713 (ro) -> mapped USER (bounds ok)
[elf    ] PT_LOAD vaddr 000050000001c000 filesz 0000000000003f20 memsz 0000000000003f20 (ro) -> mapped USER (bounds ok)
[elf    ] PT_LOAD vaddr 0000500000020000 filesz 0000000000000284 memsz 0000000000037fe0 (rw) -> mapped USER (bounds ok)
[kernel ] spawned pid 101 'kp-stress' caps 0000000000000003 — private PML4 @ phys 000000000159e000
[elf    ] PT_LOAD vaddr 0000500000000000 filesz 000000000001b713 memsz 000000000001b713 (ro) -> mapped USER (bounds ok)
[elf    ] PT_LOAD vaddr 000050000001c000 filesz 0000000000003f20 memsz 0000000000003f20 (ro) -> mapped USER (bounds ok)
[elf    ] PT_LOAD vaddr 0000500000020000 filesz 0000000000000284 memsz 0000000000037fe0 (rw) -> mapped USER (bounds ok)
[hw     ] GRANT  pid 101 'kp-stress' -> 'sensor0': phys 0000000001003000 mapped at vaddr 0000401940000000 (1 pages)
[surface] pid 100 owns surface 6 (64x64) DOUBLE-BUFFERED at user vaddr 0000530000000000 (+4 pages back) (recycled pixel buffers)
[surface] slot 6 reclaimed on owner exit — 8 pages (phys 0000000001574000) back on the free list
[surface] pid 100 owns surface 6 (64x64) DOUBLE-BUFFERED at user vaddr 0000530000000000 (+4 pages back) (recycled pixel buffers)
[surface] slot 6 reclaimed on owner exit — 8 pages (phys 0000000001574000) back on the free list
[kernel ] spawned pid 102 'kp-stress' caps 0000000000000040 — private PML4 @ phys 00000000013f0000
[elf    ] PT_LOAD vaddr 0000500000000000 filesz 000000000001b713 memsz 000000000001b713 (ro) -> mapped USER (bounds ok)
[elf    ] PT_LOAD vaddr 000050000001c000 filesz 0000000000003f20 memsz 0000000000003f20 (ro) -> mapped USER (bounds ok)
[elf    ] PT_LOAD vaddr 0000500000020000 filesz 0000000000000284 memsz 0000000000037fe0 (rw) -> mapped USER (bounds ok)
[kernel ] spawned pid 103 'kp-stress' caps 0000000000000003 — private PML4 @ phys 00000000015a0000
[elf    ] PT_LOAD vaddr 0000500000000000 filesz 000000000001b713 memsz 000000000001b713 (ro) -> mapped USER (bounds ok)
[elf    ] PT_LOAD vaddr 000050000001c000 filesz 0000000000003f20 memsz 0000000000003f20 (ro) -> mapped USER (bounds ok)
[elf    ] PT_LOAD vaddr 0000500000020000 filesz 0000000000000284 memsz 0000000000037fe0 (rw) -> mapped USER (bounds ok)
[hw     ] GRANT  pid 103 'kp-stress' -> 'sensor0': phys 0000000001003000 mapped at vaddr 00004019c0000000 (1 pages)
[surface] pid 102 owns surface 6 (64x64) DOUBLE-BUFFERED at user vaddr 0000530000000000 (+4 pages back) (recycled pixel buffers)
[surface] slot 6 reclaimed on owner exit — 8 pages (phys 0000000001574000) back on the free list
[surface] pid 102 owns surface 6 (64x64) DOUBLE-BUFFERED at user vaddr 0000530000000000 (+4 pages back) (recycled pixel buffers)
[surface] slot 6 reclaimed on owner exit — 8 pages (phys 0000000001574000) back on the free list
[kernel ] spawned pid 104 'kp-stress' caps 0000000000000040 — private PML4 @ phys 00000000013f0000
[elf    ] PT_LOAD vaddr 0000500000000000 filesz 000000000001b713 memsz 000000000001b713 (ro) -> mapped USER (bounds ok)
[elf    ] PT_LOAD vaddr 000050000001c000 filesz 0000000000003f20 memsz 0000000000003f20 (ro) -> mapped USER (bounds ok)
[elf    ] PT_LOAD vaddr 0000500000020000 filesz 0000000000000284 memsz 0000000000037fe0 (rw) -> mapped USER (bounds ok)
[kernel ] spawned pid 105 'kp-stress' caps 0000000000000003 — private PML4 @ phys 0000000001337000
[elf    ] PT_LOAD vaddr 0000500000000000 filesz 000000000001b713 memsz 000000000001b713 (ro) -> mapped USER (bounds ok)
[elf    ] PT_LOAD vaddr 000050000001c000 filesz 0000000000003f20 memsz 0000000000003f20 (ro) -> mapped USER (bounds ok)
[elf    ] PT_LOAD vaddr 0000500000020000 filesz 0000000000000284 memsz 0000000000037fe0 (rw) -> mapped USER (bounds ok)
[hw     ] GRANT  pid 105 'kp-stress' -> 'sensor0': phys 0000000001003000 mapped at vaddr 0000401a40000000 (1 pages)
[surface] pid 104 owns surface 6 (64x64) DOUBLE-BUFFERED at user vaddr 0000530000000000 (+4 pages back) (recycled pixel buffers)
[surface] slot 6 reclaimed on owner exit — 8 pages (phys 0000000001574000) back on the free list
[surface] pid 104 owns surface 6 (64x64) DOUBLE-BUFFERED at user vaddr 0000530000000000 (+4 pages back) (recycled pixel buffers)
[surface] slot 6 reclaimed on owner exit — 8 pages (phys 0000000001574000) back on the free list
[kernel ] spawned pid 106 'kp-stress' caps 0000000000000040 — private PML4 @ phys 00000000013f0000
[elf    ] PT_LOAD vaddr 0000500000000000 filesz 000000000001b713 memsz 000000000001b713 (ro) -> mapped USER (bounds ok)
[elf    ] PT_LOAD vaddr 000050000001c000 filesz 0000000000003f20 memsz 0000000000003f20 (ro) -> mapped USER (bounds ok)
[elf    ] PT_LOAD vaddr 0000500000020000 filesz 0000000000000284 memsz 0000000000037fe0 (rw) -> mapped USER (bounds ok)
[kernel ] spawned pid 107 'kp-stress' caps 0000000000000003 — private PML4 @ phys 0000000001264000
[elf    ] PT_LOAD vaddr 0000500000000000 filesz 000000000001b713 memsz 000000000001b713 (ro) -> mapped USER (bounds ok)
[elf    ] PT_LOAD vaddr 000050000001c000 filesz 0000000000003f20 memsz 0000000000003f20 (ro) -> mapped USER (bounds ok)
[elf    ] PT_LOAD vaddr 0000500000020000 filesz 0000000000000284 memsz 0000000000037fe0 (rw) -> mapped USER (bounds ok)
[hw     ] GRANT  pid 107 'kp-stress' -> 'sensor0': phys 0000000001003000 mapped at vaddr 0000401ac0000000 (1 pages)
[surface] pid 106 owns surface 6 (64x64) DOUBLE-BUFFERED at user vaddr 0000530000000000 (+4 pages back) (recycled pixel buffers)
[surface] slot 6 reclaimed on owner exit — 8 pages (phys 0000000001574000) back on the free list
[surface] pid 106 owns surface 6 (64x64) DOUBLE-BUFFERED at user vaddr 0000530000000000 (+4 pages back) (recycled pixel buffers)
[surface] slot 6 reclaimed on owner exit — 8 pages (phys 0000000001574000) back on the free list
[kernel ] spawned pid 108 'kp-stress' caps 0000000000000040 — private PML4 @ phys 00000000013f0000
[elf    ] PT_LOAD vaddr 0000500000000000 filesz 000000000001b713 memsz 000000000001b713 (ro) -> mapped USER (bounds ok)
[elf    ] PT_LOAD vaddr 000050000001c000 filesz 0000000000003f20 memsz 0000000000003f20 (ro) -> mapped USER (bounds ok)
[elf    ] PT_LOAD vaddr 0000500000020000 filesz 0000000000000284 memsz 0000000000037fe0 (rw) -> mapped USER (bounds ok)
[kernel ] spawned pid 109 'kp-stress' caps 0000000000000003 — private PML4 @ phys 00000000015a6000
[elf    ] PT_LOAD vaddr 0000500000000000 filesz 000000000001b713 memsz 000000000001b713 (ro) -> mapped USER (bounds ok)
[elf    ] PT_LOAD vaddr 000050000001c000 filesz 0000000000003f20 memsz 0000000000003f20 (ro) -> mapped USER (bounds ok)
[elf    ] PT_LOAD vaddr 0000500000020000 filesz 0000000000000284 memsz 0000000000037fe0 (rw) -> mapped USER (bounds ok)
[surface] pid 108 owns surface 6 (64x64) DOUBLE-BUFFERED at user vaddr 0000530000000000 (+4 pages back) (recycled pixel buffers)
[hw     ] GRANT  pid 109 'kp-stress' -> 'sensor0': phys 0000000001003000 mapped at vaddr 0000401b40000000 (1 pages)
[surface] slot 6 reclaimed on owner exit — 8 pages (phys 0000000001574000) back on the free list
[surface] pid 108 owns surface 6 (64x64) DOUBLE-BUFFERED at user vaddr 0000530000000000 (+4 pages back) (recycled pixel buffers)
[surface] slot 6 reclaimed on owner exit — 8 pages (phys 0000000001574000) back on the free list
[kernel ] spawned pid 110 'kp-stress' caps 0000000000000040 — private PML4 @ phys 00000000013f0000
[elf    ] PT_LOAD vaddr 0000500000000000 filesz 000000000001b713 memsz 000000000001b713 (ro) -> mapped USER (bounds ok)
[elf    ] PT_LOAD vaddr 000050000001c000 filesz 0000000000003f20 memsz 0000000000003f20 (ro) -> mapped USER (bounds ok)
[elf    ] PT_LOAD vaddr 0000500000020000 filesz 0000000000000284 memsz 0000000000037fe0 (rw) -> mapped USER (bounds ok)
[kernel ] spawned pid 111 'kp-stress' caps 0000000000000003 — private PML4 @ phys 0000000001338000
[elf    ] PT_LOAD vaddr 0000500000000000 filesz 000000000001b713 memsz 000000000001b713 (ro) -> mapped USER (bounds ok)
[elf    ] PT_LOAD vaddr 000050000001c000 filesz 0000000000003f20 memsz 0000000000003f20 (ro) -> mapped USER (bounds ok)
[elf    ] PT_LOAD vaddr 0000500000020000 filesz 0000000000000284 memsz 0000000000037fe0 (rw) -> mapped USER (bounds ok)
[hw     ] GRANT  pid 111 'kp-stress' -> 'sensor0': phys 0000000001003000 mapped at vaddr 0000401bc0000000 (1 pages)
[surface] pid 110 owns surface 6 (64x64) DOUBLE-BUFFERED at user vaddr 0000530000000000 (+4 pages back) (recycled pixel buffers)
[surface] slot 6 reclaimed on owner exit — 8 pages (phys 0000000001574000) back on the free list
[surface] pid 110 owns surface 6 (64x64) DOUBLE-BUFFERED at user vaddr 0000530000000000 (+4 pages back) (recycled pixel buffers)
[surface] slot 6 reclaimed on owner exit — 8 pages (phys 0000000001574000) back on the free list
[kernel ] spawned pid 112 'kp-stress' caps 0000000000000040 — private PML4 @ phys 00000000013f0000
[elf    ] PT_LOAD vaddr 0000500000000000 filesz 000000000001b713 memsz 000000000001b713 (ro) -> mapped USER (bounds ok)
[elf    ] PT_LOAD vaddr 000050000001c000 filesz 0000000000003f20 memsz 0000000000003f20 (ro) -> mapped USER (bounds ok)
[elf    ] PT_LOAD vaddr 0000500000020000 filesz 0000000000000284 memsz 0000000000037fe0 (rw) -> mapped USER (bounds ok)
[kernel ] spawned pid 113 'kp-stress' caps 0000000000000003 — private PML4 @ phys 00000000015aa000
[elf    ] PT_LOAD vaddr 0000500000000000 filesz 000000000001b713 memsz 000000000001b713 (ro) -> mapped USER (bounds ok)
[elf    ] PT_LOAD vaddr 000050000001c000 filesz 0000000000003f20 memsz 0000000000003f20 (ro) -> mapped USER (bounds ok)
[elf    ] PT_LOAD vaddr 0000500000020000 filesz 0000000000000284 memsz 0000000000037fe0 (rw) -> mapped USER (bounds ok)
[hw     ] GRANT  pid 113 'kp-stress' -> 'sensor0': phys 0000000001003000 mapped at vaddr 0000401c40000000 (1 pages)
[surface] pid 112 owns surface 6 (64x64) DOUBLE-BUFFERED at user vaddr 0000530000000000 (+4 pages back) (recycled pixel buffers)
[surface] slot 6 reclaimed on owner exit — 8 pages (phys 0000000001574000) back on the free list
[surface] pid 112 owns surface 6 (64x64) DOUBLE-BUFFERED at user vaddr 0000530000000000 (+4 pages back) (recycled pixel buffers)
[surface] slot 6 reclaimed on owner exit — 8 pages (phys 0000000001574000) back on the free list
[kernel ] spawned pid 114 'kp-stress' caps 0000000000000040 — private PML4 @ phys 00000000013f0000
[elf    ] PT_LOAD vaddr 0000500000000000 filesz 000000000001b713 memsz 000000000001b713 (ro) -> mapped USER (bounds ok)
[elf    ] PT_LOAD vaddr 000050000001c000 filesz 0000000000003f20 memsz 0000000000003f20 (ro) -> mapped USER (bounds ok)
[elf    ] PT_LOAD vaddr 0000500000020000 filesz 0000000000000284 memsz 0000000000037fe0 (rw) -> mapped USER (bounds ok)
[kernel ] spawned pid 115 'kp-stress' caps 0000000000000003 — private PML4 @ phys 00000000015ac000
[elf    ] PT_LOAD vaddr 0000500000000000 filesz 000000000001b713 memsz 000000000001b713 (ro) -> mapped USER (bounds ok)
[elf    ] PT_LOAD vaddr 000050000001c000 filesz 0000000000003f20 memsz 0000000000003f20 (ro) -> mapped USER (bounds ok)
[elf    ] PT_LOAD vaddr 0000500000020000 filesz 0000000000000284 memsz 0000000000037fe0 (rw) -> mapped USER (bounds ok)
[surface] pid 114 owns surface 6 (64x64) DOUBLE-BUFFERED at user vaddr 0000530000000000 (+4 pages back) (recycled pixel buffers)
[hw     ] GRANT  pid 115 'kp-stress' -> 'sensor0': phys 0000000001003000 mapped at vaddr 0000401cc0000000 (1 pages)
[surface] slot 6 reclaimed on owner exit — 8 pages (phys 0000000001574000) back on the free list
[surface] pid 114 owns surface 6 (64x64) DOUBLE-BUFFERED at user vaddr 0000530000000000 (+4 pages back) (recycled pixel buffers)
[surface] slot 6 reclaimed on owner exit — 8 pages (phys 0000000001574000) back on the free list
[kernel ] spawned pid 116 'kp-stress' caps 0000000000000040 — private PML4 @ phys 00000000013f0000
[elf    ] PT_LOAD vaddr 0000500000000000 filesz 000000000001b713 memsz 000000000001b713 (ro) -> mapped USER (bounds ok)
[elf    ] PT_LOAD vaddr 000050000001c000 filesz 0000000000003f20 memsz 0000000000003f20 (ro) -> mapped USER (bounds ok)
[elf    ] PT_LOAD vaddr 0000500000020000 filesz 0000000000000284 memsz 0000000000037fe0 (rw) -> mapped USER (bounds ok)
[kernel ] spawned pid 117 'kp-stress' caps 0000000000000003 — private PML4 @ phys 00000000015ae000
[elf    ] PT_LOAD vaddr 0000500000000000 filesz 000000000001b713 memsz 000000000001b713 (ro) -> mapped USER (bounds ok)
[elf    ] PT_LOAD vaddr 000050000001c000 filesz 0000000000003f20 memsz 0000000000003f20 (ro) -> mapped USER (bounds ok)
[elf    ] PT_LOAD vaddr 0000500000020000 filesz 0000000000000284 memsz 0000000000037fe0 (rw) -> mapped USER (bounds ok)
[hw     ] GRANT  pid 117 'kp-stress' -> 'sensor0': phys 0000000001003000 mapped at vaddr 0000401d40000000 (1 pages)
[surface] pid 116 owns surface 6 (64x64) DOUBLE-BUFFERED at user vaddr 0000530000000000 (+4 pages back) (recycled pixel buffers)
[surface] slot 6 reclaimed on owner exit — 8 pages (phys 0000000001574000) back on the free list
[surface] pid 116 owns surface 6 (64x64) DOUBLE-BUFFERED at user vaddr 0000530000000000 (+4 pages back) (recycled pixel buffers)
[surface] slot 6 reclaimed on owner exit — 8 pages (phys 0000000001574000) back on the free list
[kernel ] spawned pid 118 'kp-stress' caps 0000000000000040 — private PML4 @ phys 00000000013f0000
[elf    ] PT_LOAD vaddr 0000500000000000 filesz 000000000001b713 memsz 000000000001b713 (ro) -> mapped USER (bounds ok)
[elf    ] PT_LOAD vaddr 000050000001c000 filesz 0000000000003f20 memsz 0000000000003f20 (ro) -> mapped USER (bounds ok)
[elf    ] PT_LOAD vaddr 0000500000020000 filesz 0000000000000284 memsz 0000000000037fe0 (rw) -> mapped USER (bounds ok)
[kernel ] spawned pid 119 'kp-stress' caps 0000000000000003 — private PML4 @ phys 00000000015b0000
[elf    ] PT_LOAD vaddr 0000500000000000 filesz 000000000001b713 memsz 000000000001b713 (ro) -> mapped USER (bounds ok)
[elf    ] PT_LOAD vaddr 000050000001c000 filesz 0000000000003f20 memsz 0000000000003f20 (ro) -> mapped USER (bounds ok)
[elf    ] PT_LOAD vaddr 0000500000020000 filesz 0000000000000284 memsz 0000000000037fe0 (rw) -> mapped USER (bounds ok)
[hw     ] GRANT  pid 119 'kp-stress' -> 'sensor0': phys 0000000001003000 mapped at vaddr 0000401dc0000000 (1 pages)
[surface] pid 118 owns surface 6 (64x64) DOUBLE-BUFFERED at user vaddr 0000530000000000 (+4 pages back) (recycled pixel buffers)
[surface] slot 6 reclaimed on owner exit — 8 pages (phys 0000000001574000) back on the free list
[surface] pid 118 owns surface 6 (64x64) DOUBLE-BUFFERED at user vaddr 0000530000000000 (+4 pages back) (recycled pixel buffers)
[surface] slot 6 reclaimed on owner exit — 8 pages (phys 0000000001574000) back on the free list
[kernel ] spawned pid 120 'kp-stress' caps 0000000000000040 — private PML4 @ phys 00000000013f0000
[elf    ] PT_LOAD vaddr 0000500000000000 filesz 000000000001b713 memsz 000000000001b713 (ro) -> mapped USER (bounds ok)
[elf    ] PT_LOAD vaddr 000050000001c000 filesz 0000000000003f20 memsz 0000000000003f20 (ro) -> mapped USER (bounds ok)
[elf    ] PT_LOAD vaddr 0000500000020000 filesz 0000000000000284 memsz 0000000000037fe0 (rw) -> mapped USER (bounds ok)
[kernel ] spawned pid 121 'kp-stress' caps 0000000000000003 — private PML4 @ phys 00000000015b2000
[elf    ] PT_LOAD vaddr 0000500000000000 filesz 000000000001b713 memsz 000000000001b713 (ro) -> mapped USER (bounds ok)
[elf    ] PT_LOAD vaddr 000050000001c000 filesz 0000000000003f20 memsz 0000000000003f20 (ro) -> mapped USER (bounds ok)
[elf    ] PT_LOAD vaddr 0000500000020000 filesz 0000000000000284 memsz 0000000000037fe0 (rw) -> mapped USER (bounds ok)
[hw     ] GRANT  pid 121 'kp-stress' -> 'sensor0': phys 0000000001003000 mapped at vaddr 0000401e40000000 (1 pages)
[surface] pid 120 owns surface 6 (64x64) DOUBLE-BUFFERED at user vaddr 0000530000000000 (+4 pages back) (recycled pixel buffers)
[surface] slot 6 reclaimed on owner exit — 8 pages (phys 0000000001574000) back on the free list
[surface] pid 120 owns surface 6 (64x64) DOUBLE-BUFFERED at user vaddr 0000530000000000 (+4 pages back) (recycled pixel buffers)
[surface] slot 6 reclaimed on owner exit — 8 pages (phys 0000000001574000) back on the free list
[kernel ] spawned pid 122 'kp-stress' caps 0000000000000040 — private PML4 @ phys 00000000013f0000
[elf    ] PT_LOAD vaddr 0000500000000000 filesz 000000000001b713 memsz 000000000001b713 (ro) -> mapped USER (bounds ok)
[elf    ] PT_LOAD vaddr 000050000001c000 filesz 0000000000003f20 memsz 0000000000003f20 (ro) -> mapped USER (bounds ok)
[elf    ] PT_LOAD vaddr 0000500000020000 filesz 0000000000000284 memsz 0000000000037fe0 (rw) -> mapped USER (bounds ok)
[kernel ] spawned pid 123 'kp-stress' caps 0000000000000003 — private PML4 @ phys 00000000015ab000
[elf    ] PT_LOAD vaddr 0000500000000000 filesz 000000000001b713 memsz 000000000001b713 (ro) -> mapped USER (bounds ok)
[elf    ] PT_LOAD vaddr 000050000001c000 filesz 0000000000003f20 memsz 0000000000003f20 (ro) -> mapped USER (bounds ok)
[elf    ] PT_LOAD vaddr 0000500000020000 filesz 0000000000000284 memsz 0000000000037fe0 (rw) -> mapped USER (bounds ok)
[surface] pid 122 owns surface 6 (64x64) DOUBLE-BUFFERED at user vaddr 0000530000000000 (+4 pages back) (recycled pixel buffers)
[hw     ] GRANT  pid 123 'kp-stress' -> 'sensor0': phys 0000000001003000 mapped at vaddr 0000401ec0000000 (1 pages)
[surface] slot 6 reclaimed on owner exit — 8 pages (phys 0000000001574000) back on the free list
[surface] pid 122 owns surface 6 (64x64) DOUBLE-BUFFERED at user vaddr 0000530000000000 (+4 pages back) (recycled pixel buffers)
[surface] slot 6 reclaimed on owner exit — 8 pages (phys 0000000001574000) back on the free list
[kernel ] spawned pid 124 'kp-stress' caps 0000000000000040 — private PML4 @ phys 00000000013f0000
[elf    ] PT_LOAD vaddr 0000500000000000 filesz 000000000001b713 memsz 000000000001b713 (ro) -> mapped USER (bounds ok)
[elf    ] PT_LOAD vaddr 000050000001c000 filesz 0000000000003f20 memsz 0000000000003f20 (ro) -> mapped USER (bounds ok)
[elf    ] PT_LOAD vaddr 0000500000020000 filesz 0000000000000284 memsz 0000000000037fe0 (rw) -> mapped USER (bounds ok)
[kernel ] spawned pid 125 'kp-stress' caps 0000000000000003 — private PML4 @ phys 00000000015a0000
[elf    ] PT_LOAD vaddr 0000500000000000 filesz 000000000001b713 memsz 000000000001b713 (ro) -> mapped USER (bounds ok)
[elf    ] PT_LOAD vaddr 000050000001c000 filesz 0000000000003f20 memsz 0000000000003f20 (ro) -> mapped USER (bounds ok)
[elf    ] PT_LOAD vaddr 0000500000020000 filesz 0000000000000284 memsz 0000000000037fe0 (rw) -> mapped USER (bounds ok)
[hw     ] GRANT  pid 125 'kp-stress' -> 'sensor0': phys 0000000001003000 mapped at vaddr 0000401f40000000 (1 pages)
[surface] pid 124 owns surface 6 (64x64) DOUBLE-BUFFERED at user vaddr 0000530000000000 (+4 pages back) (recycled pixel buffers)
[surface] slot 6 reclaimed on owner exit — 8 pages (phys 0000000001574000) back on the free list
[surface] pid 124 owns surface 6 (64x64) DOUBLE-BUFFERED at user vaddr 0000530000000000 (+4 pages back) (recycled pixel buffers)
[surface] slot 6 reclaimed on owner exit — 8 pages (phys 0000000001574000) back on the free list
[kernel ] spawned pid 126 'kp-stress' caps 0000000000000040 — private PML4 @ phys 00000000013f0000
[elf    ] PT_LOAD vaddr 0000500000000000 filesz 000000000001b713 memsz 000000000001b713 (ro) -> mapped USER (bounds ok)
[elf    ] PT_LOAD vaddr 000050000001c000 filesz 0000000000003f20 memsz 0000000000003f20 (ro) -> mapped USER (bounds ok)
[elf    ] PT_LOAD vaddr 0000500000020000 filesz 0000000000000284 memsz 0000000000037fe0 (rw) -> mapped USER (bounds ok)
[kernel ] spawned pid 127 'kp-stress' caps 0000000000000003 — private PML4 @ phys 00000000015b8000
[elf    ] PT_LOAD vaddr 0000500000000000 filesz 000000000001b713 memsz 000000000001b713 (ro) -> mapped USER (bounds ok)
[elf    ] PT_LOAD vaddr 000050000001c000 filesz 0000000000003f20 memsz 0000000000003f20 (ro) -> mapped USER (bounds ok)
[elf    ] PT_LOAD vaddr 0000500000020000 filesz 0000000000000284 memsz 0000000000037fe0 (rw) -> mapped USER (bounds ok)
[surface] pid 126 owns surface 6 (64x64) DOUBLE-BUFFERED at user vaddr 0000530000000000 (+4 pages back) (recycled pixel buffers)
[hw     ] GRANT  pid 127 'kp-stress' -> 'sensor0': phys 0000000001003000 mapped at vaddr 0000401fc0000000 (1 pages)
[surface] slot 6 reclaimed on owner exit — 8 pages (phys 0000000001574000) back on the free list
[surface] pid 126 owns surface 6 (64x64) DOUBLE-BUFFERED at user vaddr 0000530000000000 (+4 pages back) (recycled pixel buffers)
[surface] slot 6 reclaimed on owner exit — 8 pages (phys 0000000001574000) back on the free list
[kernel ] spawned pid 128 'kp-stress' caps 0000000000000040 — private PML4 @ phys 00000000013f0000
[elf    ] PT_LOAD vaddr 0000500000000000 filesz 000000000001b713 memsz 000000000001b713 (ro) -> mapped USER (bounds ok)
[elf    ] PT_LOAD vaddr 000050000001c000 filesz 0000000000003f20 memsz 0000000000003f20 (ro) -> mapped USER (bounds ok)
[elf    ] PT_LOAD vaddr 0000500000020000 filesz 0000000000000284 memsz 0000000000037fe0 (rw) -> mapped USER (bounds ok)
[kernel ] spawned pid 129 'kp-stress' caps 0000000000000003 — private PML4 @ phys 00000000015ba000
[elf    ] PT_LOAD vaddr 0000500000000000 filesz 000000000001b713 memsz 000000000001b713 (ro) -> mapped USER (bounds ok)
[elf    ] PT_LOAD vaddr 000050000001c000 filesz 0000000000003f20 memsz 0000000000003f20 (ro) -> mapped USER (bounds ok)
[elf    ] PT_LOAD vaddr 0000500000020000 filesz 0000000000000284 memsz 0000000000037fe0 (rw) -> mapped USER (bounds ok)
[surface] pid 128 owns surface 6 (64x64) DOUBLE-BUFFERED at user vaddr 0000530000000000 (+4 pages back) (recycled pixel buffers)
[hw     ] GRANT  pid 129 'kp-stress' -> 'sensor0': phys 0000000001003000 mapped at vaddr 0000402040000000 (1 pages)
[surface] slot 6 reclaimed on owner exit — 8 pages (phys 0000000001574000) back on the free list
[surface] pid 128 owns surface 6 (64x64) DOUBLE-BUFFERED at user vaddr 0000530000000000 (+4 pages back) (recycled pixel buffers)
[surface] slot 6 reclaimed on owner exit — 8 pages (phys 0000000001574000) back on the free list
[kernel ] spawned pid 130 'kp-stress' caps 0000000000000040 — private PML4 @ phys 00000000013f0000
[elf    ] PT_LOAD vaddr 0000500000000000 filesz 000000000001b713 memsz 000000000001b713 (ro) -> mapped USER (bounds ok)
[elf    ] PT_LOAD vaddr 000050000001c000 filesz 0000000000003f20 memsz 0000000000003f20 (ro) -> mapped USER (bounds ok)
[elf    ] PT_LOAD vaddr 0000500000020000 filesz 0000000000000284 memsz 0000000000037fe0 (rw) -> mapped USER (bounds ok)
[kernel ] spawned pid 131 'kp-stress' caps 0000000000000003 — private PML4 @ phys 00000000015a6000
[elf    ] PT_LOAD vaddr 0000500000000000 filesz 000000000001b713 memsz 000000000001b713 (ro) -> mapped USER (bounds ok)
[elf    ] PT_LOAD vaddr 000050000001c000 filesz 0000000000003f20 memsz 0000000000003f20 (ro) -> mapped USER (bounds ok)
[elf    ] PT_LOAD vaddr 0000500000020000 filesz 0000000000000284 memsz 0000000000037fe0 (rw) -> mapped USER (bounds ok)
[surface] pid 130 owns surface 6 (64x64) DOUBLE-BUFFERED at user vaddr 0000530000000000 (+4 pages back) (recycled pixel buffers)
[hw     ] GRANT  pid 131 'kp-stress' -> 'sensor0': phys 0000000001003000 mapped at vaddr 00004020c0000000 (1 pages)
[surface] slot 6 reclaimed on owner exit — 8 pages (phys 0000000001574000) back on the free list
[surface] pid 130 owns surface 6 (64x64) DOUBLE-BUFFERED at user vaddr 0000530000000000 (+4 pages back) (recycled pixel buffers)
[surface] slot 6 reclaimed on owner exit — 8 pages (phys 0000000001574000) back on the free list
[kernel ] spawned pid 132 'kp-stress' caps 0000000000000040 — private PML4 @ phys 00000000013f0000
[elf    ] PT_LOAD vaddr 0000500000000000 filesz 000000000001b713 memsz 000000000001b713 (ro) -> mapped USER (bounds ok)
[elf    ] PT_LOAD vaddr 000050000001c000 filesz 0000000000003f20 memsz 0000000000003f20 (ro) -> mapped USER (bounds ok)
[elf    ] PT_LOAD vaddr 0000500000020000 filesz 0000000000000284 memsz 0000000000037fe0 (rw) -> mapped USER (bounds ok)
[kernel ] spawned pid 133 'kp-stress' caps 0000000000000003 — private PML4 @ phys 00000000015be000
[elf    ] PT_LOAD vaddr 0000500000000000 filesz 000000000001b713 memsz 000000000001b713 (ro) -> mapped USER (bounds ok)
[elf    ] PT_LOAD vaddr 000050000001c000 filesz 0000000000003f20 memsz 0000000000003f20 (ro) -> mapped USER (bounds ok)
[elf    ] PT_LOAD vaddr 0000500000020000 filesz 0000000000000284 memsz 0000000000037fe0 (rw) -> mapped USER (bounds ok)
[surface] pid 132 owns surface 6 (64x64) DOUBLE-BUFFERED at user vaddr 0000530000000000 (+4 pages back) (recycled pixel buffers)
[hw     ] GRANT  pid 133 'kp-stress' -> 'sensor0': phys 0000000001003000 mapped at vaddr 0000402140000000 (1 pages)
[surface] slot 6 reclaimed on owner exit — 8 pages (phys 0000000001574000) back on the free list
[surface] pid 132 owns surface 6 (64x64) DOUBLE-BUFFERED at user vaddr 0000530000000000 (+4 pages back) (recycled pixel buffers)
[surface] slot 6 reclaimed on owner exit — 8 pages (phys 0000000001574000) back on the free list
[kernel ] spawned pid 134 'kp-stress' caps 0000000000000040 — private PML4 @ phys 00000000013f0000
[elf    ] PT_LOAD vaddr 0000500000000000 filesz 000000000001b713 memsz 000000000001b713 (ro) -> mapped USER (bounds ok)
[elf    ] PT_LOAD vaddr 000050000001c000 filesz 0000000000003f20 memsz 0000000000003f20 (ro) -> mapped USER (bounds ok)
[elf    ] PT_LOAD vaddr 0000500000020000 filesz 0000000000000284 memsz 0000000000037fe0 (rw) -> mapped USER (bounds ok)
[kernel ] spawned pid 135 'kp-stress' caps 0000000000000003 — private PML4 @ phys 00000000015c0000
[elf    ] PT_LOAD vaddr 0000500000000000 filesz 000000000001b713 memsz 000000000001b713 (ro) -> mapped USER (bounds ok)
[elf    ] PT_LOAD vaddr 000050000001c000 filesz 0000000000003f20 memsz 0000000000003f20 (ro) -> mapped USER (bounds ok)
[elf    ] PT_LOAD vaddr 0000500000020000 filesz 0000000000000284 memsz 0000000000037fe0 (rw) -> mapped USER (bounds ok)
[surface] pid 134 owns surface 6 (64x64) DOUBLE-BUFFERED at user vaddr 0000530000000000 (+4 pages back) (recycled pixel buffers)
[hw     ] GRANT  pid 135 'kp-stress' -> 'sensor0': phys 0000000001003000 mapped at vaddr 00004021c0000000 (1 pages)
[surface] slot 6 reclaimed on owner exit — 8 pages (phys 0000000001574000) back on the free list
[surface] pid 134 owns surface 6 (64x64) DOUBLE-BUFFERED at user vaddr 0000530000000000 (+4 pages back) (recycled pixel buffers)
[surface] slot 6 reclaimed on owner exit — 8 pages (phys 0000000001574000) back on the free list
[kernel ] spawned pid 136 'kp-stress' caps 0000000000000040 — private PML4 @ phys 00000000013f0000
[elf    ] PT_LOAD vaddr 0000500000000000 filesz 000000000001b713 memsz 000000000001b713 (ro) -> mapped USER (bounds ok)
[elf    ] PT_LOAD vaddr 000050000001c000 filesz 0000000000003f20 memsz 0000000000003f20 (ro) -> mapped USER (bounds ok)
[elf    ] PT_LOAD vaddr 0000500000020000 filesz 0000000000000284 memsz 0000000000037fe0 (rw) -> mapped USER (bounds ok)
[kernel ] spawned pid 137 'kp-stress' caps 0000000000000003 — private PML4 @ phys 00000000015c2000
[elf    ] PT_LOAD vaddr 0000500000000000 filesz 000000000001b713 memsz 000000000001b713 (ro) -> mapped USER (bounds ok)
[elf    ] PT_LOAD vaddr 000050000001c000 filesz 0000000000003f20 memsz 0000000000003f20 (ro) -> mapped USER (bounds ok)
[elf    ] PT_LOAD vaddr 0000500000020000 filesz 0000000000000284 memsz 0000000000037fe0 (rw) -> mapped USER (bounds ok)
[hw     ] GRANT  pid 137 'kp-stress' -> 'sensor0': phys 0000000001003000 mapped at vaddr 0000402240000000 (1 pages)
[surface] pid 136 owns surface 6 (64x64) DOUBLE-BUFFERED at user vaddr 0000530000000000 (+4 pages back) (recycled pixel buffers)
[surface] slot 6 reclaimed on owner exit — 8 pages (phys 0000000001574000) back on the free list
[surface] pid 136 owns surface 6 (64x64) DOUBLE-BUFFERED at user vaddr 0000530000000000 (+4 pages back) (recycled pixel buffers)
[surface] slot 6 reclaimed on owner exit — 8 pages (phys 0000000001574000) back on the free list
[kernel ] spawned pid 138 'kp-stress' caps 0000000000000040 — private PML4 @ phys 00000000013f0000
[elf    ] PT_LOAD vaddr 0000500000000000 filesz 000000000001b713 memsz 000000000001b713 (ro) -> mapped USER (bounds ok)
[elf    ] PT_LOAD vaddr 000050000001c000 filesz 0000000000003f20 memsz 0000000000003f20 (ro) -> mapped USER (bounds ok)
[elf    ] PT_LOAD vaddr 0000500000020000 filesz 0000000000000284 memsz 0000000000037fe0 (rw) -> mapped USER (bounds ok)
[kernel ] spawned pid 139 'kp-stress' caps 0000000000000003 — private PML4 @ phys 00000000015ae000
[elf    ] PT_LOAD vaddr 0000500000000000 filesz 000000000001b713 memsz 000000000001b713 (ro) -> mapped USER (bounds ok)
[elf    ] PT_LOAD vaddr 000050000001c000 filesz 0000000000003f20 memsz 0000000000003f20 (ro) -> mapped USER (bounds ok)
[elf    ] PT_LOAD vaddr 0000500000020000 filesz 0000000000000284 memsz 0000000000037fe0 (rw) -> mapped USER (bounds ok)
[hw     ] GRANT  pid 139 'kp-stress' -> 'sensor0': phys 0000000001003000 mapped at vaddr 00004022c0000000 (1 pages)
[surface] pid 138 owns surface 6 (64x64) DOUBLE-BUFFERED at user vaddr 0000530000000000 (+4 pages back) (recycled pixel buffers)
[surface] slot 6 reclaimed on owner exit — 8 pages (phys 0000000001574000) back on the free list
[surface] pid 138 owns surface 6 (64x64) DOUBLE-BUFFERED at user vaddr 0000530000000000 (+4 pages back) (recycled pixel buffers)
[surface] slot 6 reclaimed on owner exit — 8 pages (phys 0000000001574000) back on the free list
[kernel ] spawned pid 140 'kp-stress' caps 0000000000000040 — private PML4 @ phys 00000000013f0000
[elf    ] PT_LOAD vaddr 0000500000000000 filesz 000000000001b713 memsz 000000000001b713 (ro) -> mapped USER (bounds ok)
[elf    ] PT_LOAD vaddr 000050000001c000 filesz 0000000000003f20 memsz 0000000000003f20 (ro) -> mapped USER (bounds ok)
[elf    ] PT_LOAD vaddr 0000500000020000 filesz 0000000000000284 memsz 0000000000037fe0 (rw) -> mapped USER (bounds ok)
[kernel ] spawned pid 141 'kp-stress' caps 0000000000000003 — private PML4 @ phys 00000000015c6000
[elf    ] PT_LOAD vaddr 0000500000000000 filesz 000000000001b713 memsz 000000000001b713 (ro) -> mapped USER (bounds ok)
[elf    ] PT_LOAD vaddr 000050000001c000 filesz 0000000000003f20 memsz 0000000000003f20 (ro) -> mapped USER (bounds ok)
[elf    ] PT_LOAD vaddr 0000500000020000 filesz 0000000000000284 memsz 0000000000037fe0 (rw) -> mapped USER (bounds ok)
[surface] pid 140 owns surface 6 (64x64) DOUBLE-BUFFERED at user vaddr 0000530000000000 (+4 pages back) (recycled pixel buffers)
[hw     ] GRANT  pid 141 'kp-stress' -> 'sensor0': phys 0000000001003000 mapped at vaddr 0000402340000000 (1 pages)
[surface] slot 6 reclaimed on owner exit — 8 pages (phys 0000000001574000) back on the free list
[surface] pid 140 owns surface 6 (64x64) DOUBLE-BUFFERED at user vaddr 0000530000000000 (+4 pages back) (recycled pixel buffers)
[surface] slot 6 reclaimed on owner exit — 8 pages (phys 0000000001574000) back on the free list
[kernel ] spawned pid 142 'kp-stress' caps 0000000000000040 — private PML4 @ phys 00000000013f0000
[elf    ] PT_LOAD vaddr 0000500000000000 filesz 000000000001b713 memsz 000000000001b713 (ro) -> mapped USER (bounds ok)
[elf    ] PT_LOAD vaddr 000050000001c000 filesz 0000000000003f20 memsz 0000000000003f20 (ro) -> mapped USER (bounds ok)
[elf    ] PT_LOAD vaddr 0000500000020000 filesz 0000000000000284 memsz 0000000000037fe0 (rw) -> mapped USER (bounds ok)
[kernel ] spawned pid 143 'kp-stress' caps 0000000000000003 — private PML4 @ phys 00000000015b2000
[elf    ] PT_LOAD vaddr 0000500000000000 filesz 000000000001b713 memsz 000000000001b713 (ro) -> mapped USER (bounds ok)
[elf    ] PT_LOAD vaddr 000050000001c000 filesz 0000000000003f20 memsz 0000000000003f20 (ro) -> mapped USER (bounds ok)
[elf    ] PT_LOAD vaddr 0000500000020000 filesz 0000000000000284 memsz 0000000000037fe0 (rw) -> mapped USER (bounds ok)
[hw     ] GRANT  pid 143 'kp-stress' -> 'sensor0': phys 0000000001003000 mapped at vaddr 00004023c0000000 (1 pages)
[surface] pid 142 owns surface 6 (64x64) DOUBLE-BUFFERED at user vaddr 0000530000000000 (+4 pages back) (recycled pixel buffers)
[surface] slot 6 reclaimed on owner exit — 8 pages (phys 0000000001574000) back on the free list
[surface] pid 142 owns surface 6 (64x64) DOUBLE-BUFFERED at user vaddr 0000530000000000 (+4 pages back) (recycled pixel buffers)
[surface] slot 6 reclaimed on owner exit — 8 pages (phys 0000000001574000) back on the free list
[kernel ] spawned pid 144 'kp-stress' caps 0000000000000040 — private PML4 @ phys 00000000013f0000
[elf    ] PT_LOAD vaddr 0000500000000000 filesz 000000000001b713 memsz 000000000001b713 (ro) -> mapped USER (bounds ok)
[elf    ] PT_LOAD vaddr 000050000001c000 filesz 0000000000003f20 memsz 0000000000003f20 (ro) -> mapped USER (bounds ok)
[elf    ] PT_LOAD vaddr 0000500000020000 filesz 0000000000000284 memsz 0000000000037fe0 (rw) -> mapped USER (bounds ok)
[kernel ] spawned pid 145 'kp-stress' caps 0000000000000003 — private PML4 @ phys 00000000015ab000
[elf    ] PT_LOAD vaddr 0000500000000000 filesz 000000000001b713 memsz 000000000001b713 (ro) -> mapped USER (bounds ok)
[elf    ] PT_LOAD vaddr 000050000001c000 filesz 0000000000003f20 memsz 0000000000003f20 (ro) -> mapped USER (bounds ok)
[elf    ] PT_LOAD vaddr 0000500000020000 filesz 0000000000000284 memsz 0000000000037fe0 (rw) -> mapped USER (bounds ok)
[hw     ] GRANT  pid 145 'kp-stress' -> 'sensor0': phys 0000000001003000 mapped at vaddr 0000402440000000 (1 pages)
[surface] pid 144 owns surface 6 (64x64) DOUBLE-BUFFERED at user vaddr 0000530000000000 (+4 pages back) (recycled pixel buffers)
[surface] slot 6 reclaimed on owner exit — 8 pages (phys 0000000001574000) back on the free list
[surface] pid 144 owns surface 6 (64x64) DOUBLE-BUFFERED at user vaddr 0000530000000000 (+4 pages back) (recycled pixel buffers)
[surface] slot 6 reclaimed on owner exit — 8 pages (phys 0000000001574000) back on the free list
[kernel ] spawned pid 146 'kp-stress' caps 0000000000000040 — private PML4 @ phys 00000000013f0000
[elf    ] PT_LOAD vaddr 0000500000000000 filesz 000000000001b713 memsz 000000000001b713 (ro) -> mapped USER (bounds ok)
[elf    ] PT_LOAD vaddr 000050000001c000 filesz 0000000000003f20 memsz 0000000000003f20 (ro) -> mapped USER (bounds ok)
[elf    ] PT_LOAD vaddr 0000500000020000 filesz 0000000000000284 memsz 0000000000037fe0 (rw) -> mapped USER (bounds ok)
[kernel ] spawned pid 147 'kp-stress' caps 0000000000000003 — private PML4 @ phys 00000000015a0000
[elf    ] PT_LOAD vaddr 0000500000000000 filesz 000000000001b713 memsz 000000000001b713 (ro) -> mapped USER (bounds ok)
[elf    ] PT_LOAD vaddr 000050000001c000 filesz 0000000000003f20 memsz 0000000000003f20 (ro) -> mapped USER (bounds ok)
[elf    ] PT_LOAD vaddr 0000500000020000 filesz 0000000000000284 memsz 0000000000037fe0 (rw) -> mapped USER (bounds ok)
[surface] pid 146 owns surface 6 (64x64) DOUBLE-BUFFERED at user vaddr 0000530000000000 (+4 pages back) (recycled pixel buffers)
[hw     ] GRANT  pid 147 'kp-stress' -> 'sensor0': phys 0000000001003000 mapped at vaddr 00004024c0000000 (1 pages)
[surface] slot 6 reclaimed on owner exit — 8 pages (phys 0000000001574000) back on the free list
[surface] pid 146 owns surface 6 (64x64) DOUBLE-BUFFERED at user vaddr 0000530000000000 (+4 pages back) (recycled pixel buffers)
[surface] slot 6 reclaimed on owner exit — 8 pages (phys 0000000001574000) back on the free list
[kernel ] spawned pid 148 'kp-stress' caps 0000000000000040 — private PML4 @ phys 00000000013f0000
[elf    ] PT_LOAD vaddr 0000500000000000 filesz 000000000001b713 memsz 000000000001b713 (ro) -> mapped USER (bounds ok)
[elf    ] PT_LOAD vaddr 000050000001c000 filesz 0000000000003f20 memsz 0000000000003f20 (ro) -> mapped USER (bounds ok)
[elf    ] PT_LOAD vaddr 0000500000020000 filesz 0000000000000284 memsz 0000000000037fe0 (rw) -> mapped USER (bounds ok)
[kernel ] spawned pid 149 'kp-stress' caps 0000000000000003 — private PML4 @ phys 00000000015b8000
[elf    ] PT_LOAD vaddr 0000500000000000 filesz 000000000001b713 memsz 000000000001b713 (ro) -> mapped USER (bounds ok)
[elf    ] PT_LOAD vaddr 000050000001c000 filesz 0000000000003f20 memsz 0000000000003f20 (ro) -> mapped USER (bounds ok)
[elf    ] PT_LOAD vaddr 0000500000020000 filesz 0000000000000284 memsz 0000000000037fe0 (rw) -> mapped USER (bounds ok)
[surface] pid 148 owns surface 6 (64x64) DOUBLE-BUFFERED at user vaddr 0000530000000000 (+4 pages back) (recycled pixel buffers)
[hw     ] GRANT  pid 149 'kp-stress' -> 'sensor0': phys 0000000001003000 mapped at vaddr 0000402540000000 (1 pages)
[surface] slot 6 reclaimed on owner exit — 8 pages (phys 0000000001574000) back on the free list
[surface] pid 148 owns surface 6 (64x64) DOUBLE-BUFFERED at user vaddr 0000530000000000 (+4 pages back) (recycled pixel buffers)
[surface] slot 6 reclaimed on owner exit — 8 pages (phys 0000000001574000) back on the free list
[kernel ] spawned pid 150 'kp-stress' caps 0000000000000040 — private PML4 @ phys 00000000013f0000
[elf    ] PT_LOAD vaddr 0000500000000000 filesz 000000000001b713 memsz 000000000001b713 (ro) -> mapped USER (bounds ok)
[elf    ] PT_LOAD vaddr 000050000001c000 filesz 0000000000003f20 memsz 0000000000003f20 (ro) -> mapped USER (bounds ok)
[elf    ] PT_LOAD vaddr 0000500000020000 filesz 0000000000000284 memsz 0000000000037fe0 (rw) -> mapped USER (bounds ok)
[kernel ] spawned pid 151 'kp-stress' caps 0000000000000003 — private PML4 @ phys 00000000015ba000
[elf    ] PT_LOAD vaddr 0000500000000000 filesz 000000000001b713 memsz 000000000001b713 (ro) -> mapped USER (bounds ok)
[elf    ] PT_LOAD vaddr 000050000001c000 filesz 0000000000003f20 memsz 0000000000003f20 (ro) -> mapped USER (bounds ok)
[elf    ] PT_LOAD vaddr 0000500000020000 filesz 0000000000000284 memsz 0000000000037fe0 (rw) -> mapped USER (bounds ok)
[hw     ] GRANT  pid 151 'kp-stress' -> 'sensor0': phys 0000000001003000 mapped at vaddr 00004025c0000000 (1 pages)
[surface] pid 150 owns surface 6 (64x64) DOUBLE-BUFFERED at user vaddr 0000530000000000 (+4 pages back) (recycled pixel buffers)
[surface] slot 6 reclaimed on owner exit — 8 pages (phys 0000000001574000) back on the free list
[surface] pid 150 owns surface 6 (64x64) DOUBLE-BUFFERED at user vaddr 0000530000000000 (+4 pages back) (recycled pixel buffers)
[surface] slot 6 reclaimed on owner exit — 8 pages (phys 0000000001574000) back on the free list
[kernel ] spawned pid 152 'kp-stress' caps 0000000000000040 — private PML4 @ phys 00000000013f0000
[elf    ] PT_LOAD vaddr 0000500000000000 filesz 000000000001b713 memsz 000000000001b713 (ro) -> mapped USER (bounds ok)
[elf    ] PT_LOAD vaddr 000050000001c000 filesz 0000000000003f20 memsz 0000000000003f20 (ro) -> mapped USER (bounds ok)
[elf    ] PT_LOAD vaddr 0000500000020000 filesz 0000000000000284 memsz 0000000000037fe0 (rw) -> mapped USER (bounds ok)
[kernel ] spawned pid 153 'kp-stress' caps 0000000000000003 — private PML4 @ phys 00000000015d2000
[elf    ] PT_LOAD vaddr 0000500000000000 filesz 000000000001b713 memsz 000000000001b713 (ro) -> mapped USER (bounds ok)
[elf    ] PT_LOAD vaddr 000050000001c000 filesz 0000000000003f20 memsz 0000000000003f20 (ro) -> mapped USER (bounds ok)
[elf    ] PT_LOAD vaddr 0000500000020000 filesz 0000000000000284 memsz 0000000000037fe0 (rw) -> mapped USER (bounds ok)
[surface] pid 152 owns surface 6 (64x64) DOUBLE-BUFFERED at user vaddr 0000530000000000 (+4 pages back) (recycled pixel buffers)
[hw     ] GRANT  pid 153 'kp-stress' -> 'sensor0': phys 0000000001003000 mapped at vaddr 0000402640000000 (1 pages)
[surface] slot 6 reclaimed on owner exit — 8 pages (phys 0000000001574000) back on the free list
[surface] pid 152 owns surface 6 (64x64) DOUBLE-BUFFERED at user vaddr 0000530000000000 (+4 pages back) (recycled pixel buffers)
[surface] slot 6 reclaimed on owner exit — 8 pages (phys 0000000001574000) back on the free list
[kernel ] spawned pid 154 'kp-stress' caps 0000000000000040 — private PML4 @ phys 00000000013f0000
[elf    ] PT_LOAD vaddr 0000500000000000 filesz 000000000001b713 memsz 000000000001b713 (ro) -> mapped USER (bounds ok)
[elf    ] PT_LOAD vaddr 000050000001c000 filesz 0000000000003f20 memsz 0000000000003f20 (ro) -> mapped USER (bounds ok)
[elf    ] PT_LOAD vaddr 0000500000020000 filesz 0000000000000284 memsz 0000000000037fe0 (rw) -> mapped USER (bounds ok)
[kernel ] spawned pid 155 'kp-stress' caps 0000000000000003 — private PML4 @ phys 00000000015d4000
[elf    ] PT_LOAD vaddr 0000500000000000 filesz 000000000001b713 memsz 000000000001b713 (ro) -> mapped USER (bounds ok)
[elf    ] PT_LOAD vaddr 000050000001c000 filesz 0000000000003f20 memsz 0000000000003f20 (ro) -> mapped USER (bounds ok)
[elf    ] PT_LOAD vaddr 0000500000020000 filesz 0000000000000284 memsz 0000000000037fe0 (rw) -> mapped USER (bounds ok)
[hw     ] GRANT  pid 155 'kp-stress' -> 'sensor0': phys 0000000001003000 mapped at vaddr 00004026c0000000 (1 pages)
[surface] pid 154 owns surface 6 (64x64) DOUBLE-BUFFERED at user vaddr 0000530000000000 (+4 pages back) (recycled pixel buffers)
[surface] slot 6 reclaimed on owner exit — 8 pages (phys 0000000001574000) back on the free list
[surface] pid 154 owns surface 6 (64x64) DOUBLE-BUFFERED at user vaddr 0000530000000000 (+4 pages back) (recycled pixel buffers)
[surface] slot 6 reclaimed on owner exit — 8 pages (phys 0000000001574000) back on the free list
[kernel ] spawned pid 156 'kp-stress' caps 0000000000000040 — private PML4 @ phys 00000000013f0000
[elf    ] PT_LOAD vaddr 0000500000000000 filesz 000000000001b713 memsz 000000000001b713 (ro) -> mapped USER (bounds ok)
[elf    ] PT_LOAD vaddr 000050000001c000 filesz 0000000000003f20 memsz 0000000000003f20 (ro) -> mapped USER (bounds ok)
[elf    ] PT_LOAD vaddr 0000500000020000 filesz 0000000000000284 memsz 0000000000037fe0 (rw) -> mapped USER (bounds ok)
[kernel ] spawned pid 157 'kp-stress' caps 0000000000000003 — private PML4 @ phys 00000000015c0000
[elf    ] PT_LOAD vaddr 0000500000000000 filesz 000000000001b713 memsz 000000000001b713 (ro) -> mapped USER (bounds ok)
[elf    ] PT_LOAD vaddr 000050000001c000 filesz 0000000000003f20 memsz 0000000000003f20 (ro) -> mapped USER (bounds ok)
[elf    ] PT_LOAD vaddr 0000500000020000 filesz 0000000000000284 memsz 0000000000037fe0 (rw) -> mapped USER (bounds ok)
[surface] pid 156 owns surface 6 (64x64) DOUBLE-BUFFERED at user vaddr 0000530000000000 (+4 pages back) (recycled pixel buffers)
[hw     ] GRANT  pid 157 'kp-stress' -> 'sensor0': phys 0000000001003000 mapped at vaddr 0000402740000000 (1 pages)
[surface] slot 6 reclaimed on owner exit — 8 pages (phys 0000000001574000) back on the free list
[surface] pid 156 owns surface 6 (64x64) DOUBLE-BUFFERED at user vaddr 0000530000000000 (+4 pages back) (recycled pixel buffers)
[surface] slot 6 reclaimed on owner exit — 8 pages (phys 0000000001574000) back on the free list
[kernel ] spawned pid 158 'kp-stress' caps 0000000000000040 — private PML4 @ phys 00000000013f0000
[elf    ] PT_LOAD vaddr 0000500000000000 filesz 000000000001b713 memsz 000000000001b713 (ro) -> mapped USER (bounds ok)
[elf    ] PT_LOAD vaddr 000050000001c000 filesz 0000000000003f20 memsz 0000000000003f20 (ro) -> mapped USER (bounds ok)
[elf    ] PT_LOAD vaddr 0000500000020000 filesz 0000000000000284 memsz 0000000000037fe0 (rw) -> mapped USER (bounds ok)
[kernel ] spawned pid 159 'kp-stress' caps 0000000000000003 — private PML4 @ phys 00000000015c2000
[elf    ] PT_LOAD vaddr 0000500000000000 filesz 000000000001b713 memsz 000000000001b713 (ro) -> mapped USER (bounds ok)
[elf    ] PT_LOAD vaddr 000050000001c000 filesz 0000000000003f20 memsz 0000000000003f20 (ro) -> mapped USER (bounds ok)
[elf    ] PT_LOAD vaddr 0000500000020000 filesz 0000000000000284 memsz 0000000000037fe0 (rw) -> mapped USER (bounds ok)
[hw     ] GRANT  pid 159 'kp-stress' -> 'sensor0': phys 0000000001003000 mapped at vaddr 00004027c0000000 (1 pages)
[surface] pid 158 owns surface 6 (64x64) DOUBLE-BUFFERED at user vaddr 0000530000000000 (+4 pages back) (recycled pixel buffers)
[surface] slot 6 reclaimed on owner exit — 8 pages (phys 0000000001574000) back on the free list
[surface] pid 158 owns surface 6 (64x64) DOUBLE-BUFFERED at user vaddr 0000530000000000 (+4 pages back) (recycled pixel buffers)
[surface] slot 6 reclaimed on owner exit — 8 pages (phys 0000000001574000) back on the free list
[kernel ] spawned pid 160 'kp-stress' caps 0000000000000040 — private PML4 @ phys 00000000013f0000
[elf    ] PT_LOAD vaddr 0000500000000000 filesz 000000000001b713 memsz 000000000001b713 (ro) -> mapped USER (bounds ok)
[elf    ] PT_LOAD vaddr 000050000001c000 filesz 0000000000003f20 memsz 0000000000003f20 (ro) -> mapped USER (bounds ok)
[elf    ] PT_LOAD vaddr 0000500000020000 filesz 0000000000000284 memsz 0000000000037fe0 (rw) -> mapped USER (bounds ok)
[kernel ] spawned pid 161 'kp-stress' caps 0000000000000003 — private PML4 @ phys 00000000015da000
[elf    ] PT_LOAD vaddr 0000500000000000 filesz 000000000001b713 memsz 000000000001b713 (ro) -> mapped USER (bounds ok)
[elf    ] PT_LOAD vaddr 000050000001c000 filesz 0000000000003f20 memsz 0000000000003f20 (ro) -> mapped USER (bounds ok)
[elf    ] PT_LOAD vaddr 0000500000020000 filesz 0000000000000284 memsz 0000000000037fe0 (rw) -> mapped USER (bounds ok)
[hw     ] GRANT  pid 161 'kp-stress' -> 'sensor0': phys 0000000001003000 mapped at vaddr 0000402840000000 (1 pages)
[surface] pid 160 owns surface 6 (64x64) DOUBLE-BUFFERED at user vaddr 0000530000000000 (+4 pages back) (recycled pixel buffers)
[surface] slot 6 reclaimed on owner exit — 8 pages (phys 0000000001574000) back on the free list
[surface] pid 160 owns surface 6 (64x64) DOUBLE-BUFFERED at user vaddr 0000530000000000 (+4 pages back) (recycled pixel buffers)
[surface] slot 6 reclaimed on owner exit — 8 pages (phys 0000000001574000) back on the free list
[kernel ] spawned pid 162 'kp-stress' caps 0000000000000040 — private PML4 @ phys 00000000013f0000
[elf    ] PT_LOAD vaddr 0000500000000000 filesz 000000000001b713 memsz 000000000001b713 (ro) -> mapped USER (bounds ok)
[elf    ] PT_LOAD vaddr 000050000001c000 filesz 0000000000003f20 memsz 0000000000003f20 (ro) -> mapped USER (bounds ok)
[elf    ] PT_LOAD vaddr 0000500000020000 filesz 0000000000000284 memsz 0000000000037fe0 (rw) -> mapped USER (bounds ok)
[kernel ] spawned pid 163 'kp-stress' caps 0000000000000003 — private PML4 @ phys 00000000015c6000
[elf    ] PT_LOAD vaddr 0000500000000000 filesz 000000000001b713 memsz 000000000001b713 (ro) -> mapped USER (bounds ok)
[elf    ] PT_LOAD vaddr 000050000001c000 filesz 0000000000003f20 memsz 0000000000003f20 (ro) -> mapped USER (bounds ok)
[elf    ] PT_LOAD vaddr 0000500000020000 filesz 0000000000000284 memsz 0000000000037fe0 (rw) -> mapped USER (bounds ok)
[hw     ] GRANT  pid 163 'kp-stress' -> 'sensor0': phys 0000000001003000 mapped at vaddr 00004028c0000000 (1 pages)
[surface] pid 162 owns surface 6 (64x64) DOUBLE-BUFFERED at user vaddr 0000530000000000 (+4 pages back) (recycled pixel buffers)
[surface] slot 6 reclaimed on owner exit — 8 pages (phys 0000000001574000) back on the free list
[surface] pid 162 owns surface 6 (64x64) DOUBLE-BUFFERED at user vaddr 0000530000000000 (+4 pages back) (recycled pixel buffers)
[surface] slot 6 reclaimed on owner exit — 8 pages (phys 0000000001574000) back on the free list
[kernel ] spawned pid 164 'kp-stress' caps 0000000000000040 — private PML4 @ phys 00000000013f0000
[elf    ] PT_LOAD vaddr 0000500000000000 filesz 000000000001b713 memsz 000000000001b713 (ro) -> mapped USER (bounds ok)
[elf    ] PT_LOAD vaddr 000050000001c000 filesz 0000000000003f20 memsz 0000000000003f20 (ro) -> mapped USER (bounds ok)
[elf    ] PT_LOAD vaddr 0000500000020000 filesz 0000000000000284 memsz 0000000000037fe0 (rw) -> mapped USER (bounds ok)
[kernel ] spawned pid 165 'kp-stress' caps 0000000000000003 — private PML4 @ phys 00000000015b2000
[elf    ] PT_LOAD vaddr 0000500000000000 filesz 000000000001b713 memsz 000000000001b713 (ro) -> mapped USER (bounds ok)
[elf    ] PT_LOAD vaddr 000050000001c000 filesz 0000000000003f20 memsz 0000000000003f20 (ro) -> mapped USER (bounds ok)
[elf    ] PT_LOAD vaddr 0000500000020000 filesz 0000000000000284 memsz 0000000000037fe0 (rw) -> mapped USER (bounds ok)
[hw     ] GRANT  pid 165 'kp-stress' -> 'sensor0': phys 0000000001003000 mapped at vaddr 0000402940000000 (1 pages)
[surface] pid 164 owns surface 6 (64x64) DOUBLE-BUFFERED at user vaddr 0000530000000000 (+4 pages back) (recycled pixel buffers)
[surface] slot 6 reclaimed on owner exit — 8 pages (phys 0000000001574000) back on the free list
[surface] pid 164 owns surface 6 (64x64) DOUBLE-BUFFERED at user vaddr 0000530000000000 (+4 pages back) (recycled pixel buffers)
[surface] slot 6 reclaimed on owner exit — 8 pages (phys 0000000001574000) back on the free list
[kernel ] spawned pid 166 'kp-stress' caps 0000000000000040 — private PML4 @ phys 00000000013f0000
[elf    ] PT_LOAD vaddr 0000500000000000 filesz 000000000001b713 memsz 000000000001b713 (ro) -> mapped USER (bounds ok)
[elf    ] PT_LOAD vaddr 000050000001c000 filesz 0000000000003f20 memsz 0000000000003f20 (ro) -> mapped USER (bounds ok)
[elf    ] PT_LOAD vaddr 0000500000020000 filesz 0000000000000284 memsz 0000000000037fe0 (rw) -> mapped USER (bounds ok)
[kernel ] spawned pid 167 'kp-stress' caps 0000000000000003 — private PML4 @ phys 00000000015e0000
[elf    ] PT_LOAD vaddr 0000500000000000 filesz 000000000001b713 memsz 000000000001b713 (ro) -> mapped USER (bounds ok)
[elf    ] PT_LOAD vaddr 000050000001c000 filesz 0000000000003f20 memsz 0000000000003f20 (ro) -> mapped USER (bounds ok)
[elf    ] PT_LOAD vaddr 0000500000020000 filesz 0000000000000284 memsz 0000000000037fe0 (rw) -> mapped USER (bounds ok)
[hw     ] GRANT  pid 167 'kp-stress' -> 'sensor0': phys 0000000001003000 mapped at vaddr 00004029c0000000 (1 pages)
[surface] pid 166 owns surface 6 (64x64) DOUBLE-BUFFERED at user vaddr 0000530000000000 (+4 pages back) (recycled pixel buffers)
[surface] slot 6 reclaimed on owner exit — 8 pages (phys 0000000001574000) back on the free list
[surface] pid 166 owns surface 6 (64x64) DOUBLE-BUFFERED at user vaddr 0000530000000000 (+4 pages back) (recycled pixel buffers)
[surface] slot 6 reclaimed on owner exit — 8 pages (phys 0000000001574000) back on the free list
[kpstrs] cycle 50/200 clean (slots seen so far: 3, recycled spawns: 103)
[kernel ] spawned pid 168 'kp-stress' caps 0000000000000040 — private PML4 @ phys 00000000013f0000
[elf    ] PT_LOAD vaddr 0000500000000000 filesz 000000000001b713 memsz 000000000001b713 (ro) -> mapped USER (bounds ok)
[elf    ] PT_LOAD vaddr 000050000001c000 filesz 0000000000003f20 memsz 0000000000003f20 (ro) -> mapped USER (bounds ok)
[elf    ] PT_LOAD vaddr 0000500000020000 filesz 0000000000000284 memsz 0000000000037fe0 (rw) -> mapped USER (bounds ok)
[kernel ] spawned pid 169 'kp-stress' caps 0000000000000003 — private PML4 @ phys 00000000015a0000
[elf    ] PT_LOAD vaddr 0000500000000000 filesz 000000000001b713 memsz 000000000001b713 (ro) -> mapped USER (bounds ok)
[elf    ] PT_LOAD vaddr 000050000001c000 filesz 0000000000003f20 memsz 0000000000003f20 (ro) -> mapped USER (bounds ok)
[elf    ] PT_LOAD vaddr 0000500000020000 filesz 0000000000000284 memsz 0000000000037fe0 (rw) -> mapped USER (bounds ok)
[surface] pid 168 owns surface 6 (64x64) DOUBLE-BUFFERED at user vaddr 0000530000000000 (+4 pages back) (recycled pixel buffers)
[hw     ] GRANT  pid 169 'kp-stress' -> 'sensor0': phys 0000000001003000 mapped at vaddr 0000402a40000000 (1 pages)
[surface] slot 6 reclaimed on owner exit — 8 pages (phys 0000000001574000) back on the free list
[surface] pid 168 owns surface 6 (64x64) DOUBLE-BUFFERED at user vaddr 0000530000000000 (+4 pages back) (recycled pixel buffers)
[surface] slot 6 reclaimed on owner exit — 8 pages (phys 0000000001574000) back on the free list
[kernel ] spawned pid 170 'kp-stress' caps 0000000000000040 — private PML4 @ phys 00000000013f0000
[elf    ] PT_LOAD vaddr 0000500000000000 filesz 000000000001b713 memsz 000000000001b713 (ro) -> mapped USER (bounds ok)
[elf    ] PT_LOAD vaddr 000050000001c000 filesz 0000000000003f20 memsz 0000000000003f20 (ro) -> mapped USER (bounds ok)
[elf    ] PT_LOAD vaddr 0000500000020000 filesz 0000000000000284 memsz 0000000000037fe0 (rw) -> mapped USER (bounds ok)
[kernel ] spawned pid 171 'kp-stress' caps 0000000000000003 — private PML4 @ phys 00000000015e4000
[elf    ] PT_LOAD vaddr 0000500000000000 filesz 000000000001b713 memsz 000000000001b713 (ro) -> mapped USER (bounds ok)
[elf    ] PT_LOAD vaddr 000050000001c000 filesz 0000000000003f20 memsz 0000000000003f20 (ro) -> mapped USER (bounds ok)
[elf    ] PT_LOAD vaddr 0000500000020000 filesz 0000000000000284 memsz 0000000000037fe0 (rw) -> mapped USER (bounds ok)
[hw     ] GRANT  pid 171 'kp-stress' -> 'sensor0': phys 0000000001003000 mapped at vaddr 0000402ac0000000 (1 pages)
[surface] pid 170 owns surface 6 (64x64) DOUBLE-BUFFERED at user vaddr 0000530000000000 (+4 pages back) (recycled pixel buffers)
[surface] slot 6 reclaimed on owner exit — 8 pages (phys 0000000001574000) back on the free list
[surface] pid 170 owns surface 6 (64x64) DOUBLE-BUFFERED at user vaddr 0000530000000000 (+4 pages back) (recycled pixel buffers)
[surface] slot 6 reclaimed on owner exit — 8 pages (phys 0000000001574000) back on the free list
[kernel ] spawned pid 172 'kp-stress' caps 0000000000000040 — private PML4 @ phys 00000000013f0000
[elf    ] PT_LOAD vaddr 0000500000000000 filesz 000000000001b713 memsz 000000000001b713 (ro) -> mapped USER (bounds ok)
[elf    ] PT_LOAD vaddr 000050000001c000 filesz 0000000000003f20 memsz 0000000000003f20 (ro) -> mapped USER (bounds ok)
[elf    ] PT_LOAD vaddr 0000500000020000 filesz 0000000000000284 memsz 0000000000037fe0 (rw) -> mapped USER (bounds ok)
[kernel ] spawned pid 173 'kp-stress' caps 0000000000000003 — private PML4 @ phys 00000000015ba000
[elf    ] PT_LOAD vaddr 0000500000000000 filesz 000000000001b713 memsz 000000000001b713 (ro) -> mapped USER (bounds ok)
[elf    ] PT_LOAD vaddr 000050000001c000 filesz 0000000000003f20 memsz 0000000000003f20 (ro) -> mapped USER (bounds ok)
[elf    ] PT_LOAD vaddr 0000500000020000 filesz 0000000000000284 memsz 0000000000037fe0 (rw) -> mapped USER (bounds ok)
[surface] pid 172 owns surface 6 (64x64) DOUBLE-BUFFERED at user vaddr 0000530000000000 (+4 pages back) (recycled pixel buffers)
[hw     ] GRANT  pid 173 'kp-stress' -> 'sensor0': phys 0000000001003000 mapped at vaddr 0000402b40000000 (1 pages)
[surface] slot 6 reclaimed on owner exit — 8 pages (phys 0000000001574000) back on the free list
[surface] pid 172 owns surface 6 (64x64) DOUBLE-BUFFERED at user vaddr 0000530000000000 (+4 pages back) (recycled pixel buffers)
[surface] slot 6 reclaimed on owner exit — 8 pages (phys 0000000001574000) back on the free list
[kernel ] spawned pid 174 'kp-stress' caps 0000000000000040 — private PML4 @ phys 00000000013f0000
[elf    ] PT_LOAD vaddr 0000500000000000 filesz 000000000001b713 memsz 000000000001b713 (ro) -> mapped USER (bounds ok)
[elf    ] PT_LOAD vaddr 000050000001c000 filesz 0000000000003f20 memsz 0000000000003f20 (ro) -> mapped USER (bounds ok)
[elf    ] PT_LOAD vaddr 0000500000020000 filesz 0000000000000284 memsz 0000000000037fe0 (rw) -> mapped USER (bounds ok)
[kernel ] spawned pid 175 'kp-stress' caps 0000000000000003 — private PML4 @ phys 00000000015e8000
[elf    ] PT_LOAD vaddr 0000500000000000 filesz 000000000001b713 memsz 000000000001b713 (ro) -> mapped USER (bounds ok)
[elf    ] PT_LOAD vaddr 000050000001c000 filesz 0000000000003f20 memsz 0000000000003f20 (ro) -> mapped USER (bounds ok)
[elf    ] PT_LOAD vaddr 0000500000020000 filesz 0000000000000284 memsz 0000000000037fe0 (rw) -> mapped USER (bounds ok)
[hw     ] GRANT  pid 175 'kp-stress' -> 'sensor0': phys 0000000001003000 mapped at vaddr 0000402bc0000000 (1 pages)
[surface] pid 174 owns surface 6 (64x64) DOUBLE-BUFFERED at user vaddr 0000530000000000 (+4 pages back) (recycled pixel buffers)
[surface] slot 6 reclaimed on owner exit — 8 pages (phys 0000000001574000) back on the free list
[surface] pid 174 owns surface 6 (64x64) DOUBLE-BUFFERED at user vaddr 0000530000000000 (+4 pages back) (recycled pixel buffers)
[surface] slot 6 reclaimed on owner exit — 8 pages (phys 0000000001574000) back on the free list
[kernel ] spawned pid 176 'kp-stress' caps 0000000000000040 — private PML4 @ phys 00000000013f0000
[elf    ] PT_LOAD vaddr 0000500000000000 filesz 000000000001b713 memsz 000000000001b713 (ro) -> mapped USER (bounds ok)
[elf    ] PT_LOAD vaddr 000050000001c000 filesz 0000000000003f20 memsz 0000000000003f20 (ro) -> mapped USER (bounds ok)
[elf    ] PT_LOAD vaddr 0000500000020000 filesz 0000000000000284 memsz 0000000000037fe0 (rw) -> mapped USER (bounds ok)
[kernel ] spawned pid 177 'kp-stress' caps 0000000000000003 — private PML4 @ phys 00000000015ea000
[elf    ] PT_LOAD vaddr 0000500000000000 filesz 000000000001b713 memsz 000000000001b713 (ro) -> mapped USER (bounds ok)
[elf    ] PT_LOAD vaddr 000050000001c000 filesz 0000000000003f20 memsz 0000000000003f20 (ro) -> mapped USER (bounds ok)
[elf    ] PT_LOAD vaddr 0000500000020000 filesz 0000000000000284 memsz 0000000000037fe0 (rw) -> mapped USER (bounds ok)
[hw     ] GRANT  pid 177 'kp-stress' -> 'sensor0': phys 0000000001003000 mapped at vaddr 0000402c40000000 (1 pages)
[surface] pid 176 owns surface 6 (64x64) DOUBLE-BUFFERED at user vaddr 0000530000000000 (+4 pages back) (recycled pixel buffers)
[surface] slot 6 reclaimed on owner exit — 8 pages (phys 0000000001574000) back on the free list
[surface] pid 176 owns surface 6 (64x64) DOUBLE-BUFFERED at user vaddr 0000530000000000 (+4 pages back) (recycled pixel buffers)
[surface] slot 6 reclaimed on owner exit — 8 pages (phys 0000000001574000) back on the free list
[kernel ] spawned pid 178 'kp-stress' caps 0000000000000040 — private PML4 @ phys 00000000013f0000
[elf    ] PT_LOAD vaddr 0000500000000000 filesz 000000000001b713 memsz 000000000001b713 (ro) -> mapped USER (bounds ok)
[elf    ] PT_LOAD vaddr 000050000001c000 filesz 0000000000003f20 memsz 0000000000003f20 (ro) -> mapped USER (bounds ok)
[elf    ] PT_LOAD vaddr 0000500000020000 filesz 0000000000000284 memsz 0000000000037fe0 (rw) -> mapped USER (bounds ok)
[kernel ] spawned pid 179 'kp-stress' caps 0000000000000003 — private PML4 @ phys 00000000015ec000
[elf    ] PT_LOAD vaddr 0000500000000000 filesz 000000000001b713 memsz 000000000001b713 (ro) -> mapped USER (bounds ok)
[elf    ] PT_LOAD vaddr 000050000001c000 filesz 0000000000003f20 memsz 0000000000003f20 (ro) -> mapped USER (bounds ok)
[elf    ] PT_LOAD vaddr 0000500000020000 filesz 0000000000000284 memsz 0000000000037fe0 (rw) -> mapped USER (bounds ok)
[hw     ] GRANT  pid 179 'kp-stress' -> 'sensor0': phys 0000000001003000 mapped at vaddr 0000402cc0000000 (1 pages)
[surface] pid 178 owns surface 6 (64x64) DOUBLE-BUFFERED at user vaddr 0000530000000000 (+4 pages back) (recycled pixel buffers)
[surface] slot 6 reclaimed on owner exit — 8 pages (phys 0000000001574000) back on the free list
[surface] pid 178 owns surface 6 (64x64) DOUBLE-BUFFERED at user vaddr 0000530000000000 (+4 pages back) (recycled pixel buffers)
[surface] slot 6 reclaimed on owner exit — 8 pages (phys 0000000001574000) back on the free list
[kernel ] spawned pid 180 'kp-stress' caps 0000000000000040 — private PML4 @ phys 00000000013f0000
[elf    ] PT_LOAD vaddr 0000500000000000 filesz 000000000001b713 memsz 000000000001b713 (ro) -> mapped USER (bounds ok)
[elf    ] PT_LOAD vaddr 000050000001c000 filesz 0000000000003f20 memsz 0000000000003f20 (ro) -> mapped USER (bounds ok)
[elf    ] PT_LOAD vaddr 0000500000020000 filesz 0000000000000284 memsz 0000000000037fe0 (rw) -> mapped USER (bounds ok)
[kernel ] spawned pid 181 'kp-stress' caps 0000000000000003 — private PML4 @ phys 00000000015ee000
[elf    ] PT_LOAD vaddr 0000500000000000 filesz 000000000001b713 memsz 000000000001b713 (ro) -> mapped USER (bounds ok)
[elf    ] PT_LOAD vaddr 000050000001c000 filesz 0000000000003f20 memsz 0000000000003f20 (ro) -> mapped USER (bounds ok)
[elf    ] PT_LOAD vaddr 0000500000020000 filesz 0000000000000284 memsz 0000000000037fe0 (rw) -> mapped USER (bounds ok)
[hw     ] GRANT  pid 181 'kp-stress' -> 'sensor0': phys 0000000001003000 mapped at vaddr 0000402d40000000 (1 pages)
[surface] pid 180 owns surface 6 (64x64) DOUBLE-BUFFERED at user vaddr 0000530000000000 (+4 pages back) (recycled pixel buffers)
[surface] slot 6 reclaimed on owner exit — 8 pages (phys 0000000001574000) back on the free list
[surface] pid 180 owns surface 6 (64x64) DOUBLE-BUFFERED at user vaddr 0000530000000000 (+4 pages back) (recycled pixel buffers)
[surface] slot 6 reclaimed on owner exit — 8 pages (phys 0000000001574000) back on the free list
[kernel ] spawned pid 182 'kp-stress' caps 0000000000000040 — private PML4 @ phys 00000000013f0000
[elf    ] PT_LOAD vaddr 0000500000000000 filesz 000000000001b713 memsz 000000000001b713 (ro) -> mapped USER (bounds ok)
[elf    ] PT_LOAD vaddr 000050000001c000 filesz 0000000000003f20 memsz 0000000000003f20 (ro) -> mapped USER (bounds ok)
[elf    ] PT_LOAD vaddr 0000500000020000 filesz 0000000000000284 memsz 0000000000037fe0 (rw) -> mapped USER (bounds ok)
[kernel ] spawned pid 183 'kp-stress' caps 0000000000000003 — private PML4 @ phys 00000000015f0000
[elf    ] PT_LOAD vaddr 0000500000000000 filesz 000000000001b713 memsz 000000000001b713 (ro) -> mapped USER (bounds ok)
[elf    ] PT_LOAD vaddr 000050000001c000 filesz 0000000000003f20 memsz 0000000000003f20 (ro) -> mapped USER (bounds ok)
[elf    ] PT_LOAD vaddr 0000500000020000 filesz 0000000000000284 memsz 0000000000037fe0 (rw) -> mapped USER (bounds ok)
[hw     ] GRANT  pid 183 'kp-stress' -> 'sensor0': phys 0000000001003000 mapped at vaddr 0000402dc0000000 (1 pages)
[surface] pid 182 owns surface 6 (64x64) DOUBLE-BUFFERED at user vaddr 0000530000000000 (+4 pages back) (recycled pixel buffers)
[surface] slot 6 reclaimed on owner exit — 8 pages (phys 0000000001574000) back on the free list
[surface] pid 182 owns surface 6 (64x64) DOUBLE-BUFFERED at user vaddr 0000530000000000 (+4 pages back) (recycled pixel buffers)
[surface] slot 6 reclaimed on owner exit — 8 pages (phys 0000000001574000) back on the free list
[kernel ] spawned pid 184 'kp-stress' caps 0000000000000040 — private PML4 @ phys 00000000013f0000
[elf    ] PT_LOAD vaddr 0000500000000000 filesz 000000000001b713 memsz 000000000001b713 (ro) -> mapped USER (bounds ok)
[elf    ] PT_LOAD vaddr 000050000001c000 filesz 0000000000003f20 memsz 0000000000003f20 (ro) -> mapped USER (bounds ok)
[elf    ] PT_LOAD vaddr 0000500000020000 filesz 0000000000000284 memsz 0000000000037fe0 (rw) -> mapped USER (bounds ok)
[kernel ] spawned pid 185 'kp-stress' caps 0000000000000003 — private PML4 @ phys 00000000015c6000
[elf    ] PT_LOAD vaddr 0000500000000000 filesz 000000000001b713 memsz 000000000001b713 (ro) -> mapped USER (bounds ok)
[elf    ] PT_LOAD vaddr 000050000001c000 filesz 0000000000003f20 memsz 0000000000003f20 (ro) -> mapped USER (bounds ok)
[elf    ] PT_LOAD vaddr 0000500000020000 filesz 0000000000000284 memsz 0000000000037fe0 (rw) -> mapped USER (bounds ok)
[hw     ] GRANT  pid 185 'kp-stress' -> 'sensor0': phys 0000000001003000 mapped at vaddr 0000402e40000000 (1 pages)
[surface] pid 184 owns surface 6 (64x64) DOUBLE-BUFFERED at user vaddr 0000530000000000 (+4 pages back) (recycled pixel buffers)
[surface] slot 6 reclaimed on owner exit — 8 pages (phys 0000000001574000) back on the free list
[surface] pid 184 owns surface 6 (64x64) DOUBLE-BUFFERED at user vaddr 0000530000000000 (+4 pages back) (recycled pixel buffers)
[surface] slot 6 reclaimed on owner exit — 8 pages (phys 0000000001574000) back on the free list
[kernel ] spawned pid 186 'kp-stress' caps 0000000000000040 — private PML4 @ phys 00000000013f0000
[elf    ] PT_LOAD vaddr 0000500000000000 filesz 000000000001b713 memsz 000000000001b713 (ro) -> mapped USER (bounds ok)
[elf    ] PT_LOAD vaddr 000050000001c000 filesz 0000000000003f20 memsz 0000000000003f20 (ro) -> mapped USER (bounds ok)
[elf    ] PT_LOAD vaddr 0000500000020000 filesz 0000000000000284 memsz 0000000000037fe0 (rw) -> mapped USER (bounds ok)
[kernel ] spawned pid 187 'kp-stress' caps 0000000000000003 — private PML4 @ phys 00000000015f4000
[elf    ] PT_LOAD vaddr 0000500000000000 filesz 000000000001b713 memsz 000000000001b713 (ro) -> mapped USER (bounds ok)
[elf    ] PT_LOAD vaddr 000050000001c000 filesz 0000000000003f20 memsz 0000000000003f20 (ro) -> mapped USER (bounds ok)
[elf    ] PT_LOAD vaddr 0000500000020000 filesz 0000000000000284 memsz 0000000000037fe0 (rw) -> mapped USER (bounds ok)
[hw     ] GRANT  pid 187 'kp-stress' -> 'sensor0': phys 0000000001003000 mapped at vaddr 0000402ec0000000 (1 pages)
[surface] pid 186 owns surface 6 (64x64) DOUBLE-BUFFERED at user vaddr 0000530000000000 (+4 pages back) (recycled pixel buffers)
[surface] slot 6 reclaimed on owner exit — 8 pages (phys 0000000001574000) back on the free list
[surface] pid 186 owns surface 6 (64x64) DOUBLE-BUFFERED at user vaddr 0000530000000000 (+4 pages back) (recycled pixel buffers)
[surface] slot 6 reclaimed on owner exit — 8 pages (phys 0000000001574000) back on the free list
[kernel ] spawned pid 188 'kp-stress' caps 0000000000000040 — private PML4 @ phys 00000000013f0000
[elf    ] PT_LOAD vaddr 0000500000000000 filesz 000000000001b713 memsz 000000000001b713 (ro) -> mapped USER (bounds ok)
[elf    ] PT_LOAD vaddr 000050000001c000 filesz 0000000000003f20 memsz 0000000000003f20 (ro) -> mapped USER (bounds ok)
[elf    ] PT_LOAD vaddr 0000500000020000 filesz 0000000000000284 memsz 0000000000037fe0 (rw) -> mapped USER (bounds ok)
[kernel ] spawned pid 189 'kp-stress' caps 0000000000000003 — private PML4 @ phys 00000000015e0000
[elf    ] PT_LOAD vaddr 0000500000000000 filesz 000000000001b713 memsz 000000000001b713 (ro) -> mapped USER (bounds ok)
[elf    ] PT_LOAD vaddr 000050000001c000 filesz 0000000000003f20 memsz 0000000000003f20 (ro) -> mapped USER (bounds ok)
[elf    ] PT_LOAD vaddr 0000500000020000 filesz 0000000000000284 memsz 0000000000037fe0 (rw) -> mapped USER (bounds ok)
[hw     ] GRANT  pid 189 'kp-stress' -> 'sensor0': phys 0000000001003000 mapped at vaddr 0000402f40000000 (1 pages)
[surface] pid 188 owns surface 6 (64x64) DOUBLE-BUFFERED at user vaddr 0000530000000000 (+4 pages back) (recycled pixel buffers)
[surface] slot 6 reclaimed on owner exit — 8 pages (phys 0000000001574000) back on the free list
[surface] pid 188 owns surface 6 (64x64) DOUBLE-BUFFERED at user vaddr 0000530000000000 (+4 pages back) (recycled pixel buffers)
[surface] slot 6 reclaimed on owner exit — 8 pages (phys 0000000001574000) back on the free list
[kernel ] spawned pid 190 'kp-stress' caps 0000000000000040 — private PML4 @ phys 00000000013f0000
[elf    ] PT_LOAD vaddr 0000500000000000 filesz 000000000001b713 memsz 000000000001b713 (ro) -> mapped USER (bounds ok)
[elf    ] PT_LOAD vaddr 000050000001c000 filesz 0000000000003f20 memsz 0000000000003f20 (ro) -> mapped USER (bounds ok)
[elf    ] PT_LOAD vaddr 0000500000020000 filesz 0000000000000284 memsz 0000000000037fe0 (rw) -> mapped USER (bounds ok)
[kernel ] spawned pid 191 'kp-stress' caps 0000000000000003 — private PML4 @ phys 00000000015f8000
[elf    ] PT_LOAD vaddr 0000500000000000 filesz 000000000001b713 memsz 000000000001b713 (ro) -> mapped USER (bounds ok)
[elf    ] PT_LOAD vaddr 000050000001c000 filesz 0000000000003f20 memsz 0000000000003f20 (ro) -> mapped USER (bounds ok)
[elf    ] PT_LOAD vaddr 0000500000020000 filesz 0000000000000284 memsz 0000000000037fe0 (rw) -> mapped USER (bounds ok)
[hw     ] GRANT  pid 191 'kp-stress' -> 'sensor0': phys 0000000001003000 mapped at vaddr 0000402fc0000000 (1 pages)
[surface] pid 190 owns surface 6 (64x64) DOUBLE-BUFFERED at user vaddr 0000530000000000 (+4 pages back) (recycled pixel buffers)
[surface] slot 6 reclaimed on owner exit — 8 pages (phys 0000000001574000) back on the free list
[surface] pid 190 owns surface 6 (64x64) DOUBLE-BUFFERED at user vaddr 0000530000000000 (+4 pages back) (recycled pixel buffers)
[surface] slot 6 reclaimed on owner exit — 8 pages (phys 0000000001574000) back on the free list
[kernel ] spawned pid 192 'kp-stress' caps 0000000000000040 — private PML4 @ phys 00000000013f0000
[elf    ] PT_LOAD vaddr 0000500000000000 filesz 000000000001b713 memsz 000000000001b713 (ro) -> mapped USER (bounds ok)
[elf    ] PT_LOAD vaddr 000050000001c000 filesz 0000000000003f20 memsz 0000000000003f20 (ro) -> mapped USER (bounds ok)
[elf    ] PT_LOAD vaddr 0000500000020000 filesz 0000000000000284 memsz 0000000000037fe0 (rw) -> mapped USER (bounds ok)
[kernel ] spawned pid 193 'kp-stress' caps 0000000000000003 — private PML4 @ phys 00000000015fa000
[elf    ] PT_LOAD vaddr 0000500000000000 filesz 000000000001b713 memsz 000000000001b713 (ro) -> mapped USER (bounds ok)
[elf    ] PT_LOAD vaddr 000050000001c000 filesz 0000000000003f20 memsz 0000000000003f20 (ro) -> mapped USER (bounds ok)
[elf    ] PT_LOAD vaddr 0000500000020000 filesz 0000000000000284 memsz 0000000000037fe0 (rw) -> mapped USER (bounds ok)
[hw     ] GRANT  pid 193 'kp-stress' -> 'sensor0': phys 0000000001003000 mapped at vaddr 0000403040000000 (1 pages)
[surface] pid 192 owns surface 6 (64x64) DOUBLE-BUFFERED at user vaddr 0000530000000000 (+4 pages back) (recycled pixel buffers)
[surface] slot 6 reclaimed on owner exit — 8 pages (phys 0000000001574000) back on the free list
[surface] pid 192 owns surface 6 (64x64) DOUBLE-BUFFERED at user vaddr 0000530000000000 (+4 pages back) (recycled pixel buffers)
[surface] slot 6 reclaimed on owner exit — 8 pages (phys 0000000001574000) back on the free list
[kernel ] spawned pid 194 'kp-stress' caps 0000000000000040 — private PML4 @ phys 00000000013f0000
[elf    ] PT_LOAD vaddr 0000500000000000 filesz 000000000001b713 memsz 000000000001b713 (ro) -> mapped USER (bounds ok)
[elf    ] PT_LOAD vaddr 000050000001c000 filesz 0000000000003f20 memsz 0000000000003f20 (ro) -> mapped USER (bounds ok)
[elf    ] PT_LOAD vaddr 0000500000020000 filesz 0000000000000284 memsz 0000000000037fe0 (rw) -> mapped USER (bounds ok)
[kernel ] spawned pid 195 'kp-stress' caps 0000000000000003 — private PML4 @ phys 00000000015fc000
[elf    ] PT_LOAD vaddr 0000500000000000 filesz 000000000001b713 memsz 000000000001b713 (ro) -> mapped USER (bounds ok)
[elf    ] PT_LOAD vaddr 000050000001c000 filesz 0000000000003f20 memsz 0000000000003f20 (ro) -> mapped USER (bounds ok)
[elf    ] PT_LOAD vaddr 0000500000020000 filesz 0000000000000284 memsz 0000000000037fe0 (rw) -> mapped USER (bounds ok)
[hw     ] GRANT  pid 195 'kp-stress' -> 'sensor0': phys 0000000001003000 mapped at vaddr 00004030c0000000 (1 pages)
[surface] pid 194 owns surface 6 (64x64) DOUBLE-BUFFERED at user vaddr 0000530000000000 (+4 pages back) (recycled pixel buffers)
[surface] slot 6 reclaimed on owner exit — 8 pages (phys 0000000001574000) back on the free list
[surface] pid 194 owns surface 6 (64x64) DOUBLE-BUFFERED at user vaddr 0000530000000000 (+4 pages back) (recycled pixel buffers)
[surface] slot 6 reclaimed on owner exit — 8 pages (phys 0000000001574000) back on the free list
[kernel ] spawned pid 196 'kp-stress' caps 0000000000000040 — private PML4 @ phys 00000000013f0000
[elf    ] PT_LOAD vaddr 0000500000000000 filesz 000000000001b713 memsz 000000000001b713 (ro) -> mapped USER (bounds ok)
[elf    ] PT_LOAD vaddr 000050000001c000 filesz 0000000000003f20 memsz 0000000000003f20 (ro) -> mapped USER (bounds ok)
[elf    ] PT_LOAD vaddr 0000500000020000 filesz 0000000000000284 memsz 0000000000037fe0 (rw) -> mapped USER (bounds ok)
[kernel ] spawned pid 197 'kp-stress' caps 0000000000000003 — private PML4 @ phys 00000000015fe000
[elf    ] PT_LOAD vaddr 0000500000000000 filesz 000000000001b713 memsz 000000000001b713 (ro) -> mapped USER (bounds ok)
[elf    ] PT_LOAD vaddr 000050000001c000 filesz 0000000000003f20 memsz 0000000000003f20 (ro) -> mapped USER (bounds ok)
[elf    ] PT_LOAD vaddr 0000500000020000 filesz 0000000000000284 memsz 0000000000037fe0 (rw) -> mapped USER (bounds ok)
[hw     ] GRANT  pid 197 'kp-stress' -> 'sensor0': phys 0000000001003000 mapped at vaddr 0000403140000000 (1 pages)
[surface] pid 196 owns surface 6 (64x64) DOUBLE-BUFFERED at user vaddr 0000530000000000 (+4 pages back) (recycled pixel buffers)
[surface] slot 6 reclaimed on owner exit — 8 pages (phys 0000000001574000) back on the free list
[surface] pid 196 owns surface 6 (64x64) DOUBLE-BUFFERED at user vaddr 0000530000000000 (+4 pages back) (recycled pixel buffers)
[surface] slot 6 reclaimed on owner exit — 8 pages (phys 0000000001574000) back on the free list
[kernel ] spawned pid 198 'kp-stress' caps 0000000000000040 — private PML4 @ phys 00000000013f0000
[elf    ] PT_LOAD vaddr 0000500000000000 filesz 000000000001b713 memsz 000000000001b713 (ro) -> mapped USER (bounds ok)
[elf    ] PT_LOAD vaddr 000050000001c000 filesz 0000000000003f20 memsz 0000000000003f20 (ro) -> mapped USER (bounds ok)
[elf    ] PT_LOAD vaddr 0000500000020000 filesz 0000000000000284 memsz 0000000000037fe0 (rw) -> mapped USER (bounds ok)
[kernel ] spawned pid 199 'kp-stress' caps 0000000000000003 — private PML4 @ phys 00000000015ff000
[elf    ] PT_LOAD vaddr 0000500000000000 filesz 000000000001b713 memsz 000000000001b713 (ro) -> mapped USER (bounds ok)
[elf    ] PT_LOAD vaddr 000050000001c000 filesz 0000000000003f20 memsz 0000000000003f20 (ro) -> mapped USER (bounds ok)
[elf    ] PT_LOAD vaddr 0000500000020000 filesz 0000000000000284 memsz 0000000000037fe0 (rw) -> mapped USER (bounds ok)
[surface] pid 198 owns surface 6 (64x64) DOUBLE-BUFFERED at user vaddr 0000530000000000 (+4 pages back) (recycled pixel buffers)
[hw     ] GRANT  pid 199 'kp-stress' -> 'sensor0': phys 0000000001003000 mapped at vaddr 00004031c0000000 (1 pages)
[surface] slot 6 reclaimed on owner exit — 8 pages (phys 0000000001574000) back on the free list
[surface] pid 198 owns surface 6 (64x64) DOUBLE-BUFFERED at user vaddr 0000530000000000 (+4 pages back) (recycled pixel buffers)
[surface] slot 6 reclaimed on owner exit — 8 pages (phys 0000000001574000) back on the free list
[kernel ] spawned pid 200 'kp-stress' caps 0000000000000040 — private PML4 @ phys 00000000013f0000
[elf    ] PT_LOAD vaddr 0000500000000000 filesz 000000000001b713 memsz 000000000001b713 (ro) -> mapped USER (bounds ok)
[elf    ] PT_LOAD vaddr 000050000001c000 filesz 0000000000003f20 memsz 0000000000003f20 (ro) -> mapped USER (bounds ok)
[elf    ] PT_LOAD vaddr 0000500000020000 filesz 0000000000000284 memsz 0000000000037fe0 (rw) -> mapped USER (bounds ok)
[kernel ] spawned pid 201 'kp-stress' caps 0000000000000003 — private PML4 @ phys 0000000001601000
[elf    ] PT_LOAD vaddr 0000500000000000 filesz 000000000001b713 memsz 000000000001b713 (ro) -> mapped USER (bounds ok)
[elf    ] PT_LOAD vaddr 000050000001c000 filesz 0000000000003f20 memsz 0000000000003f20 (ro) -> mapped USER (bounds ok)
[elf    ] PT_LOAD vaddr 0000500000020000 filesz 0000000000000284 memsz 0000000000037fe0 (rw) -> mapped USER (bounds ok)
[surface] pid 200 owns surface 6 (64x64) DOUBLE-BUFFERED at user vaddr 0000530000000000 (+4 pages back) (recycled pixel buffers)
[hw     ] GRANT  pid 201 'kp-stress' -> 'sensor0': phys 0000000001003000 mapped at vaddr 0000403240000000 (1 pages)
[surface] slot 6 reclaimed on owner exit — 8 pages (phys 0000000001574000) back on the free list
[surface] pid 200 owns surface 6 (64x64) DOUBLE-BUFFERED at user vaddr 0000530000000000 (+4 pages back) (recycled pixel buffers)
[surface] slot 6 reclaimed on owner exit — 8 pages (phys 0000000001574000) back on the free list
[kernel ] spawned pid 202 'kp-stress' caps 0000000000000040 — private PML4 @ phys 00000000013f0000
[elf    ] PT_LOAD vaddr 0000500000000000 filesz 000000000001b713 memsz 000000000001b713 (ro) -> mapped USER (bounds ok)
[elf    ] PT_LOAD vaddr 000050000001c000 filesz 0000000000003f20 memsz 0000000000003f20 (ro) -> mapped USER (bounds ok)
[elf    ] PT_LOAD vaddr 0000500000020000 filesz 0000000000000284 memsz 0000000000037fe0 (rw) -> mapped USER (bounds ok)
[kernel ] spawned pid 203 'kp-stress' caps 0000000000000003 — private PML4 @ phys 00000000015ee000
[elf    ] PT_LOAD vaddr 0000500000000000 filesz 000000000001b713 memsz 000000000001b713 (ro) -> mapped USER (bounds ok)
[elf    ] PT_LOAD vaddr 000050000001c000 filesz 0000000000003f20 memsz 0000000000003f20 (ro) -> mapped USER (bounds ok)
[elf    ] PT_LOAD vaddr 0000500000020000 filesz 0000000000000284 memsz 0000000000037fe0 (rw) -> mapped USER (bounds ok)
[hw     ] GRANT  pid 203 'kp-stress' -> 'sensor0': phys 0000000001003000 mapped at vaddr 00004032c0000000 (1 pages)
[surface] pid 202 owns surface 6 (64x64) DOUBLE-BUFFERED at user vaddr 0000530000000000 (+4 pages back) (recycled pixel buffers)
[surface] slot 6 reclaimed on owner exit — 8 pages (phys 0000000001574000) back on the free list
[surface] pid 202 owns surface 6 (64x64) DOUBLE-BUFFERED at user vaddr 0000530000000000 (+4 pages back) (recycled pixel buffers)
[surface] slot 6 reclaimed on owner exit — 8 pages (phys 0000000001574000) back on the free list
[kernel ] spawned pid 204 'kp-stress' caps 0000000000000040 — private PML4 @ phys 00000000013f0000
[elf    ] PT_LOAD vaddr 0000500000000000 filesz 000000000001b713 memsz 000000000001b713 (ro) -> mapped USER (bounds ok)
[elf    ] PT_LOAD vaddr 000050000001c000 filesz 0000000000003f20 memsz 0000000000003f20 (ro) -> mapped USER (bounds ok)
[elf    ] PT_LOAD vaddr 0000500000020000 filesz 0000000000000284 memsz 0000000000037fe0 (rw) -> mapped USER (bounds ok)
[kernel ] spawned pid 205 'kp-stress' caps 0000000000000003 — private PML4 @ phys 0000000001606000
[elf    ] PT_LOAD vaddr 0000500000000000 filesz 000000000001b713 memsz 000000000001b713 (ro) -> mapped USER (bounds ok)
[elf    ] PT_LOAD vaddr 000050000001c000 filesz 0000000000003f20 memsz 0000000000003f20 (ro) -> mapped USER (bounds ok)
[elf    ] PT_LOAD vaddr 0000500000020000 filesz 0000000000000284 memsz 0000000000037fe0 (rw) -> mapped USER (bounds ok)
[hw     ] GRANT  pid 205 'kp-stress' -> 'sensor0': phys 0000000001003000 mapped at vaddr 0000403340000000 (1 pages)
[surface] pid 204 owns surface 6 (64x64) DOUBLE-BUFFERED at user vaddr 0000530000000000 (+4 pages back) (recycled pixel buffers)
[surface] slot 6 reclaimed on owner exit — 8 pages (phys 0000000001574000) back on the free list
[surface] pid 204 owns surface 6 (64x64) DOUBLE-BUFFERED at user vaddr 0000530000000000 (+4 pages back) (recycled pixel buffers)
[surface] slot 6 reclaimed on owner exit — 8 pages (phys 0000000001574000) back on the free list
[kernel ] spawned pid 206 'kp-stress' caps 0000000000000040 — private PML4 @ phys 00000000013f0000
[elf    ] PT_LOAD vaddr 0000500000000000 filesz 000000000001b713 memsz 000000000001b713 (ro) -> mapped USER (bounds ok)
[elf    ] PT_LOAD vaddr 000050000001c000 filesz 0000000000003f20 memsz 0000000000003f20 (ro) -> mapped USER (bounds ok)
[elf    ] PT_LOAD vaddr 0000500000020000 filesz 0000000000000284 memsz 0000000000037fe0 (rw) -> mapped USER (bounds ok)
[kernel ] spawned pid 207 'kp-stress' caps 0000000000000003 — private PML4 @ phys 0000000001608000
[elf    ] PT_LOAD vaddr 0000500000000000 filesz 000000000001b713 memsz 000000000001b713 (ro) -> mapped USER (bounds ok)
[elf    ] PT_LOAD vaddr 000050000001c000 filesz 0000000000003f20 memsz 0000000000003f20 (ro) -> mapped USER (bounds ok)
[elf    ] PT_LOAD vaddr 0000500000020000 filesz 0000000000000284 memsz 0000000000037fe0 (rw) -> mapped USER (bounds ok)
[hw     ] GRANT  pid 207 'kp-stress' -> 'sensor0': phys 0000000001003000 mapped at vaddr 00004033c0000000 (1 pages)
[surface] pid 206 owns surface 6 (64x64) DOUBLE-BUFFERED at user vaddr 0000530000000000 (+4 pages back) (recycled pixel buffers)
[surface] slot 6 reclaimed on owner exit — 8 pages (phys 0000000001574000) back on the free list
[surface] pid 206 owns surface 6 (64x64) DOUBLE-BUFFERED at user vaddr 0000530000000000 (+4 pages back) (recycled pixel buffers)
[surface] slot 6 reclaimed on owner exit — 8 pages (phys 0000000001574000) back on the free list
[kernel ] spawned pid 208 'kp-stress' caps 0000000000000040 — private PML4 @ phys 00000000013f0000
[elf    ] PT_LOAD vaddr 0000500000000000 filesz 000000000001b713 memsz 000000000001b713 (ro) -> mapped USER (bounds ok)
[elf    ] PT_LOAD vaddr 000050000001c000 filesz 0000000000003f20 memsz 0000000000003f20 (ro) -> mapped USER (bounds ok)
[elf    ] PT_LOAD vaddr 0000500000020000 filesz 0000000000000284 memsz 0000000000037fe0 (rw) -> mapped USER (bounds ok)
[kernel ] spawned pid 209 'kp-stress' caps 0000000000000003 — private PML4 @ phys 000000000160a000
[elf    ] PT_LOAD vaddr 0000500000000000 filesz 000000000001b713 memsz 000000000001b713 (ro) -> mapped USER (bounds ok)
[elf    ] PT_LOAD vaddr 000050000001c000 filesz 0000000000003f20 memsz 0000000000003f20 (ro) -> mapped USER (bounds ok)
[elf    ] PT_LOAD vaddr 0000500000020000 filesz 0000000000000284 memsz 0000000000037fe0 (rw) -> mapped USER (bounds ok)
[surface] pid 208 owns surface 6 (64x64) DOUBLE-BUFFERED at user vaddr 0000530000000000 (+4 pages back) (recycled pixel buffers)
[hw     ] GRANT  pid 209 'kp-stress' -> 'sensor0': phys 0000000001003000 mapped at vaddr 0000403440000000 (1 pages)
[surface] slot 6 reclaimed on owner exit — 8 pages (phys 0000000001574000) back on the free list
[surface] pid 208 owns surface 6 (64x64) DOUBLE-BUFFERED at user vaddr 0000530000000000 (+4 pages back) (recycled pixel buffers)
[surface] slot 6 reclaimed on owner exit — 8 pages (phys 0000000001574000) back on the free list
[kernel ] spawned pid 210 'kp-stress' caps 0000000000000040 — private PML4 @ phys 00000000013f0000
[elf    ] PT_LOAD vaddr 0000500000000000 filesz 000000000001b713 memsz 000000000001b713 (ro) -> mapped USER (bounds ok)
[elf    ] PT_LOAD vaddr 000050000001c000 filesz 0000000000003f20 memsz 0000000000003f20 (ro) -> mapped USER (bounds ok)
[elf    ] PT_LOAD vaddr 0000500000020000 filesz 0000000000000284 memsz 0000000000037fe0 (rw) -> mapped USER (bounds ok)
[kernel ] spawned pid 211 'kp-stress' caps 0000000000000003 — private PML4 @ phys 000000000160b000
[elf    ] PT_LOAD vaddr 0000500000000000 filesz 000000000001b713 memsz 000000000001b713 (ro) -> mapped USER (bounds ok)
[elf    ] PT_LOAD vaddr 000050000001c000 filesz 0000000000003f20 memsz 0000000000003f20 (ro) -> mapped USER (bounds ok)
[elf    ] PT_LOAD vaddr 0000500000020000 filesz 0000000000000284 memsz 0000000000037fe0 (rw) -> mapped USER (bounds ok)
[hw     ] GRANT  pid 211 'kp-stress' -> 'sensor0': phys 0000000001003000 mapped at vaddr 00004034c0000000 (1 pages)
[surface] pid 210 owns surface 6 (64x64) DOUBLE-BUFFERED at user vaddr 0000530000000000 (+4 pages back) (recycled pixel buffers)
[surface] slot 6 reclaimed on owner exit — 8 pages (phys 0000000001574000) back on the free list
[surface] pid 210 owns surface 6 (64x64) DOUBLE-BUFFERED at user vaddr 0000530000000000 (+4 pages back) (recycled pixel buffers)
[surface] slot 6 reclaimed on owner exit — 8 pages (phys 0000000001574000) back on the free list
[kernel ] spawned pid 212 'kp-stress' caps 0000000000000040 — private PML4 @ phys 00000000013f0000
[elf    ] PT_LOAD vaddr 0000500000000000 filesz 000000000001b713 memsz 000000000001b713 (ro) -> mapped USER (bounds ok)
[elf    ] PT_LOAD vaddr 000050000001c000 filesz 0000000000003f20 memsz 0000000000003f20 (ro) -> mapped USER (bounds ok)
[elf    ] PT_LOAD vaddr 0000500000020000 filesz 0000000000000284 memsz 0000000000037fe0 (rw) -> mapped USER (bounds ok)
[kernel ] spawned pid 213 'kp-stress' caps 0000000000000003 — private PML4 @ phys 000000000160e000
[elf    ] PT_LOAD vaddr 0000500000000000 filesz 000000000001b713 memsz 000000000001b713 (ro) -> mapped USER (bounds ok)
[elf    ] PT_LOAD vaddr 000050000001c000 filesz 0000000000003f20 memsz 0000000000003f20 (ro) -> mapped USER (bounds ok)
[elf    ] PT_LOAD vaddr 0000500000020000 filesz 0000000000000284 memsz 0000000000037fe0 (rw) -> mapped USER (bounds ok)
[hw     ] GRANT  pid 213 'kp-stress' -> 'sensor0': phys 0000000001003000 mapped at vaddr 0000403540000000 (1 pages)
[surface] pid 212 owns surface 6 (64x64) DOUBLE-BUFFERED at user vaddr 0000530000000000 (+4 pages back) (recycled pixel buffers)
[surface] slot 6 reclaimed on owner exit — 8 pages (phys 0000000001574000) back on the free list
[surface] pid 212 owns surface 6 (64x64) DOUBLE-BUFFERED at user vaddr 0000530000000000 (+4 pages back) (recycled pixel buffers)
[surface] slot 6 reclaimed on owner exit — 8 pages (phys 0000000001574000) back on the free list
[kernel ] spawned pid 214 'kp-stress' caps 0000000000000040 — private PML4 @ phys 00000000013f0000
[elf    ] PT_LOAD vaddr 0000500000000000 filesz 000000000001b713 memsz 000000000001b713 (ro) -> mapped USER (bounds ok)
[elf    ] PT_LOAD vaddr 000050000001c000 filesz 0000000000003f20 memsz 0000000000003f20 (ro) -> mapped USER (bounds ok)
[elf    ] PT_LOAD vaddr 0000500000020000 filesz 0000000000000284 memsz 0000000000037fe0 (rw) -> mapped USER (bounds ok)
[kernel ] spawned pid 215 'kp-stress' caps 0000000000000003 — private PML4 @ phys 00000000015fa000
[elf    ] PT_LOAD vaddr 0000500000000000 filesz 000000000001b713 memsz 000000000001b713 (ro) -> mapped USER (bounds ok)
[elf    ] PT_LOAD vaddr 000050000001c000 filesz 0000000000003f20 memsz 0000000000003f20 (ro) -> mapped USER (bounds ok)
[elf    ] PT_LOAD vaddr 0000500000020000 filesz 0000000000000284 memsz 0000000000037fe0 (rw) -> mapped USER (bounds ok)
[hw     ] GRANT  pid 215 'kp-stress' -> 'sensor0': phys 0000000001003000 mapped at vaddr 00004035c0000000 (1 pages)
[surface] pid 214 owns surface 6 (64x64) DOUBLE-BUFFERED at user vaddr 0000530000000000 (+4 pages back) (recycled pixel buffers)
[surface] slot 6 reclaimed on owner exit — 8 pages (phys 0000000001574000) back on the free list
[surface] pid 214 owns surface 6 (64x64) DOUBLE-BUFFERED at user vaddr 0000530000000000 (+4 pages back) (recycled pixel buffers)
[surface] slot 6 reclaimed on owner exit — 8 pages (phys 0000000001574000) back on the free list
[kernel ] spawned pid 216 'kp-stress' caps 0000000000000040 — private PML4 @ phys 00000000013f0000
[elf    ] PT_LOAD vaddr 0000500000000000 filesz 000000000001b713 memsz 000000000001b713 (ro) -> mapped USER (bounds ok)
[elf    ] PT_LOAD vaddr 000050000001c000 filesz 0000000000003f20 memsz 0000000000003f20 (ro) -> mapped USER (bounds ok)
[elf    ] PT_LOAD vaddr 0000500000020000 filesz 0000000000000284 memsz 0000000000037fe0 (rw) -> mapped USER (bounds ok)
[kernel ] spawned pid 217 'kp-stress' caps 0000000000000003 — private PML4 @ phys 00000000015fc000
[elf    ] PT_LOAD vaddr 0000500000000000 filesz 000000000001b713 memsz 000000000001b713 (ro) -> mapped USER (bounds ok)
[elf    ] PT_LOAD vaddr 000050000001c000 filesz 0000000000003f20 memsz 0000000000003f20 (ro) -> mapped USER (bounds ok)
[elf    ] PT_LOAD vaddr 0000500000020000 filesz 0000000000000284 memsz 0000000000037fe0 (rw) -> mapped USER (bounds ok)
[surface] pid 216 owns surface 6 (64x64) DOUBLE-BUFFERED at user vaddr 0000530000000000 (+4 pages back) (recycled pixel buffers)
[hw     ] GRANT  pid 217 'kp-stress' -> 'sensor0': phys 0000000001003000 mapped at vaddr 0000403640000000 (1 pages)
[surface] slot 6 reclaimed on owner exit — 8 pages (phys 0000000001574000) back on the free list
[surface] pid 216 owns surface 6 (64x64) DOUBLE-BUFFERED at user vaddr 0000530000000000 (+4 pages back) (recycled pixel buffers)
[surface] slot 6 reclaimed on owner exit — 8 pages (phys 0000000001574000) back on the free list
[kernel ] spawned pid 218 'kp-stress' caps 0000000000000040 — private PML4 @ phys 00000000013f0000
[elf    ] PT_LOAD vaddr 0000500000000000 filesz 000000000001b713 memsz 000000000001b713 (ro) -> mapped USER (bounds ok)
[elf    ] PT_LOAD vaddr 000050000001c000 filesz 0000000000003f20 memsz 0000000000003f20 (ro) -> mapped USER (bounds ok)
[elf    ] PT_LOAD vaddr 0000500000020000 filesz 0000000000000284 memsz 0000000000037fe0 (rw) -> mapped USER (bounds ok)
[kernel ] spawned pid 219 'kp-stress' caps 0000000000000003 — private PML4 @ phys 0000000001614000
[elf    ] PT_LOAD vaddr 0000500000000000 filesz 000000000001b713 memsz 000000000001b713 (ro) -> mapped USER (bounds ok)
[elf    ] PT_LOAD vaddr 000050000001c000 filesz 0000000000003f20 memsz 0000000000003f20 (ro) -> mapped USER (bounds ok)
[elf    ] PT_LOAD vaddr 0000500000020000 filesz 0000000000000284 memsz 0000000000037fe0 (rw) -> mapped USER (bounds ok)
[surface] pid 218 owns surface 6 (64x64) DOUBLE-BUFFERED at user vaddr 0000530000000000 (+4 pages back) (recycled pixel buffers)
[hw     ] GRANT  pid 219 'kp-stress' -> 'sensor0': phys 0000000001003000 mapped at vaddr 00004036c0000000 (1 pages)
[surface] slot 6 reclaimed on owner exit — 8 pages (phys 0000000001574000) back on the free list
[surface] pid 218 owns surface 6 (64x64) DOUBLE-BUFFERED at user vaddr 0000530000000000 (+4 pages back) (recycled pixel buffers)
[surface] slot 6 reclaimed on owner exit — 8 pages (phys 0000000001574000) back on the free list
[kernel ] spawned pid 220 'kp-stress' caps 0000000000000040 — private PML4 @ phys 00000000013f0000
[elf    ] PT_LOAD vaddr 0000500000000000 filesz 000000000001b713 memsz 000000000001b713 (ro) -> mapped USER (bounds ok)
[elf    ] PT_LOAD vaddr 000050000001c000 filesz 0000000000003f20 memsz 0000000000003f20 (ro) -> mapped USER (bounds ok)
[elf    ] PT_LOAD vaddr 0000500000020000 filesz 0000000000000284 memsz 0000000000037fe0 (rw) -> mapped USER (bounds ok)
[kernel ] spawned pid 221 'kp-stress' caps 0000000000000003 — private PML4 @ phys 000000000160d000
[elf    ] PT_LOAD vaddr 0000500000000000 filesz 000000000001b713 memsz 000000000001b713 (ro) -> mapped USER (bounds ok)
[elf    ] PT_LOAD vaddr 000050000001c000 filesz 0000000000003f20 memsz 0000000000003f20 (ro) -> mapped USER (bounds ok)
[elf    ] PT_LOAD vaddr 0000500000020000 filesz 0000000000000284 memsz 0000000000037fe0 (rw) -> mapped USER (bounds ok)
[hw     ] GRANT  pid 221 'kp-stress' -> 'sensor0': phys 0000000001003000 mapped at vaddr 0000403740000000 (1 pages)
[surface] pid 220 owns surface 6 (64x64) DOUBLE-BUFFERED at user vaddr 0000530000000000 (+4 pages back) (recycled pixel buffers)
[surface] slot 6 reclaimed on owner exit — 8 pages (phys 0000000001574000) back on the free list
[surface] pid 220 owns surface 6 (64x64) DOUBLE-BUFFERED at user vaddr 0000530000000000 (+4 pages back) (recycled pixel buffers)
[surface] slot 6 reclaimed on owner exit — 8 pages (phys 0000000001574000) back on the free list
[kernel ] spawned pid 222 'kp-stress' caps 0000000000000040 — private PML4 @ phys 00000000013f0000
[elf    ] PT_LOAD vaddr 0000500000000000 filesz 000000000001b713 memsz 000000000001b713 (ro) -> mapped USER (bounds ok)
[elf    ] PT_LOAD vaddr 000050000001c000 filesz 0000000000003f20 memsz 0000000000003f20 (ro) -> mapped USER (bounds ok)
[elf    ] PT_LOAD vaddr 0000500000020000 filesz 0000000000000284 memsz 0000000000037fe0 (rw) -> mapped USER (bounds ok)
[kernel ] spawned pid 223 'kp-stress' caps 0000000000000003 — private PML4 @ phys 0000000001618000
[elf    ] PT_LOAD vaddr 0000500000000000 filesz 000000000001b713 memsz 000000000001b713 (ro) -> mapped USER (bounds ok)
[elf    ] PT_LOAD vaddr 000050000001c000 filesz 0000000000003f20 memsz 0000000000003f20 (ro) -> mapped USER (bounds ok)
[elf    ] PT_LOAD vaddr 0000500000020000 filesz 0000000000000284 memsz 0000000000037fe0 (rw) -> mapped USER (bounds ok)
[surface] pid 222 owns surface 6 (64x64) DOUBLE-BUFFERED at user vaddr 0000530000000000 (+4 pages back) (recycled pixel buffers)
[hw     ] GRANT  pid 223 'kp-stress' -> 'sensor0': phys 0000000001003000 mapped at vaddr 00004037c0000000 (1 pages)
[surface] slot 6 reclaimed on owner exit — 8 pages (phys 0000000001574000) back on the free list
[surface] pid 222 owns surface 6 (64x64) DOUBLE-BUFFERED at user vaddr 0000530000000000 (+4 pages back) (recycled pixel buffers)
[surface] slot 6 reclaimed on owner exit — 8 pages (phys 0000000001574000) back on the free list
[kernel ] spawned pid 224 'kp-stress' caps 0000000000000040 — private PML4 @ phys 00000000013f0000
[elf    ] PT_LOAD vaddr 0000500000000000 filesz 000000000001b713 memsz 000000000001b713 (ro) -> mapped USER (bounds ok)
[elf    ] PT_LOAD vaddr 000050000001c000 filesz 0000000000003f20 memsz 0000000000003f20 (ro) -> mapped USER (bounds ok)
[elf    ] PT_LOAD vaddr 0000500000020000 filesz 0000000000000284 memsz 0000000000037fe0 (rw) -> mapped USER (bounds ok)
[kernel ] spawned pid 225 'kp-stress' caps 0000000000000003 — private PML4 @ phys 00000000015ee000
[elf    ] PT_LOAD vaddr 0000500000000000 filesz 000000000001b713 memsz 000000000001b713 (ro) -> mapped USER (bounds ok)
[elf    ] PT_LOAD vaddr 000050000001c000 filesz 0000000000003f20 memsz 0000000000003f20 (ro) -> mapped USER (bounds ok)
[elf    ] PT_LOAD vaddr 0000500000020000 filesz 0000000000000284 memsz 0000000000037fe0 (rw) -> mapped USER (bounds ok)
[hw     ] GRANT  pid 225 'kp-stress' -> 'sensor0': phys 0000000001003000 mapped at vaddr 0000403840000000 (1 pages)
[surface] pid 224 owns surface 6 (64x64) DOUBLE-BUFFERED at user vaddr 0000530000000000 (+4 pages back) (recycled pixel buffers)
[surface] slot 6 reclaimed on owner exit — 8 pages (phys 0000000001574000) back on the free list
[surface] pid 224 owns surface 6 (64x64) DOUBLE-BUFFERED at user vaddr 0000530000000000 (+4 pages back) (recycled pixel buffers)
[surface] slot 6 reclaimed on owner exit — 8 pages (phys 0000000001574000) back on the free list
[kernel ] spawned pid 226 'kp-stress' caps 0000000000000040 — private PML4 @ phys 00000000013f0000
[elf    ] PT_LOAD vaddr 0000500000000000 filesz 000000000001b713 memsz 000000000001b713 (ro) -> mapped USER (bounds ok)
[elf    ] PT_LOAD vaddr 000050000001c000 filesz 0000000000003f20 memsz 0000000000003f20 (ro) -> mapped USER (bounds ok)
[elf    ] PT_LOAD vaddr 0000500000020000 filesz 0000000000000284 memsz 0000000000037fe0 (rw) -> mapped USER (bounds ok)
[kernel ] spawned pid 227 'kp-stress' caps 0000000000000003 — private PML4 @ phys 000000000161c000
[elf    ] PT_LOAD vaddr 0000500000000000 filesz 000000000001b713 memsz 000000000001b713 (ro) -> mapped USER (bounds ok)
[elf    ] PT_LOAD vaddr 000050000001c000 filesz 0000000000003f20 memsz 0000000000003f20 (ro) -> mapped USER (bounds ok)
[elf    ] PT_LOAD vaddr 0000500000020000 filesz 0000000000000284 memsz 0000000000037fe0 (rw) -> mapped USER (bounds ok)
[surface] pid 226 owns surface 6 (64x64) DOUBLE-BUFFERED at user vaddr 0000530000000000 (+4 pages back) (recycled pixel buffers)
[hw     ] GRANT  pid 227 'kp-stress' -> 'sensor0': phys 0000000001003000 mapped at vaddr 00004038c0000000 (1 pages)
[surface] slot 6 reclaimed on owner exit — 8 pages (phys 0000000001574000) back on the free list
[surface] pid 226 owns surface 6 (64x64) DOUBLE-BUFFERED at user vaddr 0000530000000000 (+4 pages back) (recycled pixel buffers)
[surface] slot 6 reclaimed on owner exit — 8 pages (phys 0000000001574000) back on the free list
[kernel ] spawned pid 228 'kp-stress' caps 0000000000000040 — private PML4 @ phys 00000000013f0000
[elf    ] PT_LOAD vaddr 0000500000000000 filesz 000000000001b713 memsz 000000000001b713 (ro) -> mapped USER (bounds ok)
[elf    ] PT_LOAD vaddr 000050000001c000 filesz 0000000000003f20 memsz 0000000000003f20 (ro) -> mapped USER (bounds ok)
[elf    ] PT_LOAD vaddr 0000500000020000 filesz 0000000000000284 memsz 0000000000037fe0 (rw) -> mapped USER (bounds ok)
[kernel ] spawned pid 229 'kp-stress' caps 0000000000000003 — private PML4 @ phys 000000000161e000
[elf    ] PT_LOAD vaddr 0000500000000000 filesz 000000000001b713 memsz 000000000001b713 (ro) -> mapped USER (bounds ok)
[elf    ] PT_LOAD vaddr 000050000001c000 filesz 0000000000003f20 memsz 0000000000003f20 (ro) -> mapped USER (bounds ok)
[elf    ] PT_LOAD vaddr 0000500000020000 filesz 0000000000000284 memsz 0000000000037fe0 (rw) -> mapped USER (bounds ok)
[hw     ] GRANT  pid 229 'kp-stress' -> 'sensor0': phys 0000000001003000 mapped at vaddr 0000403940000000 (1 pages)
[surface] pid 228 owns surface 6 (64x64) DOUBLE-BUFFERED at user vaddr 0000530000000000 (+4 pages back) (recycled pixel buffers)
[surface] slot 6 reclaimed on owner exit — 8 pages (phys 0000000001574000) back on the free list
[surface] pid 228 owns surface 6 (64x64) DOUBLE-BUFFERED at user vaddr 0000530000000000 (+4 pages back) (recycled pixel buffers)
[surface] slot 6 reclaimed on owner exit — 8 pages (phys 0000000001574000) back on the free list
[kernel ] spawned pid 230 'kp-stress' caps 0000000000000040 — private PML4 @ phys 00000000013f0000
[elf    ] PT_LOAD vaddr 0000500000000000 filesz 000000000001b713 memsz 000000000001b713 (ro) -> mapped USER (bounds ok)
[elf    ] PT_LOAD vaddr 000050000001c000 filesz 0000000000003f20 memsz 0000000000003f20 (ro) -> mapped USER (bounds ok)
[elf    ] PT_LOAD vaddr 0000500000020000 filesz 0000000000000284 memsz 0000000000037fe0 (rw) -> mapped USER (bounds ok)
[kernel ] spawned pid 231 'kp-stress' caps 0000000000000003 — private PML4 @ phys 0000000001620000
[elf    ] PT_LOAD vaddr 0000500000000000 filesz 000000000001b713 memsz 000000000001b713 (ro) -> mapped USER (bounds ok)
[elf    ] PT_LOAD vaddr 000050000001c000 filesz 0000000000003f20 memsz 0000000000003f20 (ro) -> mapped USER (bounds ok)
[elf    ] PT_LOAD vaddr 0000500000020000 filesz 0000000000000284 memsz 0000000000037fe0 (rw) -> mapped USER (bounds ok)
[hw     ] GRANT  pid 231 'kp-stress' -> 'sensor0': phys 0000000001003000 mapped at vaddr 00004039c0000000 (1 pages)
[surface] pid 230 owns surface 6 (64x64) DOUBLE-BUFFERED at user vaddr 0000530000000000 (+4 pages back) (recycled pixel buffers)
[surface] slot 6 reclaimed on owner exit — 8 pages (phys 0000000001574000) back on the free list
[surface] pid 230 owns surface 6 (64x64) DOUBLE-BUFFERED at user vaddr 0000530000000000 (+4 pages back) (recycled pixel buffers)
[surface] slot 6 reclaimed on owner exit — 8 pages (phys 0000000001574000) back on the free list
[kernel ] spawned pid 232 'kp-stress' caps 0000000000000040 — private PML4 @ phys 00000000013f0000
[elf    ] PT_LOAD vaddr 0000500000000000 filesz 000000000001b713 memsz 000000000001b713 (ro) -> mapped USER (bounds ok)
[elf    ] PT_LOAD vaddr 000050000001c000 filesz 0000000000003f20 memsz 0000000000003f20 (ro) -> mapped USER (bounds ok)
[elf    ] PT_LOAD vaddr 0000500000020000 filesz 0000000000000284 memsz 0000000000037fe0 (rw) -> mapped USER (bounds ok)
[kernel ] spawned pid 233 'kp-stress' caps 0000000000000003 — private PML4 @ phys 000000000160b000
[elf    ] PT_LOAD vaddr 0000500000000000 filesz 000000000001b713 memsz 000000000001b713 (ro) -> mapped USER (bounds ok)
[elf    ] PT_LOAD vaddr 000050000001c000 filesz 0000000000003f20 memsz 0000000000003f20 (ro) -> mapped USER (bounds ok)
[elf    ] PT_LOAD vaddr 0000500000020000 filesz 0000000000000284 memsz 0000000000037fe0 (rw) -> mapped USER (bounds ok)
[hw     ] GRANT  pid 233 'kp-stress' -> 'sensor0': phys 0000000001003000 mapped at vaddr 0000403a40000000 (1 pages)
[surface] pid 232 owns surface 6 (64x64) DOUBLE-BUFFERED at user vaddr 0000530000000000 (+4 pages back) (recycled pixel buffers)
[surface] slot 6 reclaimed on owner exit — 8 pages (phys 0000000001574000) back on the free list
[surface] pid 232 owns surface 6 (64x64) DOUBLE-BUFFERED at user vaddr 0000530000000000 (+4 pages back) (recycled pixel buffers)
[surface] slot 6 reclaimed on owner exit — 8 pages (phys 0000000001574000) back on the free list
[kernel ] spawned pid 234 'kp-stress' caps 0000000000000040 — private PML4 @ phys 00000000013f0000
[elf    ] PT_LOAD vaddr 0000500000000000 filesz 000000000001b713 memsz 000000000001b713 (ro) -> mapped USER (bounds ok)
[elf    ] PT_LOAD vaddr 000050000001c000 filesz 0000000000003f20 memsz 0000000000003f20 (ro) -> mapped USER (bounds ok)
[elf    ] PT_LOAD vaddr 0000500000020000 filesz 0000000000000284 memsz 0000000000037fe0 (rw) -> mapped USER (bounds ok)
[kernel ] spawned pid 235 'kp-stress' caps 0000000000000003 — private PML4 @ phys 000000000160e000
[elf    ] PT_LOAD vaddr 0000500000000000 filesz 000000000001b713 memsz 000000000001b713 (ro) -> mapped USER (bounds ok)
[elf    ] PT_LOAD vaddr 000050000001c000 filesz 0000000000003f20 memsz 0000000000003f20 (ro) -> mapped USER (bounds ok)
[elf    ] PT_LOAD vaddr 0000500000020000 filesz 0000000000000284 memsz 0000000000037fe0 (rw) -> mapped USER (bounds ok)
[hw     ] GRANT  pid 235 'kp-stress' -> 'sensor0': phys 0000000001003000 mapped at vaddr 0000403ac0000000 (1 pages)
[surface] pid 234 owns surface 6 (64x64) DOUBLE-BUFFERED at user vaddr 0000530000000000 (+4 pages back) (recycled pixel buffers)
[surface] slot 6 reclaimed on owner exit — 8 pages (phys 0000000001574000) back on the free list
[surface] pid 234 owns surface 6 (64x64) DOUBLE-BUFFERED at user vaddr 0000530000000000 (+4 pages back) (recycled pixel buffers)
[surface] slot 6 reclaimed on owner exit — 8 pages (phys 0000000001574000) back on the free list
[kernel ] spawned pid 236 'kp-stress' caps 0000000000000040 — private PML4 @ phys 00000000013f0000
[elf    ] PT_LOAD vaddr 0000500000000000 filesz 000000000001b713 memsz 000000000001b713 (ro) -> mapped USER (bounds ok)
[elf    ] PT_LOAD vaddr 000050000001c000 filesz 0000000000003f20 memsz 0000000000003f20 (ro) -> mapped USER (bounds ok)
[elf    ] PT_LOAD vaddr 0000500000020000 filesz 0000000000000284 memsz 0000000000037fe0 (rw) -> mapped USER (bounds ok)
[kernel ] spawned pid 237 'kp-stress' caps 0000000000000003 — private PML4 @ phys 0000000001626000
[elf    ] PT_LOAD vaddr 0000500000000000 filesz 000000000001b713 memsz 000000000001b713 (ro) -> mapped USER (bounds ok)
[elf    ] PT_LOAD vaddr 000050000001c000 filesz 0000000000003f20 memsz 0000000000003f20 (ro) -> mapped USER (bounds ok)
[elf    ] PT_LOAD vaddr 0000500000020000 filesz 0000000000000284 memsz 0000000000037fe0 (rw) -> mapped USER (bounds ok)
[surface] pid 236 owns surface 6 (64x64) DOUBLE-BUFFERED at user vaddr 0000530000000000 (+4 pages back) (recycled pixel buffers)
[hw     ] GRANT  pid 237 'kp-stress' -> 'sensor0': phys 0000000001003000 mapped at vaddr 0000403b40000000 (1 pages)
[surface] slot 6 reclaimed on owner exit — 8 pages (phys 0000000001574000) back on the free list
[surface] pid 236 owns surface 6 (64x64) DOUBLE-BUFFERED at user vaddr 0000530000000000 (+4 pages back) (recycled pixel buffers)
[surface] slot 6 reclaimed on owner exit — 8 pages (phys 0000000001574000) back on the free list
[kernel ] spawned pid 238 'kp-stress' caps 0000000000000040 — private PML4 @ phys 00000000013f0000
[elf    ] PT_LOAD vaddr 0000500000000000 filesz 000000000001b713 memsz 000000000001b713 (ro) -> mapped USER (bounds ok)
[elf    ] PT_LOAD vaddr 000050000001c000 filesz 0000000000003f20 memsz 0000000000003f20 (ro) -> mapped USER (bounds ok)
[elf    ] PT_LOAD vaddr 0000500000020000 filesz 0000000000000284 memsz 0000000000037fe0 (rw) -> mapped USER (bounds ok)
[kernel ] spawned pid 239 'kp-stress' caps 0000000000000003 — private PML4 @ phys 00000000015fc000
[elf    ] PT_LOAD vaddr 0000500000000000 filesz 000000000001b713 memsz 000000000001b713 (ro) -> mapped USER (bounds ok)
[elf    ] PT_LOAD vaddr 000050000001c000 filesz 0000000000003f20 memsz 0000000000003f20 (ro) -> mapped USER (bounds ok)
[elf    ] PT_LOAD vaddr 0000500000020000 filesz 0000000000000284 memsz 0000000000037fe0 (rw) -> mapped USER (bounds ok)
[hw     ] GRANT  pid 239 'kp-stress' -> 'sensor0': phys 0000000001003000 mapped at vaddr 0000403bc0000000 (1 pages)
[surface] pid 238 owns surface 6 (64x64) DOUBLE-BUFFERED at user vaddr 0000530000000000 (+4 pages back) (recycled pixel buffers)
[surface] slot 6 reclaimed on owner exit — 8 pages (phys 0000000001574000) back on the free list
[surface] pid 238 owns surface 6 (64x64) DOUBLE-BUFFERED at user vaddr 0000530000000000 (+4 pages back) (recycled pixel buffers)
[surface] slot 6 reclaimed on owner exit — 8 pages (phys 0000000001574000) back on the free list
[kernel ] spawned pid 240 'kp-stress' caps 0000000000000040 — private PML4 @ phys 00000000013f0000
[elf    ] PT_LOAD vaddr 0000500000000000 filesz 000000000001b713 memsz 000000000001b713 (ro) -> mapped USER (bounds ok)
[elf    ] PT_LOAD vaddr 000050000001c000 filesz 0000000000003f20 memsz 0000000000003f20 (ro) -> mapped USER (bounds ok)
[elf    ] PT_LOAD vaddr 0000500000020000 filesz 0000000000000284 memsz 0000000000037fe0 (rw) -> mapped USER (bounds ok)
[kernel ] spawned pid 241 'kp-stress' caps 0000000000000003 — private PML4 @ phys 000000000162a000
[elf    ] PT_LOAD vaddr 0000500000000000 filesz 000000000001b713 memsz 000000000001b713 (ro) -> mapped USER (bounds ok)
[elf    ] PT_LOAD vaddr 000050000001c000 filesz 0000000000003f20 memsz 0000000000003f20 (ro) -> mapped USER (bounds ok)
[elf    ] PT_LOAD vaddr 0000500000020000 filesz 0000000000000284 memsz 0000000000037fe0 (rw) -> mapped USER (bounds ok)
[surface] pid 240 owns surface 6 (64x64) DOUBLE-BUFFERED at user vaddr 0000530000000000 (+4 pages back) (recycled pixel buffers)
[hw     ] GRANT  pid 241 'kp-stress' -> 'sensor0': phys 0000000001003000 mapped at vaddr 0000403c40000000 (1 pages)
[surface] slot 6 reclaimed on owner exit — 8 pages (phys 0000000001574000) back on the free list
[surface] pid 240 owns surface 6 (64x64) DOUBLE-BUFFERED at user vaddr 0000530000000000 (+4 pages back) (recycled pixel buffers)
[surface] slot 6 reclaimed on owner exit — 8 pages (phys 0000000001574000) back on the free list
[kernel ] spawned pid 242 'kp-stress' caps 0000000000000040 — private PML4 @ phys 00000000013f0000
[elf    ] PT_LOAD vaddr 0000500000000000 filesz 000000000001b713 memsz 000000000001b713 (ro) -> mapped USER (bounds ok)
[elf    ] PT_LOAD vaddr 000050000001c000 filesz 0000000000003f20 memsz 0000000000003f20 (ro) -> mapped USER (bounds ok)
[elf    ] PT_LOAD vaddr 0000500000020000 filesz 0000000000000284 memsz 0000000000037fe0 (rw) -> mapped USER (bounds ok)
[kernel ] spawned pid 243 'kp-stress' caps 0000000000000003 — private PML4 @ phys 000000000160d000
[elf    ] PT_LOAD vaddr 0000500000000000 filesz 000000000001b713 memsz 000000000001b713 (ro) -> mapped USER (bounds ok)
[elf    ] PT_LOAD vaddr 000050000001c000 filesz 0000000000003f20 memsz 0000000000003f20 (ro) -> mapped USER (bounds ok)
[elf    ] PT_LOAD vaddr 0000500000020000 filesz 0000000000000284 memsz 0000000000037fe0 (rw) -> mapped USER (bounds ok)
[hw     ] GRANT  pid 243 'kp-stress' -> 'sensor0': phys 0000000001003000 mapped at vaddr 0000403cc0000000 (1 pages)
[surface] pid 242 owns surface 6 (64x64) DOUBLE-BUFFERED at user vaddr 0000530000000000 (+4 pages back) (recycled pixel buffers)
[surface] slot 6 reclaimed on owner exit — 8 pages (phys 0000000001574000) back on the free list
[surface] pid 242 owns surface 6 (64x64) DOUBLE-BUFFERED at user vaddr 0000530000000000 (+4 pages back) (recycled pixel buffers)
[surface] slot 6 reclaimed on owner exit — 8 pages (phys 0000000001574000) back on the free list
[kernel ] spawned pid 244 'kp-stress' caps 0000000000000040 — private PML4 @ phys 00000000013f0000
[elf    ] PT_LOAD vaddr 0000500000000000 filesz 000000000001b713 memsz 000000000001b713 (ro) -> mapped USER (bounds ok)
[elf    ] PT_LOAD vaddr 000050000001c000 filesz 0000000000003f20 memsz 0000000000003f20 (ro) -> mapped USER (bounds ok)
[elf    ] PT_LOAD vaddr 0000500000020000 filesz 0000000000000284 memsz 0000000000037fe0 (rw) -> mapped USER (bounds ok)
[kernel ] spawned pid 245 'kp-stress' caps 0000000000000003 — private PML4 @ phys 000000000162e000
[elf    ] PT_LOAD vaddr 0000500000000000 filesz 000000000001b713 memsz 000000000001b713 (ro) -> mapped USER (bounds ok)
[elf    ] PT_LOAD vaddr 000050000001c000 filesz 0000000000003f20 memsz 0000000000003f20 (ro) -> mapped USER (bounds ok)
[elf    ] PT_LOAD vaddr 0000500000020000 filesz 0000000000000284 memsz 0000000000037fe0 (rw) -> mapped USER (bounds ok)
[hw     ] GRANT  pid 245 'kp-stress' -> 'sensor0': phys 0000000001003000 mapped at vaddr 0000403d40000000 (1 pages)
[surface] pid 244 owns surface 6 (64x64) DOUBLE-BUFFERED at user vaddr 0000530000000000 (+4 pages back) (recycled pixel buffers)
[surface] slot 6 reclaimed on owner exit — 8 pages (phys 0000000001574000) back on the free list
[surface] pid 244 owns surface 6 (64x64) DOUBLE-BUFFERED at user vaddr 0000530000000000 (+4 pages back) (recycled pixel buffers)
[surface] slot 6 reclaimed on owner exit — 8 pages (phys 0000000001574000) back on the free list
[kernel ] spawned pid 246 'kp-stress' caps 0000000000000040 — private PML4 @ phys 00000000013f0000
[elf    ] PT_LOAD vaddr 0000500000000000 filesz 000000000001b713 memsz 000000000001b713 (ro) -> mapped USER (bounds ok)
[elf    ] PT_LOAD vaddr 000050000001c000 filesz 0000000000003f20 memsz 0000000000003f20 (ro) -> mapped USER (bounds ok)
[elf    ] PT_LOAD vaddr 0000500000020000 filesz 0000000000000284 memsz 0000000000037fe0 (rw) -> mapped USER (bounds ok)
[kernel ] spawned pid 247 'kp-stress' caps 0000000000000003 — private PML4 @ phys 0000000001630000
[elf    ] PT_LOAD vaddr 0000500000000000 filesz 000000000001b713 memsz 000000000001b713 (ro) -> mapped USER (bounds ok)
[elf    ] PT_LOAD vaddr 000050000001c000 filesz 0000000000003f20 memsz 0000000000003f20 (ro) -> mapped USER (bounds ok)
[elf    ] PT_LOAD vaddr 0000500000020000 filesz 0000000000000284 memsz 0000000000037fe0 (rw) -> mapped USER (bounds ok)
[surface] pid 246 owns surface 6 (64x64) DOUBLE-BUFFERED at user vaddr 0000530000000000 (+4 pages back) (recycled pixel buffers)
[hw     ] GRANT  pid 247 'kp-stress' -> 'sensor0': phys 0000000001003000 mapped at vaddr 0000403dc0000000 (1 pages)
[surface] slot 6 reclaimed on owner exit — 8 pages (phys 0000000001574000) back on the free list
[surface] pid 246 owns surface 6 (64x64) DOUBLE-BUFFERED at user vaddr 0000530000000000 (+4 pages back) (recycled pixel buffers)
[surface] slot 6 reclaimed on owner exit — 8 pages (phys 0000000001574000) back on the free list
[kernel ] spawned pid 248 'kp-stress' caps 0000000000000040 — private PML4 @ phys 00000000013f0000
[elf    ] PT_LOAD vaddr 0000500000000000 filesz 000000000001b713 memsz 000000000001b713 (ro) -> mapped USER (bounds ok)
[elf    ] PT_LOAD vaddr 000050000001c000 filesz 0000000000003f20 memsz 0000000000003f20 (ro) -> mapped USER (bounds ok)
[elf    ] PT_LOAD vaddr 0000500000020000 filesz 0000000000000284 memsz 0000000000037fe0 (rw) -> mapped USER (bounds ok)
[kernel ] spawned pid 249 'kp-stress' caps 0000000000000003 — private PML4 @ phys 0000000001632000
[elf    ] PT_LOAD vaddr 0000500000000000 filesz 000000000001b713 memsz 000000000001b713 (ro) -> mapped USER (bounds ok)
[elf    ] PT_LOAD vaddr 000050000001c000 filesz 0000000000003f20 memsz 0000000000003f20 (ro) -> mapped USER (bounds ok)
[elf    ] PT_LOAD vaddr 0000500000020000 filesz 0000000000000284 memsz 0000000000037fe0 (rw) -> mapped USER (bounds ok)
[hw     ] GRANT  pid 249 'kp-stress' -> 'sensor0': phys 0000000001003000 mapped at vaddr 0000403e40000000 (1 pages)
[surface] pid 248 owns surface 6 (64x64) DOUBLE-BUFFERED at user vaddr 0000530000000000 (+4 pages back) (recycled pixel buffers)
[surface] slot 6 reclaimed on owner exit — 8 pages (phys 0000000001574000) back on the free list
[surface] pid 248 owns surface 6 (64x64) DOUBLE-BUFFERED at user vaddr 0000530000000000 (+4 pages back) (recycled pixel buffers)
[surface] slot 6 reclaimed on owner exit — 8 pages (phys 0000000001574000) back on the free list
[kernel ] spawned pid 250 'kp-stress' caps 0000000000000040 — private PML4 @ phys 00000000013f0000
[elf    ] PT_LOAD vaddr 0000500000000000 filesz 000000000001b713 memsz 000000000001b713 (ro) -> mapped USER (bounds ok)
[elf    ] PT_LOAD vaddr 000050000001c000 filesz 0000000000003f20 memsz 0000000000003f20 (ro) -> mapped USER (bounds ok)
[elf    ] PT_LOAD vaddr 0000500000020000 filesz 0000000000000284 memsz 0000000000037fe0 (rw) -> mapped USER (bounds ok)
[kernel ] spawned pid 251 'kp-stress' caps 0000000000000003 — private PML4 @ phys 0000000001634000
[elf    ] PT_LOAD vaddr 0000500000000000 filesz 000000000001b713 memsz 000000000001b713 (ro) -> mapped USER (bounds ok)
[elf    ] PT_LOAD vaddr 000050000001c000 filesz 0000000000003f20 memsz 0000000000003f20 (ro) -> mapped USER (bounds ok)
[elf    ] PT_LOAD vaddr 0000500000020000 filesz 0000000000000284 memsz 0000000000037fe0 (rw) -> mapped USER (bounds ok)
[hw     ] GRANT  pid 251 'kp-stress' -> 'sensor0': phys 0000000001003000 mapped at vaddr 0000403ec0000000 (1 pages)
[surface] pid 250 owns surface 6 (64x64) DOUBLE-BUFFERED at user vaddr 0000530000000000 (+4 pages back) (recycled pixel buffers)
[surface] slot 6 reclaimed on owner exit — 8 pages (phys 0000000001574000) back on the free list
[surface] pid 250 owns surface 6 (64x64) DOUBLE-BUFFERED at user vaddr 0000530000000000 (+4 pages back) (recycled pixel buffers)
[surface] slot 6 reclaimed on owner exit — 8 pages (phys 0000000001574000) back on the free list
[kernel ] spawned pid 252 'kp-stress' caps 0000000000000040 — private PML4 @ phys 00000000013f0000
[elf    ] PT_LOAD vaddr 0000500000000000 filesz 000000000001b713 memsz 000000000001b713 (ro) -> mapped USER (bounds ok)
[elf    ] PT_LOAD vaddr 000050000001c000 filesz 0000000000003f20 memsz 0000000000003f20 (ro) -> mapped USER (bounds ok)
[elf    ] PT_LOAD vaddr 0000500000020000 filesz 0000000000000284 memsz 0000000000037fe0 (rw) -> mapped USER (bounds ok)
[kernel ] spawned pid 253 'kp-stress' caps 0000000000000003 — private PML4 @ phys 0000000001620000
[elf    ] PT_LOAD vaddr 0000500000000000 filesz 000000000001b713 memsz 000000000001b713 (ro) -> mapped USER (bounds ok)
[elf    ] PT_LOAD vaddr 000050000001c000 filesz 0000000000003f20 memsz 0000000000003f20 (ro) -> mapped USER (bounds ok)
[elf    ] PT_LOAD vaddr 0000500000020000 filesz 0000000000000284 memsz 0000000000037fe0 (rw) -> mapped USER (bounds ok)
[hw     ] GRANT  pid 253 'kp-stress' -> 'sensor0': phys 0000000001003000 mapped at vaddr 0000403f40000000 (1 pages)
[surface] pid 252 owns surface 6 (64x64) DOUBLE-BUFFERED at user vaddr 0000530000000000 (+4 pages back) (recycled pixel buffers)
[surface] slot 6 reclaimed on owner exit — 8 pages (phys 0000000001574000) back on the free list
[surface] pid 252 owns surface 6 (64x64) DOUBLE-BUFFERED at user vaddr 0000530000000000 (+4 pages back) (recycled pixel buffers)
[surface] slot 6 reclaimed on owner exit — 8 pages (phys 0000000001574000) back on the free list
[kernel ] spawned pid 254 'kp-stress' caps 0000000000000040 — private PML4 @ phys 00000000013f0000
[elf    ] PT_LOAD vaddr 0000500000000000 filesz 000000000001b713 memsz 000000000001b713 (ro) -> mapped USER (bounds ok)
[elf    ] PT_LOAD vaddr 000050000001c000 filesz 0000000000003f20 memsz 0000000000003f20 (ro) -> mapped USER (bounds ok)
[elf    ] PT_LOAD vaddr 0000500000020000 filesz 0000000000000284 memsz 0000000000037fe0 (rw) -> mapped USER (bounds ok)
[kernel ] spawned pid 255 'kp-stress' caps 0000000000000003 — private PML4 @ phys 0000000001638000
[elf    ] PT_LOAD vaddr 0000500000000000 filesz 000000000001b713 memsz 000000000001b713 (ro) -> mapped USER (bounds ok)
[elf    ] PT_LOAD vaddr 000050000001c000 filesz 0000000000003f20 memsz 0000000000003f20 (ro) -> mapped USER (bounds ok)
[elf    ] PT_LOAD vaddr 0000500000020000 filesz 0000000000000284 memsz 0000000000037fe0 (rw) -> mapped USER (bounds ok)
[surface] pid 254 owns surface 6 (64x64) DOUBLE-BUFFERED at user vaddr 0000530000000000 (+4 pages back) (recycled pixel buffers)
[hw     ] GRANT  pid 255 'kp-stress' -> 'sensor0': phys 0000000001003000 mapped at vaddr 0000403fc0000000 (1 pages)
[surface] slot 6 reclaimed on owner exit — 8 pages (phys 0000000001574000) back on the free list
[surface] pid 254 owns surface 6 (64x64) DOUBLE-BUFFERED at user vaddr 0000530000000000 (+4 pages back) (recycled pixel buffers)
[surface] slot 6 reclaimed on owner exit — 8 pages (phys 0000000001574000) back on the free list
[kernel ] spawned pid 256 'kp-stress' caps 0000000000000040 — private PML4 @ phys 00000000013f0000
[elf    ] PT_LOAD vaddr 0000500000000000 filesz 000000000001b713 memsz 000000000001b713 (ro) -> mapped USER (bounds ok)
[elf    ] PT_LOAD vaddr 000050000001c000 filesz 0000000000003f20 memsz 0000000000003f20 (ro) -> mapped USER (bounds ok)
[elf    ] PT_LOAD vaddr 0000500000020000 filesz 0000000000000284 memsz 0000000000037fe0 (rw) -> mapped USER (bounds ok)
[kernel ] spawned pid 257 'kp-stress' caps 0000000000000003 — private PML4 @ phys 000000000160e000
[elf    ] PT_LOAD vaddr 0000500000000000 filesz 000000000001b713 memsz 000000000001b713 (ro) -> mapped USER (bounds ok)
[elf    ] PT_LOAD vaddr 000050000001c000 filesz 0000000000003f20 memsz 0000000000003f20 (ro) -> mapped USER (bounds ok)
[elf    ] PT_LOAD vaddr 0000500000020000 filesz 0000000000000284 memsz 0000000000037fe0 (rw) -> mapped USER (bounds ok)
[hw     ] GRANT  pid 257 'kp-stress' -> 'sensor0': phys 0000000001003000 mapped at vaddr 0000404040000000 (1 pages)
[surface] pid 256 owns surface 6 (64x64) DOUBLE-BUFFERED at user vaddr 0000530000000000 (+4 pages back) (recycled pixel buffers)
[surface] slot 6 reclaimed on owner exit — 8 pages (phys 0000000001574000) back on the free list
[surface] pid 256 owns surface 6 (64x64) DOUBLE-BUFFERED at user vaddr 0000530000000000 (+4 pages back) (recycled pixel buffers)
[surface] slot 6 reclaimed on owner exit — 8 pages (phys 0000000001574000) back on the free list
[kernel ] spawned pid 258 'kp-stress' caps 0000000000000040 — private PML4 @ phys 00000000013f0000
[elf    ] PT_LOAD vaddr 0000500000000000 filesz 000000000001b713 memsz 000000000001b713 (ro) -> mapped USER (bounds ok)
[elf    ] PT_LOAD vaddr 000050000001c000 filesz 0000000000003f20 memsz 0000000000003f20 (ro) -> mapped USER (bounds ok)
[elf    ] PT_LOAD vaddr 0000500000020000 filesz 0000000000000284 memsz 0000000000037fe0 (rw) -> mapped USER (bounds ok)
[kernel ] spawned pid 259 'kp-stress' caps 0000000000000003 — private PML4 @ phys 000000000163c000
[elf    ] PT_LOAD vaddr 0000500000000000 filesz 000000000001b713 memsz 000000000001b713 (ro) -> mapped USER (bounds ok)
[elf    ] PT_LOAD vaddr 000050000001c000 filesz 0000000000003f20 memsz 0000000000003f20 (ro) -> mapped USER (bounds ok)
[elf    ] PT_LOAD vaddr 0000500000020000 filesz 0000000000000284 memsz 0000000000037fe0 (rw) -> mapped USER (bounds ok)
[surface] pid 258 owns surface 6 (64x64) DOUBLE-BUFFERED at user vaddr 0000530000000000 (+4 pages back) (recycled pixel buffers)
[hw     ] GRANT  pid 259 'kp-stress' -> 'sensor0': phys 0000000001003000 mapped at vaddr 00004040c0000000 (1 pages)
[surface] slot 6 reclaimed on owner exit — 8 pages (phys 0000000001574000) back on the free list
[surface] pid 258 owns surface 6 (64x64) DOUBLE-BUFFERED at user vaddr 0000530000000000 (+4 pages back) (recycled pixel buffers)
[surface] slot 6 reclaimed on owner exit — 8 pages (phys 0000000001574000) back on the free list
[kernel ] spawned pid 260 'kp-stress' caps 0000000000000040 — private PML4 @ phys 00000000013f0000
[elf    ] PT_LOAD vaddr 0000500000000000 filesz 000000000001b713 memsz 000000000001b713 (ro) -> mapped USER (bounds ok)
[elf    ] PT_LOAD vaddr 000050000001c000 filesz 0000000000003f20 memsz 0000000000003f20 (ro) -> mapped USER (bounds ok)
[elf    ] PT_LOAD vaddr 0000500000020000 filesz 0000000000000284 memsz 0000000000037fe0 (rw) -> mapped USER (bounds ok)
[kernel ] spawned pid 261 'kp-stress' caps 0000000000000003 — private PML4 @ phys 000000000163e000
[elf    ] PT_LOAD vaddr 0000500000000000 filesz 000000000001b713 memsz 000000000001b713 (ro) -> mapped USER (bounds ok)
[elf    ] PT_LOAD vaddr 000050000001c000 filesz 0000000000003f20 memsz 0000000000003f20 (ro) -> mapped USER (bounds ok)
[elf    ] PT_LOAD vaddr 0000500000020000 filesz 0000000000000284 memsz 0000000000037fe0 (rw) -> mapped USER (bounds ok)
[surface] pid 260 owns surface 6 (64x64) DOUBLE-BUFFERED at user vaddr 0000530000000000 (+4 pages back) (recycled pixel buffers)
[hw     ] GRANT  pid 261 'kp-stress' -> 'sensor0': phys 0000000001003000 mapped at vaddr 0000404140000000 (1 pages)
[surface] slot 6 reclaimed on owner exit — 8 pages (phys 0000000001574000) back on the free list
[surface] pid 260 owns surface 6 (64x64) DOUBLE-BUFFERED at user vaddr 0000530000000000 (+4 pages back) (recycled pixel buffers)
[surface] slot 6 reclaimed on owner exit — 8 pages (phys 0000000001574000) back on the free list
[kernel ] spawned pid 262 'kp-stress' caps 0000000000000040 — private PML4 @ phys 00000000013f0000
[elf    ] PT_LOAD vaddr 0000500000000000 filesz 000000000001b713 memsz 000000000001b713 (ro) -> mapped USER (bounds ok)
[elf    ] PT_LOAD vaddr 000050000001c000 filesz 0000000000003f20 memsz 0000000000003f20 (ro) -> mapped USER (bounds ok)
[elf    ] PT_LOAD vaddr 0000500000020000 filesz 0000000000000284 memsz 0000000000037fe0 (rw) -> mapped USER (bounds ok)
[kernel ] spawned pid 263 'kp-stress' caps 0000000000000003 — private PML4 @ phys 000000000162a000
[elf    ] PT_LOAD vaddr 0000500000000000 filesz 000000000001b713 memsz 000000000001b713 (ro) -> mapped USER (bounds ok)
[elf    ] PT_LOAD vaddr 000050000001c000 filesz 0000000000003f20 memsz 0000000000003f20 (ro) -> mapped USER (bounds ok)
[elf    ] PT_LOAD vaddr 0000500000020000 filesz 0000000000000284 memsz 0000000000037fe0 (rw) -> mapped USER (bounds ok)
[hw     ] GRANT  pid 263 'kp-stress' -> 'sensor0': phys 0000000001003000 mapped at vaddr 00004041c0000000 (1 pages)
[surface] pid 262 owns surface 6 (64x64) DOUBLE-BUFFERED at user vaddr 0000530000000000 (+4 pages back) (recycled pixel buffers)
[surface] slot 6 reclaimed on owner exit — 8 pages (phys 0000000001574000) back on the free list
[surface] pid 262 owns surface 6 (64x64) DOUBLE-BUFFERED at user vaddr 0000530000000000 (+4 pages back) (recycled pixel buffers)
[surface] slot 6 reclaimed on owner exit — 8 pages (phys 0000000001574000) back on the free list
[kernel ] spawned pid 264 'kp-stress' caps 0000000000000040 — private PML4 @ phys 00000000013f0000
[elf    ] PT_LOAD vaddr 0000500000000000 filesz 000000000001b713 memsz 000000000001b713 (ro) -> mapped USER (bounds ok)
[elf    ] PT_LOAD vaddr 000050000001c000 filesz 0000000000003f20 memsz 0000000000003f20 (ro) -> mapped USER (bounds ok)
[elf    ] PT_LOAD vaddr 0000500000020000 filesz 0000000000000284 memsz 0000000000037fe0 (rw) -> mapped USER (bounds ok)
[kernel ] spawned pid 265 'kp-stress' caps 0000000000000003 — private PML4 @ phys 0000000001642000
[elf    ] PT_LOAD vaddr 0000500000000000 filesz 000000000001b713 memsz 000000000001b713 (ro) -> mapped USER (bounds ok)
[elf    ] PT_LOAD vaddr 000050000001c000 filesz 0000000000003f20 memsz 0000000000003f20 (ro) -> mapped USER (bounds ok)
[elf    ] PT_LOAD vaddr 0000500000020000 filesz 0000000000000284 memsz 0000000000037fe0 (rw) -> mapped USER (bounds ok)
[hw     ] GRANT  pid 265 'kp-stress' -> 'sensor0': phys 0000000001003000 mapped at vaddr 0000404240000000 (1 pages)
[surface] pid 264 owns surface 6 (64x64) DOUBLE-BUFFERED at user vaddr 0000530000000000 (+4 pages back) (recycled pixel buffers)
[surface] slot 6 reclaimed on owner exit — 8 pages (phys 0000000001574000) back on the free list
[surface] pid 264 owns surface 6 (64x64) DOUBLE-BUFFERED at user vaddr 0000530000000000 (+4 pages back) (recycled pixel buffers)
[surface] slot 6 reclaimed on owner exit — 8 pages (phys 0000000001574000) back on the free list
[kernel ] spawned pid 266 'kp-stress' caps 0000000000000040 — private PML4 @ phys 00000000013f0000
[elf    ] PT_LOAD vaddr 0000500000000000 filesz 000000000001b713 memsz 000000000001b713 (ro) -> mapped USER (bounds ok)
[elf    ] PT_LOAD vaddr 000050000001c000 filesz 0000000000003f20 memsz 0000000000003f20 (ro) -> mapped USER (bounds ok)
[elf    ] PT_LOAD vaddr 0000500000020000 filesz 0000000000000284 memsz 0000000000037fe0 (rw) -> mapped USER (bounds ok)
[kernel ] spawned pid 267 'kp-stress' caps 0000000000000003 — private PML4 @ phys 0000000001644000
[elf    ] PT_LOAD vaddr 0000500000000000 filesz 000000000001b713 memsz 000000000001b713 (ro) -> mapped USER (bounds ok)
[elf    ] PT_LOAD vaddr 000050000001c000 filesz 0000000000003f20 memsz 0000000000003f20 (ro) -> mapped USER (bounds ok)
[elf    ] PT_LOAD vaddr 0000500000020000 filesz 0000000000000284 memsz 0000000000037fe0 (rw) -> mapped USER (bounds ok)
[hw     ] GRANT  pid 267 'kp-stress' -> 'sensor0': phys 0000000001003000 mapped at vaddr 00004042c0000000 (1 pages)
[surface] pid 266 owns surface 6 (64x64) DOUBLE-BUFFERED at user vaddr 0000530000000000 (+4 pages back) (recycled pixel buffers)
[surface] slot 6 reclaimed on owner exit — 8 pages (phys 0000000001574000) back on the free list
[surface] pid 266 owns surface 6 (64x64) DOUBLE-BUFFERED at user vaddr 0000530000000000 (+4 pages back) (recycled pixel buffers)
[surface] slot 6 reclaimed on owner exit — 8 pages (phys 0000000001574000) back on the free list
[kpstrs] cycle 100/200 clean (slots seen so far: 3, recycled spawns: 203)
[kernel ] spawned pid 268 'kp-stress' caps 0000000000000040 — private PML4 @ phys 00000000013f0000
[elf    ] PT_LOAD vaddr 0000500000000000 filesz 000000000001b713 memsz 000000000001b713 (ro) -> mapped USER (bounds ok)
[elf    ] PT_LOAD vaddr 000050000001c000 filesz 0000000000003f20 memsz 0000000000003f20 (ro) -> mapped USER (bounds ok)
[elf    ] PT_LOAD vaddr 0000500000020000 filesz 0000000000000284 memsz 0000000000037fe0 (rw) -> mapped USER (bounds ok)
[kernel ] spawned pid 269 'kp-stress' caps 0000000000000003 — private PML4 @ phys 0000000001646000
[elf    ] PT_LOAD vaddr 0000500000000000 filesz 000000000001b713 memsz 000000000001b713 (ro) -> mapped USER (bounds ok)
[elf    ] PT_LOAD vaddr 000050000001c000 filesz 0000000000003f20 memsz 0000000000003f20 (ro) -> mapped USER (bounds ok)
[elf    ] PT_LOAD vaddr 0000500000020000 filesz 0000000000000284 memsz 0000000000037fe0 (rw) -> mapped USER (bounds ok)
[hw     ] GRANT  pid 269 'kp-stress' -> 'sensor0': phys 0000000001003000 mapped at vaddr 0000404340000000 (1 pages)
[surface] pid 268 owns surface 6 (64x64) DOUBLE-BUFFERED at user vaddr 0000530000000000 (+4 pages back) (recycled pixel buffers)
[surface] slot 6 reclaimed on owner exit — 8 pages (phys 0000000001574000) back on the free list
[surface] pid 268 owns surface 6 (64x64) DOUBLE-BUFFERED at user vaddr 0000530000000000 (+4 pages back) (recycled pixel buffers)
[surface] slot 6 reclaimed on owner exit — 8 pages (phys 0000000001574000) back on the free list
[kernel ] spawned pid 270 'kp-stress' caps 0000000000000040 — private PML4 @ phys 00000000013f0000
[elf    ] PT_LOAD vaddr 0000500000000000 filesz 000000000001b713 memsz 000000000001b713 (ro) -> mapped USER (bounds ok)
[elf    ] PT_LOAD vaddr 000050000001c000 filesz 0000000000003f20 memsz 0000000000003f20 (ro) -> mapped USER (bounds ok)
[elf    ] PT_LOAD vaddr 0000500000020000 filesz 0000000000000284 memsz 0000000000037fe0 (rw) -> mapped USER (bounds ok)
[kernel ] spawned pid 271 'kp-stress' caps 0000000000000003 — private PML4 @ phys 0000000001632000
[elf    ] PT_LOAD vaddr 0000500000000000 filesz 000000000001b713 memsz 000000000001b713 (ro) -> mapped USER (bounds ok)
[elf    ] PT_LOAD vaddr 000050000001c000 filesz 0000000000003f20 memsz 0000000000003f20 (ro) -> mapped USER (bounds ok)
[elf    ] PT_LOAD vaddr 0000500000020000 filesz 0000000000000284 memsz 0000000000037fe0 (rw) -> mapped USER (bounds ok)
[hw     ] GRANT  pid 271 'kp-stress' -> 'sensor0': phys 0000000001003000 mapped at vaddr 00004043c0000000 (1 pages)
[surface] pid 270 owns surface 6 (64x64) DOUBLE-BUFFERED at user vaddr 0000530000000000 (+4 pages back) (recycled pixel buffers)
[surface] slot 6 reclaimed on owner exit — 8 pages (phys 0000000001574000) back on the free list
[surface] pid 270 owns surface 6 (64x64) DOUBLE-BUFFERED at user vaddr 0000530000000000 (+4 pages back) (recycled pixel buffers)
[surface] slot 6 reclaimed on owner exit — 8 pages (phys 0000000001574000) back on the free list
[kernel ] spawned pid 272 'kp-stress' caps 0000000000000040 — private PML4 @ phys 00000000013f0000
[elf    ] PT_LOAD vaddr 0000500000000000 filesz 000000000001b713 memsz 000000000001b713 (ro) -> mapped USER (bounds ok)
[elf    ] PT_LOAD vaddr 000050000001c000 filesz 0000000000003f20 memsz 0000000000003f20 (ro) -> mapped USER (bounds ok)
[elf    ] PT_LOAD vaddr 0000500000020000 filesz 0000000000000284 memsz 0000000000037fe0 (rw) -> mapped USER (bounds ok)
[kernel ] spawned pid 273 'kp-stress' caps 0000000000000003 — private PML4 @ phys 000000000164a000
[elf    ] PT_LOAD vaddr 0000500000000000 filesz 000000000001b713 memsz 000000000001b713 (ro) -> mapped USER (bounds ok)
[elf    ] PT_LOAD vaddr 000050000001c000 filesz 0000000000003f20 memsz 0000000000003f20 (ro) -> mapped USER (bounds ok)
[elf    ] PT_LOAD vaddr 0000500000020000 filesz 0000000000000284 memsz 0000000000037fe0 (rw) -> mapped USER (bounds ok)
[hw     ] GRANT  pid 273 'kp-stress' -> 'sensor0': phys 0000000001003000 mapped at vaddr 0000404440000000 (1 pages)
[surface] pid 272 owns surface 6 (64x64) DOUBLE-BUFFERED at user vaddr 0000530000000000 (+4 pages back) (recycled pixel buffers)
[surface] slot 6 reclaimed on owner exit — 8 pages (phys 0000000001574000) back on the free list
[surface] pid 272 owns surface 6 (64x64) DOUBLE-BUFFERED at user vaddr 0000530000000000 (+4 pages back) (recycled pixel buffers)
[surface] slot 6 reclaimed on owner exit — 8 pages (phys 0000000001574000) back on the free list
[kernel ] spawned pid 274 'kp-stress' caps 0000000000000040 — private PML4 @ phys 00000000013f0000
[elf    ] PT_LOAD vaddr 0000500000000000 filesz 000000000001b713 memsz 000000000001b713 (ro) -> mapped USER (bounds ok)
[elf    ] PT_LOAD vaddr 000050000001c000 filesz 0000000000003f20 memsz 0000000000003f20 (ro) -> mapped USER (bounds ok)
[elf    ] PT_LOAD vaddr 0000500000020000 filesz 0000000000000284 memsz 0000000000037fe0 (rw) -> mapped USER (bounds ok)
[kernel ] spawned pid 275 'kp-stress' caps 0000000000000003 — private PML4 @ phys 0000000001620000
[elf    ] PT_LOAD vaddr 0000500000000000 filesz 000000000001b713 memsz 000000000001b713 (ro) -> mapped USER (bounds ok)
[elf    ] PT_LOAD vaddr 000050000001c000 filesz 0000000000003f20 memsz 0000000000003f20 (ro) -> mapped USER (bounds ok)
[elf    ] PT_LOAD vaddr 0000500000020000 filesz 0000000000000284 memsz 0000000000037fe0 (rw) -> mapped USER (bounds ok)
[hw     ] GRANT  pid 275 'kp-stress' -> 'sensor0': phys 0000000001003000 mapped at vaddr 00004044c0000000 (1 pages)
[surface] pid 274 owns surface 6 (64x64) DOUBLE-BUFFERED at user vaddr 0000530000000000 (+4 pages back) (recycled pixel buffers)
[surface] slot 6 reclaimed on owner exit — 8 pages (phys 0000000001574000) back on the free list
[surface] pid 274 owns surface 6 (64x64) DOUBLE-BUFFERED at user vaddr 0000530000000000 (+4 pages back) (recycled pixel buffers)
[surface] slot 6 reclaimed on owner exit — 8 pages (phys 0000000001574000) back on the free list
[kernel ] spawned pid 276 'kp-stress' caps 0000000000000040 — private PML4 @ phys 00000000013f0000
[elf    ] PT_LOAD vaddr 0000500000000000 filesz 000000000001b713 memsz 000000000001b713 (ro) -> mapped USER (bounds ok)
[elf    ] PT_LOAD vaddr 000050000001c000 filesz 0000000000003f20 memsz 0000000000003f20 (ro) -> mapped USER (bounds ok)
[elf    ] PT_LOAD vaddr 0000500000020000 filesz 0000000000000284 memsz 0000000000037fe0 (rw) -> mapped USER (bounds ok)
[kernel ] spawned pid 277 'kp-stress' caps 0000000000000003 — private PML4 @ phys 0000000001638000
[elf    ] PT_LOAD vaddr 0000500000000000 filesz 000000000001b713 memsz 000000000001b713 (ro) -> mapped USER (bounds ok)
[elf    ] PT_LOAD vaddr 000050000001c000 filesz 0000000000003f20 memsz 0000000000003f20 (ro) -> mapped USER (bounds ok)
[elf    ] PT_LOAD vaddr 0000500000020000 filesz 0000000000000284 memsz 0000000000037fe0 (rw) -> mapped USER (bounds ok)
[hw     ] GRANT  pid 277 'kp-stress' -> 'sensor0': phys 0000000001003000 mapped at vaddr 0000404540000000 (1 pages)
[surface] pid 276 owns surface 6 (64x64) DOUBLE-BUFFERED at user vaddr 0000530000000000 (+4 pages back) (recycled pixel buffers)
[surface] slot 6 reclaimed on owner exit — 8 pages (phys 0000000001574000) back on the free list
[surface] pid 276 owns surface 6 (64x64) DOUBLE-BUFFERED at user vaddr 0000530000000000 (+4 pages back) (recycled pixel buffers)
[surface] slot 6 reclaimed on owner exit — 8 pages (phys 0000000001574000) back on the free list
[kernel ] spawned pid 278 'kp-stress' caps 0000000000000040 — private PML4 @ phys 00000000013f0000
[elf    ] PT_LOAD vaddr 0000500000000000 filesz 000000000001b713 memsz 000000000001b713 (ro) -> mapped USER (bounds ok)
[elf    ] PT_LOAD vaddr 000050000001c000 filesz 0000000000003f20 memsz 0000000000003f20 (ro) -> mapped USER (bounds ok)
[elf    ] PT_LOAD vaddr 0000500000020000 filesz 0000000000000284 memsz 0000000000037fe0 (rw) -> mapped USER (bounds ok)
[kernel ] spawned pid 279 'kp-stress' caps 0000000000000003 — private PML4 @ phys 0000000001627000
[elf    ] PT_LOAD vaddr 0000500000000000 filesz 000000000001b713 memsz 000000000001b713 (ro) -> mapped USER (bounds ok)
[elf    ] PT_LOAD vaddr 000050000001c000 filesz 0000000000003f20 memsz 0000000000003f20 (ro) -> mapped USER (bounds ok)
[elf    ] PT_LOAD vaddr 0000500000020000 filesz 0000000000000284 memsz 0000000000037fe0 (rw) -> mapped USER (bounds ok)
[hw     ] GRANT  pid 279 'kp-stress' -> 'sensor0': phys 0000000001003000 mapped at vaddr 00004045c0000000 (1 pages)
[surface] pid 278 owns surface 6 (64x64) DOUBLE-BUFFERED at user vaddr 0000530000000000 (+4 pages back) (recycled pixel buffers)
[surface] slot 6 reclaimed on owner exit — 8 pages (phys 0000000001574000) back on the free list
[surface] pid 278 owns surface 6 (64x64) DOUBLE-BUFFERED at user vaddr 0000530000000000 (+4 pages back) (recycled pixel buffers)
[surface] slot 6 reclaimed on owner exit — 8 pages (phys 0000000001574000) back on the free list
[kernel ] spawned pid 280 'kp-stress' caps 0000000000000040 — private PML4 @ phys 00000000013f0000
[elf    ] PT_LOAD vaddr 0000500000000000 filesz 000000000001b713 memsz 000000000001b713 (ro) -> mapped USER (bounds ok)
[elf    ] PT_LOAD vaddr 000050000001c000 filesz 0000000000003f20 memsz 0000000000003f20 (ro) -> mapped USER (bounds ok)
[elf    ] PT_LOAD vaddr 0000500000020000 filesz 0000000000000284 memsz 0000000000037fe0 (rw) -> mapped USER (bounds ok)
[kernel ] spawned pid 281 'kp-stress' caps 0000000000000003 — private PML4 @ phys 0000000001652000
[elf    ] PT_LOAD vaddr 0000500000000000 filesz 000000000001b713 memsz 000000000001b713 (ro) -> mapped USER (bounds ok)
[elf    ] PT_LOAD vaddr 000050000001c000 filesz 0000000000003f20 memsz 0000000000003f20 (ro) -> mapped USER (bounds ok)
[elf    ] PT_LOAD vaddr 0000500000020000 filesz 0000000000000284 memsz 0000000000037fe0 (rw) -> mapped USER (bounds ok)
[hw     ] GRANT  pid 281 'kp-stress' -> 'sensor0': phys 0000000001003000 mapped at vaddr 0000404640000000 (1 pages)
[surface] pid 280 owns surface 6 (64x64) DOUBLE-BUFFERED at user vaddr 0000530000000000 (+4 pages back) (recycled pixel buffers)
[surface] slot 6 reclaimed on owner exit — 8 pages (phys 0000000001574000) back on the free list
[surface] pid 280 owns surface 6 (64x64) DOUBLE-BUFFERED at user vaddr 0000530000000000 (+4 pages back) (recycled pixel buffers)
[surface] slot 6 reclaimed on owner exit — 8 pages (phys 0000000001574000) back on the free list
[kernel ] spawned pid 282 'kp-stress' caps 0000000000000040 — private PML4 @ phys 00000000013f0000
[elf    ] PT_LOAD vaddr 0000500000000000 filesz 000000000001b713 memsz 000000000001b713 (ro) -> mapped USER (bounds ok)
[elf    ] PT_LOAD vaddr 000050000001c000 filesz 0000000000003f20 memsz 0000000000003f20 (ro) -> mapped USER (bounds ok)
[elf    ] PT_LOAD vaddr 0000500000020000 filesz 0000000000000284 memsz 0000000000037fe0 (rw) -> mapped USER (bounds ok)
[kernel ] spawned pid 283 'kp-stress' caps 0000000000000003 — private PML4 @ phys 0000000001654000
[elf    ] PT_LOAD vaddr 0000500000000000 filesz 000000000001b713 memsz 000000000001b713 (ro) -> mapped USER (bounds ok)
[elf    ] PT_LOAD vaddr 000050000001c000 filesz 0000000000003f20 memsz 0000000000003f20 (ro) -> mapped USER (bounds ok)
[elf    ] PT_LOAD vaddr 0000500000020000 filesz 0000000000000284 memsz 0000000000037fe0 (rw) -> mapped USER (bounds ok)
[hw     ] GRANT  pid 283 'kp-stress' -> 'sensor0': phys 0000000001003000 mapped at vaddr 00004046c0000000 (1 pages)
[surface] pid 282 owns surface 6 (64x64) DOUBLE-BUFFERED at user vaddr 0000530000000000 (+4 pages back) (recycled pixel buffers)
[surface] slot 6 reclaimed on owner exit — 8 pages (phys 0000000001574000) back on the free list
[surface] pid 282 owns surface 6 (64x64) DOUBLE-BUFFERED at user vaddr 0000530000000000 (+4 pages back) (recycled pixel buffers)
[surface] slot 6 reclaimed on owner exit — 8 pages (phys 0000000001574000) back on the free list
[kernel ] spawned pid 284 'kp-stress' caps 0000000000000040 — private PML4 @ phys 00000000013f0000
[elf    ] PT_LOAD vaddr 0000500000000000 filesz 000000000001b713 memsz 000000000001b713 (ro) -> mapped USER (bounds ok)
[elf    ] PT_LOAD vaddr 000050000001c000 filesz 0000000000003f20 memsz 0000000000003f20 (ro) -> mapped USER (bounds ok)
[elf    ] PT_LOAD vaddr 0000500000020000 filesz 0000000000000284 memsz 0000000000037fe0 (rw) -> mapped USER (bounds ok)
[kernel ] spawned pid 285 'kp-stress' caps 0000000000000003 — private PML4 @ phys 000000000162a000
[elf    ] PT_LOAD vaddr 0000500000000000 filesz 000000000001b713 memsz 000000000001b713 (ro) -> mapped USER (bounds ok)
[elf    ] PT_LOAD vaddr 000050000001c000 filesz 0000000000003f20 memsz 0000000000003f20 (ro) -> mapped USER (bounds ok)
[elf    ] PT_LOAD vaddr 0000500000020000 filesz 0000000000000284 memsz 0000000000037fe0 (rw) -> mapped USER (bounds ok)
[hw     ] GRANT  pid 285 'kp-stress' -> 'sensor0': phys 0000000001003000 mapped at vaddr 0000404740000000 (1 pages)
[surface] pid 284 owns surface 6 (64x64) DOUBLE-BUFFERED at user vaddr 0000530000000000 (+4 pages back) (recycled pixel buffers)
[surface] slot 6 reclaimed on owner exit — 8 pages (phys 0000000001574000) back on the free list
[surface] pid 284 owns surface 6 (64x64) DOUBLE-BUFFERED at user vaddr 0000530000000000 (+4 pages back) (recycled pixel buffers)
[surface] slot 6 reclaimed on owner exit — 8 pages (phys 0000000001574000) back on the free list
[kernel ] spawned pid 286 'kp-stress' caps 0000000000000040 — private PML4 @ phys 00000000013f0000
[elf    ] PT_LOAD vaddr 0000500000000000 filesz 000000000001b713 memsz 000000000001b713 (ro) -> mapped USER (bounds ok)
[elf    ] PT_LOAD vaddr 000050000001c000 filesz 0000000000003f20 memsz 0000000000003f20 (ro) -> mapped USER (bounds ok)
[elf    ] PT_LOAD vaddr 0000500000020000 filesz 0000000000000284 memsz 0000000000037fe0 (rw) -> mapped USER (bounds ok)
[kernel ] spawned pid 287 'kp-stress' caps 0000000000000003 — private PML4 @ phys 0000000001658000
[elf    ] PT_LOAD vaddr 0000500000000000 filesz 000000000001b713 memsz 000000000001b713 (ro) -> mapped USER (bounds ok)
[elf    ] PT_LOAD vaddr 000050000001c000 filesz 0000000000003f20 memsz 0000000000003f20 (ro) -> mapped USER (bounds ok)
[elf    ] PT_LOAD vaddr 0000500000020000 filesz 0000000000000284 memsz 0000000000037fe0 (rw) -> mapped USER (bounds ok)
[surface] pid 286 owns surface 6 (64x64) DOUBLE-BUFFERED at user vaddr 0000530000000000 (+4 pages back) (recycled pixel buffers)
[hw     ] GRANT  pid 287 'kp-stress' -> 'sensor0': phys 0000000001003000 mapped at vaddr 00004047c0000000 (1 pages)
[surface] slot 6 reclaimed on owner exit — 8 pages (phys 0000000001574000) back on the free list
[surface] pid 286 owns surface 6 (64x64) DOUBLE-BUFFERED at user vaddr 0000530000000000 (+4 pages back) (recycled pixel buffers)
[surface] slot 6 reclaimed on owner exit — 8 pages (phys 0000000001574000) back on the free list
[kernel ] spawned pid 288 'kp-stress' caps 0000000000000040 — private PML4 @ phys 00000000013f0000
[elf    ] PT_LOAD vaddr 0000500000000000 filesz 000000000001b713 memsz 000000000001b713 (ro) -> mapped USER (bounds ok)
[elf    ] PT_LOAD vaddr 000050000001c000 filesz 0000000000003f20 memsz 0000000000003f20 (ro) -> mapped USER (bounds ok)
[elf    ] PT_LOAD vaddr 0000500000020000 filesz 0000000000000284 memsz 0000000000037fe0 (rw) -> mapped USER (bounds ok)
[kernel ] spawned pid 289 'kp-stress' caps 0000000000000003 — private PML4 @ phys 0000000001659000
[elf    ] PT_LOAD vaddr 0000500000000000 filesz 000000000001b713 memsz 000000000001b713 (ro) -> mapped USER (bounds ok)
[elf    ] PT_LOAD vaddr 000050000001c000 filesz 0000000000003f20 memsz 0000000000003f20 (ro) -> mapped USER (bounds ok)
[elf    ] PT_LOAD vaddr 0000500000020000 filesz 0000000000000284 memsz 0000000000037fe0 (rw) -> mapped USER (bounds ok)
[hw     ] GRANT  pid 289 'kp-stress' -> 'sensor0': phys 0000000001003000 mapped at vaddr 0000404840000000 (1 pages)
[surface] pid 288 owns surface 6 (64x64) DOUBLE-BUFFERED at user vaddr 0000530000000000 (+4 pages back) (recycled pixel buffers)
[surface] slot 6 reclaimed on owner exit — 8 pages (phys 0000000001574000) back on the free list
[surface] pid 288 owns surface 6 (64x64) DOUBLE-BUFFERED at user vaddr 0000530000000000 (+4 pages back) (recycled pixel buffers)
[surface] slot 6 reclaimed on owner exit — 8 pages (phys 0000000001574000) back on the free list
[kernel ] spawned pid 290 'kp-stress' caps 0000000000000040 — private PML4 @ phys 00000000013f0000
[elf    ] PT_LOAD vaddr 0000500000000000 filesz 000000000001b713 memsz 000000000001b713 (ro) -> mapped USER (bounds ok)
[elf    ] PT_LOAD vaddr 000050000001c000 filesz 0000000000003f20 memsz 0000000000003f20 (ro) -> mapped USER (bounds ok)
[elf    ] PT_LOAD vaddr 0000500000020000 filesz 0000000000000284 memsz 0000000000037fe0 (rw) -> mapped USER (bounds ok)
[kernel ] spawned pid 291 'kp-stress' caps 0000000000000003 — private PML4 @ phys 000000000165c000
[elf    ] PT_LOAD vaddr 0000500000000000 filesz 000000000001b713 memsz 000000000001b713 (ro) -> mapped USER (bounds ok)
[elf    ] PT_LOAD vaddr 000050000001c000 filesz 0000000000003f20 memsz 0000000000003f20 (ro) -> mapped USER (bounds ok)
[elf    ] PT_LOAD vaddr 0000500000020000 filesz 0000000000000284 memsz 0000000000037fe0 (rw) -> mapped USER (bounds ok)
[hw     ] GRANT  pid 291 'kp-stress' -> 'sensor0': phys 0000000001003000 mapped at vaddr 00004048c0000000 (1 pages)
[surface] pid 290 owns surface 6 (64x64) DOUBLE-BUFFERED at user vaddr 0000530000000000 (+4 pages back) (recycled pixel buffers)
[surface] slot 6 reclaimed on owner exit — 8 pages (phys 0000000001574000) back on the free list
[surface] pid 290 owns surface 6 (64x64) DOUBLE-BUFFERED at user vaddr 0000530000000000 (+4 pages back) (recycled pixel buffers)
[surface] slot 6 reclaimed on owner exit — 8 pages (phys 0000000001574000) back on the free list
[kernel ] spawned pid 292 'kp-stress' caps 0000000000000040 — private PML4 @ phys 00000000013f0000
[elf    ] PT_LOAD vaddr 0000500000000000 filesz 000000000001b713 memsz 000000000001b713 (ro) -> mapped USER (bounds ok)
[elf    ] PT_LOAD vaddr 000050000001c000 filesz 0000000000003f20 memsz 0000000000003f20 (ro) -> mapped USER (bounds ok)
[elf    ] PT_LOAD vaddr 0000500000020000 filesz 0000000000000284 memsz 0000000000037fe0 (rw) -> mapped USER (bounds ok)
[kernel ] spawned pid 293 'kp-stress' caps 0000000000000003 — private PML4 @ phys 000000000165e000
[elf    ] PT_LOAD vaddr 0000500000000000 filesz 000000000001b713 memsz 000000000001b713 (ro) -> mapped USER (bounds ok)
[elf    ] PT_LOAD vaddr 000050000001c000 filesz 0000000000003f20 memsz 0000000000003f20 (ro) -> mapped USER (bounds ok)
[elf    ] PT_LOAD vaddr 0000500000020000 filesz 0000000000000284 memsz 0000000000037fe0 (rw) -> mapped USER (bounds ok)
[hw     ] GRANT  pid 293 'kp-stress' -> 'sensor0': phys 0000000001003000 mapped at vaddr 0000404940000000 (1 pages)
[surface] pid 292 owns surface 6 (64x64) DOUBLE-BUFFERED at user vaddr 0000530000000000 (+4 pages back) (recycled pixel buffers)
[surface] slot 6 reclaimed on owner exit — 8 pages (phys 0000000001574000) back on the free list
[surface] pid 292 owns surface 6 (64x64) DOUBLE-BUFFERED at user vaddr 0000530000000000 (+4 pages back) (recycled pixel buffers)
[surface] slot 6 reclaimed on owner exit — 8 pages (phys 0000000001574000) back on the free list
[kernel ] spawned pid 294 'kp-stress' caps 0000000000000040 — private PML4 @ phys 00000000013f0000
[elf    ] PT_LOAD vaddr 0000500000000000 filesz 000000000001b713 memsz 000000000001b713 (ro) -> mapped USER (bounds ok)
[elf    ] PT_LOAD vaddr 000050000001c000 filesz 0000000000003f20 memsz 0000000000003f20 (ro) -> mapped USER (bounds ok)
[elf    ] PT_LOAD vaddr 0000500000020000 filesz 0000000000000284 memsz 0000000000037fe0 (rw) -> mapped USER (bounds ok)
[kernel ] spawned pid 295 'kp-stress' caps 0000000000000003 — private PML4 @ phys 0000000001660000
[elf    ] PT_LOAD vaddr 0000500000000000 filesz 000000000001b713 memsz 000000000001b713 (ro) -> mapped USER (bounds ok)
[elf    ] PT_LOAD vaddr 000050000001c000 filesz 0000000000003f20 memsz 0000000000003f20 (ro) -> mapped USER (bounds ok)
[elf    ] PT_LOAD vaddr 0000500000020000 filesz 0000000000000284 memsz 0000000000037fe0 (rw) -> mapped USER (bounds ok)
[surface] pid 294 owns surface 6 (64x64) DOUBLE-BUFFERED at user vaddr 0000530000000000 (+4 pages back) (recycled pixel buffers)
[hw     ] GRANT  pid 295 'kp-stress' -> 'sensor0': phys 0000000001003000 mapped at vaddr 00004049c0000000 (1 pages)
[surface] slot 6 reclaimed on owner exit — 8 pages (phys 0000000001574000) back on the free list
[surface] pid 294 owns surface 6 (64x64) DOUBLE-BUFFERED at user vaddr 0000530000000000 (+4 pages back) (recycled pixel buffers)
[surface] slot 6 reclaimed on owner exit — 8 pages (phys 0000000001574000) back on the free list
[kernel ] spawned pid 296 'kp-stress' caps 0000000000000040 — private PML4 @ phys 00000000013f0000
[elf    ] PT_LOAD vaddr 0000500000000000 filesz 000000000001b713 memsz 000000000001b713 (ro) -> mapped USER (bounds ok)
[elf    ] PT_LOAD vaddr 000050000001c000 filesz 0000000000003f20 memsz 0000000000003f20 (ro) -> mapped USER (bounds ok)
[elf    ] PT_LOAD vaddr 0000500000020000 filesz 0000000000000284 memsz 0000000000037fe0 (rw) -> mapped USER (bounds ok)
[kernel ] spawned pid 297 'kp-stress' caps 0000000000000003 — private PML4 @ phys 0000000001662000
[elf    ] PT_LOAD vaddr 0000500000000000 filesz 000000000001b713 memsz 000000000001b713 (ro) -> mapped USER (bounds ok)
[elf    ] PT_LOAD vaddr 000050000001c000 filesz 0000000000003f20 memsz 0000000000003f20 (ro) -> mapped USER (bounds ok)
[elf    ] PT_LOAD vaddr 0000500000020000 filesz 0000000000000284 memsz 0000000000037fe0 (rw) -> mapped USER (bounds ok)
[hw     ] GRANT  pid 297 'kp-stress' -> 'sensor0': phys 0000000001003000 mapped at vaddr 0000404a40000000 (1 pages)
[surface] pid 296 owns surface 6 (64x64) DOUBLE-BUFFERED at user vaddr 0000530000000000 (+4 pages back) (recycled pixel buffers)
[surface] slot 6 reclaimed on owner exit — 8 pages (phys 0000000001574000) back on the free list
[surface] pid 296 owns surface 6 (64x64) DOUBLE-BUFFERED at user vaddr 0000530000000000 (+4 pages back) (recycled pixel buffers)
[surface] slot 6 reclaimed on owner exit — 8 pages (phys 0000000001574000) back on the free list
[kernel ] spawned pid 298 'kp-stress' caps 0000000000000040 — private PML4 @ phys 00000000013f0000
[elf    ] PT_LOAD vaddr 0000500000000000 filesz 000000000001b713 memsz 000000000001b713 (ro) -> mapped USER (bounds ok)
[elf    ] PT_LOAD vaddr 000050000001c000 filesz 0000000000003f20 memsz 0000000000003f20 (ro) -> mapped USER (bounds ok)
[elf    ] PT_LOAD vaddr 0000500000020000 filesz 0000000000000284 memsz 0000000000037fe0 (rw) -> mapped USER (bounds ok)
[kernel ] spawned pid 299 'kp-stress' caps 0000000000000003 — private PML4 @ phys 0000000001664000
[elf    ] PT_LOAD vaddr 0000500000000000 filesz 000000000001b713 memsz 000000000001b713 (ro) -> mapped USER (bounds ok)
[elf    ] PT_LOAD vaddr 000050000001c000 filesz 0000000000003f20 memsz 0000000000003f20 (ro) -> mapped USER (bounds ok)
[elf    ] PT_LOAD vaddr 0000500000020000 filesz 0000000000000284 memsz 0000000000037fe0 (rw) -> mapped USER (bounds ok)
[hw     ] GRANT  pid 299 'kp-stress' -> 'sensor0': phys 0000000001003000 mapped at vaddr 0000404ac0000000 (1 pages)
[surface] pid 298 owns surface 6 (64x64) DOUBLE-BUFFERED at user vaddr 0000530000000000 (+4 pages back) (recycled pixel buffers)
[surface] slot 6 reclaimed on owner exit — 8 pages (phys 0000000001574000) back on the free list
[surface] pid 298 owns surface 6 (64x64) DOUBLE-BUFFERED at user vaddr 0000530000000000 (+4 pages back) (recycled pixel buffers)
[surface] slot 6 reclaimed on owner exit — 8 pages (phys 0000000001574000) back on the free list
[kernel ] spawned pid 300 'kp-stress' caps 0000000000000040 — private PML4 @ phys 00000000013f0000
[elf    ] PT_LOAD vaddr 0000500000000000 filesz 000000000001b713 memsz 000000000001b713 (ro) -> mapped USER (bounds ok)
[elf    ] PT_LOAD vaddr 000050000001c000 filesz 0000000000003f20 memsz 0000000000003f20 (ro) -> mapped USER (bounds ok)
[elf    ] PT_LOAD vaddr 0000500000020000 filesz 0000000000000284 memsz 0000000000037fe0 (rw) -> mapped USER (bounds ok)
[kernel ] spawned pid 301 'kp-stress' caps 0000000000000003 — private PML4 @ phys 0000000001666000
[elf    ] PT_LOAD vaddr 0000500000000000 filesz 000000000001b713 memsz 000000000001b713 (ro) -> mapped USER (bounds ok)
[elf    ] PT_LOAD vaddr 000050000001c000 filesz 0000000000003f20 memsz 0000000000003f20 (ro) -> mapped USER (bounds ok)
[elf    ] PT_LOAD vaddr 0000500000020000 filesz 0000000000000284 memsz 0000000000037fe0 (rw) -> mapped USER (bounds ok)
[surface] pid 300 owns surface 6 (64x64) DOUBLE-BUFFERED at user vaddr 0000530000000000 (+4 pages back) (recycled pixel buffers)
[hw     ] GRANT  pid 301 'kp-stress' -> 'sensor0': phys 0000000001003000 mapped at vaddr 0000404b40000000 (1 pages)
[surface] slot 6 reclaimed on owner exit — 8 pages (phys 0000000001574000) back on the free list
[surface] pid 300 owns surface 6 (64x64) DOUBLE-BUFFERED at user vaddr 0000530000000000 (+4 pages back) (recycled pixel buffers)
[surface] slot 6 reclaimed on owner exit — 8 pages (phys 0000000001574000) back on the free list
[kernel ] spawned pid 302 'kp-stress' caps 0000000000000040 — private PML4 @ phys 00000000013f0000
[elf    ] PT_LOAD vaddr 0000500000000000 filesz 000000000001b713 memsz 000000000001b713 (ro) -> mapped USER (bounds ok)
[elf    ] PT_LOAD vaddr 000050000001c000 filesz 0000000000003f20 memsz 0000000000003f20 (ro) -> mapped USER (bounds ok)
[elf    ] PT_LOAD vaddr 0000500000020000 filesz 0000000000000284 memsz 0000000000037fe0 (rw) -> mapped USER (bounds ok)
[kernel ] spawned pid 303 'kp-stress' caps 0000000000000003 — private PML4 @ phys 0000000001652000
[elf    ] PT_LOAD vaddr 0000500000000000 filesz 000000000001b713 memsz 000000000001b713 (ro) -> mapped USER (bounds ok)
[elf    ] PT_LOAD vaddr 000050000001c000 filesz 0000000000003f20 memsz 0000000000003f20 (ro) -> mapped USER (bounds ok)
[elf    ] PT_LOAD vaddr 0000500000020000 filesz 0000000000000284 memsz 0000000000037fe0 (rw) -> mapped USER (bounds ok)
[hw     ] GRANT  pid 303 'kp-stress' -> 'sensor0': phys 0000000001003000 mapped at vaddr 0000404bc0000000 (1 pages)
[surface] pid 302 owns surface 6 (64x64) DOUBLE-BUFFERED at user vaddr 0000530000000000 (+4 pages back) (recycled pixel buffers)
[surface] slot 6 reclaimed on owner exit — 8 pages (phys 0000000001574000) back on the free list
[surface] pid 302 owns surface 6 (64x64) DOUBLE-BUFFERED at user vaddr 0000530000000000 (+4 pages back) (recycled pixel buffers)
[surface] slot 6 reclaimed on owner exit — 8 pages (phys 0000000001574000) back on the free list
[kernel ] spawned pid 304 'kp-stress' caps 0000000000000040 — private PML4 @ phys 00000000013f0000
[elf    ] PT_LOAD vaddr 0000500000000000 filesz 000000000001b713 memsz 000000000001b713 (ro) -> mapped USER (bounds ok)
[elf    ] PT_LOAD vaddr 000050000001c000 filesz 0000000000003f20 memsz 0000000000003f20 (ro) -> mapped USER (bounds ok)
[elf    ] PT_LOAD vaddr 0000500000020000 filesz 0000000000000284 memsz 0000000000037fe0 (rw) -> mapped USER (bounds ok)
[kernel ] spawned pid 305 'kp-stress' caps 0000000000000003 — private PML4 @ phys 000000000166a000
[elf    ] PT_LOAD vaddr 0000500000000000 filesz 000000000001b713 memsz 000000000001b713 (ro) -> mapped USER (bounds ok)
[elf    ] PT_LOAD vaddr 000050000001c000 filesz 0000000000003f20 memsz 0000000000003f20 (ro) -> mapped USER (bounds ok)
[elf    ] PT_LOAD vaddr 0000500000020000 filesz 0000000000000284 memsz 0000000000037fe0 (rw) -> mapped USER (bounds ok)
[hw     ] GRANT  pid 305 'kp-stress' -> 'sensor0': phys 0000000001003000 mapped at vaddr 0000404c40000000 (1 pages)
[surface] pid 304 owns surface 6 (64x64) DOUBLE-BUFFERED at user vaddr 0000530000000000 (+4 pages back) (recycled pixel buffers)
[surface] slot 6 reclaimed on owner exit — 8 pages (phys 0000000001574000) back on the free list
[surface] pid 304 owns surface 6 (64x64) DOUBLE-BUFFERED at user vaddr 0000530000000000 (+4 pages back) (recycled pixel buffers)
[surface] slot 6 reclaimed on owner exit — 8 pages (phys 0000000001574000) back on the free list
[kernel ] spawned pid 306 'kp-stress' caps 0000000000000040 — private PML4 @ phys 00000000013f0000
[elf    ] PT_LOAD vaddr 0000500000000000 filesz 000000000001b713 memsz 000000000001b713 (ro) -> mapped USER (bounds ok)
[elf    ] PT_LOAD vaddr 000050000001c000 filesz 0000000000003f20 memsz 0000000000003f20 (ro) -> mapped USER (bounds ok)
[elf    ] PT_LOAD vaddr 0000500000020000 filesz 0000000000000284 memsz 0000000000037fe0 (rw) -> mapped USER (bounds ok)
[kernel ] spawned pid 307 'kp-stress' caps 0000000000000003 — private PML4 @ phys 000000000166c000
[elf    ] PT_LOAD vaddr 0000500000000000 filesz 000000000001b713 memsz 000000000001b713 (ro) -> mapped USER (bounds ok)
[elf    ] PT_LOAD vaddr 000050000001c000 filesz 0000000000003f20 memsz 0000000000003f20 (ro) -> mapped USER (bounds ok)
[elf    ] PT_LOAD vaddr 0000500000020000 filesz 0000000000000284 memsz 0000000000037fe0 (rw) -> mapped USER (bounds ok)
[surface] pid 306 owns surface 6 (64x64) DOUBLE-BUFFERED at user vaddr 0000530000000000 (+4 pages back) (recycled pixel buffers)
[hw     ] GRANT  pid 307 'kp-stress' -> 'sensor0': phys 0000000001003000 mapped at vaddr 0000404cc0000000 (1 pages)
[surface] slot 6 reclaimed on owner exit — 8 pages (phys 0000000001574000) back on the free list
[surface] pid 306 owns surface 6 (64x64) DOUBLE-BUFFERED at user vaddr 0000530000000000 (+4 pages back) (recycled pixel buffers)
[surface] slot 6 reclaimed on owner exit — 8 pages (phys 0000000001574000) back on the free list
[kernel ] spawned pid 308 'kp-stress' caps 0000000000000040 — private PML4 @ phys 00000000013f0000
[elf    ] PT_LOAD vaddr 0000500000000000 filesz 000000000001b713 memsz 000000000001b713 (ro) -> mapped USER (bounds ok)
[elf    ] PT_LOAD vaddr 000050000001c000 filesz 0000000000003f20 memsz 0000000000003f20 (ro) -> mapped USER (bounds ok)
[elf    ] PT_LOAD vaddr 0000500000020000 filesz 0000000000000284 memsz 0000000000037fe0 (rw) -> mapped USER (bounds ok)
[kernel ] spawned pid 309 'kp-stress' caps 0000000000000003 — private PML4 @ phys 000000000166d000
[elf    ] PT_LOAD vaddr 0000500000000000 filesz 000000000001b713 memsz 000000000001b713 (ro) -> mapped USER (bounds ok)
[elf    ] PT_LOAD vaddr 000050000001c000 filesz 0000000000003f20 memsz 0000000000003f20 (ro) -> mapped USER (bounds ok)
[elf    ] PT_LOAD vaddr 0000500000020000 filesz 0000000000000284 memsz 0000000000037fe0 (rw) -> mapped USER (bounds ok)
[surface] pid 308 owns surface 6 (64x64) DOUBLE-BUFFERED at user vaddr 0000530000000000 (+4 pages back) (recycled pixel buffers)
[hw     ] GRANT  pid 309 'kp-stress' -> 'sensor0': phys 0000000001003000 mapped at vaddr 0000404d40000000 (1 pages)
[surface] slot 6 reclaimed on owner exit — 8 pages (phys 0000000001574000) back on the free list
[surface] pid 308 owns surface 6 (64x64) DOUBLE-BUFFERED at user vaddr 0000530000000000 (+4 pages back) (recycled pixel buffers)
[surface] slot 6 reclaimed on owner exit — 8 pages (phys 0000000001574000) back on the free list
[kernel ] spawned pid 310 'kp-stress' caps 0000000000000040 — private PML4 @ phys 00000000013f0000
[elf    ] PT_LOAD vaddr 0000500000000000 filesz 000000000001b713 memsz 000000000001b713 (ro) -> mapped USER (bounds ok)
[elf    ] PT_LOAD vaddr 000050000001c000 filesz 0000000000003f20 memsz 0000000000003f20 (ro) -> mapped USER (bounds ok)
[elf    ] PT_LOAD vaddr 0000500000020000 filesz 0000000000000284 memsz 0000000000037fe0 (rw) -> mapped USER (bounds ok)
[kernel ] spawned pid 311 'kp-stress' caps 0000000000000003 — private PML4 @ phys 0000000001659000
[elf    ] PT_LOAD vaddr 0000500000000000 filesz 000000000001b713 memsz 000000000001b713 (ro) -> mapped USER (bounds ok)
[elf    ] PT_LOAD vaddr 000050000001c000 filesz 0000000000003f20 memsz 0000000000003f20 (ro) -> mapped USER (bounds ok)
[elf    ] PT_LOAD vaddr 0000500000020000 filesz 0000000000000284 memsz 0000000000037fe0 (rw) -> mapped USER (bounds ok)
[hw     ] GRANT  pid 311 'kp-stress' -> 'sensor0': phys 0000000001003000 mapped at vaddr 0000404dc0000000 (1 pages)
[surface] pid 310 owns surface 6 (64x64) DOUBLE-BUFFERED at user vaddr 0000530000000000 (+4 pages back) (recycled pixel buffers)
[surface] slot 6 reclaimed on owner exit — 8 pages (phys 0000000001574000) back on the free list
[surface] pid 310 owns surface 6 (64x64) DOUBLE-BUFFERED at user vaddr 0000530000000000 (+4 pages back) (recycled pixel buffers)
[surface] slot 6 reclaimed on owner exit — 8 pages (phys 0000000001574000) back on the free list
[kernel ] spawned pid 312 'kp-stress' caps 0000000000000040 — private PML4 @ phys 00000000013f0000
[elf    ] PT_LOAD vaddr 0000500000000000 filesz 000000000001b713 memsz 000000000001b713 (ro) -> mapped USER (bounds ok)
[elf    ] PT_LOAD vaddr 000050000001c000 filesz 0000000000003f20 memsz 0000000000003f20 (ro) -> mapped USER (bounds ok)
[elf    ] PT_LOAD vaddr 0000500000020000 filesz 0000000000000284 memsz 0000000000037fe0 (rw) -> mapped USER (bounds ok)
[kernel ] spawned pid 313 'kp-stress' caps 0000000000000003 — private PML4 @ phys 0000000001672000
[elf    ] PT_LOAD vaddr 0000500000000000 filesz 000000000001b713 memsz 000000000001b713 (ro) -> mapped USER (bounds ok)
[elf    ] PT_LOAD vaddr 000050000001c000 filesz 0000000000003f20 memsz 0000000000003f20 (ro) -> mapped USER (bounds ok)
[elf    ] PT_LOAD vaddr 0000500000020000 filesz 0000000000000284 memsz 0000000000037fe0 (rw) -> mapped USER (bounds ok)
[surface] pid 312 owns surface 6 (64x64) DOUBLE-BUFFERED at user vaddr 0000530000000000 (+4 pages back) (recycled pixel buffers)
[hw     ] GRANT  pid 313 'kp-stress' -> 'sensor0': phys 0000000001003000 mapped at vaddr 0000404e40000000 (1 pages)
[surface] slot 6 reclaimed on owner exit — 8 pages (phys 0000000001574000) back on the free list
[surface] pid 312 owns surface 6 (64x64) DOUBLE-BUFFERED at user vaddr 0000530000000000 (+4 pages back) (recycled pixel buffers)
[surface] slot 6 reclaimed on owner exit — 8 pages (phys 0000000001574000) back on the free list
[kernel ] spawned pid 314 'kp-stress' caps 0000000000000040 — private PML4 @ phys 00000000013f0000
[elf    ] PT_LOAD vaddr 0000500000000000 filesz 000000000001b713 memsz 000000000001b713 (ro) -> mapped USER (bounds ok)
[elf    ] PT_LOAD vaddr 000050000001c000 filesz 0000000000003f20 memsz 0000000000003f20 (ro) -> mapped USER (bounds ok)
[elf    ] PT_LOAD vaddr 0000500000020000 filesz 0000000000000284 memsz 0000000000037fe0 (rw) -> mapped USER (bounds ok)
[kernel ] spawned pid 315 'kp-stress' caps 0000000000000003 — private PML4 @ phys 0000000001674000
[elf    ] PT_LOAD vaddr 0000500000000000 filesz 000000000001b713 memsz 000000000001b713 (ro) -> mapped USER (bounds ok)
[elf    ] PT_LOAD vaddr 000050000001c000 filesz 0000000000003f20 memsz 0000000000003f20 (ro) -> mapped USER (bounds ok)
[elf    ] PT_LOAD vaddr 0000500000020000 filesz 0000000000000284 memsz 0000000000037fe0 (rw) -> mapped USER (bounds ok)
[hw     ] GRANT  pid 315 'kp-stress' -> 'sensor0': phys 0000000001003000 mapped at vaddr 0000404ec0000000 (1 pages)
[surface] pid 314 owns surface 6 (64x64) DOUBLE-BUFFERED at user vaddr 0000530000000000 (+4 pages back) (recycled pixel buffers)
[surface] slot 6 reclaimed on owner exit — 8 pages (phys 0000000001574000) back on the free list
[surface] pid 314 owns surface 6 (64x64) DOUBLE-BUFFERED at user vaddr 0000530000000000 (+4 pages back) (recycled pixel buffers)
[surface] slot 6 reclaimed on owner exit — 8 pages (phys 0000000001574000) back on the free list
[kernel ] spawned pid 316 'kp-stress' caps 0000000000000040 — private PML4 @ phys 00000000013f0000
[elf    ] PT_LOAD vaddr 0000500000000000 filesz 000000000001b713 memsz 000000000001b713 (ro) -> mapped USER (bounds ok)
[elf    ] PT_LOAD vaddr 000050000001c000 filesz 0000000000003f20 memsz 0000000000003f20 (ro) -> mapped USER (bounds ok)
[elf    ] PT_LOAD vaddr 0000500000020000 filesz 0000000000000284 memsz 0000000000037fe0 (rw) -> mapped USER (bounds ok)
[kernel ] spawned pid 317 'kp-stress' caps 0000000000000003 — private PML4 @ phys 0000000001660000
[elf    ] PT_LOAD vaddr 0000500000000000 filesz 000000000001b713 memsz 000000000001b713 (ro) -> mapped USER (bounds ok)
[elf    ] PT_LOAD vaddr 000050000001c000 filesz 0000000000003f20 memsz 0000000000003f20 (ro) -> mapped USER (bounds ok)
[elf    ] PT_LOAD vaddr 0000500000020000 filesz 0000000000000284 memsz 0000000000037fe0 (rw) -> mapped USER (bounds ok)
[hw     ] GRANT  pid 317 'kp-stress' -> 'sensor0': phys 0000000001003000 mapped at vaddr 0000404f40000000 (1 pages)
[surface] pid 316 owns surface 6 (64x64) DOUBLE-BUFFERED at user vaddr 0000530000000000 (+4 pages back) (recycled pixel buffers)
[surface] slot 6 reclaimed on owner exit — 8 pages (phys 0000000001574000) back on the free list
[surface] pid 316 owns surface 6 (64x64) DOUBLE-BUFFERED at user vaddr 0000530000000000 (+4 pages back) (recycled pixel buffers)
[surface] slot 6 reclaimed on owner exit — 8 pages (phys 0000000001574000) back on the free list
[kernel ] spawned pid 318 'kp-stress' caps 0000000000000040 — private PML4 @ phys 00000000013f0000
[elf    ] PT_LOAD vaddr 0000500000000000 filesz 000000000001b713 memsz 000000000001b713 (ro) -> mapped USER (bounds ok)
[elf    ] PT_LOAD vaddr 000050000001c000 filesz 0000000000003f20 memsz 0000000000003f20 (ro) -> mapped USER (bounds ok)
[elf    ] PT_LOAD vaddr 0000500000020000 filesz 0000000000000284 memsz 0000000000037fe0 (rw) -> mapped USER (bounds ok)
[kernel ] spawned pid 319 'kp-stress' caps 0000000000000003 — private PML4 @ phys 0000000001678000
[elf    ] PT_LOAD vaddr 0000500000000000 filesz 000000000001b713 memsz 000000000001b713 (ro) -> mapped USER (bounds ok)
[elf    ] PT_LOAD vaddr 000050000001c000 filesz 0000000000003f20 memsz 0000000000003f20 (ro) -> mapped USER (bounds ok)
[elf    ] PT_LOAD vaddr 0000500000020000 filesz 0000000000000284 memsz 0000000000037fe0 (rw) -> mapped USER (bounds ok)
[hw     ] GRANT  pid 319 'kp-stress' -> 'sensor0': phys 0000000001003000 mapped at vaddr 0000404fc0000000 (1 pages)
[surface] pid 318 owns surface 6 (64x64) DOUBLE-BUFFERED at user vaddr 0000530000000000 (+4 pages back) (recycled pixel buffers)
[surface] slot 6 reclaimed on owner exit — 8 pages (phys 0000000001574000) back on the free list
[surface] pid 318 owns surface 6 (64x64) DOUBLE-BUFFERED at user vaddr 0000530000000000 (+4 pages back) (recycled pixel buffers)
[surface] slot 6 reclaimed on owner exit — 8 pages (phys 0000000001574000) back on the free list
[kernel ] spawned pid 320 'kp-stress' caps 0000000000000040 — private PML4 @ phys 00000000013f0000
[elf    ] PT_LOAD vaddr 0000500000000000 filesz 000000000001b713 memsz 000000000001b713 (ro) -> mapped USER (bounds ok)
[elf    ] PT_LOAD vaddr 000050000001c000 filesz 0000000000003f20 memsz 0000000000003f20 (ro) -> mapped USER (bounds ok)
[elf    ] PT_LOAD vaddr 0000500000020000 filesz 0000000000000284 memsz 0000000000037fe0 (rw) -> mapped USER (bounds ok)
[kernel ] spawned pid 321 'kp-stress' caps 0000000000000003 — private PML4 @ phys 000000000167a000
[elf    ] PT_LOAD vaddr 0000500000000000 filesz 000000000001b713 memsz 000000000001b713 (ro) -> mapped USER (bounds ok)
[elf    ] PT_LOAD vaddr 000050000001c000 filesz 0000000000003f20 memsz 0000000000003f20 (ro) -> mapped USER (bounds ok)
[elf    ] PT_LOAD vaddr 0000500000020000 filesz 0000000000000284 memsz 0000000000037fe0 (rw) -> mapped USER (bounds ok)
[surface] pid 320 owns surface 6 (64x64) DOUBLE-BUFFERED at user vaddr 0000530000000000 (+4 pages back) (recycled pixel buffers)
[hw     ] GRANT  pid 321 'kp-stress' -> 'sensor0': phys 0000000001003000 mapped at vaddr 0000405040000000 (1 pages)
[surface] slot 6 reclaimed on owner exit — 8 pages (phys 0000000001574000) back on the free list
[surface] pid 320 owns surface 6 (64x64) DOUBLE-BUFFERED at user vaddr 0000530000000000 (+4 pages back) (recycled pixel buffers)
[surface] slot 6 reclaimed on owner exit — 8 pages (phys 0000000001574000) back on the free list
[kernel ] spawned pid 322 'kp-stress' caps 0000000000000040 — private PML4 @ phys 00000000013f0000
[elf    ] PT_LOAD vaddr 0000500000000000 filesz 000000000001b713 memsz 000000000001b713 (ro) -> mapped USER (bounds ok)
[elf    ] PT_LOAD vaddr 000050000001c000 filesz 0000000000003f20 memsz 0000000000003f20 (ro) -> mapped USER (bounds ok)
[elf    ] PT_LOAD vaddr 0000500000020000 filesz 0000000000000284 memsz 0000000000037fe0 (rw) -> mapped USER (bounds ok)
[kernel ] spawned pid 323 'kp-stress' caps 0000000000000003 — private PML4 @ phys 0000000001666000
[elf    ] PT_LOAD vaddr 0000500000000000 filesz 000000000001b713 memsz 000000000001b713 (ro) -> mapped USER (bounds ok)
[elf    ] PT_LOAD vaddr 000050000001c000 filesz 0000000000003f20 memsz 0000000000003f20 (ro) -> mapped USER (bounds ok)
[elf    ] PT_LOAD vaddr 0000500000020000 filesz 0000000000000284 memsz 0000000000037fe0 (rw) -> mapped USER (bounds ok)
[surface] pid 322 owns surface 6 (64x64) DOUBLE-BUFFERED at user vaddr 0000530000000000 (+4 pages back) (recycled pixel buffers)
[hw     ] GRANT  pid 323 'kp-stress' -> 'sensor0': phys 0000000001003000 mapped at vaddr 00004050c0000000 (1 pages)
[surface] slot 6 reclaimed on owner exit — 8 pages (phys 0000000001574000) back on the free list
[surface] pid 322 owns surface 6 (64x64) DOUBLE-BUFFERED at user vaddr 0000530000000000 (+4 pages back) (recycled pixel buffers)
[surface] slot 6 reclaimed on owner exit — 8 pages (phys 0000000001574000) back on the free list
[kernel ] spawned pid 324 'kp-stress' caps 0000000000000040 — private PML4 @ phys 00000000013f0000
[elf    ] PT_LOAD vaddr 0000500000000000 filesz 000000000001b713 memsz 000000000001b713 (ro) -> mapped USER (bounds ok)
[elf    ] PT_LOAD vaddr 000050000001c000 filesz 0000000000003f20 memsz 0000000000003f20 (ro) -> mapped USER (bounds ok)
[elf    ] PT_LOAD vaddr 0000500000020000 filesz 0000000000000284 memsz 0000000000037fe0 (rw) -> mapped USER (bounds ok)
[kernel ] spawned pid 325 'kp-stress' caps 0000000000000003 — private PML4 @ phys 0000000001652000
[elf    ] PT_LOAD vaddr 0000500000000000 filesz 000000000001b713 memsz 000000000001b713 (ro) -> mapped USER (bounds ok)
[elf    ] PT_LOAD vaddr 000050000001c000 filesz 0000000000003f20 memsz 0000000000003f20 (ro) -> mapped USER (bounds ok)
[elf    ] PT_LOAD vaddr 0000500000020000 filesz 0000000000000284 memsz 0000000000037fe0 (rw) -> mapped USER (bounds ok)
[hw     ] GRANT  pid 325 'kp-stress' -> 'sensor0': phys 0000000001003000 mapped at vaddr 0000405140000000 (1 pages)
[surface] pid 324 owns surface 6 (64x64) DOUBLE-BUFFERED at user vaddr 0000530000000000 (+4 pages back) (recycled pixel buffers)
[surface] slot 6 reclaimed on owner exit — 8 pages (phys 0000000001574000) back on the free list
[surface] pid 324 owns surface 6 (64x64) DOUBLE-BUFFERED at user vaddr 0000530000000000 (+4 pages back) (recycled pixel buffers)
[surface] slot 6 reclaimed on owner exit — 8 pages (phys 0000000001574000) back on the free list
[kernel ] spawned pid 326 'kp-stress' caps 0000000000000040 — private PML4 @ phys 00000000013f0000
[elf    ] PT_LOAD vaddr 0000500000000000 filesz 000000000001b713 memsz 000000000001b713 (ro) -> mapped USER (bounds ok)
[elf    ] PT_LOAD vaddr 000050000001c000 filesz 0000000000003f20 memsz 0000000000003f20 (ro) -> mapped USER (bounds ok)
[elf    ] PT_LOAD vaddr 0000500000020000 filesz 0000000000000284 memsz 0000000000037fe0 (rw) -> mapped USER (bounds ok)
[kernel ] spawned pid 327 'kp-stress' caps 0000000000000003 — private PML4 @ phys 000000000167f000
[elf    ] PT_LOAD vaddr 0000500000000000 filesz 000000000001b713 memsz 000000000001b713 (ro) -> mapped USER (bounds ok)
[elf    ] PT_LOAD vaddr 000050000001c000 filesz 0000000000003f20 memsz 0000000000003f20 (ro) -> mapped USER (bounds ok)
[elf    ] PT_LOAD vaddr 0000500000020000 filesz 0000000000000284 memsz 0000000000037fe0 (rw) -> mapped USER (bounds ok)
[surface] pid 326 owns surface 6 (64x64) DOUBLE-BUFFERED at user vaddr 0000530000000000 (+4 pages back) (recycled pixel buffers)
[hw     ] GRANT  pid 327 'kp-stress' -> 'sensor0': phys 0000000001003000 mapped at vaddr 00004051c0000000 (1 pages)
[surface] slot 6 reclaimed on owner exit — 8 pages (phys 0000000001574000) back on the free list
[surface] pid 326 owns surface 6 (64x64) DOUBLE-BUFFERED at user vaddr 0000530000000000 (+4 pages back) (recycled pixel buffers)
[surface] slot 6 reclaimed on owner exit — 8 pages (phys 0000000001574000) back on the free list
[kernel ] spawned pid 328 'kp-stress' caps 0000000000000040 — private PML4 @ phys 00000000013f0000
[elf    ] PT_LOAD vaddr 0000500000000000 filesz 000000000001b713 memsz 000000000001b713 (ro) -> mapped USER (bounds ok)
[elf    ] PT_LOAD vaddr 000050000001c000 filesz 0000000000003f20 memsz 0000000000003f20 (ro) -> mapped USER (bounds ok)
[elf    ] PT_LOAD vaddr 0000500000020000 filesz 0000000000000284 memsz 0000000000037fe0 (rw) -> mapped USER (bounds ok)
[kernel ] spawned pid 329 'kp-stress' caps 0000000000000003 — private PML4 @ phys 000000000166c000
[elf    ] PT_LOAD vaddr 0000500000000000 filesz 000000000001b713 memsz 000000000001b713 (ro) -> mapped USER (bounds ok)
[elf    ] PT_LOAD vaddr 000050000001c000 filesz 0000000000003f20 memsz 0000000000003f20 (ro) -> mapped USER (bounds ok)
[elf    ] PT_LOAD vaddr 0000500000020000 filesz 0000000000000284 memsz 0000000000037fe0 (rw) -> mapped USER (bounds ok)
[hw     ] GRANT  pid 329 'kp-stress' -> 'sensor0': phys 0000000001003000 mapped at vaddr 0000405240000000 (1 pages)
[surface] pid 328 owns surface 6 (64x64) DOUBLE-BUFFERED at user vaddr 0000530000000000 (+4 pages back) (recycled pixel buffers)
[surface] slot 6 reclaimed on owner exit — 8 pages (phys 0000000001574000) back on the free list
[surface] pid 328 owns surface 6 (64x64) DOUBLE-BUFFERED at user vaddr 0000530000000000 (+4 pages back) (recycled pixel buffers)
[surface] slot 6 reclaimed on owner exit — 8 pages (phys 0000000001574000) back on the free list
[kernel ] spawned pid 330 'kp-stress' caps 0000000000000040 — private PML4 @ phys 00000000013f0000
[elf    ] PT_LOAD vaddr 0000500000000000 filesz 000000000001b713 memsz 000000000001b713 (ro) -> mapped USER (bounds ok)
[elf    ] PT_LOAD vaddr 000050000001c000 filesz 0000000000003f20 memsz 0000000000003f20 (ro) -> mapped USER (bounds ok)
[elf    ] PT_LOAD vaddr 0000500000020000 filesz 0000000000000284 memsz 0000000000037fe0 (rw) -> mapped USER (bounds ok)
[kernel ] spawned pid 331 'kp-stress' caps 0000000000000003 — private PML4 @ phys 0000000001684000
[elf    ] PT_LOAD vaddr 0000500000000000 filesz 000000000001b713 memsz 000000000001b713 (ro) -> mapped USER (bounds ok)
[elf    ] PT_LOAD vaddr 000050000001c000 filesz 0000000000003f20 memsz 0000000000003f20 (ro) -> mapped USER (bounds ok)
[elf    ] PT_LOAD vaddr 0000500000020000 filesz 0000000000000284 memsz 0000000000037fe0 (rw) -> mapped USER (bounds ok)
[hw     ] GRANT  pid 331 'kp-stress' -> 'sensor0': phys 0000000001003000 mapped at vaddr 00004052c0000000 (1 pages)
[surface] pid 330 owns surface 6 (64x64) DOUBLE-BUFFERED at user vaddr 0000530000000000 (+4 pages back) (recycled pixel buffers)
[surface] slot 6 reclaimed on owner exit — 8 pages (phys 0000000001574000) back on the free list
[surface] pid 330 owns surface 6 (64x64) DOUBLE-BUFFERED at user vaddr 0000530000000000 (+4 pages back) (recycled pixel buffers)
[surface] slot 6 reclaimed on owner exit — 8 pages (phys 0000000001574000) back on the free list
[kernel ] spawned pid 332 'kp-stress' caps 0000000000000040 — private PML4 @ phys 00000000013f0000
[elf    ] PT_LOAD vaddr 0000500000000000 filesz 000000000001b713 memsz 000000000001b713 (ro) -> mapped USER (bounds ok)
[elf    ] PT_LOAD vaddr 000050000001c000 filesz 0000000000003f20 memsz 0000000000003f20 (ro) -> mapped USER (bounds ok)
[elf    ] PT_LOAD vaddr 0000500000020000 filesz 0000000000000284 memsz 0000000000037fe0 (rw) -> mapped USER (bounds ok)
[kernel ] spawned pid 333 'kp-stress' caps 0000000000000003 — private PML4 @ phys 0000000001659000
[elf    ] PT_LOAD vaddr 0000500000000000 filesz 000000000001b713 memsz 000000000001b713 (ro) -> mapped USER (bounds ok)
[elf    ] PT_LOAD vaddr 000050000001c000 filesz 0000000000003f20 memsz 0000000000003f20 (ro) -> mapped USER (bounds ok)
[elf    ] PT_LOAD vaddr 0000500000020000 filesz 0000000000000284 memsz 0000000000037fe0 (rw) -> mapped USER (bounds ok)
[hw     ] GRANT  pid 333 'kp-stress' -> 'sensor0': phys 0000000001003000 mapped at vaddr 0000405340000000 (1 pages)
[surface] pid 332 owns surface 6 (64x64) DOUBLE-BUFFERED at user vaddr 0000530000000000 (+4 pages back) (recycled pixel buffers)
[surface] slot 6 reclaimed on owner exit — 8 pages (phys 0000000001574000) back on the free list
[surface] pid 332 owns surface 6 (64x64) DOUBLE-BUFFERED at user vaddr 0000530000000000 (+4 pages back) (recycled pixel buffers)
[surface] slot 6 reclaimed on owner exit — 8 pages (phys 0000000001574000) back on the free list
[kernel ] spawned pid 334 'kp-stress' caps 0000000000000040 — private PML4 @ phys 00000000013f0000
[elf    ] PT_LOAD vaddr 0000500000000000 filesz 000000000001b713 memsz 000000000001b713 (ro) -> mapped USER (bounds ok)
[elf    ] PT_LOAD vaddr 000050000001c000 filesz 0000000000003f20 memsz 0000000000003f20 (ro) -> mapped USER (bounds ok)
[elf    ] PT_LOAD vaddr 0000500000020000 filesz 0000000000000284 memsz 0000000000037fe0 (rw) -> mapped USER (bounds ok)
[kernel ] spawned pid 335 'kp-stress' caps 0000000000000003 — private PML4 @ phys 0000000001688000
[elf    ] PT_LOAD vaddr 0000500000000000 filesz 000000000001b713 memsz 000000000001b713 (ro) -> mapped USER (bounds ok)
[elf    ] PT_LOAD vaddr 000050000001c000 filesz 0000000000003f20 memsz 0000000000003f20 (ro) -> mapped USER (bounds ok)
[elf    ] PT_LOAD vaddr 0000500000020000 filesz 0000000000000284 memsz 0000000000037fe0 (rw) -> mapped USER (bounds ok)
[hw     ] GRANT  pid 335 'kp-stress' -> 'sensor0': phys 0000000001003000 mapped at vaddr 00004053c0000000 (1 pages)
[surface] pid 334 owns surface 6 (64x64) DOUBLE-BUFFERED at user vaddr 0000530000000000 (+4 pages back) (recycled pixel buffers)
[surface] slot 6 reclaimed on owner exit — 8 pages (phys 0000000001574000) back on the free list
[surface] pid 334 owns surface 6 (64x64) DOUBLE-BUFFERED at user vaddr 0000530000000000 (+4 pages back) (recycled pixel buffers)
[surface] slot 6 reclaimed on owner exit — 8 pages (phys 0000000001574000) back on the free list
[kernel ] spawned pid 336 'kp-stress' caps 0000000000000040 — private PML4 @ phys 00000000013f0000
[elf    ] PT_LOAD vaddr 0000500000000000 filesz 000000000001b713 memsz 000000000001b713 (ro) -> mapped USER (bounds ok)
[elf    ] PT_LOAD vaddr 000050000001c000 filesz 0000000000003f20 memsz 0000000000003f20 (ro) -> mapped USER (bounds ok)
[elf    ] PT_LOAD vaddr 0000500000020000 filesz 0000000000000284 memsz 0000000000037fe0 (rw) -> mapped USER (bounds ok)
[kernel ] spawned pid 337 'kp-stress' caps 0000000000000003 — private PML4 @ phys 0000000001674000
[elf    ] PT_LOAD vaddr 0000500000000000 filesz 000000000001b713 memsz 000000000001b713 (ro) -> mapped USER (bounds ok)
[elf    ] PT_LOAD vaddr 000050000001c000 filesz 0000000000003f20 memsz 0000000000003f20 (ro) -> mapped USER (bounds ok)
[elf    ] PT_LOAD vaddr 0000500000020000 filesz 0000000000000284 memsz 0000000000037fe0 (rw) -> mapped USER (bounds ok)
[hw     ] GRANT  pid 337 'kp-stress' -> 'sensor0': phys 0000000001003000 mapped at vaddr 0000405440000000 (1 pages)
[surface] pid 336 owns surface 6 (64x64) DOUBLE-BUFFERED at user vaddr 0000530000000000 (+4 pages back) (recycled pixel buffers)
[surface] slot 6 reclaimed on owner exit — 8 pages (phys 0000000001574000) back on the free list
[surface] pid 336 owns surface 6 (64x64) DOUBLE-BUFFERED at user vaddr 0000530000000000 (+4 pages back) (recycled pixel buffers)
[surface] slot 6 reclaimed on owner exit — 8 pages (phys 0000000001574000) back on the free list
[kernel ] spawned pid 338 'kp-stress' caps 0000000000000040 — private PML4 @ phys 00000000013f0000
[elf    ] PT_LOAD vaddr 0000500000000000 filesz 000000000001b713 memsz 000000000001b713 (ro) -> mapped USER (bounds ok)
[elf    ] PT_LOAD vaddr 000050000001c000 filesz 0000000000003f20 memsz 0000000000003f20 (ro) -> mapped USER (bounds ok)
[elf    ] PT_LOAD vaddr 0000500000020000 filesz 0000000000000284 memsz 0000000000037fe0 (rw) -> mapped USER (bounds ok)
[kernel ] spawned pid 339 'kp-stress' caps 0000000000000003 — private PML4 @ phys 0000000001660000
[elf    ] PT_LOAD vaddr 0000500000000000 filesz 000000000001b713 memsz 000000000001b713 (ro) -> mapped USER (bounds ok)
[elf    ] PT_LOAD vaddr 000050000001c000 filesz 0000000000003f20 memsz 0000000000003f20 (ro) -> mapped USER (bounds ok)
[elf    ] PT_LOAD vaddr 0000500000020000 filesz 0000000000000284 memsz 0000000000037fe0 (rw) -> mapped USER (bounds ok)
[hw     ] GRANT  pid 339 'kp-stress' -> 'sensor0': phys 0000000001003000 mapped at vaddr 00004054c0000000 (1 pages)
[surface] pid 338 owns surface 6 (64x64) DOUBLE-BUFFERED at user vaddr 0000530000000000 (+4 pages back) (recycled pixel buffers)
[surface] slot 6 reclaimed on owner exit — 8 pages (phys 0000000001574000) back on the free list
[surface] pid 338 owns surface 6 (64x64) DOUBLE-BUFFERED at user vaddr 0000530000000000 (+4 pages back) (recycled pixel buffers)
[surface] slot 6 reclaimed on owner exit — 8 pages (phys 0000000001574000) back on the free list
[kernel ] spawned pid 340 'kp-stress' caps 0000000000000040 — private PML4 @ phys 00000000013f0000
[elf    ] PT_LOAD vaddr 0000500000000000 filesz 000000000001b713 memsz 000000000001b713 (ro) -> mapped USER (bounds ok)
[elf    ] PT_LOAD vaddr 000050000001c000 filesz 0000000000003f20 memsz 0000000000003f20 (ro) -> mapped USER (bounds ok)
[elf    ] PT_LOAD vaddr 0000500000020000 filesz 0000000000000284 memsz 0000000000037fe0 (rw) -> mapped USER (bounds ok)
[kernel ] spawned pid 341 'kp-stress' caps 0000000000000003 — private PML4 @ phys 000000000168e000
[elf    ] PT_LOAD vaddr 0000500000000000 filesz 000000000001b713 memsz 000000000001b713 (ro) -> mapped USER (bounds ok)
[elf    ] PT_LOAD vaddr 000050000001c000 filesz 0000000000003f20 memsz 0000000000003f20 (ro) -> mapped USER (bounds ok)
[elf    ] PT_LOAD vaddr 0000500000020000 filesz 0000000000000284 memsz 0000000000037fe0 (rw) -> mapped USER (bounds ok)
[surface] pid 340 owns surface 6 (64x64) DOUBLE-BUFFERED at user vaddr 0000530000000000 (+4 pages back) (recycled pixel buffers)
[hw     ] GRANT  pid 341 'kp-stress' -> 'sensor0': phys 0000000001003000 mapped at vaddr 0000405540000000 (1 pages)
[surface] slot 6 reclaimed on owner exit — 8 pages (phys 0000000001574000) back on the free list
[surface] pid 340 owns surface 6 (64x64) DOUBLE-BUFFERED at user vaddr 0000530000000000 (+4 pages back) (recycled pixel buffers)
[surface] slot 6 reclaimed on owner exit — 8 pages (phys 0000000001574000) back on the free list
[kernel ] spawned pid 342 'kp-stress' caps 0000000000000040 — private PML4 @ phys 00000000013f0000
[elf    ] PT_LOAD vaddr 0000500000000000 filesz 000000000001b713 memsz 000000000001b713 (ro) -> mapped USER (bounds ok)
[elf    ] PT_LOAD vaddr 000050000001c000 filesz 0000000000003f20 memsz 0000000000003f20 (ro) -> mapped USER (bounds ok)
[elf    ] PT_LOAD vaddr 0000500000020000 filesz 0000000000000284 memsz 0000000000037fe0 (rw) -> mapped USER (bounds ok)
[kernel ] spawned pid 343 'kp-stress' caps 0000000000000003 — private PML4 @ phys 000000000167a000
[elf    ] PT_LOAD vaddr 0000500000000000 filesz 000000000001b713 memsz 000000000001b713 (ro) -> mapped USER (bounds ok)
[elf    ] PT_LOAD vaddr 000050000001c000 filesz 0000000000003f20 memsz 0000000000003f20 (ro) -> mapped USER (bounds ok)
[elf    ] PT_LOAD vaddr 0000500000020000 filesz 0000000000000284 memsz 0000000000037fe0 (rw) -> mapped USER (bounds ok)
[hw     ] GRANT  pid 343 'kp-stress' -> 'sensor0': phys 0000000001003000 mapped at vaddr 00004055c0000000 (1 pages)
[surface] pid 342 owns surface 6 (64x64) DOUBLE-BUFFERED at user vaddr 0000530000000000 (+4 pages back) (recycled pixel buffers)
[surface] slot 6 reclaimed on owner exit — 8 pages (phys 0000000001574000) back on the free list
[surface] pid 342 owns surface 6 (64x64) DOUBLE-BUFFERED at user vaddr 0000530000000000 (+4 pages back) (recycled pixel buffers)
[surface] slot 6 reclaimed on owner exit — 8 pages (phys 0000000001574000) back on the free list
[kernel ] spawned pid 344 'kp-stress' caps 0000000000000040 — private PML4 @ phys 00000000013f0000
[elf    ] PT_LOAD vaddr 0000500000000000 filesz 000000000001b713 memsz 000000000001b713 (ro) -> mapped USER (bounds ok)
[elf    ] PT_LOAD vaddr 000050000001c000 filesz 0000000000003f20 memsz 0000000000003f20 (ro) -> mapped USER (bounds ok)
[elf    ] PT_LOAD vaddr 0000500000020000 filesz 0000000000000284 memsz 0000000000037fe0 (rw) -> mapped USER (bounds ok)
[kernel ] spawned pid 345 'kp-stress' caps 0000000000000003 — private PML4 @ phys 0000000001666000
[elf    ] PT_LOAD vaddr 0000500000000000 filesz 000000000001b713 memsz 000000000001b713 (ro) -> mapped USER (bounds ok)
[elf    ] PT_LOAD vaddr 000050000001c000 filesz 0000000000003f20 memsz 0000000000003f20 (ro) -> mapped USER (bounds ok)
[elf    ] PT_LOAD vaddr 0000500000020000 filesz 0000000000000284 memsz 0000000000037fe0 (rw) -> mapped USER (bounds ok)
[hw     ] GRANT  pid 345 'kp-stress' -> 'sensor0': phys 0000000001003000 mapped at vaddr 0000405640000000 (1 pages)
[surface] pid 344 owns surface 6 (64x64) DOUBLE-BUFFERED at user vaddr 0000530000000000 (+4 pages back) (recycled pixel buffers)
[surface] slot 6 reclaimed on owner exit — 8 pages (phys 0000000001574000) back on the free list
[surface] pid 344 owns surface 6 (64x64) DOUBLE-BUFFERED at user vaddr 0000530000000000 (+4 pages back) (recycled pixel buffers)
[surface] slot 6 reclaimed on owner exit — 8 pages (phys 0000000001574000) back on the free list
[kernel ] spawned pid 346 'kp-stress' caps 0000000000000040 — private PML4 @ phys 00000000013f0000
[elf    ] PT_LOAD vaddr 0000500000000000 filesz 000000000001b713 memsz 000000000001b713 (ro) -> mapped USER (bounds ok)
[elf    ] PT_LOAD vaddr 000050000001c000 filesz 0000000000003f20 memsz 0000000000003f20 (ro) -> mapped USER (bounds ok)
[elf    ] PT_LOAD vaddr 0000500000020000 filesz 0000000000000284 memsz 0000000000037fe0 (rw) -> mapped USER (bounds ok)
[kernel ] spawned pid 347 'kp-stress' caps 0000000000000003 — private PML4 @ phys 0000000001652000
[elf    ] PT_LOAD vaddr 0000500000000000 filesz 000000000001b713 memsz 000000000001b713 (ro) -> mapped USER (bounds ok)
[elf    ] PT_LOAD vaddr 000050000001c000 filesz 0000000000003f20 memsz 0000000000003f20 (ro) -> mapped USER (bounds ok)
[elf    ] PT_LOAD vaddr 0000500000020000 filesz 0000000000000284 memsz 0000000000037fe0 (rw) -> mapped USER (bounds ok)
[hw     ] GRANT  pid 347 'kp-stress' -> 'sensor0': phys 0000000001003000 mapped at vaddr 00004056c0000000 (1 pages)
[surface] pid 346 owns surface 6 (64x64) DOUBLE-BUFFERED at user vaddr 0000530000000000 (+4 pages back) (recycled pixel buffers)
[surface] slot 6 reclaimed on owner exit — 8 pages (phys 0000000001574000) back on the free list
[surface] pid 346 owns surface 6 (64x64) DOUBLE-BUFFERED at user vaddr 0000530000000000 (+4 pages back) (recycled pixel buffers)
[surface] slot 6 reclaimed on owner exit — 8 pages (phys 0000000001574000) back on the free list
[kernel ] spawned pid 348 'kp-stress' caps 0000000000000040 — private PML4 @ phys 00000000013f0000
[elf    ] PT_LOAD vaddr 0000500000000000 filesz 000000000001b713 memsz 000000000001b713 (ro) -> mapped USER (bounds ok)
[elf    ] PT_LOAD vaddr 000050000001c000 filesz 0000000000003f20 memsz 0000000000003f20 (ro) -> mapped USER (bounds ok)
[elf    ] PT_LOAD vaddr 0000500000020000 filesz 0000000000000284 memsz 0000000000037fe0 (rw) -> mapped USER (bounds ok)
[kernel ] spawned pid 349 'kp-stress' caps 0000000000000003 — private PML4 @ phys 0000000001696000
[elf    ] PT_LOAD vaddr 0000500000000000 filesz 000000000001b713 memsz 000000000001b713 (ro) -> mapped USER (bounds ok)
[elf    ] PT_LOAD vaddr 000050000001c000 filesz 0000000000003f20 memsz 0000000000003f20 (ro) -> mapped USER (bounds ok)
[elf    ] PT_LOAD vaddr 0000500000020000 filesz 0000000000000284 memsz 0000000000037fe0 (rw) -> mapped USER (bounds ok)
[surface] pid 348 owns surface 6 (64x64) DOUBLE-BUFFERED at user vaddr 0000530000000000 (+4 pages back) (recycled pixel buffers)
[hw     ] GRANT  pid 349 'kp-stress' -> 'sensor0': phys 0000000001003000 mapped at vaddr 0000405740000000 (1 pages)
[surface] slot 6 reclaimed on owner exit — 8 pages (phys 0000000001574000) back on the free list
[surface] pid 348 owns surface 6 (64x64) DOUBLE-BUFFERED at user vaddr 0000530000000000 (+4 pages back) (recycled pixel buffers)
[surface] slot 6 reclaimed on owner exit — 8 pages (phys 0000000001574000) back on the free list
[kernel ] spawned pid 350 'kp-stress' caps 0000000000000040 — private PML4 @ phys 00000000013f0000
[elf    ] PT_LOAD vaddr 0000500000000000 filesz 000000000001b713 memsz 000000000001b713 (ro) -> mapped USER (bounds ok)
[elf    ] PT_LOAD vaddr 000050000001c000 filesz 0000000000003f20 memsz 0000000000003f20 (ro) -> mapped USER (bounds ok)
[elf    ] PT_LOAD vaddr 0000500000020000 filesz 0000000000000284 memsz 0000000000037fe0 (rw) -> mapped USER (bounds ok)
[kernel ] spawned pid 351 'kp-stress' caps 0000000000000003 — private PML4 @ phys 0000000001698000
[elf    ] PT_LOAD vaddr 0000500000000000 filesz 000000000001b713 memsz 000000000001b713 (ro) -> mapped USER (bounds ok)
[elf    ] PT_LOAD vaddr 000050000001c000 filesz 0000000000003f20 memsz 0000000000003f20 (ro) -> mapped USER (bounds ok)
[elf    ] PT_LOAD vaddr 0000500000020000 filesz 0000000000000284 memsz 0000000000037fe0 (rw) -> mapped USER (bounds ok)
[surface] pid 350 owns surface 6 (64x64) DOUBLE-BUFFERED at user vaddr 0000530000000000 (+4 pages back) (recycled pixel buffers)
[hw     ] GRANT  pid 351 'kp-stress' -> 'sensor0': phys 0000000001003000 mapped at vaddr 00004057c0000000 (1 pages)
[surface] slot 6 reclaimed on owner exit — 8 pages (phys 0000000001574000) back on the free list
[surface] pid 350 owns surface 6 (64x64) DOUBLE-BUFFERED at user vaddr 0000530000000000 (+4 pages back) (recycled pixel buffers)
[surface] slot 6 reclaimed on owner exit — 8 pages (phys 0000000001574000) back on the free list
[kernel ] spawned pid 352 'kp-stress' caps 0000000000000040 — private PML4 @ phys 00000000013f0000
[elf    ] PT_LOAD vaddr 0000500000000000 filesz 000000000001b713 memsz 000000000001b713 (ro) -> mapped USER (bounds ok)
[elf    ] PT_LOAD vaddr 000050000001c000 filesz 0000000000003f20 memsz 0000000000003f20 (ro) -> mapped USER (bounds ok)
[elf    ] PT_LOAD vaddr 0000500000020000 filesz 0000000000000284 memsz 0000000000037fe0 (rw) -> mapped USER (bounds ok)
[kernel ] spawned pid 353 'kp-stress' caps 0000000000000003 — private PML4 @ phys 000000000169a000
[elf    ] PT_LOAD vaddr 0000500000000000 filesz 000000000001b713 memsz 000000000001b713 (ro) -> mapped USER (bounds ok)
[elf    ] PT_LOAD vaddr 000050000001c000 filesz 0000000000003f20 memsz 0000000000003f20 (ro) -> mapped USER (bounds ok)
[elf    ] PT_LOAD vaddr 0000500000020000 filesz 0000000000000284 memsz 0000000000037fe0 (rw) -> mapped USER (bounds ok)
[hw     ] GRANT  pid 353 'kp-stress' -> 'sensor0': phys 0000000001003000 mapped at vaddr 0000405840000000 (1 pages)
[surface] pid 352 owns surface 6 (64x64) DOUBLE-BUFFERED at user vaddr 0000530000000000 (+4 pages back) (recycled pixel buffers)
[surface] slot 6 reclaimed on owner exit — 8 pages (phys 0000000001574000) back on the free list
[surface] pid 352 owns surface 6 (64x64) DOUBLE-BUFFERED at user vaddr 0000530000000000 (+4 pages back) (recycled pixel buffers)
[surface] slot 6 reclaimed on owner exit — 8 pages (phys 0000000001574000) back on the free list
[kernel ] spawned pid 354 'kp-stress' caps 0000000000000040 — private PML4 @ phys 00000000013f0000
[elf    ] PT_LOAD vaddr 0000500000000000 filesz 000000000001b713 memsz 000000000001b713 (ro) -> mapped USER (bounds ok)
[elf    ] PT_LOAD vaddr 000050000001c000 filesz 0000000000003f20 memsz 0000000000003f20 (ro) -> mapped USER (bounds ok)
[elf    ] PT_LOAD vaddr 0000500000020000 filesz 0000000000000284 memsz 0000000000037fe0 (rw) -> mapped USER (bounds ok)
[kernel ] spawned pid 355 'kp-stress' caps 0000000000000003 — private PML4 @ phys 000000000169c000
[elf    ] PT_LOAD vaddr 0000500000000000 filesz 000000000001b713 memsz 000000000001b713 (ro) -> mapped USER (bounds ok)
[elf    ] PT_LOAD vaddr 000050000001c000 filesz 0000000000003f20 memsz 0000000000003f20 (ro) -> mapped USER (bounds ok)
[elf    ] PT_LOAD vaddr 0000500000020000 filesz 0000000000000284 memsz 0000000000037fe0 (rw) -> mapped USER (bounds ok)
[surface] pid 354 owns surface 6 (64x64) DOUBLE-BUFFERED at user vaddr 0000530000000000 (+4 pages back) (recycled pixel buffers)
[hw     ] GRANT  pid 355 'kp-stress' -> 'sensor0': phys 0000000001003000 mapped at vaddr 00004058c0000000 (1 pages)
[surface] slot 6 reclaimed on owner exit — 8 pages (phys 0000000001574000) back on the free list
[surface] pid 354 owns surface 6 (64x64) DOUBLE-BUFFERED at user vaddr 0000530000000000 (+4 pages back) (recycled pixel buffers)
[surface] slot 6 reclaimed on owner exit — 8 pages (phys 0000000001574000) back on the free list
[kernel ] spawned pid 356 'kp-stress' caps 0000000000000040 — private PML4 @ phys 00000000013f0000
[elf    ] PT_LOAD vaddr 0000500000000000 filesz 000000000001b713 memsz 000000000001b713 (ro) -> mapped USER (bounds ok)
[elf    ] PT_LOAD vaddr 000050000001c000 filesz 0000000000003f20 memsz 0000000000003f20 (ro) -> mapped USER (bounds ok)
[elf    ] PT_LOAD vaddr 0000500000020000 filesz 0000000000000284 memsz 0000000000037fe0 (rw) -> mapped USER (bounds ok)
[kernel ] spawned pid 357 'kp-stress' caps 0000000000000003 — private PML4 @ phys 0000000001688000
[elf    ] PT_LOAD vaddr 0000500000000000 filesz 000000000001b713 memsz 000000000001b713 (ro) -> mapped USER (bounds ok)
[elf    ] PT_LOAD vaddr 000050000001c000 filesz 0000000000003f20 memsz 0000000000003f20 (ro) -> mapped USER (bounds ok)
[elf    ] PT_LOAD vaddr 0000500000020000 filesz 0000000000000284 memsz 0000000000037fe0 (rw) -> mapped USER (bounds ok)
[hw     ] GRANT  pid 357 'kp-stress' -> 'sensor0': phys 0000000001003000 mapped at vaddr 0000405940000000 (1 pages)
[surface] pid 356 owns surface 6 (64x64) DOUBLE-BUFFERED at user vaddr 0000530000000000 (+4 pages back) (recycled pixel buffers)
[surface] slot 6 reclaimed on owner exit — 8 pages (phys 0000000001574000) back on the free list
[surface] pid 356 owns surface 6 (64x64) DOUBLE-BUFFERED at user vaddr 0000530000000000 (+4 pages back) (recycled pixel buffers)
[surface] slot 6 reclaimed on owner exit — 8 pages (phys 0000000001574000) back on the free list
[kernel ] spawned pid 358 'kp-stress' caps 0000000000000040 — private PML4 @ phys 00000000013f0000
[elf    ] PT_LOAD vaddr 0000500000000000 filesz 000000000001b713 memsz 000000000001b713 (ro) -> mapped USER (bounds ok)
[elf    ] PT_LOAD vaddr 000050000001c000 filesz 0000000000003f20 memsz 0000000000003f20 (ro) -> mapped USER (bounds ok)
[elf    ] PT_LOAD vaddr 0000500000020000 filesz 0000000000000284 memsz 0000000000037fe0 (rw) -> mapped USER (bounds ok)
[kernel ] spawned pid 359 'kp-stress' caps 0000000000000003 — private PML4 @ phys 00000000016a0000
[elf    ] PT_LOAD vaddr 0000500000000000 filesz 000000000001b713 memsz 000000000001b713 (ro) -> mapped USER (bounds ok)
[elf    ] PT_LOAD vaddr 000050000001c000 filesz 0000000000003f20 memsz 0000000000003f20 (ro) -> mapped USER (bounds ok)
[elf    ] PT_LOAD vaddr 0000500000020000 filesz 0000000000000284 memsz 0000000000037fe0 (rw) -> mapped USER (bounds ok)
[hw     ] GRANT  pid 359 'kp-stress' -> 'sensor0': phys 0000000001003000 mapped at vaddr 00004059c0000000 (1 pages)
[surface] pid 358 owns surface 6 (64x64) DOUBLE-BUFFERED at user vaddr 0000530000000000 (+4 pages back) (recycled pixel buffers)
[surface] slot 6 reclaimed on owner exit — 8 pages (phys 0000000001574000) back on the free list
[surface] pid 358 owns surface 6 (64x64) DOUBLE-BUFFERED at user vaddr 0000530000000000 (+4 pages back) (recycled pixel buffers)
[surface] slot 6 reclaimed on owner exit — 8 pages (phys 0000000001574000) back on the free list
[kernel ] spawned pid 360 'kp-stress' caps 0000000000000040 — private PML4 @ phys 00000000013f0000
[elf    ] PT_LOAD vaddr 0000500000000000 filesz 000000000001b713 memsz 000000000001b713 (ro) -> mapped USER (bounds ok)
[elf    ] PT_LOAD vaddr 000050000001c000 filesz 0000000000003f20 memsz 0000000000003f20 (ro) -> mapped USER (bounds ok)
[elf    ] PT_LOAD vaddr 0000500000020000 filesz 0000000000000284 memsz 0000000000037fe0 (rw) -> mapped USER (bounds ok)
[kernel ] spawned pid 361 'kp-stress' caps 0000000000000003 — private PML4 @ phys 00000000016a2000
[elf    ] PT_LOAD vaddr 0000500000000000 filesz 000000000001b713 memsz 000000000001b713 (ro) -> mapped USER (bounds ok)
[elf    ] PT_LOAD vaddr 000050000001c000 filesz 0000000000003f20 memsz 0000000000003f20 (ro) -> mapped USER (bounds ok)
[elf    ] PT_LOAD vaddr 0000500000020000 filesz 0000000000000284 memsz 0000000000037fe0 (rw) -> mapped USER (bounds ok)
[hw     ] GRANT  pid 361 'kp-stress' -> 'sensor0': phys 0000000001003000 mapped at vaddr 0000405a40000000 (1 pages)
[surface] pid 360 owns surface 6 (64x64) DOUBLE-BUFFERED at user vaddr 0000530000000000 (+4 pages back) (recycled pixel buffers)
[surface] slot 6 reclaimed on owner exit — 8 pages (phys 0000000001574000) back on the free list
[surface] pid 360 owns surface 6 (64x64) DOUBLE-BUFFERED at user vaddr 0000530000000000 (+4 pages back) (recycled pixel buffers)
[surface] slot 6 reclaimed on owner exit — 8 pages (phys 0000000001574000) back on the free list
[kernel ] spawned pid 362 'kp-stress' caps 0000000000000040 — private PML4 @ phys 00000000013f0000
[elf    ] PT_LOAD vaddr 0000500000000000 filesz 000000000001b713 memsz 000000000001b713 (ro) -> mapped USER (bounds ok)
[elf    ] PT_LOAD vaddr 000050000001c000 filesz 0000000000003f20 memsz 0000000000003f20 (ro) -> mapped USER (bounds ok)
[elf    ] PT_LOAD vaddr 0000500000020000 filesz 0000000000000284 memsz 0000000000037fe0 (rw) -> mapped USER (bounds ok)
[kernel ] spawned pid 363 'kp-stress' caps 0000000000000003 — private PML4 @ phys 000000000168e000
[elf    ] PT_LOAD vaddr 0000500000000000 filesz 000000000001b713 memsz 000000000001b713 (ro) -> mapped USER (bounds ok)
[elf    ] PT_LOAD vaddr 000050000001c000 filesz 0000000000003f20 memsz 0000000000003f20 (ro) -> mapped USER (bounds ok)
[elf    ] PT_LOAD vaddr 0000500000020000 filesz 0000000000000284 memsz 0000000000037fe0 (rw) -> mapped USER (bounds ok)
[surface] pid 362 owns surface 6 (64x64) DOUBLE-BUFFERED at user vaddr 0000530000000000 (+4 pages back) (recycled pixel buffers)
[hw     ] GRANT  pid 363 'kp-stress' -> 'sensor0': phys 0000000001003000 mapped at vaddr 0000405ac0000000 (1 pages)
[surface] slot 6 reclaimed on owner exit — 8 pages (phys 0000000001574000) back on the free list
[surface] pid 362 owns surface 6 (64x64) DOUBLE-BUFFERED at user vaddr 0000530000000000 (+4 pages back) (recycled pixel buffers)
[surface] slot 6 reclaimed on owner exit — 8 pages (phys 0000000001574000) back on the free list
[kernel ] spawned pid 364 'kp-stress' caps 0000000000000040 — private PML4 @ phys 00000000013f0000
[elf    ] PT_LOAD vaddr 0000500000000000 filesz 000000000001b713 memsz 000000000001b713 (ro) -> mapped USER (bounds ok)
[elf    ] PT_LOAD vaddr 000050000001c000 filesz 0000000000003f20 memsz 0000000000003f20 (ro) -> mapped USER (bounds ok)
[elf    ] PT_LOAD vaddr 0000500000020000 filesz 0000000000000284 memsz 0000000000037fe0 (rw) -> mapped USER (bounds ok)
[kernel ] spawned pid 365 'kp-stress' caps 0000000000000003 — private PML4 @ phys 000000000167a000
[elf    ] PT_LOAD vaddr 0000500000000000 filesz 000000000001b713 memsz 000000000001b713 (ro) -> mapped USER (bounds ok)
[elf    ] PT_LOAD vaddr 000050000001c000 filesz 0000000000003f20 memsz 0000000000003f20 (ro) -> mapped USER (bounds ok)
[elf    ] PT_LOAD vaddr 0000500000020000 filesz 0000000000000284 memsz 0000000000037fe0 (rw) -> mapped USER (bounds ok)
[hw     ] GRANT  pid 365 'kp-stress' -> 'sensor0': phys 0000000001003000 mapped at vaddr 0000405b40000000 (1 pages)
[surface] pid 364 owns surface 6 (64x64) DOUBLE-BUFFERED at user vaddr 0000530000000000 (+4 pages back) (recycled pixel buffers)
[surface] slot 6 reclaimed on owner exit — 8 pages (phys 0000000001574000) back on the free list
[surface] pid 364 owns surface 6 (64x64) DOUBLE-BUFFERED at user vaddr 0000530000000000 (+4 pages back) (recycled pixel buffers)
[surface] slot 6 reclaimed on owner exit — 8 pages (phys 0000000001574000) back on the free list
[kernel ] spawned pid 366 'kp-stress' caps 0000000000000040 — private PML4 @ phys 00000000013f0000
[elf    ] PT_LOAD vaddr 0000500000000000 filesz 000000000001b713 memsz 000000000001b713 (ro) -> mapped USER (bounds ok)
[elf    ] PT_LOAD vaddr 000050000001c000 filesz 0000000000003f20 memsz 0000000000003f20 (ro) -> mapped USER (bounds ok)
[elf    ] PT_LOAD vaddr 0000500000020000 filesz 0000000000000284 memsz 0000000000037fe0 (rw) -> mapped USER (bounds ok)
[kernel ] spawned pid 367 'kp-stress' caps 0000000000000003 — private PML4 @ phys 0000000001666000
[elf    ] PT_LOAD vaddr 0000500000000000 filesz 000000000001b713 memsz 000000000001b713 (ro) -> mapped USER (bounds ok)
[elf    ] PT_LOAD vaddr 000050000001c000 filesz 0000000000003f20 memsz 0000000000003f20 (ro) -> mapped USER (bounds ok)
[elf    ] PT_LOAD vaddr 0000500000020000 filesz 0000000000000284 memsz 0000000000037fe0 (rw) -> mapped USER (bounds ok)
[surface] pid 366 owns surface 6 (64x64) DOUBLE-BUFFERED at user vaddr 0000530000000000 (+4 pages back) (recycled pixel buffers)
[hw     ] GRANT  pid 367 'kp-stress' -> 'sensor0': phys 0000000001003000 mapped at vaddr 0000405bc0000000 (1 pages)
[surface] slot 6 reclaimed on owner exit — 8 pages (phys 0000000001574000) back on the free list
[surface] pid 366 owns surface 6 (64x64) DOUBLE-BUFFERED at user vaddr 0000530000000000 (+4 pages back) (recycled pixel buffers)
[surface] slot 6 reclaimed on owner exit — 8 pages (phys 0000000001574000) back on the free list
[kpstrs] cycle 150/200 clean (slots seen so far: 3, recycled spawns: 303)
[kernel ] spawned pid 368 'kp-stress' caps 0000000000000040 — private PML4 @ phys 00000000013f0000
[elf    ] PT_LOAD vaddr 0000500000000000 filesz 000000000001b713 memsz 000000000001b713 (ro) -> mapped USER (bounds ok)
[elf    ] PT_LOAD vaddr 000050000001c000 filesz 0000000000003f20 memsz 0000000000003f20 (ro) -> mapped USER (bounds ok)
[elf    ] PT_LOAD vaddr 0000500000020000 filesz 0000000000000284 memsz 0000000000037fe0 (rw) -> mapped USER (bounds ok)
[kernel ] spawned pid 369 'kp-stress' caps 0000000000000003 — private PML4 @ phys 0000000001652000
[elf    ] PT_LOAD vaddr 0000500000000000 filesz 000000000001b713 memsz 000000000001b713 (ro) -> mapped USER (bounds ok)
[elf    ] PT_LOAD vaddr 000050000001c000 filesz 0000000000003f20 memsz 0000000000003f20 (ro) -> mapped USER (bounds ok)
[elf    ] PT_LOAD vaddr 0000500000020000 filesz 0000000000000284 memsz 0000000000037fe0 (rw) -> mapped USER (bounds ok)
[hw     ] GRANT  pid 369 'kp-stress' -> 'sensor0': phys 0000000001003000 mapped at vaddr 0000405c40000000 (1 pages)
[surface] pid 368 owns surface 6 (64x64) DOUBLE-BUFFERED at user vaddr 0000530000000000 (+4 pages back) (recycled pixel buffers)
[surface] slot 6 reclaimed on owner exit — 8 pages (phys 0000000001574000) back on the free list
[surface] pid 368 owns surface 6 (64x64) DOUBLE-BUFFERED at user vaddr 0000530000000000 (+4 pages back) (recycled pixel buffers)
[surface] slot 6 reclaimed on owner exit — 8 pages (phys 0000000001574000) back on the free list
[kernel ] spawned pid 370 'kp-stress' caps 0000000000000040 — private PML4 @ phys 00000000013f0000
[elf    ] PT_LOAD vaddr 0000500000000000 filesz 000000000001b713 memsz 000000000001b713 (ro) -> mapped USER (bounds ok)
[elf    ] PT_LOAD vaddr 000050000001c000 filesz 0000000000003f20 memsz 0000000000003f20 (ro) -> mapped USER (bounds ok)
[elf    ] PT_LOAD vaddr 0000500000020000 filesz 0000000000000284 memsz 0000000000037fe0 (rw) -> mapped USER (bounds ok)
[kernel ] spawned pid 371 'kp-stress' caps 0000000000000003 — private PML4 @ phys 0000000001696000
[elf    ] PT_LOAD vaddr 0000500000000000 filesz 000000000001b713 memsz 000000000001b713 (ro) -> mapped USER (bounds ok)
[elf    ] PT_LOAD vaddr 000050000001c000 filesz 0000000000003f20 memsz 0000000000003f20 (ro) -> mapped USER (bounds ok)
[elf    ] PT_LOAD vaddr 0000500000020000 filesz 0000000000000284 memsz 0000000000037fe0 (rw) -> mapped USER (bounds ok)
[surface] pid 370 owns surface 6 (64x64) DOUBLE-BUFFERED at user vaddr 0000530000000000 (+4 pages back) (recycled pixel buffers)
[hw     ] GRANT  pid 371 'kp-stress' -> 'sensor0': phys 0000000001003000 mapped at vaddr 0000405cc0000000 (1 pages)
[surface] slot 6 reclaimed on owner exit — 8 pages (phys 0000000001574000) back on the free list
[surface] pid 370 owns surface 6 (64x64) DOUBLE-BUFFERED at user vaddr 0000530000000000 (+4 pages back) (recycled pixel buffers)
[surface] slot 6 reclaimed on owner exit — 8 pages (phys 0000000001574000) back on the free list
[kernel ] spawned pid 372 'kp-stress' caps 0000000000000040 — private PML4 @ phys 00000000013f0000
[elf    ] PT_LOAD vaddr 0000500000000000 filesz 000000000001b713 memsz 000000000001b713 (ro) -> mapped USER (bounds ok)
[elf    ] PT_LOAD vaddr 000050000001c000 filesz 0000000000003f20 memsz 0000000000003f20 (ro) -> mapped USER (bounds ok)
[elf    ] PT_LOAD vaddr 0000500000020000 filesz 0000000000000284 memsz 0000000000037fe0 (rw) -> mapped USER (bounds ok)
[kernel ] spawned pid 373 'kp-stress' caps 0000000000000003 — private PML4 @ phys 00000000016ae000
[elf    ] PT_LOAD vaddr 0000500000000000 filesz 000000000001b713 memsz 000000000001b713 (ro) -> mapped USER (bounds ok)
[elf    ] PT_LOAD vaddr 000050000001c000 filesz 0000000000003f20 memsz 0000000000003f20 (ro) -> mapped USER (bounds ok)
[elf    ] PT_LOAD vaddr 0000500000020000 filesz 0000000000000284 memsz 0000000000037fe0 (rw) -> mapped USER (bounds ok)
[surface] pid 372 owns surface 6 (64x64) DOUBLE-BUFFERED at user vaddr 0000530000000000 (+4 pages back) (recycled pixel buffers)
[hw     ] GRANT  pid 373 'kp-stress' -> 'sensor0': phys 0000000001003000 mapped at vaddr 0000405d40000000 (1 pages)
[surface] slot 6 reclaimed on owner exit — 8 pages (phys 0000000001574000) back on the free list
[surface] pid 372 owns surface 6 (64x64) DOUBLE-BUFFERED at user vaddr 0000530000000000 (+4 pages back) (recycled pixel buffers)
[surface] slot 6 reclaimed on owner exit — 8 pages (phys 0000000001574000) back on the free list
[kernel ] spawned pid 374 'kp-stress' caps 0000000000000040 — private PML4 @ phys 00000000013f0000
[elf    ] PT_LOAD vaddr 0000500000000000 filesz 000000000001b713 memsz 000000000001b713 (ro) -> mapped USER (bounds ok)
[elf    ] PT_LOAD vaddr 000050000001c000 filesz 0000000000003f20 memsz 0000000000003f20 (ro) -> mapped USER (bounds ok)
[elf    ] PT_LOAD vaddr 0000500000020000 filesz 0000000000000284 memsz 0000000000037fe0 (rw) -> mapped USER (bounds ok)
[kernel ] spawned pid 375 'kp-stress' caps 0000000000000003 — private PML4 @ phys 00000000016b0000
[elf    ] PT_LOAD vaddr 0000500000000000 filesz 000000000001b713 memsz 000000000001b713 (ro) -> mapped USER (bounds ok)
[elf    ] PT_LOAD vaddr 000050000001c000 filesz 0000000000003f20 memsz 0000000000003f20 (ro) -> mapped USER (bounds ok)
[elf    ] PT_LOAD vaddr 0000500000020000 filesz 0000000000000284 memsz 0000000000037fe0 (rw) -> mapped USER (bounds ok)
[surface] pid 374 owns surface 6 (64x64) DOUBLE-BUFFERED at user vaddr 0000530000000000 (+4 pages back) (recycled pixel buffers)
[hw     ] GRANT  pid 375 'kp-stress' -> 'sensor0': phys 0000000001003000 mapped at vaddr 0000405dc0000000 (1 pages)
[surface] slot 6 reclaimed on owner exit — 8 pages (phys 0000000001574000) back on the free list
[surface] pid 374 owns surface 6 (64x64) DOUBLE-BUFFERED at user vaddr 0000530000000000 (+4 pages back) (recycled pixel buffers)
[surface] slot 6 reclaimed on owner exit — 8 pages (phys 0000000001574000) back on the free list
[kernel ] spawned pid 376 'kp-stress' caps 0000000000000040 — private PML4 @ phys 00000000013f0000
[elf    ] PT_LOAD vaddr 0000500000000000 filesz 000000000001b713 memsz 000000000001b713 (ro) -> mapped USER (bounds ok)
[elf    ] PT_LOAD vaddr 000050000001c000 filesz 0000000000003f20 memsz 0000000000003f20 (ro) -> mapped USER (bounds ok)
[elf    ] PT_LOAD vaddr 0000500000020000 filesz 0000000000000284 memsz 0000000000037fe0 (rw) -> mapped USER (bounds ok)
[kernel ] spawned pid 377 'kp-stress' caps 0000000000000003 — private PML4 @ phys 00000000016b2000
[elf    ] PT_LOAD vaddr 0000500000000000 filesz 000000000001b713 memsz 000000000001b713 (ro) -> mapped USER (bounds ok)
[elf    ] PT_LOAD vaddr 000050000001c000 filesz 0000000000003f20 memsz 0000000000003f20 (ro) -> mapped USER (bounds ok)
[elf    ] PT_LOAD vaddr 0000500000020000 filesz 0000000000000284 memsz 0000000000037fe0 (rw) -> mapped USER (bounds ok)
[hw     ] GRANT  pid 377 'kp-stress' -> 'sensor0': phys 0000000001003000 mapped at vaddr 0000405e40000000 (1 pages)
[surface] pid 376 owns surface 6 (64x64) DOUBLE-BUFFERED at user vaddr 0000530000000000 (+4 pages back) (recycled pixel buffers)
[surface] slot 6 reclaimed on owner exit — 8 pages (phys 0000000001574000) back on the free list
[surface] pid 376 owns surface 6 (64x64) DOUBLE-BUFFERED at user vaddr 0000530000000000 (+4 pages back) (recycled pixel buffers)
[surface] slot 6 reclaimed on owner exit — 8 pages (phys 0000000001574000) back on the free list
[kernel ] spawned pid 378 'kp-stress' caps 0000000000000040 — private PML4 @ phys 00000000013f0000
[elf    ] PT_LOAD vaddr 0000500000000000 filesz 000000000001b713 memsz 000000000001b713 (ro) -> mapped USER (bounds ok)
[elf    ] PT_LOAD vaddr 000050000001c000 filesz 0000000000003f20 memsz 0000000000003f20 (ro) -> mapped USER (bounds ok)
[elf    ] PT_LOAD vaddr 0000500000020000 filesz 0000000000000284 memsz 0000000000037fe0 (rw) -> mapped USER (bounds ok)
[kernel ] spawned pid 379 'kp-stress' caps 0000000000000003 — private PML4 @ phys 0000000001688000
[elf    ] PT_LOAD vaddr 0000500000000000 filesz 000000000001b713 memsz 000000000001b713 (ro) -> mapped USER (bounds ok)
[elf    ] PT_LOAD vaddr 000050000001c000 filesz 0000000000003f20 memsz 0000000000003f20 (ro) -> mapped USER (bounds ok)
[elf    ] PT_LOAD vaddr 0000500000020000 filesz 0000000000000284 memsz 0000000000037fe0 (rw) -> mapped USER (bounds ok)
[hw     ] GRANT  pid 379 'kp-stress' -> 'sensor0': phys 0000000001003000 mapped at vaddr 0000405ec0000000 (1 pages)
[surface] pid 378 owns surface 6 (64x64) DOUBLE-BUFFERED at user vaddr 0000530000000000 (+4 pages back) (recycled pixel buffers)
[surface] slot 6 reclaimed on owner exit — 8 pages (phys 0000000001574000) back on the free list
[surface] pid 378 owns surface 6 (64x64) DOUBLE-BUFFERED at user vaddr 0000530000000000 (+4 pages back) (recycled pixel buffers)
[surface] slot 6 reclaimed on owner exit — 8 pages (phys 0000000001574000) back on the free list
[kernel ] spawned pid 380 'kp-stress' caps 0000000000000040 — private PML4 @ phys 00000000013f0000
[elf    ] PT_LOAD vaddr 0000500000000000 filesz 000000000001b713 memsz 000000000001b713 (ro) -> mapped USER (bounds ok)
[elf    ] PT_LOAD vaddr 000050000001c000 filesz 0000000000003f20 memsz 0000000000003f20 (ro) -> mapped USER (bounds ok)
[elf    ] PT_LOAD vaddr 0000500000020000 filesz 0000000000000284 memsz 0000000000037fe0 (rw) -> mapped USER (bounds ok)
[kernel ] spawned pid 381 'kp-stress' caps 0000000000000003 — private PML4 @ phys 00000000016b6000
[elf    ] PT_LOAD vaddr 0000500000000000 filesz 000000000001b713 memsz 000000000001b713 (ro) -> mapped USER (bounds ok)
[elf    ] PT_LOAD vaddr 000050000001c000 filesz 0000000000003f20 memsz 0000000000003f20 (ro) -> mapped USER (bounds ok)
[elf    ] PT_LOAD vaddr 0000500000020000 filesz 0000000000000284 memsz 0000000000037fe0 (rw) -> mapped USER (bounds ok)
[surface] pid 380 owns surface 6 (64x64) DOUBLE-BUFFERED at user vaddr 0000530000000000 (+4 pages back) (recycled pixel buffers)
[hw     ] GRANT  pid 381 'kp-stress' -> 'sensor0': phys 0000000001003000 mapped at vaddr 0000405f40000000 (1 pages)
[surface] slot 6 reclaimed on owner exit — 8 pages (phys 0000000001574000) back on the free list
[surface] pid 380 owns surface 6 (64x64) DOUBLE-BUFFERED at user vaddr 0000530000000000 (+4 pages back) (recycled pixel buffers)
[surface] slot 6 reclaimed on owner exit — 8 pages (phys 0000000001574000) back on the free list
[kernel ] spawned pid 382 'kp-stress' caps 0000000000000040 — private PML4 @ phys 00000000013f0000
[elf    ] PT_LOAD vaddr 0000500000000000 filesz 000000000001b713 memsz 000000000001b713 (ro) -> mapped USER (bounds ok)
[elf    ] PT_LOAD vaddr 000050000001c000 filesz 0000000000003f20 memsz 0000000000003f20 (ro) -> mapped USER (bounds ok)
[elf    ] PT_LOAD vaddr 0000500000020000 filesz 0000000000000284 memsz 0000000000037fe0 (rw) -> mapped USER (bounds ok)
[kernel ] spawned pid 383 'kp-stress' caps 0000000000000003 — private PML4 @ phys 00000000016a2000
[elf    ] PT_LOAD vaddr 0000500000000000 filesz 000000000001b713 memsz 000000000001b713 (ro) -> mapped USER (bounds ok)
[elf    ] PT_LOAD vaddr 000050000001c000 filesz 0000000000003f20 memsz 0000000000003f20 (ro) -> mapped USER (bounds ok)
[elf    ] PT_LOAD vaddr 0000500000020000 filesz 0000000000000284 memsz 0000000000037fe0 (rw) -> mapped USER (bounds ok)
[surface] pid 382 owns surface 6 (64x64) DOUBLE-BUFFERED at user vaddr 0000530000000000 (+4 pages back) (recycled pixel buffers)
[hw     ] GRANT  pid 383 'kp-stress' -> 'sensor0': phys 0000000001003000 mapped at vaddr 0000405fc0000000 (1 pages)
[surface] slot 6 reclaimed on owner exit — 8 pages (phys 0000000001574000) back on the free list
[surface] pid 382 owns surface 6 (64x64) DOUBLE-BUFFERED at user vaddr 0000530000000000 (+4 pages back) (recycled pixel buffers)
[surface] slot 6 reclaimed on owner exit — 8 pages (phys 0000000001574000) back on the free list
[kernel ] spawned pid 384 'kp-stress' caps 0000000000000040 — private PML4 @ phys 00000000013f0000
[elf    ] PT_LOAD vaddr 0000500000000000 filesz 000000000001b713 memsz 000000000001b713 (ro) -> mapped USER (bounds ok)
[elf    ] PT_LOAD vaddr 000050000001c000 filesz 0000000000003f20 memsz 0000000000003f20 (ro) -> mapped USER (bounds ok)
[elf    ] PT_LOAD vaddr 0000500000020000 filesz 0000000000000284 memsz 0000000000037fe0 (rw) -> mapped USER (bounds ok)
[kernel ] spawned pid 385 'kp-stress' caps 0000000000000003 — private PML4 @ phys 00000000016ba000
[elf    ] PT_LOAD vaddr 0000500000000000 filesz 000000000001b713 memsz 000000000001b713 (ro) -> mapped USER (bounds ok)
[elf    ] PT_LOAD vaddr 000050000001c000 filesz 0000000000003f20 memsz 0000000000003f20 (ro) -> mapped USER (bounds ok)
[elf    ] PT_LOAD vaddr 0000500000020000 filesz 0000000000000284 memsz 0000000000037fe0 (rw) -> mapped USER (bounds ok)
[hw     ] GRANT  pid 385 'kp-stress' -> 'sensor0': phys 0000000001003000 mapped at vaddr 0000406040000000 (1 pages)
[surface] pid 384 owns surface 6 (64x64) DOUBLE-BUFFERED at user vaddr 0000530000000000 (+4 pages back) (recycled pixel buffers)
[surface] slot 6 reclaimed on owner exit — 8 pages (phys 0000000001574000) back on the free list
[surface] pid 384 owns surface 6 (64x64) DOUBLE-BUFFERED at user vaddr 0000530000000000 (+4 pages back) (recycled pixel buffers)
[surface] slot 6 reclaimed on owner exit — 8 pages (phys 0000000001574000) back on the free list
[kernel ] spawned pid 386 'kp-stress' caps 0000000000000040 — private PML4 @ phys 00000000013f0000
[elf    ] PT_LOAD vaddr 0000500000000000 filesz 000000000001b713 memsz 000000000001b713 (ro) -> mapped USER (bounds ok)
[elf    ] PT_LOAD vaddr 000050000001c000 filesz 0000000000003f20 memsz 0000000000003f20 (ro) -> mapped USER (bounds ok)
[elf    ] PT_LOAD vaddr 0000500000020000 filesz 0000000000000284 memsz 0000000000037fe0 (rw) -> mapped USER (bounds ok)
[kernel ] spawned pid 387 'kp-stress' caps 0000000000000003 — private PML4 @ phys 000000000167a000
[elf    ] PT_LOAD vaddr 0000500000000000 filesz 000000000001b713 memsz 000000000001b713 (ro) -> mapped USER (bounds ok)
[elf    ] PT_LOAD vaddr 000050000001c000 filesz 0000000000003f20 memsz 0000000000003f20 (ro) -> mapped USER (bounds ok)
[elf    ] PT_LOAD vaddr 0000500000020000 filesz 0000000000000284 memsz 0000000000037fe0 (rw) -> mapped USER (bounds ok)
[surface] pid 386 owns surface 6 (64x64) DOUBLE-BUFFERED at user vaddr 0000530000000000 (+4 pages back) (recycled pixel buffers)
[hw     ] GRANT  pid 387 'kp-stress' -> 'sensor0': phys 0000000001003000 mapped at vaddr 00004060c0000000 (1 pages)
[surface] slot 6 reclaimed on owner exit — 8 pages (phys 0000000001574000) back on the free list
[surface] pid 386 owns surface 6 (64x64) DOUBLE-BUFFERED at user vaddr 0000530000000000 (+4 pages back) (recycled pixel buffers)
[surface] slot 6 reclaimed on owner exit — 8 pages (phys 0000000001574000) back on the free list
[kernel ] spawned pid 388 'kp-stress' caps 0000000000000040 — private PML4 @ phys 00000000013f0000
[elf    ] PT_LOAD vaddr 0000500000000000 filesz 000000000001b713 memsz 000000000001b713 (ro) -> mapped USER (bounds ok)
[elf    ] PT_LOAD vaddr 000050000001c000 filesz 0000000000003f20 memsz 0000000000003f20 (ro) -> mapped USER (bounds ok)
[elf    ] PT_LOAD vaddr 0000500000020000 filesz 0000000000000284 memsz 0000000000037fe0 (rw) -> mapped USER (bounds ok)
[kernel ] spawned pid 389 'kp-stress' caps 0000000000000003 — private PML4 @ phys 0000000001666000
[elf    ] PT_LOAD vaddr 0000500000000000 filesz 000000000001b713 memsz 000000000001b713 (ro) -> mapped USER (bounds ok)
[elf    ] PT_LOAD vaddr 000050000001c000 filesz 0000000000003f20 memsz 0000000000003f20 (ro) -> mapped USER (bounds ok)
[elf    ] PT_LOAD vaddr 0000500000020000 filesz 0000000000000284 memsz 0000000000037fe0 (rw) -> mapped USER (bounds ok)
[hw     ] GRANT  pid 389 'kp-stress' -> 'sensor0': phys 0000000001003000 mapped at vaddr 0000406140000000 (1 pages)
[surface] pid 388 owns surface 6 (64x64) DOUBLE-BUFFERED at user vaddr 0000530000000000 (+4 pages back) (recycled pixel buffers)
[surface] slot 6 reclaimed on owner exit — 8 pages (phys 0000000001574000) back on the free list
[surface] pid 388 owns surface 6 (64x64) DOUBLE-BUFFERED at user vaddr 0000530000000000 (+4 pages back) (recycled pixel buffers)
[surface] slot 6 reclaimed on owner exit — 8 pages (phys 0000000001574000) back on the free list
[kernel ] spawned pid 390 'kp-stress' caps 0000000000000040 — private PML4 @ phys 00000000013f0000
[elf    ] PT_LOAD vaddr 0000500000000000 filesz 000000000001b713 memsz 000000000001b713 (ro) -> mapped USER (bounds ok)
[elf    ] PT_LOAD vaddr 000050000001c000 filesz 0000000000003f20 memsz 0000000000003f20 (ro) -> mapped USER (bounds ok)
[elf    ] PT_LOAD vaddr 0000500000020000 filesz 0000000000000284 memsz 0000000000037fe0 (rw) -> mapped USER (bounds ok)
[kernel ] spawned pid 391 'kp-stress' caps 0000000000000003 — private PML4 @ phys 0000000001652000
[elf    ] PT_LOAD vaddr 0000500000000000 filesz 000000000001b713 memsz 000000000001b713 (ro) -> mapped USER (bounds ok)
[elf    ] PT_LOAD vaddr 000050000001c000 filesz 0000000000003f20 memsz 0000000000003f20 (ro) -> mapped USER (bounds ok)
[elf    ] PT_LOAD vaddr 0000500000020000 filesz 0000000000000284 memsz 0000000000037fe0 (rw) -> mapped USER (bounds ok)
[surface] pid 390 owns surface 6 (64x64) DOUBLE-BUFFERED at user vaddr 0000530000000000 (+4 pages back) (recycled pixel buffers)
[hw     ] GRANT  pid 391 'kp-stress' -> 'sensor0': phys 0000000001003000 mapped at vaddr 00004061c0000000 (1 pages)
[surface] slot 6 reclaimed on owner exit — 8 pages (phys 0000000001574000) back on the free list
[surface] pid 390 owns surface 6 (64x64) DOUBLE-BUFFERED at user vaddr 0000530000000000 (+4 pages back) (recycled pixel buffers)
[surface] slot 6 reclaimed on owner exit — 8 pages (phys 0000000001574000) back on the free list
[kernel ] spawned pid 392 'kp-stress' caps 0000000000000040 — private PML4 @ phys 00000000013f0000
[elf    ] PT_LOAD vaddr 0000500000000000 filesz 000000000001b713 memsz 000000000001b713 (ro) -> mapped USER (bounds ok)
[elf    ] PT_LOAD vaddr 000050000001c000 filesz 0000000000003f20 memsz 0000000000003f20 (ro) -> mapped USER (bounds ok)
[elf    ] PT_LOAD vaddr 0000500000020000 filesz 0000000000000284 memsz 0000000000037fe0 (rw) -> mapped USER (bounds ok)
[kernel ] spawned pid 393 'kp-stress' caps 0000000000000003 — private PML4 @ phys 0000000001696000
[elf    ] PT_LOAD vaddr 0000500000000000 filesz 000000000001b713 memsz 000000000001b713 (ro) -> mapped USER (bounds ok)
[elf    ] PT_LOAD vaddr 000050000001c000 filesz 0000000000003f20 memsz 0000000000003f20 (ro) -> mapped USER (bounds ok)
[elf    ] PT_LOAD vaddr 0000500000020000 filesz 0000000000000284 memsz 0000000000037fe0 (rw) -> mapped USER (bounds ok)
[hw     ] GRANT  pid 393 'kp-stress' -> 'sensor0': phys 0000000001003000 mapped at vaddr 0000406240000000 (1 pages)
[surface] pid 392 owns surface 6 (64x64) DOUBLE-BUFFERED at user vaddr 0000530000000000 (+4 pages back) (recycled pixel buffers)
[surface] slot 6 reclaimed on owner exit — 8 pages (phys 0000000001574000) back on the free list
[surface] pid 392 owns surface 6 (64x64) DOUBLE-BUFFERED at user vaddr 0000530000000000 (+4 pages back) (recycled pixel buffers)
[surface] slot 6 reclaimed on owner exit — 8 pages (phys 0000000001574000) back on the free list
[kernel ] spawned pid 394 'kp-stress' caps 0000000000000040 — private PML4 @ phys 00000000013f0000
[elf    ] PT_LOAD vaddr 0000500000000000 filesz 000000000001b713 memsz 000000000001b713 (ro) -> mapped USER (bounds ok)
[elf    ] PT_LOAD vaddr 000050000001c000 filesz 0000000000003f20 memsz 0000000000003f20 (ro) -> mapped USER (bounds ok)
[elf    ] PT_LOAD vaddr 0000500000020000 filesz 0000000000000284 memsz 0000000000037fe0 (rw) -> mapped USER (bounds ok)
[kernel ] spawned pid 395 'kp-stress' caps 0000000000000003 — private PML4 @ phys 00000000016c3000
[elf    ] PT_LOAD vaddr 0000500000000000 filesz 000000000001b713 memsz 000000000001b713 (ro) -> mapped USER (bounds ok)
[elf    ] PT_LOAD vaddr 000050000001c000 filesz 0000000000003f20 memsz 0000000000003f20 (ro) -> mapped USER (bounds ok)
[elf    ] PT_LOAD vaddr 0000500000020000 filesz 0000000000000284 memsz 0000000000037fe0 (rw) -> mapped USER (bounds ok)
[surface] pid 394 owns surface 6 (64x64) DOUBLE-BUFFERED at user vaddr 0000530000000000 (+4 pages back) (recycled pixel buffers)
[hw     ] GRANT  pid 395 'kp-stress' -> 'sensor0': phys 0000000001003000 mapped at vaddr 00004062c0000000 (1 pages)
[surface] slot 6 reclaimed on owner exit — 8 pages (phys 0000000001574000) back on the free list
[surface] pid 394 owns surface 6 (64x64) DOUBLE-BUFFERED at user vaddr 0000530000000000 (+4 pages back) (recycled pixel buffers)
[surface] slot 6 reclaimed on owner exit — 8 pages (phys 0000000001574000) back on the free list
[kernel ] spawned pid 396 'kp-stress' caps 0000000000000040 — private PML4 @ phys 00000000013f0000
[elf    ] PT_LOAD vaddr 0000500000000000 filesz 000000000001b713 memsz 000000000001b713 (ro) -> mapped USER (bounds ok)
[elf    ] PT_LOAD vaddr 000050000001c000 filesz 0000000000003f20 memsz 0000000000003f20 (ro) -> mapped USER (bounds ok)
[elf    ] PT_LOAD vaddr 0000500000020000 filesz 0000000000000284 memsz 0000000000037fe0 (rw) -> mapped USER (bounds ok)
[kernel ] spawned pid 397 'kp-stress' caps 0000000000000003 — private PML4 @ phys 00000000016b0000
[elf    ] PT_LOAD vaddr 0000500000000000 filesz 000000000001b713 memsz 000000000001b713 (ro) -> mapped USER (bounds ok)
[elf    ] PT_LOAD vaddr 000050000001c000 filesz 0000000000003f20 memsz 0000000000003f20 (ro) -> mapped USER (bounds ok)
[elf    ] PT_LOAD vaddr 0000500000020000 filesz 0000000000000284 memsz 0000000000037fe0 (rw) -> mapped USER (bounds ok)
[hw     ] GRANT  pid 397 'kp-stress' -> 'sensor0': phys 0000000001003000 mapped at vaddr 0000406340000000 (1 pages)
[surface] pid 396 owns surface 6 (64x64) DOUBLE-BUFFERED at user vaddr 0000530000000000 (+4 pages back) (recycled pixel buffers)
[surface] slot 6 reclaimed on owner exit — 8 pages (phys 0000000001574000) back on the free list
[surface] pid 396 owns surface 6 (64x64) DOUBLE-BUFFERED at user vaddr 0000530000000000 (+4 pages back) (recycled pixel buffers)
[surface] slot 6 reclaimed on owner exit — 8 pages (phys 0000000001574000) back on the free list
[kernel ] spawned pid 398 'kp-stress' caps 0000000000000040 — private PML4 @ phys 00000000013f0000
[elf    ] PT_LOAD vaddr 0000500000000000 filesz 000000000001b713 memsz 000000000001b713 (ro) -> mapped USER (bounds ok)
[elf    ] PT_LOAD vaddr 000050000001c000 filesz 0000000000003f20 memsz 0000000000003f20 (ro) -> mapped USER (bounds ok)
[elf    ] PT_LOAD vaddr 0000500000020000 filesz 0000000000000284 memsz 0000000000037fe0 (rw) -> mapped USER (bounds ok)
[kernel ] spawned pid 399 'kp-stress' caps 0000000000000003 — private PML4 @ phys 00000000016b2000
[elf    ] PT_LOAD vaddr 0000500000000000 filesz 000000000001b713 memsz 000000000001b713 (ro) -> mapped USER (bounds ok)
[elf    ] PT_LOAD vaddr 000050000001c000 filesz 0000000000003f20 memsz 0000000000003f20 (ro) -> mapped USER (bounds ok)
[elf    ] PT_LOAD vaddr 0000500000020000 filesz 0000000000000284 memsz 0000000000037fe0 (rw) -> mapped USER (bounds ok)
[surface] pid 398 owns surface 6 (64x64) DOUBLE-BUFFERED at user vaddr 0000530000000000 (+4 pages back) (recycled pixel buffers)
[hw     ] GRANT  pid 399 'kp-stress' -> 'sensor0': phys 0000000001003000 mapped at vaddr 00004063c0000000 (1 pages)
[surface] slot 6 reclaimed on owner exit — 8 pages (phys 0000000001574000) back on the free list
[surface] pid 398 owns surface 6 (64x64) DOUBLE-BUFFERED at user vaddr 0000530000000000 (+4 pages back) (recycled pixel buffers)
[surface] slot 6 reclaimed on owner exit — 8 pages (phys 0000000001574000) back on the free list
[kernel ] spawned pid 400 'kp-stress' caps 0000000000000040 — private PML4 @ phys 00000000013f0000
[elf    ] PT_LOAD vaddr 0000500000000000 filesz 000000000001b713 memsz 000000000001b713 (ro) -> mapped USER (bounds ok)
[elf    ] PT_LOAD vaddr 000050000001c000 filesz 0000000000003f20 memsz 0000000000003f20 (ro) -> mapped USER (bounds ok)
[elf    ] PT_LOAD vaddr 0000500000020000 filesz 0000000000000284 memsz 0000000000037fe0 (rw) -> mapped USER (bounds ok)
[kernel ] spawned pid 401 'kp-stress' caps 0000000000000003 — private PML4 @ phys 0000000001688000
[elf    ] PT_LOAD vaddr 0000500000000000 filesz 000000000001b713 memsz 000000000001b713 (ro) -> mapped USER (bounds ok)
[elf    ] PT_LOAD vaddr 000050000001c000 filesz 0000000000003f20 memsz 0000000000003f20 (ro) -> mapped USER (bounds ok)
[elf    ] PT_LOAD vaddr 0000500000020000 filesz 0000000000000284 memsz 0000000000037fe0 (rw) -> mapped USER (bounds ok)
[hw     ] GRANT  pid 401 'kp-stress' -> 'sensor0': phys 0000000001003000 mapped at vaddr 0000406440000000 (1 pages)
[surface] pid 400 owns surface 6 (64x64) DOUBLE-BUFFERED at user vaddr 0000530000000000 (+4 pages back) (recycled pixel buffers)
[surface] slot 6 reclaimed on owner exit — 8 pages (phys 0000000001574000) back on the free list
[surface] pid 400 owns surface 6 (64x64) DOUBLE-BUFFERED at user vaddr 0000530000000000 (+4 pages back) (recycled pixel buffers)
[surface] slot 6 reclaimed on owner exit — 8 pages (phys 0000000001574000) back on the free list
[kernel ] spawned pid 402 'kp-stress' caps 0000000000000040 — private PML4 @ phys 00000000013f0000
[elf    ] PT_LOAD vaddr 0000500000000000 filesz 000000000001b713 memsz 000000000001b713 (ro) -> mapped USER (bounds ok)
[elf    ] PT_LOAD vaddr 000050000001c000 filesz 0000000000003f20 memsz 0000000000003f20 (ro) -> mapped USER (bounds ok)
[elf    ] PT_LOAD vaddr 0000500000020000 filesz 0000000000000284 memsz 0000000000037fe0 (rw) -> mapped USER (bounds ok)
[kernel ] spawned pid 403 'kp-stress' caps 0000000000000003 — private PML4 @ phys 00000000016b6000
[elf    ] PT_LOAD vaddr 0000500000000000 filesz 000000000001b713 memsz 000000000001b713 (ro) -> mapped USER (bounds ok)
[elf    ] PT_LOAD vaddr 000050000001c000 filesz 0000000000003f20 memsz 0000000000003f20 (ro) -> mapped USER (bounds ok)
[elf    ] PT_LOAD vaddr 0000500000020000 filesz 0000000000000284 memsz 0000000000037fe0 (rw) -> mapped USER (bounds ok)
[hw     ] GRANT  pid 403 'kp-stress' -> 'sensor0': phys 0000000001003000 mapped at vaddr 00004064c0000000 (1 pages)
[surface] pid 402 owns surface 6 (64x64) DOUBLE-BUFFERED at user vaddr 0000530000000000 (+4 pages back) (recycled pixel buffers)
[surface] slot 6 reclaimed on owner exit — 8 pages (phys 0000000001574000) back on the free list
[surface] pid 402 owns surface 6 (64x64) DOUBLE-BUFFERED at user vaddr 0000530000000000 (+4 pages back) (recycled pixel buffers)
[surface] slot 6 reclaimed on owner exit — 8 pages (phys 0000000001574000) back on the free list
[kernel ] spawned pid 404 'kp-stress' caps 0000000000000040 — private PML4 @ phys 00000000013f0000
[elf    ] PT_LOAD vaddr 0000500000000000 filesz 000000000001b713 memsz 000000000001b713 (ro) -> mapped USER (bounds ok)
[elf    ] PT_LOAD vaddr 000050000001c000 filesz 0000000000003f20 memsz 0000000000003f20 (ro) -> mapped USER (bounds ok)
[elf    ] PT_LOAD vaddr 0000500000020000 filesz 0000000000000284 memsz 0000000000037fe0 (rw) -> mapped USER (bounds ok)
[kernel ] spawned pid 405 'kp-stress' caps 0000000000000003 — private PML4 @ phys 00000000016ce000
[elf    ] PT_LOAD vaddr 0000500000000000 filesz 000000000001b713 memsz 000000000001b713 (ro) -> mapped USER (bounds ok)
[elf    ] PT_LOAD vaddr 000050000001c000 filesz 0000000000003f20 memsz 0000000000003f20 (ro) -> mapped USER (bounds ok)
[elf    ] PT_LOAD vaddr 0000500000020000 filesz 0000000000000284 memsz 0000000000037fe0 (rw) -> mapped USER (bounds ok)
[surface] pid 404 owns surface 6 (64x64) DOUBLE-BUFFERED at user vaddr 0000530000000000 (+4 pages back) (recycled pixel buffers)
[hw     ] GRANT  pid 405 'kp-stress' -> 'sensor0': phys 0000000001003000 mapped at vaddr 0000406540000000 (1 pages)
[surface] slot 6 reclaimed on owner exit — 8 pages (phys 0000000001574000) back on the free list
[surface] pid 404 owns surface 6 (64x64) DOUBLE-BUFFERED at user vaddr 0000530000000000 (+4 pages back) (recycled pixel buffers)
[surface] slot 6 reclaimed on owner exit — 8 pages (phys 0000000001574000) back on the free list
[kernel ] spawned pid 406 'kp-stress' caps 0000000000000040 — private PML4 @ phys 00000000013f0000
[elf    ] PT_LOAD vaddr 0000500000000000 filesz 000000000001b713 memsz 000000000001b713 (ro) -> mapped USER (bounds ok)
[elf    ] PT_LOAD vaddr 000050000001c000 filesz 0000000000003f20 memsz 0000000000003f20 (ro) -> mapped USER (bounds ok)
[elf    ] PT_LOAD vaddr 0000500000020000 filesz 0000000000000284 memsz 0000000000037fe0 (rw) -> mapped USER (bounds ok)
[kernel ] spawned pid 407 'kp-stress' caps 0000000000000003 — private PML4 @ phys 00000000016ba000
[elf    ] PT_LOAD vaddr 0000500000000000 filesz 000000000001b713 memsz 000000000001b713 (ro) -> mapped USER (bounds ok)
[elf    ] PT_LOAD vaddr 000050000001c000 filesz 0000000000003f20 memsz 0000000000003f20 (ro) -> mapped USER (bounds ok)
[elf    ] PT_LOAD vaddr 0000500000020000 filesz 0000000000000284 memsz 0000000000037fe0 (rw) -> mapped USER (bounds ok)
[surface] pid 406 owns surface 6 (64x64) DOUBLE-BUFFERED at user vaddr 0000530000000000 (+4 pages back) (recycled pixel buffers)
[hw     ] GRANT  pid 407 'kp-stress' -> 'sensor0': phys 0000000001003000 mapped at vaddr 00004065c0000000 (1 pages)
[surface] slot 6 reclaimed on owner exit — 8 pages (phys 0000000001574000) back on the free list
[surface] pid 406 owns surface 6 (64x64) DOUBLE-BUFFERED at user vaddr 0000530000000000 (+4 pages back) (recycled pixel buffers)
[surface] slot 6 reclaimed on owner exit — 8 pages (phys 0000000001574000) back on the free list
[kernel ] spawned pid 408 'kp-stress' caps 0000000000000040 — private PML4 @ phys 00000000013f0000
[elf    ] PT_LOAD vaddr 0000500000000000 filesz 000000000001b713 memsz 000000000001b713 (ro) -> mapped USER (bounds ok)
[elf    ] PT_LOAD vaddr 000050000001c000 filesz 0000000000003f20 memsz 0000000000003f20 (ro) -> mapped USER (bounds ok)
[elf    ] PT_LOAD vaddr 0000500000020000 filesz 0000000000000284 memsz 0000000000037fe0 (rw) -> mapped USER (bounds ok)
[kernel ] spawned pid 409 'kp-stress' caps 0000000000000003 — private PML4 @ phys 00000000016d2000
[elf    ] PT_LOAD vaddr 0000500000000000 filesz 000000000001b713 memsz 000000000001b713 (ro) -> mapped USER (bounds ok)
[elf    ] PT_LOAD vaddr 000050000001c000 filesz 0000000000003f20 memsz 0000000000003f20 (ro) -> mapped USER (bounds ok)
[elf    ] PT_LOAD vaddr 0000500000020000 filesz 0000000000000284 memsz 0000000000037fe0 (rw) -> mapped USER (bounds ok)
[surface] pid 408 owns surface 6 (64x64) DOUBLE-BUFFERED at user vaddr 0000530000000000 (+4 pages back) (recycled pixel buffers)
[hw     ] GRANT  pid 409 'kp-stress' -> 'sensor0': phys 0000000001003000 mapped at vaddr 0000406640000000 (1 pages)
[surface] slot 6 reclaimed on owner exit — 8 pages (phys 0000000001574000) back on the free list
[surface] pid 408 owns surface 6 (64x64) DOUBLE-BUFFERED at user vaddr 0000530000000000 (+4 pages back) (recycled pixel buffers)
[surface] slot 6 reclaimed on owner exit — 8 pages (phys 0000000001574000) back on the free list
[kernel ] spawned pid 410 'kp-stress' caps 0000000000000040 — private PML4 @ phys 00000000013f0000
[elf    ] PT_LOAD vaddr 0000500000000000 filesz 000000000001b713 memsz 000000000001b713 (ro) -> mapped USER (bounds ok)
[elf    ] PT_LOAD vaddr 000050000001c000 filesz 0000000000003f20 memsz 0000000000003f20 (ro) -> mapped USER (bounds ok)
[elf    ] PT_LOAD vaddr 0000500000020000 filesz 0000000000000284 memsz 0000000000037fe0 (rw) -> mapped USER (bounds ok)
[kernel ] spawned pid 411 'kp-stress' caps 0000000000000003 — private PML4 @ phys 0000000001666000
[elf    ] PT_LOAD vaddr 0000500000000000 filesz 000000000001b713 memsz 000000000001b713 (ro) -> mapped USER (bounds ok)
[elf    ] PT_LOAD vaddr 000050000001c000 filesz 0000000000003f20 memsz 0000000000003f20 (ro) -> mapped USER (bounds ok)
[elf    ] PT_LOAD vaddr 0000500000020000 filesz 0000000000000284 memsz 0000000000037fe0 (rw) -> mapped USER (bounds ok)
[surface] pid 410 owns surface 6 (64x64) DOUBLE-BUFFERED at user vaddr 0000530000000000 (+4 pages back) (recycled pixel buffers)
[hw     ] GRANT  pid 411 'kp-stress' -> 'sensor0': phys 0000000001003000 mapped at vaddr 00004066c0000000 (1 pages)
[surface] slot 6 reclaimed on owner exit — 8 pages (phys 0000000001574000) back on the free list
[surface] pid 410 owns surface 6 (64x64) DOUBLE-BUFFERED at user vaddr 0000530000000000 (+4 pages back) (recycled pixel buffers)
[surface] slot 6 reclaimed on owner exit — 8 pages (phys 0000000001574000) back on the free list
[kernel ] spawned pid 412 'kp-stress' caps 0000000000000040 — private PML4 @ phys 00000000013f0000
[elf    ] PT_LOAD vaddr 0000500000000000 filesz 000000000001b713 memsz 000000000001b713 (ro) -> mapped USER (bounds ok)
[elf    ] PT_LOAD vaddr 000050000001c000 filesz 0000000000003f20 memsz 0000000000003f20 (ro) -> mapped USER (bounds ok)
[elf    ] PT_LOAD vaddr 0000500000020000 filesz 0000000000000284 memsz 0000000000037fe0 (rw) -> mapped USER (bounds ok)
[kernel ] spawned pid 413 'kp-stress' caps 0000000000000003 — private PML4 @ phys 00000000016d6000
[elf    ] PT_LOAD vaddr 0000500000000000 filesz 000000000001b713 memsz 000000000001b713 (ro) -> mapped USER (bounds ok)
[elf    ] PT_LOAD vaddr 000050000001c000 filesz 0000000000003f20 memsz 0000000000003f20 (ro) -> mapped USER (bounds ok)
[elf    ] PT_LOAD vaddr 0000500000020000 filesz 0000000000000284 memsz 0000000000037fe0 (rw) -> mapped USER (bounds ok)
[hw     ] GRANT  pid 413 'kp-stress' -> 'sensor0': phys 0000000001003000 mapped at vaddr 0000406740000000 (1 pages)
[surface] pid 412 owns surface 6 (64x64) DOUBLE-BUFFERED at user vaddr 0000530000000000 (+4 pages back) (recycled pixel buffers)
[surface] slot 6 reclaimed on owner exit — 8 pages (phys 0000000001574000) back on the free list
[surface] pid 412 owns surface 6 (64x64) DOUBLE-BUFFERED at user vaddr 0000530000000000 (+4 pages back) (recycled pixel buffers)
[surface] slot 6 reclaimed on owner exit — 8 pages (phys 0000000001574000) back on the free list
[kernel ] spawned pid 414 'kp-stress' caps 0000000000000040 — private PML4 @ phys 00000000013f0000
[elf    ] PT_LOAD vaddr 0000500000000000 filesz 000000000001b713 memsz 000000000001b713 (ro) -> mapped USER (bounds ok)
[elf    ] PT_LOAD vaddr 000050000001c000 filesz 0000000000003f20 memsz 0000000000003f20 (ro) -> mapped USER (bounds ok)
[elf    ] PT_LOAD vaddr 0000500000020000 filesz 0000000000000284 memsz 0000000000037fe0 (rw) -> mapped USER (bounds ok)
[kernel ] spawned pid 415 'kp-stress' caps 0000000000000003 — private PML4 @ phys 0000000001696000
[elf    ] PT_LOAD vaddr 0000500000000000 filesz 000000000001b713 memsz 000000000001b713 (ro) -> mapped USER (bounds ok)
[elf    ] PT_LOAD vaddr 000050000001c000 filesz 0000000000003f20 memsz 0000000000003f20 (ro) -> mapped USER (bounds ok)
[elf    ] PT_LOAD vaddr 0000500000020000 filesz 0000000000000284 memsz 0000000000037fe0 (rw) -> mapped USER (bounds ok)
[surface] pid 414 owns surface 6 (64x64) DOUBLE-BUFFERED at user vaddr 0000530000000000 (+4 pages back) (recycled pixel buffers)
[hw     ] GRANT  pid 415 'kp-stress' -> 'sensor0': phys 0000000001003000 mapped at vaddr 00004067c0000000 (1 pages)
[surface] slot 6 reclaimed on owner exit — 8 pages (phys 0000000001574000) back on the free list
[surface] pid 414 owns surface 6 (64x64) DOUBLE-BUFFERED at user vaddr 0000530000000000 (+4 pages back) (recycled pixel buffers)
[surface] slot 6 reclaimed on owner exit — 8 pages (phys 0000000001574000) back on the free list
[kernel ] spawned pid 416 'kp-stress' caps 0000000000000040 — private PML4 @ phys 00000000013f0000
[elf    ] PT_LOAD vaddr 0000500000000000 filesz 000000000001b713 memsz 000000000001b713 (ro) -> mapped USER (bounds ok)
[elf    ] PT_LOAD vaddr 000050000001c000 filesz 0000000000003f20 memsz 0000000000003f20 (ro) -> mapped USER (bounds ok)
[elf    ] PT_LOAD vaddr 0000500000020000 filesz 0000000000000284 memsz 0000000000037fe0 (rw) -> mapped USER (bounds ok)
[kernel ] spawned pid 417 'kp-stress' caps 0000000000000003 — private PML4 @ phys 00000000016da000
[elf    ] PT_LOAD vaddr 0000500000000000 filesz 000000000001b713 memsz 000000000001b713 (ro) -> mapped USER (bounds ok)
[elf    ] PT_LOAD vaddr 000050000001c000 filesz 0000000000003f20 memsz 0000000000003f20 (ro) -> mapped USER (bounds ok)
[elf    ] PT_LOAD vaddr 0000500000020000 filesz 0000000000000284 memsz 0000000000037fe0 (rw) -> mapped USER (bounds ok)
[surface] pid 416 owns surface 6 (64x64) DOUBLE-BUFFERED at user vaddr 0000530000000000 (+4 pages back) (recycled pixel buffers)
[hw     ] GRANT  pid 417 'kp-stress' -> 'sensor0': phys 0000000001003000 mapped at vaddr 0000406840000000 (1 pages)
[surface] slot 6 reclaimed on owner exit — 8 pages (phys 0000000001574000) back on the free list
[surface] pid 416 owns surface 6 (64x64) DOUBLE-BUFFERED at user vaddr 0000530000000000 (+4 pages back) (recycled pixel buffers)
[surface] slot 6 reclaimed on owner exit — 8 pages (phys 0000000001574000) back on the free list
[kernel ] spawned pid 418 'kp-stress' caps 0000000000000040 — private PML4 @ phys 00000000013f0000
[elf    ] PT_LOAD vaddr 0000500000000000 filesz 000000000001b713 memsz 000000000001b713 (ro) -> mapped USER (bounds ok)
[elf    ] PT_LOAD vaddr 000050000001c000 filesz 0000000000003f20 memsz 0000000000003f20 (ro) -> mapped USER (bounds ok)
[elf    ] PT_LOAD vaddr 0000500000020000 filesz 0000000000000284 memsz 0000000000037fe0 (rw) -> mapped USER (bounds ok)
[kernel ] spawned pid 419 'kp-stress' caps 0000000000000003 — private PML4 @ phys 00000000016dc000
[elf    ] PT_LOAD vaddr 0000500000000000 filesz 000000000001b713 memsz 000000000001b713 (ro) -> mapped USER (bounds ok)
[elf    ] PT_LOAD vaddr 000050000001c000 filesz 0000000000003f20 memsz 0000000000003f20 (ro) -> mapped USER (bounds ok)
[elf    ] PT_LOAD vaddr 0000500000020000 filesz 0000000000000284 memsz 0000000000037fe0 (rw) -> mapped USER (bounds ok)
[hw     ] GRANT  pid 419 'kp-stress' -> 'sensor0': phys 0000000001003000 mapped at vaddr 00004068c0000000 (1 pages)
[surface] pid 418 owns surface 6 (64x64) DOUBLE-BUFFERED at user vaddr 0000530000000000 (+4 pages back) (recycled pixel buffers)
[surface] slot 6 reclaimed on owner exit — 8 pages (phys 0000000001574000) back on the free list
[surface] pid 418 owns surface 6 (64x64) DOUBLE-BUFFERED at user vaddr 0000530000000000 (+4 pages back) (recycled pixel buffers)
[surface] slot 6 reclaimed on owner exit — 8 pages (phys 0000000001574000) back on the free list
[kernel ] spawned pid 420 'kp-stress' caps 0000000000000040 — private PML4 @ phys 00000000013f0000
[elf    ] PT_LOAD vaddr 0000500000000000 filesz 000000000001b713 memsz 000000000001b713 (ro) -> mapped USER (bounds ok)
[elf    ] PT_LOAD vaddr 000050000001c000 filesz 0000000000003f20 memsz 0000000000003f20 (ro) -> mapped USER (bounds ok)
[elf    ] PT_LOAD vaddr 0000500000020000 filesz 0000000000000284 memsz 0000000000037fe0 (rw) -> mapped USER (bounds ok)
[kernel ] spawned pid 421 'kp-stress' caps 0000000000000003 — private PML4 @ phys 00000000016b2000
[elf    ] PT_LOAD vaddr 0000500000000000 filesz 000000000001b713 memsz 000000000001b713 (ro) -> mapped USER (bounds ok)
[elf    ] PT_LOAD vaddr 000050000001c000 filesz 0000000000003f20 memsz 0000000000003f20 (ro) -> mapped USER (bounds ok)
[elf    ] PT_LOAD vaddr 0000500000020000 filesz 0000000000000284 memsz 0000000000037fe0 (rw) -> mapped USER (bounds ok)
[hw     ] GRANT  pid 421 'kp-stress' -> 'sensor0': phys 0000000001003000 mapped at vaddr 0000406940000000 (1 pages)
[surface] pid 420 owns surface 6 (64x64) DOUBLE-BUFFERED at user vaddr 0000530000000000 (+4 pages back) (recycled pixel buffers)
[surface] slot 6 reclaimed on owner exit — 8 pages (phys 0000000001574000) back on the free list
[surface] pid 420 owns surface 6 (64x64) DOUBLE-BUFFERED at user vaddr 0000530000000000 (+4 pages back) (recycled pixel buffers)
[surface] slot 6 reclaimed on owner exit — 8 pages (phys 0000000001574000) back on the free list
[kernel ] spawned pid 422 'kp-stress' caps 0000000000000040 — private PML4 @ phys 00000000013f0000
[elf    ] PT_LOAD vaddr 0000500000000000 filesz 000000000001b713 memsz 000000000001b713 (ro) -> mapped USER (bounds ok)
[elf    ] PT_LOAD vaddr 000050000001c000 filesz 0000000000003f20 memsz 0000000000003f20 (ro) -> mapped USER (bounds ok)
[elf    ] PT_LOAD vaddr 0000500000020000 filesz 0000000000000284 memsz 0000000000037fe0 (rw) -> mapped USER (bounds ok)
[kernel ] spawned pid 423 'kp-stress' caps 0000000000000003 — private PML4 @ phys 0000000001688000
[elf    ] PT_LOAD vaddr 0000500000000000 filesz 000000000001b713 memsz 000000000001b713 (ro) -> mapped USER (bounds ok)
[elf    ] PT_LOAD vaddr 000050000001c000 filesz 0000000000003f20 memsz 0000000000003f20 (ro) -> mapped USER (bounds ok)
[elf    ] PT_LOAD vaddr 0000500000020000 filesz 0000000000000284 memsz 0000000000037fe0 (rw) -> mapped USER (bounds ok)
[surface] pid 422 owns surface 6 (64x64) DOUBLE-BUFFERED at user vaddr 0000530000000000 (+4 pages back) (recycled pixel buffers)
[hw     ] GRANT  pid 423 'kp-stress' -> 'sensor0': phys 0000000001003000 mapped at vaddr 00004069c0000000 (1 pages)
[surface] slot 6 reclaimed on owner exit — 8 pages (phys 0000000001574000) back on the free list
[surface] pid 422 owns surface 6 (64x64) DOUBLE-BUFFERED at user vaddr 0000530000000000 (+4 pages back) (recycled pixel buffers)
[surface] slot 6 reclaimed on owner exit — 8 pages (phys 0000000001574000) back on the free list
[kernel ] spawned pid 424 'kp-stress' caps 0000000000000040 — private PML4 @ phys 00000000013f0000
[elf    ] PT_LOAD vaddr 0000500000000000 filesz 000000000001b713 memsz 000000000001b713 (ro) -> mapped USER (bounds ok)
[elf    ] PT_LOAD vaddr 000050000001c000 filesz 0000000000003f20 memsz 0000000000003f20 (ro) -> mapped USER (bounds ok)
[elf    ] PT_LOAD vaddr 0000500000020000 filesz 0000000000000284 memsz 0000000000037fe0 (rw) -> mapped USER (bounds ok)
[kernel ] spawned pid 425 'kp-stress' caps 0000000000000003 — private PML4 @ phys 00000000016b6000
[elf    ] PT_LOAD vaddr 0000500000000000 filesz 000000000001b713 memsz 000000000001b713 (ro) -> mapped USER (bounds ok)
[elf    ] PT_LOAD vaddr 000050000001c000 filesz 0000000000003f20 memsz 0000000000003f20 (ro) -> mapped USER (bounds ok)
[elf    ] PT_LOAD vaddr 0000500000020000 filesz 0000000000000284 memsz 0000000000037fe0 (rw) -> mapped USER (bounds ok)
[surface] pid 424 owns surface 6 (64x64) DOUBLE-BUFFERED at user vaddr 0000530000000000 (+4 pages back) (recycled pixel buffers)
[hw     ] GRANT  pid 425 'kp-stress' -> 'sensor0': phys 0000000001003000 mapped at vaddr 0000406a40000000 (1 pages)
[surface] slot 6 reclaimed on owner exit — 8 pages (phys 0000000001574000) back on the free list
[surface] pid 424 owns surface 6 (64x64) DOUBLE-BUFFERED at user vaddr 0000530000000000 (+4 pages back) (recycled pixel buffers)
[surface] slot 6 reclaimed on owner exit — 8 pages (phys 0000000001574000) back on the free list
[kernel ] spawned pid 426 'kp-stress' caps 0000000000000040 — private PML4 @ phys 00000000013f0000
[elf    ] PT_LOAD vaddr 0000500000000000 filesz 000000000001b713 memsz 000000000001b713 (ro) -> mapped USER (bounds ok)
[elf    ] PT_LOAD vaddr 000050000001c000 filesz 0000000000003f20 memsz 0000000000003f20 (ro) -> mapped USER (bounds ok)
[elf    ] PT_LOAD vaddr 0000500000020000 filesz 0000000000000284 memsz 0000000000037fe0 (rw) -> mapped USER (bounds ok)
[kernel ] spawned pid 427 'kp-stress' caps 0000000000000003 — private PML4 @ phys 00000000016ce000
[elf    ] PT_LOAD vaddr 0000500000000000 filesz 000000000001b713 memsz 000000000001b713 (ro) -> mapped USER (bounds ok)
[elf    ] PT_LOAD vaddr 000050000001c000 filesz 0000000000003f20 memsz 0000000000003f20 (ro) -> mapped USER (bounds ok)
[elf    ] PT_LOAD vaddr 0000500000020000 filesz 0000000000000284 memsz 0000000000037fe0 (rw) -> mapped USER (bounds ok)
[surface] pid 426 owns surface 6 (64x64) DOUBLE-BUFFERED at user vaddr 0000530000000000 (+4 pages back) (recycled pixel buffers)
[hw     ] GRANT  pid 427 'kp-stress' -> 'sensor0': phys 0000000001003000 mapped at vaddr 0000406ac0000000 (1 pages)
[surface] slot 6 reclaimed on owner exit — 8 pages (phys 0000000001574000) back on the free list
[surface] pid 426 owns surface 6 (64x64) DOUBLE-BUFFERED at user vaddr 0000530000000000 (+4 pages back) (recycled pixel buffers)
[surface] slot 6 reclaimed on owner exit — 8 pages (phys 0000000001574000) back on the free list
[kernel ] spawned pid 428 'kp-stress' caps 0000000000000040 — private PML4 @ phys 00000000013f0000
[elf    ] PT_LOAD vaddr 0000500000000000 filesz 000000000001b713 memsz 000000000001b713 (ro) -> mapped USER (bounds ok)
[elf    ] PT_LOAD vaddr 000050000001c000 filesz 0000000000003f20 memsz 0000000000003f20 (ro) -> mapped USER (bounds ok)
[elf    ] PT_LOAD vaddr 0000500000020000 filesz 0000000000000284 memsz 0000000000037fe0 (rw) -> mapped USER (bounds ok)
[kernel ] spawned pid 429 'kp-stress' caps 0000000000000003 — private PML4 @ phys 00000000016e6000
[elf    ] PT_LOAD vaddr 0000500000000000 filesz 000000000001b713 memsz 000000000001b713 (ro) -> mapped USER (bounds ok)
[elf    ] PT_LOAD vaddr 000050000001c000 filesz 0000000000003f20 memsz 0000000000003f20 (ro) -> mapped USER (bounds ok)
[elf    ] PT_LOAD vaddr 0000500000020000 filesz 0000000000000284 memsz 0000000000037fe0 (rw) -> mapped USER (bounds ok)
[hw     ] GRANT  pid 429 'kp-stress' -> 'sensor0': phys 0000000001003000 mapped at vaddr 0000406b40000000 (1 pages)
[surface] pid 428 owns surface 6 (64x64) DOUBLE-BUFFERED at user vaddr 0000530000000000 (+4 pages back) (recycled pixel buffers)
[surface] slot 6 reclaimed on owner exit — 8 pages (phys 0000000001574000) back on the free list
[surface] pid 428 owns surface 6 (64x64) DOUBLE-BUFFERED at user vaddr 0000530000000000 (+4 pages back) (recycled pixel buffers)
[surface] slot 6 reclaimed on owner exit — 8 pages (phys 0000000001574000) back on the free list
[kernel ] spawned pid 430 'kp-stress' caps 0000000000000040 — private PML4 @ phys 00000000013f0000
[elf    ] PT_LOAD vaddr 0000500000000000 filesz 000000000001b713 memsz 000000000001b713 (ro) -> mapped USER (bounds ok)
[elf    ] PT_LOAD vaddr 000050000001c000 filesz 0000000000003f20 memsz 0000000000003f20 (ro) -> mapped USER (bounds ok)
[elf    ] PT_LOAD vaddr 0000500000020000 filesz 0000000000000284 memsz 0000000000037fe0 (rw) -> mapped USER (bounds ok)
[kernel ] spawned pid 431 'kp-stress' caps 0000000000000003 — private PML4 @ phys 00000000016d2000
[elf    ] PT_LOAD vaddr 0000500000000000 filesz 000000000001b713 memsz 000000000001b713 (ro) -> mapped USER (bounds ok)
[elf    ] PT_LOAD vaddr 000050000001c000 filesz 0000000000003f20 memsz 0000000000003f20 (ro) -> mapped USER (bounds ok)
[elf    ] PT_LOAD vaddr 0000500000020000 filesz 0000000000000284 memsz 0000000000037fe0 (rw) -> mapped USER (bounds ok)
[surface] pid 430 owns surface 6 (64x64) DOUBLE-BUFFERED at user vaddr 0000530000000000 (+4 pages back) (recycled pixel buffers)
[hw     ] GRANT  pid 431 'kp-stress' -> 'sensor0': phys 0000000001003000 mapped at vaddr 0000406bc0000000 (1 pages)
[surface] slot 6 reclaimed on owner exit — 8 pages (phys 0000000001574000) back on the free list
[surface] pid 430 owns surface 6 (64x64) DOUBLE-BUFFERED at user vaddr 0000530000000000 (+4 pages back) (recycled pixel buffers)
[surface] slot 6 reclaimed on owner exit — 8 pages (phys 0000000001574000) back on the free list
[kernel ] spawned pid 432 'kp-stress' caps 0000000000000040 — private PML4 @ phys 00000000013f0000
[elf    ] PT_LOAD vaddr 0000500000000000 filesz 000000000001b713 memsz 000000000001b713 (ro) -> mapped USER (bounds ok)
[elf    ] PT_LOAD vaddr 000050000001c000 filesz 0000000000003f20 memsz 0000000000003f20 (ro) -> mapped USER (bounds ok)
[elf    ] PT_LOAD vaddr 0000500000020000 filesz 0000000000000284 memsz 0000000000037fe0 (rw) -> mapped USER (bounds ok)
[kernel ] spawned pid 433 'kp-stress' caps 0000000000000003 — private PML4 @ phys 0000000001666000
[elf    ] PT_LOAD vaddr 0000500000000000 filesz 000000000001b713 memsz 000000000001b713 (ro) -> mapped USER (bounds ok)
[elf    ] PT_LOAD vaddr 000050000001c000 filesz 0000000000003f20 memsz 0000000000003f20 (ro) -> mapped USER (bounds ok)
[elf    ] PT_LOAD vaddr 0000500000020000 filesz 0000000000000284 memsz 0000000000037fe0 (rw) -> mapped USER (bounds ok)
[hw     ] GRANT  pid 433 'kp-stress' -> 'sensor0': phys 0000000001003000 mapped at vaddr 0000406c40000000 (1 pages)
[surface] pid 432 owns surface 6 (64x64) DOUBLE-BUFFERED at user vaddr 0000530000000000 (+4 pages back) (recycled pixel buffers)
[surface] slot 6 reclaimed on owner exit — 8 pages (phys 0000000001574000) back on the free list
[surface] pid 432 owns surface 6 (64x64) DOUBLE-BUFFERED at user vaddr 0000530000000000 (+4 pages back) (recycled pixel buffers)
[surface] slot 6 reclaimed on owner exit — 8 pages (phys 0000000001574000) back on the free list
[kernel ] spawned pid 434 'kp-stress' caps 0000000000000040 — private PML4 @ phys 00000000013f0000
[elf    ] PT_LOAD vaddr 0000500000000000 filesz 000000000001b713 memsz 000000000001b713 (ro) -> mapped USER (bounds ok)
[elf    ] PT_LOAD vaddr 000050000001c000 filesz 0000000000003f20 memsz 0000000000003f20 (ro) -> mapped USER (bounds ok)
[elf    ] PT_LOAD vaddr 0000500000020000 filesz 0000000000000284 memsz 0000000000037fe0 (rw) -> mapped USER (bounds ok)
[kernel ] spawned pid 435 'kp-stress' caps 0000000000000003 — private PML4 @ phys 00000000016ec000
[elf    ] PT_LOAD vaddr 0000500000000000 filesz 000000000001b713 memsz 000000000001b713 (ro) -> mapped USER (bounds ok)
[elf    ] PT_LOAD vaddr 000050000001c000 filesz 0000000000003f20 memsz 0000000000003f20 (ro) -> mapped USER (bounds ok)
[elf    ] PT_LOAD vaddr 0000500000020000 filesz 0000000000000284 memsz 0000000000037fe0 (rw) -> mapped USER (bounds ok)
[hw     ] GRANT  pid 435 'kp-stress' -> 'sensor0': phys 0000000001003000 mapped at vaddr 0000406cc0000000 (1 pages)
[surface] pid 434 owns surface 6 (64x64) DOUBLE-BUFFERED at user vaddr 0000530000000000 (+4 pages back) (recycled pixel buffers)
[surface] slot 6 reclaimed on owner exit — 8 pages (phys 0000000001574000) back on the free list
[surface] pid 434 owns surface 6 (64x64) DOUBLE-BUFFERED at user vaddr 0000530000000000 (+4 pages back) (recycled pixel buffers)
[surface] slot 6 reclaimed on owner exit — 8 pages (phys 0000000001574000) back on the free list
[kernel ] spawned pid 436 'kp-stress' caps 0000000000000040 — private PML4 @ phys 00000000013f0000
[elf    ] PT_LOAD vaddr 0000500000000000 filesz 000000000001b713 memsz 000000000001b713 (ro) -> mapped USER (bounds ok)
[elf    ] PT_LOAD vaddr 000050000001c000 filesz 0000000000003f20 memsz 0000000000003f20 (ro) -> mapped USER (bounds ok)
[elf    ] PT_LOAD vaddr 0000500000020000 filesz 0000000000000284 memsz 0000000000037fe0 (rw) -> mapped USER (bounds ok)
[kernel ] spawned pid 437 'kp-stress' caps 0000000000000003 — private PML4 @ phys 00000000016ee000
[elf    ] PT_LOAD vaddr 0000500000000000 filesz 000000000001b713 memsz 000000000001b713 (ro) -> mapped USER (bounds ok)
[elf    ] PT_LOAD vaddr 000050000001c000 filesz 0000000000003f20 memsz 0000000000003f20 (ro) -> mapped USER (bounds ok)
[elf    ] PT_LOAD vaddr 0000500000020000 filesz 0000000000000284 memsz 0000000000037fe0 (rw) -> mapped USER (bounds ok)
[surface] pid 436 owns surface 6 (64x64) DOUBLE-BUFFERED at user vaddr 0000530000000000 (+4 pages back) (recycled pixel buffers)
[hw     ] GRANT  pid 437 'kp-stress' -> 'sensor0': phys 0000000001003000 mapped at vaddr 0000406d40000000 (1 pages)
[surface] slot 6 reclaimed on owner exit — 8 pages (phys 0000000001574000) back on the free list
[surface] pid 436 owns surface 6 (64x64) DOUBLE-BUFFERED at user vaddr 0000530000000000 (+4 pages back) (recycled pixel buffers)
[surface] slot 6 reclaimed on owner exit — 8 pages (phys 0000000001574000) back on the free list
[kernel ] spawned pid 438 'kp-stress' caps 0000000000000040 — private PML4 @ phys 00000000013f0000
[elf    ] PT_LOAD vaddr 0000500000000000 filesz 000000000001b713 memsz 000000000001b713 (ro) -> mapped USER (bounds ok)
[elf    ] PT_LOAD vaddr 000050000001c000 filesz 0000000000003f20 memsz 0000000000003f20 (ro) -> mapped USER (bounds ok)
[elf    ] PT_LOAD vaddr 0000500000020000 filesz 0000000000000284 memsz 0000000000037fe0 (rw) -> mapped USER (bounds ok)
[kernel ] spawned pid 439 'kp-stress' caps 0000000000000003 — private PML4 @ phys 00000000016da000
[elf    ] PT_LOAD vaddr 0000500000000000 filesz 000000000001b713 memsz 000000000001b713 (ro) -> mapped USER (bounds ok)
[elf    ] PT_LOAD vaddr 000050000001c000 filesz 0000000000003f20 memsz 0000000000003f20 (ro) -> mapped USER (bounds ok)
[elf    ] PT_LOAD vaddr 0000500000020000 filesz 0000000000000284 memsz 0000000000037fe0 (rw) -> mapped USER (bounds ok)
[surface] pid 438 owns surface 6 (64x64) DOUBLE-BUFFERED at user vaddr 0000530000000000 (+4 pages back) (recycled pixel buffers)
[hw     ] GRANT  pid 439 'kp-stress' -> 'sensor0': phys 0000000001003000 mapped at vaddr 0000406dc0000000 (1 pages)
[surface] slot 6 reclaimed on owner exit — 8 pages (phys 0000000001574000) back on the free list
[surface] pid 438 owns surface 6 (64x64) DOUBLE-BUFFERED at user vaddr 0000530000000000 (+4 pages back) (recycled pixel buffers)
[surface] slot 6 reclaimed on owner exit — 8 pages (phys 0000000001574000) back on the free list
[kernel ] spawned pid 440 'kp-stress' caps 0000000000000040 — private PML4 @ phys 00000000013f0000
[elf    ] PT_LOAD vaddr 0000500000000000 filesz 000000000001b713 memsz 000000000001b713 (ro) -> mapped USER (bounds ok)
[elf    ] PT_LOAD vaddr 000050000001c000 filesz 0000000000003f20 memsz 0000000000003f20 (ro) -> mapped USER (bounds ok)
[elf    ] PT_LOAD vaddr 0000500000020000 filesz 0000000000000284 memsz 0000000000037fe0 (rw) -> mapped USER (bounds ok)
[kernel ] spawned pid 441 'kp-stress' caps 0000000000000003 — private PML4 @ phys 00000000016dc000
[elf    ] PT_LOAD vaddr 0000500000000000 filesz 000000000001b713 memsz 000000000001b713 (ro) -> mapped USER (bounds ok)
[elf    ] PT_LOAD vaddr 000050000001c000 filesz 0000000000003f20 memsz 0000000000003f20 (ro) -> mapped USER (bounds ok)
[elf    ] PT_LOAD vaddr 0000500000020000 filesz 0000000000000284 memsz 0000000000037fe0 (rw) -> mapped USER (bounds ok)
[hw     ] GRANT  pid 441 'kp-stress' -> 'sensor0': phys 0000000001003000 mapped at vaddr 0000406e40000000 (1 pages)
[surface] pid 440 owns surface 6 (64x64) DOUBLE-BUFFERED at user vaddr 0000530000000000 (+4 pages back) (recycled pixel buffers)
[surface] slot 6 reclaimed on owner exit — 8 pages (phys 0000000001574000) back on the free list
[surface] pid 440 owns surface 6 (64x64) DOUBLE-BUFFERED at user vaddr 0000530000000000 (+4 pages back) (recycled pixel buffers)
[surface] slot 6 reclaimed on owner exit — 8 pages (phys 0000000001574000) back on the free list
[kernel ] spawned pid 442 'kp-stress' caps 0000000000000040 — private PML4 @ phys 00000000013f0000
[elf    ] PT_LOAD vaddr 0000500000000000 filesz 000000000001b713 memsz 000000000001b713 (ro) -> mapped USER (bounds ok)
[elf    ] PT_LOAD vaddr 000050000001c000 filesz 0000000000003f20 memsz 0000000000003f20 (ro) -> mapped USER (bounds ok)
[elf    ] PT_LOAD vaddr 0000500000020000 filesz 0000000000000284 memsz 0000000000037fe0 (rw) -> mapped USER (bounds ok)
[kernel ] spawned pid 443 'kp-stress' caps 0000000000000003 — private PML4 @ phys 00000000016b2000
[elf    ] PT_LOAD vaddr 0000500000000000 filesz 000000000001b713 memsz 000000000001b713 (ro) -> mapped USER (bounds ok)
[elf    ] PT_LOAD vaddr 000050000001c000 filesz 0000000000003f20 memsz 0000000000003f20 (ro) -> mapped USER (bounds ok)
[elf    ] PT_LOAD vaddr 0000500000020000 filesz 0000000000000284 memsz 0000000000037fe0 (rw) -> mapped USER (bounds ok)
[hw     ] GRANT  pid 443 'kp-stress' -> 'sensor0': phys 0000000001003000 mapped at vaddr 0000406ec0000000 (1 pages)
[surface] pid 442 owns surface 6 (64x64) DOUBLE-BUFFERED at user vaddr 0000530000000000 (+4 pages back) (recycled pixel buffers)
[surface] slot 6 reclaimed on owner exit — 8 pages (phys 0000000001574000) back on the free list
[surface] pid 442 owns surface 6 (64x64) DOUBLE-BUFFERED at user vaddr 0000530000000000 (+4 pages back) (recycled pixel buffers)
[surface] slot 6 reclaimed on owner exit — 8 pages (phys 0000000001574000) back on the free list
[kernel ] spawned pid 444 'kp-stress' caps 0000000000000040 — private PML4 @ phys 00000000013f0000
[elf    ] PT_LOAD vaddr 0000500000000000 filesz 000000000001b713 memsz 000000000001b713 (ro) -> mapped USER (bounds ok)
[elf    ] PT_LOAD vaddr 000050000001c000 filesz 0000000000003f20 memsz 0000000000003f20 (ro) -> mapped USER (bounds ok)
[elf    ] PT_LOAD vaddr 0000500000020000 filesz 0000000000000284 memsz 0000000000037fe0 (rw) -> mapped USER (bounds ok)
[kernel ] spawned pid 445 'kp-stress' caps 0000000000000003 — private PML4 @ phys 00000000016f5000
[elf    ] PT_LOAD vaddr 0000500000000000 filesz 000000000001b713 memsz 000000000001b713 (ro) -> mapped USER (bounds ok)
[elf    ] PT_LOAD vaddr 000050000001c000 filesz 0000000000003f20 memsz 0000000000003f20 (ro) -> mapped USER (bounds ok)
[elf    ] PT_LOAD vaddr 0000500000020000 filesz 0000000000000284 memsz 0000000000037fe0 (rw) -> mapped USER (bounds ok)
[surface] pid 444 owns surface 6 (64x64) DOUBLE-BUFFERED at user vaddr 0000530000000000 (+4 pages back) (recycled pixel buffers)
[hw     ] GRANT  pid 445 'kp-stress' -> 'sensor0': phys 0000000001003000 mapped at vaddr 0000406f40000000 (1 pages)
[surface] slot 6 reclaimed on owner exit — 8 pages (phys 0000000001574000) back on the free list
[surface] pid 444 owns surface 6 (64x64) DOUBLE-BUFFERED at user vaddr 0000530000000000 (+4 pages back) (recycled pixel buffers)
[surface] slot 6 reclaimed on owner exit — 8 pages (phys 0000000001574000) back on the free list
[kernel ] spawned pid 446 'kp-stress' caps 0000000000000040 — private PML4 @ phys 00000000013f0000
[elf    ] PT_LOAD vaddr 0000500000000000 filesz 000000000001b713 memsz 000000000001b713 (ro) -> mapped USER (bounds ok)
[elf    ] PT_LOAD vaddr 000050000001c000 filesz 0000000000003f20 memsz 0000000000003f20 (ro) -> mapped USER (bounds ok)
[elf    ] PT_LOAD vaddr 0000500000020000 filesz 0000000000000284 memsz 0000000000037fe0 (rw) -> mapped USER (bounds ok)
[kernel ] spawned pid 447 'kp-stress' caps 0000000000000003 — private PML4 @ phys 00000000016b6000
[elf    ] PT_LOAD vaddr 0000500000000000 filesz 000000000001b713 memsz 000000000001b713 (ro) -> mapped USER (bounds ok)
[elf    ] PT_LOAD vaddr 000050000001c000 filesz 0000000000003f20 memsz 0000000000003f20 (ro) -> mapped USER (bounds ok)
[elf    ] PT_LOAD vaddr 0000500000020000 filesz 0000000000000284 memsz 0000000000037fe0 (rw) -> mapped USER (bounds ok)
[hw     ] GRANT  pid 447 'kp-stress' -> 'sensor0': phys 0000000001003000 mapped at vaddr 0000406fc0000000 (1 pages)
[surface] pid 446 owns surface 6 (64x64) DOUBLE-BUFFERED at user vaddr 0000530000000000 (+4 pages back) (recycled pixel buffers)
[surface] slot 6 reclaimed on owner exit — 8 pages (phys 0000000001574000) back on the free list
[surface] pid 446 owns surface 6 (64x64) DOUBLE-BUFFERED at user vaddr 0000530000000000 (+4 pages back) (recycled pixel buffers)
[surface] slot 6 reclaimed on owner exit — 8 pages (phys 0000000001574000) back on the free list
[kernel ] spawned pid 448 'kp-stress' caps 0000000000000040 — private PML4 @ phys 00000000013f0000
[elf    ] PT_LOAD vaddr 0000500000000000 filesz 000000000001b713 memsz 000000000001b713 (ro) -> mapped USER (bounds ok)
[elf    ] PT_LOAD vaddr 000050000001c000 filesz 0000000000003f20 memsz 0000000000003f20 (ro) -> mapped USER (bounds ok)
[elf    ] PT_LOAD vaddr 0000500000020000 filesz 0000000000000284 memsz 0000000000037fe0 (rw) -> mapped USER (bounds ok)
[kernel ] spawned pid 449 'kp-stress' caps 0000000000000003 — private PML4 @ phys 00000000016fa000
[elf    ] PT_LOAD vaddr 0000500000000000 filesz 000000000001b713 memsz 000000000001b713 (ro) -> mapped USER (bounds ok)
[elf    ] PT_LOAD vaddr 000050000001c000 filesz 0000000000003f20 memsz 0000000000003f20 (ro) -> mapped USER (bounds ok)
[elf    ] PT_LOAD vaddr 0000500000020000 filesz 0000000000000284 memsz 0000000000037fe0 (rw) -> mapped USER (bounds ok)
[hw     ] GRANT  pid 449 'kp-stress' -> 'sensor0': phys 0000000001003000 mapped at vaddr 0000407040000000 (1 pages)
[surface] pid 448 owns surface 6 (64x64) DOUBLE-BUFFERED at user vaddr 0000530000000000 (+4 pages back) (recycled pixel buffers)
[surface] slot 6 reclaimed on owner exit — 8 pages (phys 0000000001574000) back on the free list
[surface] pid 448 owns surface 6 (64x64) DOUBLE-BUFFERED at user vaddr 0000530000000000 (+4 pages back) (recycled pixel buffers)
[surface] slot 6 reclaimed on owner exit — 8 pages (phys 0000000001574000) back on the free list
[kernel ] spawned pid 450 'kp-stress' caps 0000000000000040 — private PML4 @ phys 00000000013f0000
[elf    ] PT_LOAD vaddr 0000500000000000 filesz 000000000001b713 memsz 000000000001b713 (ro) -> mapped USER (bounds ok)
[elf    ] PT_LOAD vaddr 000050000001c000 filesz 0000000000003f20 memsz 0000000000003f20 (ro) -> mapped USER (bounds ok)
[elf    ] PT_LOAD vaddr 0000500000020000 filesz 0000000000000284 memsz 0000000000037fe0 (rw) -> mapped USER (bounds ok)
[kernel ] spawned pid 451 'kp-stress' caps 0000000000000003 — private PML4 @ phys 00000000016fc000
[elf    ] PT_LOAD vaddr 0000500000000000 filesz 000000000001b713 memsz 000000000001b713 (ro) -> mapped USER (bounds ok)
[elf    ] PT_LOAD vaddr 000050000001c000 filesz 0000000000003f20 memsz 0000000000003f20 (ro) -> mapped USER (bounds ok)
[elf    ] PT_LOAD vaddr 0000500000020000 filesz 0000000000000284 memsz 0000000000037fe0 (rw) -> mapped USER (bounds ok)
[hw     ] GRANT  pid 451 'kp-stress' -> 'sensor0': phys 0000000001003000 mapped at vaddr 00004070c0000000 (1 pages)
[surface] pid 450 owns surface 6 (64x64) DOUBLE-BUFFERED at user vaddr 0000530000000000 (+4 pages back) (recycled pixel buffers)
[surface] slot 6 reclaimed on owner exit — 8 pages (phys 0000000001574000) back on the free list
[surface] pid 450 owns surface 6 (64x64) DOUBLE-BUFFERED at user vaddr 0000530000000000 (+4 pages back) (recycled pixel buffers)
[surface] slot 6 reclaimed on owner exit — 8 pages (phys 0000000001574000) back on the free list
[kernel ] spawned pid 452 'kp-stress' caps 0000000000000040 — private PML4 @ phys 00000000013f0000
[elf    ] PT_LOAD vaddr 0000500000000000 filesz 000000000001b713 memsz 000000000001b713 (ro) -> mapped USER (bounds ok)
[elf    ] PT_LOAD vaddr 000050000001c000 filesz 0000000000003f20 memsz 0000000000003f20 (ro) -> mapped USER (bounds ok)
[elf    ] PT_LOAD vaddr 0000500000020000 filesz 0000000000000284 memsz 0000000000037fe0 (rw) -> mapped USER (bounds ok)
[kernel ] spawned pid 453 'kp-stress' caps 0000000000000003 — private PML4 @ phys 00000000016d2000
[elf    ] PT_LOAD vaddr 0000500000000000 filesz 000000000001b713 memsz 000000000001b713 (ro) -> mapped USER (bounds ok)
[elf    ] PT_LOAD vaddr 000050000001c000 filesz 0000000000003f20 memsz 0000000000003f20 (ro) -> mapped USER (bounds ok)
[elf    ] PT_LOAD vaddr 0000500000020000 filesz 0000000000000284 memsz 0000000000037fe0 (rw) -> mapped USER (bounds ok)
[hw     ] GRANT  pid 453 'kp-stress' -> 'sensor0': phys 0000000001003000 mapped at vaddr 0000407140000000 (1 pages)
[surface] pid 452 owns surface 6 (64x64) DOUBLE-BUFFERED at user vaddr 0000530000000000 (+4 pages back) (recycled pixel buffers)
[surface] slot 6 reclaimed on owner exit — 8 pages (phys 0000000001574000) back on the free list
[surface] pid 452 owns surface 6 (64x64) DOUBLE-BUFFERED at user vaddr 0000530000000000 (+4 pages back) (recycled pixel buffers)
[surface] slot 6 reclaimed on owner exit — 8 pages (phys 0000000001574000) back on the free list
[kernel ] spawned pid 454 'kp-stress' caps 0000000000000040 — private PML4 @ phys 00000000013f0000
[elf    ] PT_LOAD vaddr 0000500000000000 filesz 000000000001b713 memsz 000000000001b713 (ro) -> mapped USER (bounds ok)
[elf    ] PT_LOAD vaddr 000050000001c000 filesz 0000000000003f20 memsz 0000000000003f20 (ro) -> mapped USER (bounds ok)
[elf    ] PT_LOAD vaddr 0000500000020000 filesz 0000000000000284 memsz 0000000000037fe0 (rw) -> mapped USER (bounds ok)
[kernel ] spawned pid 455 'kp-stress' caps 0000000000000003 — private PML4 @ phys 0000000001666000
[elf    ] PT_LOAD vaddr 0000500000000000 filesz 000000000001b713 memsz 000000000001b713 (ro) -> mapped USER (bounds ok)
[elf    ] PT_LOAD vaddr 000050000001c000 filesz 0000000000003f20 memsz 0000000000003f20 (ro) -> mapped USER (bounds ok)
[elf    ] PT_LOAD vaddr 0000500000020000 filesz 0000000000000284 memsz 0000000000037fe0 (rw) -> mapped USER (bounds ok)
[surface] pid 454 owns surface 6 (64x64) DOUBLE-BUFFERED at user vaddr 0000530000000000 (+4 pages back) (recycled pixel buffers)
[hw     ] GRANT  pid 455 'kp-stress' -> 'sensor0': phys 0000000001003000 mapped at vaddr 00004071c0000000 (1 pages)
[surface] slot 6 reclaimed on owner exit — 8 pages (phys 0000000001574000) back on the free list
[surface] pid 454 owns surface 6 (64x64) DOUBLE-BUFFERED at user vaddr 0000530000000000 (+4 pages back) (recycled pixel buffers)
[surface] slot 6 reclaimed on owner exit — 8 pages (phys 0000000001574000) back on the free list
[kernel ] spawned pid 456 'kp-stress' caps 0000000000000040 — private PML4 @ phys 00000000013f0000
[elf    ] PT_LOAD vaddr 0000500000000000 filesz 000000000001b713 memsz 000000000001b713 (ro) -> mapped USER (bounds ok)
[elf    ] PT_LOAD vaddr 000050000001c000 filesz 0000000000003f20 memsz 0000000000003f20 (ro) -> mapped USER (bounds ok)
[elf    ] PT_LOAD vaddr 0000500000020000 filesz 0000000000000284 memsz 0000000000037fe0 (rw) -> mapped USER (bounds ok)
[kernel ] spawned pid 457 'kp-stress' caps 0000000000000003 — private PML4 @ phys 0000000001702000
[elf    ] PT_LOAD vaddr 0000500000000000 filesz 000000000001b713 memsz 000000000001b713 (ro) -> mapped USER (bounds ok)
[elf    ] PT_LOAD vaddr 000050000001c000 filesz 0000000000003f20 memsz 0000000000003f20 (ro) -> mapped USER (bounds ok)
[elf    ] PT_LOAD vaddr 0000500000020000 filesz 0000000000000284 memsz 0000000000037fe0 (rw) -> mapped USER (bounds ok)
[surface] pid 456 owns surface 6 (64x64) DOUBLE-BUFFERED at user vaddr 0000530000000000 (+4 pages back) (recycled pixel buffers)
[hw     ] GRANT  pid 457 'kp-stress' -> 'sensor0': phys 0000000001003000 mapped at vaddr 0000407240000000 (1 pages)
[surface] slot 6 reclaimed on owner exit — 8 pages (phys 0000000001574000) back on the free list
[surface] pid 456 owns surface 6 (64x64) DOUBLE-BUFFERED at user vaddr 0000530000000000 (+4 pages back) (recycled pixel buffers)
[surface] slot 6 reclaimed on owner exit — 8 pages (phys 0000000001574000) back on the free list
[kernel ] spawned pid 458 'kp-stress' caps 0000000000000040 — private PML4 @ phys 00000000013f0000
[elf    ] PT_LOAD vaddr 0000500000000000 filesz 000000000001b713 memsz 000000000001b713 (ro) -> mapped USER (bounds ok)
[elf    ] PT_LOAD vaddr 000050000001c000 filesz 0000000000003f20 memsz 0000000000003f20 (ro) -> mapped USER (bounds ok)
[elf    ] PT_LOAD vaddr 0000500000020000 filesz 0000000000000284 memsz 0000000000037fe0 (rw) -> mapped USER (bounds ok)
[kernel ] spawned pid 459 'kp-stress' caps 0000000000000003 — private PML4 @ phys 0000000001704000
[elf    ] PT_LOAD vaddr 0000500000000000 filesz 000000000001b713 memsz 000000000001b713 (ro) -> mapped USER (bounds ok)
[elf    ] PT_LOAD vaddr 000050000001c000 filesz 0000000000003f20 memsz 0000000000003f20 (ro) -> mapped USER (bounds ok)
[elf    ] PT_LOAD vaddr 0000500000020000 filesz 0000000000000284 memsz 0000000000037fe0 (rw) -> mapped USER (bounds ok)
[hw     ] GRANT  pid 459 'kp-stress' -> 'sensor0': phys 0000000001003000 mapped at vaddr 00004072c0000000 (1 pages)
[surface] pid 458 owns surface 6 (64x64) DOUBLE-BUFFERED at user vaddr 0000530000000000 (+4 pages back) (recycled pixel buffers)
[surface] slot 6 reclaimed on owner exit — 8 pages (phys 0000000001574000) back on the free list
[surface] pid 458 owns surface 6 (64x64) DOUBLE-BUFFERED at user vaddr 0000530000000000 (+4 pages back) (recycled pixel buffers)
[surface] slot 6 reclaimed on owner exit — 8 pages (phys 0000000001574000) back on the free list
[kernel ] spawned pid 460 'kp-stress' caps 0000000000000040 — private PML4 @ phys 00000000013f0000
[elf    ] PT_LOAD vaddr 0000500000000000 filesz 000000000001b713 memsz 000000000001b713 (ro) -> mapped USER (bounds ok)
[elf    ] PT_LOAD vaddr 000050000001c000 filesz 0000000000003f20 memsz 0000000000003f20 (ro) -> mapped USER (bounds ok)
[elf    ] PT_LOAD vaddr 0000500000020000 filesz 0000000000000284 memsz 0000000000037fe0 (rw) -> mapped USER (bounds ok)
[kernel ] spawned pid 461 'kp-stress' caps 0000000000000003 — private PML4 @ phys 00000000016da000
[elf    ] PT_LOAD vaddr 0000500000000000 filesz 000000000001b713 memsz 000000000001b713 (ro) -> mapped USER (bounds ok)
[elf    ] PT_LOAD vaddr 000050000001c000 filesz 0000000000003f20 memsz 0000000000003f20 (ro) -> mapped USER (bounds ok)
[elf    ] PT_LOAD vaddr 0000500000020000 filesz 0000000000000284 memsz 0000000000037fe0 (rw) -> mapped USER (bounds ok)
[hw     ] GRANT  pid 461 'kp-stress' -> 'sensor0': phys 0000000001003000 mapped at vaddr 0000407340000000 (1 pages)
[surface] pid 460 owns surface 6 (64x64) DOUBLE-BUFFERED at user vaddr 0000530000000000 (+4 pages back) (recycled pixel buffers)
[surface] slot 6 reclaimed on owner exit — 8 pages (phys 0000000001574000) back on the free list
[surface] pid 460 owns surface 6 (64x64) DOUBLE-BUFFERED at user vaddr 0000530000000000 (+4 pages back) (recycled pixel buffers)
[surface] slot 6 reclaimed on owner exit — 8 pages (phys 0000000001574000) back on the free list
[kernel ] spawned pid 462 'kp-stress' caps 0000000000000040 — private PML4 @ phys 00000000013f0000
[elf    ] PT_LOAD vaddr 0000500000000000 filesz 000000000001b713 memsz 000000000001b713 (ro) -> mapped USER (bounds ok)
[elf    ] PT_LOAD vaddr 000050000001c000 filesz 0000000000003f20 memsz 0000000000003f20 (ro) -> mapped USER (bounds ok)
[elf    ] PT_LOAD vaddr 0000500000020000 filesz 0000000000000284 memsz 0000000000037fe0 (rw) -> mapped USER (bounds ok)
[kernel ] spawned pid 463 'kp-stress' caps 0000000000000003 — private PML4 @ phys 0000000001708000
[elf    ] PT_LOAD vaddr 0000500000000000 filesz 000000000001b713 memsz 000000000001b713 (ro) -> mapped USER (bounds ok)
[elf    ] PT_LOAD vaddr 000050000001c000 filesz 0000000000003f20 memsz 0000000000003f20 (ro) -> mapped USER (bounds ok)
[elf    ] PT_LOAD vaddr 0000500000020000 filesz 0000000000000284 memsz 0000000000037fe0 (rw) -> mapped USER (bounds ok)
[surface] pid 462 owns surface 6 (64x64) DOUBLE-BUFFERED at user vaddr 0000530000000000 (+4 pages back) (recycled pixel buffers)
[hw     ] GRANT  pid 463 'kp-stress' -> 'sensor0': phys 0000000001003000 mapped at vaddr 00004073c0000000 (1 pages)
[surface] slot 6 reclaimed on owner exit — 8 pages (phys 0000000001574000) back on the free list
[surface] pid 462 owns surface 6 (64x64) DOUBLE-BUFFERED at user vaddr 0000530000000000 (+4 pages back) (recycled pixel buffers)
[surface] slot 6 reclaimed on owner exit — 8 pages (phys 0000000001574000) back on the free list
[kernel ] spawned pid 464 'kp-stress' caps 0000000000000040 — private PML4 @ phys 00000000013f0000
[elf    ] PT_LOAD vaddr 0000500000000000 filesz 000000000001b713 memsz 000000000001b713 (ro) -> mapped USER (bounds ok)
[elf    ] PT_LOAD vaddr 000050000001c000 filesz 0000000000003f20 memsz 0000000000003f20 (ro) -> mapped USER (bounds ok)
[elf    ] PT_LOAD vaddr 0000500000020000 filesz 0000000000000284 memsz 0000000000037fe0 (rw) -> mapped USER (bounds ok)
[kernel ] spawned pid 465 'kp-stress' caps 0000000000000003 — private PML4 @ phys 000000000170a000
[elf    ] PT_LOAD vaddr 0000500000000000 filesz 000000000001b713 memsz 000000000001b713 (ro) -> mapped USER (bounds ok)
[elf    ] PT_LOAD vaddr 000050000001c000 filesz 0000000000003f20 memsz 0000000000003f20 (ro) -> mapped USER (bounds ok)
[elf    ] PT_LOAD vaddr 0000500000020000 filesz 0000000000000284 memsz 0000000000037fe0 (rw) -> mapped USER (bounds ok)
[hw     ] GRANT  pid 465 'kp-stress' -> 'sensor0': phys 0000000001003000 mapped at vaddr 0000407440000000 (1 pages)
[surface] pid 464 owns surface 6 (64x64) DOUBLE-BUFFERED at user vaddr 0000530000000000 (+4 pages back) (recycled pixel buffers)
[surface] slot 6 reclaimed on owner exit — 8 pages (phys 0000000001574000) back on the free list
[surface] pid 464 owns surface 6 (64x64) DOUBLE-BUFFERED at user vaddr 0000530000000000 (+4 pages back) (recycled pixel buffers)
[surface] slot 6 reclaimed on owner exit — 8 pages (phys 0000000001574000) back on the free list
[kernel ] spawned pid 466 'kp-stress' caps 0000000000000040 — private PML4 @ phys 00000000013f0000
[elf    ] PT_LOAD vaddr 0000500000000000 filesz 000000000001b713 memsz 000000000001b713 (ro) -> mapped USER (bounds ok)
[elf    ] PT_LOAD vaddr 000050000001c000 filesz 0000000000003f20 memsz 0000000000003f20 (ro) -> mapped USER (bounds ok)
[elf    ] PT_LOAD vaddr 0000500000020000 filesz 0000000000000284 memsz 0000000000037fe0 (rw) -> mapped USER (bounds ok)
[kernel ] spawned pid 467 'kp-stress' caps 0000000000000003 — private PML4 @ phys 000000000170c000
[elf    ] PT_LOAD vaddr 0000500000000000 filesz 000000000001b713 memsz 000000000001b713 (ro) -> mapped USER (bounds ok)
[elf    ] PT_LOAD vaddr 000050000001c000 filesz 0000000000003f20 memsz 0000000000003f20 (ro) -> mapped USER (bounds ok)
[elf    ] PT_LOAD vaddr 0000500000020000 filesz 0000000000000284 memsz 0000000000037fe0 (rw) -> mapped USER (bounds ok)
[hw     ] GRANT  pid 467 'kp-stress' -> 'sensor0': phys 0000000001003000 mapped at vaddr 00004074c0000000 (1 pages)
[surface] pid 466 owns surface 6 (64x64) DOUBLE-BUFFERED at user vaddr 0000530000000000 (+4 pages back) (recycled pixel buffers)
[surface] slot 6 reclaimed on owner exit — 8 pages (phys 0000000001574000) back on the free list
[surface] pid 466 owns surface 6 (64x64) DOUBLE-BUFFERED at user vaddr 0000530000000000 (+4 pages back) (recycled pixel buffers)
[surface] slot 6 reclaimed on owner exit — 8 pages (phys 0000000001574000) back on the free list
[kpstrs] cycle 200/200 clean (slots seen so far: 3, recycled spawns: 403)
[kpstrs]  PASS  kproc_spawn never failed mid-storm (recycling kept the table from exhausting)
[kpstrs]  PASS  every cycle's workers exited cleanly (exit == pid, recycled or fresh alike)
[kpstrs]  PASS  no stale DMA grants survived any cycle's teardown
[kpstrs]  PASS  no stale IOMMU domain (g_proc_slpt) survived any cycle's teardown
[kpstrs]  PASS  no descriptor leaked past any cycle (open-file table fully released each time)
[kpstrs]  PASS  recycling actually happened (>= 1 spawn reused an already-seen slot)
[kpstrs]  PASS  distinct slots used stayed within MAX_KPROC (the table never grew past its cap)
[kpstrs]  PASS  no stale surface buffer still owned by an exited worker
[kpstrs] 200 cycles (406 total spawns, 3 distinct slots, 403 recycled): +41582 freed, +41182 reused; global depth 1392
[kpstrs]  PASS  free-frame count reconciles (g_frame_free_depth == lifetime freed - reused)
[kpstrs]  PASS  the frame allocator's leaf lock never triggered a rank violation (no double-free race)
[kpstrs] RESULT: 10 passed, 0 failed
[kpstrs] KPROC STRESS VERIFIED — slots recycle, every descriptor/grant/domain/surface torn down, no drift across 200 cycles
-- done --
-- IPC STRESS: capability-gated fd/shared-memory handoff, sender/receiver churn --
[kernel ] spawned pid 468 'ipc-sender' caps 00000000000000a0 — private PML4 @ phys 00000000013f0000
[kernel ] spawned pid 469 'ipc-recv' caps 00000000000000a0 — private PML4 @ phys 00000000016d9000
[elf    ] PT_LOAD vaddr 0000500000000000 filesz 000000000001b713 memsz 000000000001b713 (ro) -> mapped USER (bounds ok)
[elf    ] PT_LOAD vaddr 000050000001c000 filesz 0000000000003f20 memsz 0000000000003f20 (ro) -> mapped USER (bounds ok)
[elf    ] PT_LOAD vaddr 0000500000020000 filesz 0000000000000284 memsz 0000000000037fe0 (rw) -> mapped USER (bounds ok)
[elf    ] PT_LOAD vaddr 0000500000000000 filesz 000000000001b713 memsz 000000000001b713 (ro) -> mapped USER (bounds ok)
[elf    ] PT_LOAD vaddr 000050000001c000 filesz 0000000000003f20 memsz 0000000000003f20 (ro) -> mapped USER (bounds ok)
[elf    ] PT_LOAD vaddr 0000500000020000 filesz 0000000000000284 memsz 0000000000037fe0 (rw) -> mapped USER (bounds ok)
[cas    ] put len 16 hash 30b47d925b331c51 -> DEDUP to block 1117 (no write)
[cas    ] put len 8 hash fef647e825add4cb -> block 1115 (stored)
[kernel ] spawned pid 470 'ipc-sender' caps 00000000000000a0 — private PML4 @ phys 00000000016d9000
[kernel ] spawned pid 471 'ipc-recv' caps 00000000000000a0 — private PML4 @ phys 00000000013f0000
[elf    ] PT_LOAD vaddr 0000500000000000 filesz 000000000001b713 memsz 000000000001b713 (ro) -> mapped USER (bounds ok)
[elf    ] PT_LOAD vaddr 000050000001c000 filesz 0000000000003f20 memsz 0000000000003f20 (ro) -> mapped USER (bounds ok)
[elf    ] PT_LOAD vaddr 0000500000020000 filesz 0000000000000284 memsz 0000000000037fe0 (rw) -> mapped USER (bounds ok)
[elf    ] PT_LOAD vaddr 0000500000000000 filesz 000000000001b713 memsz 000000000001b713 (ro) -> mapped USER (bounds ok)
[elf    ] PT_LOAD vaddr 000050000001c000 filesz 0000000000003f20 memsz 0000000000003f20 (ro) -> mapped USER (bounds ok)
[elf    ] PT_LOAD vaddr 0000500000020000 filesz 0000000000000284 memsz 0000000000037fe0 (rw) -> mapped USER (bounds ok)
[cas    ] put len 16 hash 30b47d925b331c51 -> DEDUP to block 1117 (no write)
[cas    ] put len 8 hash 3cebd5fa3b8c690d -> block 1116 (stored)
[kernel ] spawned pid 472 'ipc-sender' caps 00000000000000a0 — private PML4 @ phys 00000000013f0000
[kernel ] spawned pid 473 'ipc-recv' caps 00000000000000a0 — private PML4 @ phys 00000000016d9000
[elf    ] PT_LOAD vaddr 0000500000000000 filesz 000000000001b713 memsz 000000000001b713 (ro) -> mapped USER (bounds ok)
[elf    ] PT_LOAD vaddr 000050000001c000 filesz 0000000000003f20 memsz 0000000000003f20 (ro) -> mapped USER (bounds ok)
[elf    ] PT_LOAD vaddr 0000500000020000 filesz 0000000000000284 memsz 0000000000037fe0 (rw) -> mapped USER (bounds ok)
[elf    ] PT_LOAD vaddr 0000500000000000 filesz 000000000001b713 memsz 000000000001b713 (ro) -> mapped USER (bounds ok)
[elf    ] PT_LOAD vaddr 000050000001c000 filesz 0000000000003f20 memsz 0000000000003f20 (ro) -> mapped USER (bounds ok)
[elf    ] PT_LOAD vaddr 0000500000020000 filesz 0000000000000284 memsz 0000000000037fe0 (rw) -> mapped USER (bounds ok)
[cas    ] put len 16 hash 30b47d925b331c51 -> DEDUP to block 1117 (no write)
[cas    ] put len 8 hash 72b79c54a8e54e57 -> block 1115 (stored)
[kernel ] spawned pid 474 'ipc-sender' caps 00000000000000a0 — private PML4 @ phys 00000000016d9000
[kernel ] spawned pid 475 'ipc-recv' caps 00000000000000a0 — private PML4 @ phys 00000000013f0000
[elf    ] PT_LOAD vaddr 0000500000000000 filesz 000000000001b713 memsz 000000000001b713 (ro) -> mapped USER (bounds ok)
[elf    ] PT_LOAD vaddr 000050000001c000 filesz 0000000000003f20 memsz 0000000000003f20 (ro) -> mapped USER (bounds ok)
[elf    ] PT_LOAD vaddr 0000500000020000 filesz 0000000000000284 memsz 0000000000037fe0 (rw) -> mapped USER (bounds ok)
[elf    ] PT_LOAD vaddr 0000500000000000 filesz 000000000001b713 memsz 000000000001b713 (ro) -> mapped USER (bounds ok)
[elf    ] PT_LOAD vaddr 000050000001c000 filesz 0000000000003f20 memsz 0000000000003f20 (ro) -> mapped USER (bounds ok)
[elf    ] PT_LOAD vaddr 0000500000020000 filesz 0000000000000284 memsz 0000000000037fe0 (rw) -> mapped USER (bounds ok)
[cas    ] put len 16 hash 30b47d925b331c51 -> DEDUP to block 1117 (no write)
[cas    ] put len 8 hash b0ad2a66bec3e299 -> block 1116 (stored)
[kernel ] spawned pid 476 'ipc-sender' caps 00000000000000a0 — private PML4 @ phys 00000000013f0000
[kernel ] spawned pid 477 'ipc-recv' caps 00000000000000a0 — private PML4 @ phys 00000000016d9000
[elf    ] PT_LOAD vaddr 0000500000000000 filesz 000000000001b713 memsz 000000000001b713 (ro) -> mapped USER (bounds ok)
[elf    ] PT_LOAD vaddr 000050000001c000 filesz 0000000000003f20 memsz 0000000000003f20 (ro) -> mapped USER (bounds ok)
[elf    ] PT_LOAD vaddr 0000500000020000 filesz 0000000000000284 memsz 0000000000037fe0 (rw) -> mapped USER (bounds ok)
[elf    ] PT_LOAD vaddr 0000500000000000 filesz 000000000001b713 memsz 000000000001b713 (ro) -> mapped USER (bounds ok)
[elf    ] PT_LOAD vaddr 000050000001c000 filesz 0000000000003f20 memsz 0000000000003f20 (ro) -> mapped USER (bounds ok)
[elf    ] PT_LOAD vaddr 0000500000020000 filesz 0000000000000284 memsz 0000000000037fe0 (rw) -> mapped USER (bounds ok)
[cas    ] put len 16 hash 30b47d925b331c51 -> DEDUP to block 1117 (no write)
[cas    ] put len 8 hash f6cc80307d2825d3 -> block 1115 (stored)
[ipcstrs] round 5/20 clean
[kernel ] spawned pid 478 'ipc-sender' caps 00000000000000a0 — private PML4 @ phys 00000000016d9000
[kernel ] spawned pid 479 'ipc-recv' caps 00000000000000a0 — private PML4 @ phys 00000000013f0000
[elf    ] PT_LOAD vaddr 0000500000000000 filesz 000000000001b713 memsz 000000000001b713 (ro) -> mapped USER (bounds ok)
[elf    ] PT_LOAD vaddr 000050000001c000 filesz 0000000000003f20 memsz 0000000000003f20 (ro) -> mapped USER (bounds ok)
[elf    ] PT_LOAD vaddr 0000500000020000 filesz 0000000000000284 memsz 0000000000037fe0 (rw) -> mapped USER (bounds ok)
[elf    ] PT_LOAD vaddr 0000500000000000 filesz 000000000001b713 memsz 000000000001b713 (ro) -> mapped USER (bounds ok)
[elf    ] PT_LOAD vaddr 000050000001c000 filesz 0000000000003f20 memsz 0000000000003f20 (ro) -> mapped USER (bounds ok)
[elf    ] PT_LOAD vaddr 0000500000020000 filesz 0000000000000284 memsz 0000000000037fe0 (rw) -> mapped USER (bounds ok)
[cas    ] put len 16 hash 30b47d925b331c51 -> DEDUP to block 1117 (no write)
[cas    ] put len 8 hash 34c20e429306ba15 -> block 1116 (stored)
[kernel ] spawned pid 480 'ipc-sender' caps 00000000000000a0 — private PML4 @ phys 00000000013f0000
[kernel ] spawned pid 481 'ipc-recv' caps 00000000000000a0 — private PML4 @ phys 00000000016d9000
[elf    ] PT_LOAD vaddr 0000500000000000 filesz 000000000001b713 memsz 000000000001b713 (ro) -> mapped USER (bounds ok)
[elf    ] PT_LOAD vaddr 000050000001c000 filesz 0000000000003f20 memsz 0000000000003f20 (ro) -> mapped USER (bounds ok)
[elf    ] PT_LOAD vaddr 0000500000020000 filesz 0000000000000284 memsz 0000000000037fe0 (rw) -> mapped USER (bounds ok)
[elf    ] PT_LOAD vaddr 0000500000000000 filesz 000000000001b713 memsz 000000000001b713 (ro) -> mapped USER (bounds ok)
[elf    ] PT_LOAD vaddr 000050000001c000 filesz 0000000000003f20 memsz 0000000000003f20 (ro) -> mapped USER (bounds ok)
[elf    ] PT_LOAD vaddr 0000500000020000 filesz 0000000000000284 memsz 0000000000037fe0 (rw) -> mapped USER (bounds ok)
[cas    ] put len 16 hash 30b47d925b331c51 -> DEDUP to block 1117 (no write)
[cas    ] put len 8 hash abdc125a448d171f -> block 1115 (stored)
[kernel ] spawned pid 482 'ipc-sender' caps 00000000000000a0 — private PML4 @ phys 00000000016d9000
[kernel ] spawned pid 483 'ipc-recv' caps 00000000000000a0 — private PML4 @ phys 00000000013f0000
[elf    ] PT_LOAD vaddr 0000500000000000 filesz 000000000001b713 memsz 000000000001b713 (ro) -> mapped USER (bounds ok)
[elf    ] PT_LOAD vaddr 000050000001c000 filesz 0000000000003f20 memsz 0000000000003f20 (ro) -> mapped USER (bounds ok)
[elf    ] PT_LOAD vaddr 0000500000020000 filesz 0000000000000284 memsz 0000000000037fe0 (rw) -> mapped USER (bounds ok)
[elf    ] PT_LOAD vaddr 0000500000000000 filesz 000000000001b713 memsz 000000000001b713 (ro) -> mapped USER (bounds ok)
[elf    ] PT_LOAD vaddr 000050000001c000 filesz 0000000000003f20 memsz 0000000000003f20 (ro) -> mapped USER (bounds ok)
[elf    ] PT_LOAD vaddr 0000500000020000 filesz 0000000000000284 memsz 0000000000037fe0 (rw) -> mapped USER (bounds ok)
[cas    ] put len 16 hash 30b47d925b331c51 -> DEDUP to block 1117 (no write)
[cas    ] put len 8 hash e9d1a06c5a6bab61 -> block 1116 (stored)
[kernel ] spawned pid 484 'ipc-sender' caps 00000000000000a0 — private PML4 @ phys 00000000013f0000
[kernel ] spawned pid 485 'ipc-recv' caps 00000000000000a0 — private PML4 @ phys 00000000016d9000
[elf    ] PT_LOAD vaddr 0000500000000000 filesz 000000000001b713 memsz 000000000001b713 (ro) -> mapped USER (bounds ok)
[elf    ] PT_LOAD vaddr 000050000001c000 filesz 0000000000003f20 memsz 0000000000003f20 (ro) -> mapped USER (bounds ok)
[elf    ] PT_LOAD vaddr 0000500000020000 filesz 0000000000000284 memsz 0000000000037fe0 (rw) -> mapped USER (bounds ok)
[elf    ] PT_LOAD vaddr 0000500000000000 filesz 000000000001b713 memsz 000000000001b713 (ro) -> mapped USER (bounds ok)
[elf    ] PT_LOAD vaddr 000050000001c000 filesz 0000000000003f20 memsz 0000000000003f20 (ro) -> mapped USER (bounds ok)
[elf    ] PT_LOAD vaddr 0000500000020000 filesz 0000000000000284 memsz 0000000000037fe0 (rw) -> mapped USER (bounds ok)
[cas    ] put len 16 hash 30b47d925b331c51 -> DEDUP to block 1117 (no write)
[cas    ] put len 8 hash 2ff0f63618cfee9b -> block 1115 (stored)
[kernel ] spawned pid 486 'ipc-sender' caps 00000000000000a0 — private PML4 @ phys 00000000016d9000
[kernel ] spawned pid 487 'ipc-recv' caps 00000000000000a0 — private PML4 @ phys 00000000013f0000
[elf    ] PT_LOAD vaddr 0000500000000000 filesz 000000000001b713 memsz 000000000001b713 (ro) -> mapped USER (bounds ok)
[elf    ] PT_LOAD vaddr 000050000001c000 filesz 0000000000003f20 memsz 0000000000003f20 (ro) -> mapped USER (bounds ok)
[elf    ] PT_LOAD vaddr 0000500000020000 filesz 0000000000000284 memsz 0000000000037fe0 (rw) -> mapped USER (bounds ok)
[elf    ] PT_LOAD vaddr 0000500000000000 filesz 000000000001b713 memsz 000000000001b713 (ro) -> mapped USER (bounds ok)
[elf    ] PT_LOAD vaddr 000050000001c000 filesz 0000000000003f20 memsz 0000000000003f20 (ro) -> mapped USER (bounds ok)
[elf    ] PT_LOAD vaddr 0000500000020000 filesz 0000000000000284 memsz 0000000000037fe0 (rw) -> mapped USER (bounds ok)
[cas    ] put len 16 hash 30b47d925b331c51 -> DEDUP to block 1117 (no write)
[cas    ] put len 8 hash 6de684482eae82dd -> block 1116 (stored)
[ipcstrs] round 10/20 clean
[kernel ] spawned pid 488 'ipc-sender' caps 00000000000000a0 — private PML4 @ phys 00000000013f0000
[kernel ] spawned pid 489 'ipc-recv' caps 00000000000000a0 — private PML4 @ phys 00000000016d9000
[elf    ] PT_LOAD vaddr 0000500000000000 filesz 000000000001b713 memsz 000000000001b713 (ro) -> mapped USER (bounds ok)
[elf    ] PT_LOAD vaddr 000050000001c000 filesz 0000000000003f20 memsz 0000000000003f20 (ro) -> mapped USER (bounds ok)
[elf    ] PT_LOAD vaddr 0000500000020000 filesz 0000000000000284 memsz 0000000000037fe0 (rw) -> mapped USER (bounds ok)
[elf    ] PT_LOAD vaddr 0000500000000000 filesz 000000000001b713 memsz 000000000001b713 (ro) -> mapped USER (bounds ok)
[elf    ] PT_LOAD vaddr 000050000001c000 filesz 0000000000003f20 memsz 0000000000003f20 (ro) -> mapped USER (bounds ok)
[elf    ] PT_LOAD vaddr 0000500000020000 filesz 0000000000000284 memsz 0000000000037fe0 (rw) -> mapped USER (bounds ok)
[cas    ] put len 16 hash 30b47d925b331c51 -> DEDUP to block 1117 (no write)
[cas    ] put len 8 hash a3b24aa29c076827 -> block 1115 (stored)
[kernel ] spawned pid 490 'ipc-sender' caps 00000000000000a0 — private PML4 @ phys 00000000016d9000
[kernel ] spawned pid 491 'ipc-recv' caps 00000000000000a0 — private PML4 @ phys 00000000013f0000
[elf    ] PT_LOAD vaddr 0000500000000000 filesz 000000000001b713 memsz 000000000001b713 (ro) -> mapped USER (bounds ok)
[elf    ] PT_LOAD vaddr 000050000001c000 filesz 0000000000003f20 memsz 0000000000003f20 (ro) -> mapped USER (bounds ok)
[elf    ] PT_LOAD vaddr 0000500000020000 filesz 0000000000000284 memsz 0000000000037fe0 (rw) -> mapped USER (bounds ok)
[elf    ] PT_LOAD vaddr 0000500000000000 filesz 000000000001b713 memsz 000000000001b713 (ro) -> mapped USER (bounds ok)
[elf    ] PT_LOAD vaddr 000050000001c000 filesz 0000000000003f20 memsz 0000000000003f20 (ro) -> mapped USER (bounds ok)
[elf    ] PT_LOAD vaddr 0000500000020000 filesz 0000000000000284 memsz 0000000000037fe0 (rw) -> mapped USER (bounds ok)
[cas    ] put len 16 hash 30b47d925b331c51 -> DEDUP to block 1117 (no write)
[cas    ] put len 8 hash e1a7d8b4b1e5fc69 -> block 1116 (stored)
[kernel ] spawned pid 492 'ipc-sender' caps 00000000000000a0 — private PML4 @ phys 00000000013f0000
[kernel ] spawned pid 493 'ipc-recv' caps 00000000000000a0 — private PML4 @ phys 00000000016d9000
[elf    ] PT_LOAD vaddr 0000500000000000 filesz 000000000001b713 memsz 000000000001b713 (ro) -> mapped USER (bounds ok)
[elf    ] PT_LOAD vaddr 000050000001c000 filesz 0000000000003f20 memsz 0000000000003f20 (ro) -> mapped USER (bounds ok)
[elf    ] PT_LOAD vaddr 0000500000020000 filesz 0000000000000284 memsz 0000000000037fe0 (rw) -> mapped USER (bounds ok)
[elf    ] PT_LOAD vaddr 0000500000000000 filesz 000000000001b713 memsz 000000000001b713 (ro) -> mapped USER (bounds ok)
[elf    ] PT_LOAD vaddr 000050000001c000 filesz 0000000000003f20 memsz 0000000000003f20 (ro) -> mapped USER (bounds ok)
[elf    ] PT_LOAD vaddr 0000500000020000 filesz 0000000000000284 memsz 0000000000037fe0 (rw) -> mapped USER (bounds ok)
[cas    ] put len 16 hash 30b47d925b331c51 -> DEDUP to block 1117 (no write)
[cas    ] put len 8 hash 27c72e7e704a3fa3 -> block 1115 (stored)
[kernel ] spawned pid 494 'ipc-sender' caps 00000000000000a0 — private PML4 @ phys 00000000016d9000
[kernel ] spawned pid 495 'ipc-recv' caps 00000000000000a0 — private PML4 @ phys 00000000013f0000
[elf    ] PT_LOAD vaddr 0000500000000000 filesz 000000000001b713 memsz 000000000001b713 (ro) -> mapped USER (bounds ok)
[elf    ] PT_LOAD vaddr 000050000001c000 filesz 0000000000003f20 memsz 0000000000003f20 (ro) -> mapped USER (bounds ok)
[elf    ] PT_LOAD vaddr 0000500000020000 filesz 0000000000000284 memsz 0000000000037fe0 (rw) -> mapped USER (bounds ok)
[elf    ] PT_LOAD vaddr 0000500000000000 filesz 000000000001b713 memsz 000000000001b713 (ro) -> mapped USER (bounds ok)
[elf    ] PT_LOAD vaddr 000050000001c000 filesz 0000000000003f20 memsz 0000000000003f20 (ro) -> mapped USER (bounds ok)
[elf    ] PT_LOAD vaddr 0000500000020000 filesz 0000000000000284 memsz 0000000000037fe0 (rw) -> mapped USER (bounds ok)
[cas    ] put len 16 hash 30b47d925b331c51 -> DEDUP to block 1117 (no write)
[cas    ] put len 8 hash 65bcbc908628d3e5 -> block 1116 (stored)
[kernel ] spawned pid 496 'ipc-sender' caps 00000000000000a0 — private PML4 @ phys 00000000013f0000
[kernel ] spawned pid 497 'ipc-recv' caps 00000000000000a0 — private PML4 @ phys 00000000016d9000
[elf    ] PT_LOAD vaddr 0000500000000000 filesz 000000000001b713 memsz 000000000001b713 (ro) -> mapped USER (bounds ok)
[elf    ] PT_LOAD vaddr 000050000001c000 filesz 0000000000003f20 memsz 0000000000003f20 (ro) -> mapped USER (bounds ok)
[elf    ] PT_LOAD vaddr 0000500000020000 filesz 0000000000000284 memsz 0000000000037fe0 (rw) -> mapped USER (bounds ok)
[elf    ] PT_LOAD vaddr 0000500000000000 filesz 000000000001b713 memsz 000000000001b713 (ro) -> mapped USER (bounds ok)
[elf    ] PT_LOAD vaddr 000050000001c000 filesz 0000000000003f20 memsz 0000000000003f20 (ro) -> mapped USER (bounds ok)
[elf    ] PT_LOAD vaddr 0000500000020000 filesz 0000000000000284 memsz 0000000000037fe0 (rw) -> mapped USER (bounds ok)
[cas    ] put len 16 hash 30b47d925b331c51 -> DEDUP to block 1117 (no write)
[cas    ] put len 8 hash 9b8882eaf381b92f -> block 1115 (stored)
[ipcstrs] round 15/20 clean
[kernel ] spawned pid 498 'ipc-sender' caps 00000000000000a0 — private PML4 @ phys 00000000016d9000
[kernel ] spawned pid 499 'ipc-recv' caps 00000000000000a0 — private PML4 @ phys 00000000013f0000
[elf    ] PT_LOAD vaddr 0000500000000000 filesz 000000000001b713 memsz 000000000001b713 (ro) -> mapped USER (bounds ok)
[elf    ] PT_LOAD vaddr 000050000001c000 filesz 0000000000003f20 memsz 0000000000003f20 (ro) -> mapped USER (bounds ok)
[elf    ] PT_LOAD vaddr 0000500000020000 filesz 0000000000000284 memsz 0000000000037fe0 (rw) -> mapped USER (bounds ok)
[elf    ] PT_LOAD vaddr 0000500000000000 filesz 000000000001b713 memsz 000000000001b713 (ro) -> mapped USER (bounds ok)
[elf    ] PT_LOAD vaddr 000050000001c000 filesz 0000000000003f20 memsz 0000000000003f20 (ro) -> mapped USER (bounds ok)
[elf    ] PT_LOAD vaddr 0000500000020000 filesz 0000000000000284 memsz 0000000000037fe0 (rw) -> mapped USER (bounds ok)
[cas    ] put len 16 hash 30b47d925b331c51 -> DEDUP to block 1117 (no write)
[cas    ] put len 8 hash d97e10fd09604d71 -> block 1116 (stored)
[kernel ] spawned pid 500 'ipc-sender' caps 00000000000000a0 — private PML4 @ phys 00000000013f0000
[kernel ] spawned pid 501 'ipc-recv' caps 00000000000000a0 — private PML4 @ phys 00000000016d9000
[elf    ] PT_LOAD vaddr 0000500000000000 filesz 000000000001b713 memsz 000000000001b713 (ro) -> mapped USER (bounds ok)
[elf    ] PT_LOAD vaddr 000050000001c000 filesz 0000000000003f20 memsz 0000000000003f20 (ro) -> mapped USER (bounds ok)
[elf    ] PT_LOAD vaddr 0000500000020000 filesz 0000000000000284 memsz 0000000000037fe0 (rw) -> mapped USER (bounds ok)
[elf    ] PT_LOAD vaddr 0000500000000000 filesz 000000000001b713 memsz 000000000001b713 (ro) -> mapped USER (bounds ok)
[elf    ] PT_LOAD vaddr 000050000001c000 filesz 0000000000003f20 memsz 0000000000003f20 (ro) -> mapped USER (bounds ok)
[elf    ] PT_LOAD vaddr 0000500000020000 filesz 0000000000000284 memsz 0000000000037fe0 (rw) -> mapped USER (bounds ok)
[cas    ] put len 16 hash 30b47d925b331c51 -> DEDUP to block 1117 (no write)
[cas    ] put len 8 hash 1f9d66c6c7c490ab -> block 1115 (stored)
[kernel ] spawned pid 502 'ipc-sender' caps 00000000000000a0 — private PML4 @ phys 00000000016d9000
[kernel ] spawned pid 503 'ipc-recv' caps 00000000000000a0 — private PML4 @ phys 00000000013f0000
[elf    ] PT_LOAD vaddr 0000500000000000 filesz 000000000001b713 memsz 000000000001b713 (ro) -> mapped USER (bounds ok)
[elf    ] PT_LOAD vaddr 000050000001c000 filesz 0000000000003f20 memsz 0000000000003f20 (ro) -> mapped USER (bounds ok)
[elf    ] PT_LOAD vaddr 0000500000020000 filesz 0000000000000284 memsz 0000000000037fe0 (rw) -> mapped USER (bounds ok)
[elf    ] PT_LOAD vaddr 0000500000000000 filesz 000000000001b713 memsz 000000000001b713 (ro) -> mapped USER (bounds ok)
[elf    ] PT_LOAD vaddr 000050000001c000 filesz 0000000000003f20 memsz 0000000000003f20 (ro) -> mapped USER (bounds ok)
[elf    ] PT_LOAD vaddr 0000500000020000 filesz 0000000000000284 memsz 0000000000037fe0 (rw) -> mapped USER (bounds ok)
[cas    ] put len 16 hash 30b47d925b331c51 -> DEDUP to block 1117 (no write)
[cas    ] put len 8 hash 5d92f4d8dda324ed -> block 1116 (stored)
[kernel ] spawned pid 504 'ipc-sender' caps 00000000000000a0 — private PML4 @ phys 00000000013f0000
[kernel ] spawned pid 505 'ipc-recv' caps 00000000000000a0 — private PML4 @ phys 00000000016d9000
[elf    ] PT_LOAD vaddr 0000500000000000 filesz 000000000001b713 memsz 000000000001b713 (ro) -> mapped USER (bounds ok)
[elf    ] PT_LOAD vaddr 000050000001c000 filesz 0000000000003f20 memsz 0000000000003f20 (ro) -> mapped USER (bounds ok)
[elf    ] PT_LOAD vaddr 0000500000020000 filesz 0000000000000284 memsz 0000000000037fe0 (rw) -> mapped USER (bounds ok)
[elf    ] PT_LOAD vaddr 0000500000000000 filesz 000000000001b713 memsz 000000000001b713 (ro) -> mapped USER (bounds ok)
[elf    ] PT_LOAD vaddr 000050000001c000 filesz 0000000000003f20 memsz 0000000000003f20 (ro) -> mapped USER (bounds ok)
[elf    ] PT_LOAD vaddr 0000500000020000 filesz 0000000000000284 memsz 0000000000037fe0 (rw) -> mapped USER (bounds ok)
[cas    ] put len 16 hash 30b47d925b331c51 -> DEDUP to block 1117 (no write)
[cas    ] put len 8 hash 935ebb334afc0a37 -> block 1115 (stored)
[kernel ] spawned pid 506 'ipc-sender' caps 00000000000000a0 — private PML4 @ phys 00000000016d9000
[kernel ] spawned pid 507 'ipc-recv' caps 00000000000000a0 — private PML4 @ phys 00000000013f0000
[elf    ] PT_LOAD vaddr 0000500000000000 filesz 000000000001b713 memsz 000000000001b713 (ro) -> mapped USER (bounds ok)
[elf    ] PT_LOAD vaddr 000050000001c000 filesz 0000000000003f20 memsz 0000000000003f20 (ro) -> mapped USER (bounds ok)
[elf    ] PT_LOAD vaddr 0000500000020000 filesz 0000000000000284 memsz 0000000000037fe0 (rw) -> mapped USER (bounds ok)
[elf    ] PT_LOAD vaddr 0000500000000000 filesz 000000000001b713 memsz 000000000001b713 (ro) -> mapped USER (bounds ok)
[elf    ] PT_LOAD vaddr 000050000001c000 filesz 0000000000003f20 memsz 0000000000003f20 (ro) -> mapped USER (bounds ok)
[elf    ] PT_LOAD vaddr 0000500000020000 filesz 0000000000000284 memsz 0000000000037fe0 (rw) -> mapped USER (bounds ok)
[cas    ] put len 16 hash 30b47d925b331c51 -> DEDUP to block 1117 (no write)
[cas    ] put len 8 hash d154494560da9e79 -> block 1116 (stored)
[ipcstrs] round 20/20 clean
[ipcstrs]  PASS  every round completed without a watchdog timeout (no deadlock across preemption)
[ipcstrs]  PASS  every round's sender AND receiver exited cleanly (exit == own pid)
[ipcstrs]  PASS  no descriptor leaked past any round (open-file table fully released each time)
[ipcstrs]  PASS  no shared-memory grant survived past any round (g_ipc_shm fully released each time)
[ipcstrs] 20 rounds: +4020 freed, +4020 reused; global depth 1392
[ipcstrs]  PASS  free-frame count reconciles (g_frame_free_depth == lifetime freed - reused)
[ipcstrs]  PASS  the frame allocator's leaf lock never triggered a rank violation (no double-free race)
[ipcstrs] RESULT: 6 passed, 0 failed
[ipcstrs] IPC STRESS VERIFIED — handle and shared-memory transfer both leak-free across sender/receiver churn
-- done --
-- VFIO STRESS: ring-3 BAR mapping + routed interrupt wait, driver churn --
[vfiostrs] registered dummy device 'vfio-dev0' (idx 2): BAR0 00000000013f0000, BAR1 00000000016d9000, IRQ line 16
[cas    ] put len 8 hash e6bd86443df8ce07 -> DEDUP to block 1118 (no write)
[kernel ] spawned pid 508 'vfio-driver' caps 0000000000000120 — private PML4 @ phys 00000000011a3000
[elf    ] PT_LOAD vaddr 0000500000000000 filesz 000000000001b713 memsz 000000000001b713 (ro) -> mapped USER (bounds ok)
[elf    ] PT_LOAD vaddr 000050000001c000 filesz 0000000000003f20 memsz 0000000000003f20 (ro) -> mapped USER (bounds ok)
[elf    ] PT_LOAD vaddr 0000500000020000 filesz 0000000000000284 memsz 0000000000037fe0 (rw) -> mapped USER (bounds ok)
[kernel ] spawned pid 509 'vfio-driver' caps 0000000000000120 — private PML4 @ phys 00000000011a3000
[elf    ] PT_LOAD vaddr 0000500000000000 filesz 000000000001b713 memsz 000000000001b713 (ro) -> mapped USER (bounds ok)
[elf    ] PT_LOAD vaddr 000050000001c000 filesz 0000000000003f20 memsz 0000000000003f20 (ro) -> mapped USER (bounds ok)
[elf    ] PT_LOAD vaddr 0000500000020000 filesz 0000000000000284 memsz 0000000000037fe0 (rw) -> mapped USER (bounds ok)
[kernel ] spawned pid 510 'vfio-driver' caps 0000000000000120 — private PML4 @ phys 00000000011a3000
[elf    ] PT_LOAD vaddr 0000500000000000 filesz 000000000001b713 memsz 000000000001b713 (ro) -> mapped USER (bounds ok)
[elf    ] PT_LOAD vaddr 000050000001c000 filesz 0000000000003f20 memsz 0000000000003f20 (ro) -> mapped USER (bounds ok)
[elf    ] PT_LOAD vaddr 0000500000020000 filesz 0000000000000284 memsz 0000000000037fe0 (rw) -> mapped USER (bounds ok)
[kernel ] spawned pid 511 'vfio-driver' caps 0000000000000120 — private PML4 @ phys 00000000011a3000
[elf    ] PT_LOAD vaddr 0000500000000000 filesz 000000000001b713 memsz 000000000001b713 (ro) -> mapped USER (bounds ok)
[elf    ] PT_LOAD vaddr 000050000001c000 filesz 0000000000003f20 memsz 0000000000003f20 (ro) -> mapped USER (bounds ok)
[elf    ] PT_LOAD vaddr 0000500000020000 filesz 0000000000000284 memsz 0000000000037fe0 (rw) -> mapped USER (bounds ok)
[kernel ] spawned pid 512 'vfio-driver' caps 0000000000000120 — private PML4 @ phys 00000000011a3000
[elf    ] PT_LOAD vaddr 0000500000000000 filesz 000000000001b713 memsz 000000000001b713 (ro) -> mapped USER (bounds ok)
[elf    ] PT_LOAD vaddr 000050000001c000 filesz 0000000000003f20 memsz 0000000000003f20 (ro) -> mapped USER (bounds ok)
[elf    ] PT_LOAD vaddr 0000500000020000 filesz 0000000000000284 memsz 0000000000037fe0 (rw) -> mapped USER (bounds ok)
[vfiostrs] round 5/15 clean
[kernel ] spawned pid 513 'vfio-driver' caps 0000000000000120 — private PML4 @ phys 00000000011a3000
[elf    ] PT_LOAD vaddr 0000500000000000 filesz 000000000001b713 memsz 000000000001b713 (ro) -> mapped USER (bounds ok)
[elf    ] PT_LOAD vaddr 000050000001c000 filesz 0000000000003f20 memsz 0000000000003f20 (ro) -> mapped USER (bounds ok)
[elf    ] PT_LOAD vaddr 0000500000020000 filesz 0000000000000284 memsz 0000000000037fe0 (rw) -> mapped USER (bounds ok)
[kernel ] spawned pid 514 'vfio-driver' caps 0000000000000120 — private PML4 @ phys 00000000011a3000
[elf    ] PT_LOAD vaddr 0000500000000000 filesz 000000000001b713 memsz 000000000001b713 (ro) -> mapped USER (bounds ok)
[elf    ] PT_LOAD vaddr 000050000001c000 filesz 0000000000003f20 memsz 0000000000003f20 (ro) -> mapped USER (bounds ok)
[elf    ] PT_LOAD vaddr 0000500000020000 filesz 0000000000000284 memsz 0000000000037fe0 (rw) -> mapped USER (bounds ok)
[kernel ] spawned pid 515 'vfio-driver' caps 0000000000000120 — private PML4 @ phys 00000000011a3000
[elf    ] PT_LOAD vaddr 0000500000000000 filesz 000000000001b713 memsz 000000000001b713 (ro) -> mapped USER (bounds ok)
[elf    ] PT_LOAD vaddr 000050000001c000 filesz 0000000000003f20 memsz 0000000000003f20 (ro) -> mapped USER (bounds ok)
[elf    ] PT_LOAD vaddr 0000500000020000 filesz 0000000000000284 memsz 0000000000037fe0 (rw) -> mapped USER (bounds ok)
[kernel ] spawned pid 516 'vfio-driver' caps 0000000000000120 — private PML4 @ phys 00000000011a3000
[elf    ] PT_LOAD vaddr 0000500000000000 filesz 000000000001b713 memsz 000000000001b713 (ro) -> mapped USER (bounds ok)
[elf    ] PT_LOAD vaddr 000050000001c000 filesz 0000000000003f20 memsz 0000000000003f20 (ro) -> mapped USER (bounds ok)
[elf    ] PT_LOAD vaddr 0000500000020000 filesz 0000000000000284 memsz 0000000000037fe0 (rw) -> mapped USER (bounds ok)
[kernel ] spawned pid 517 'vfio-driver' caps 0000000000000120 — private PML4 @ phys 00000000011a3000
[elf    ] PT_LOAD vaddr 0000500000000000 filesz 000000000001b713 memsz 000000000001b713 (ro) -> mapped USER (bounds ok)
[elf    ] PT_LOAD vaddr 000050000001c000 filesz 0000000000003f20 memsz 0000000000003f20 (ro) -> mapped USER (bounds ok)
[elf    ] PT_LOAD vaddr 0000500000020000 filesz 0000000000000284 memsz 0000000000037fe0 (rw) -> mapped USER (bounds ok)
[vfiostrs] round 10/15 clean
[kernel ] spawned pid 518 'vfio-driver' caps 0000000000000120 — private PML4 @ phys 00000000011a3000
[elf    ] PT_LOAD vaddr 0000500000000000 filesz 000000000001b713 memsz 000000000001b713 (ro) -> mapped USER (bounds ok)
[elf    ] PT_LOAD vaddr 000050000001c000 filesz 0000000000003f20 memsz 0000000000003f20 (ro) -> mapped USER (bounds ok)
[elf    ] PT_LOAD vaddr 0000500000020000 filesz 0000000000000284 memsz 0000000000037fe0 (rw) -> mapped USER (bounds ok)
[kernel ] spawned pid 519 'vfio-driver' caps 0000000000000120 — private PML4 @ phys 00000000011a3000
[elf    ] PT_LOAD vaddr 0000500000000000 filesz 000000000001b713 memsz 000000000001b713 (ro) -> mapped USER (bounds ok)
[elf    ] PT_LOAD vaddr 000050000001c000 filesz 0000000000003f20 memsz 0000000000003f20 (ro) -> mapped USER (bounds ok)
[elf    ] PT_LOAD vaddr 0000500000020000 filesz 0000000000000284 memsz 0000000000037fe0 (rw) -> mapped USER (bounds ok)
[kernel ] spawned pid 520 'vfio-driver' caps 0000000000000120 — private PML4 @ phys 00000000011a3000
[elf    ] PT_LOAD vaddr 0000500000000000 filesz 000000000001b713 memsz 000000000001b713 (ro) -> mapped USER (bounds ok)
[elf    ] PT_LOAD vaddr 000050000001c000 filesz 0000000000003f20 memsz 0000000000003f20 (ro) -> mapped USER (bounds ok)
[elf    ] PT_LOAD vaddr 0000500000020000 filesz 0000000000000284 memsz 0000000000037fe0 (rw) -> mapped USER (bounds ok)
[kernel ] spawned pid 521 'vfio-driver' caps 0000000000000120 — private PML4 @ phys 00000000011a3000
[elf    ] PT_LOAD vaddr 0000500000000000 filesz 000000000001b713 memsz 000000000001b713 (ro) -> mapped USER (bounds ok)
[elf    ] PT_LOAD vaddr 000050000001c000 filesz 0000000000003f20 memsz 0000000000003f20 (ro) -> mapped USER (bounds ok)
[elf    ] PT_LOAD vaddr 0000500000020000 filesz 0000000000000284 memsz 0000000000037fe0 (rw) -> mapped USER (bounds ok)
[kernel ] spawned pid 522 'vfio-driver' caps 0000000000000120 — private PML4 @ phys 00000000011a3000
[elf    ] PT_LOAD vaddr 0000500000000000 filesz 000000000001b713 memsz 000000000001b713 (ro) -> mapped USER (bounds ok)
[elf    ] PT_LOAD vaddr 000050000001c000 filesz 0000000000003f20 memsz 0000000000003f20 (ro) -> mapped USER (bounds ok)
[elf    ] PT_LOAD vaddr 0000500000020000 filesz 0000000000000284 memsz 0000000000037fe0 (rw) -> mapped USER (bounds ok)
[vfiostrs] round 15/15 clean
[vfiostrs]  PASS  every round completed without a watchdog timeout (no deadlock across preemption)
[vfiostrs]  PASS  every round's driver exited cleanly (exit == own pid: BAR reads/writes and IRQ wait all verified in ring 3)
[vfiostrs]  PASS  no DMA/MMIO grant survived past any round's teardown
[vfiostrs]  PASS  no IRQ-line ownership survived past any round's teardown
[vfiostrs]  PASS  BAR0's sentinel survived every round's teardown (device frame never freed)
[vfiostrs] 15 rounds: +1500 freed, +1500 reused; global depth 1390
[vfiostrs]  PASS  free-frame count reconciles (g_frame_free_depth == lifetime freed - reused)
[vfiostrs]  PASS  the frame allocator's leaf lock never triggered a rank violation (no double-free race)
[vfiostrs] RESULT: 7 passed, 0 failed
[vfiostrs] VFIO STRESS VERIFIED — BAR mapping and routed interrupts both leak-free across driver churn
-- done --
-- VFS STRESS: journaling, unlink/reclamation, multi-volume mounts, driver churn --
[cas    ] put len 512 hash b5a1ebfb5e7a8925 -> block 1115 (stored)
[cas    ] put len 512 hash 84d636b00eaa2b25 -> block 1119 (stored)
[cas    ] put len 512 hash 418fb6bc44c60b25 -> block 1290 (stored)
[cas    ] put len 512 hash 1d2de4cb2eac0b25 -> block 1293 (stored)
[cas    ] put len 512 hash ab8339058cac1925 -> block 1294 (stored)
[cas    ] put len 512 hash c2a1df7d9a042325 -> block 1295 (stored)
[cas    ] put len 512 hash 10f1292ceebf3725 -> block 1296 (stored)
[cas    ] put len 512 hash 461501db2dafbb25 -> block 1297 (stored)
[cas    ] put len 512 hash 8968c52646bf8525 -> block 1298 (stored)
[cas    ] put len 512 hash 64d314dd4ddc7b25 -> block 1299 (stored)
[cas    ] put len 512 hash e4f39f386a78cf25 -> block 1300 (stored)
[cas    ] put len 512 hash 1df64db55e83af25 -> block 1301 (stored)
[cas    ] put len 512 hash 488a41cb55da9525 -> block 1302 (stored)
[cas    ] put len 512 hash cb9d739c77ac6b25 -> block 1303 (stored)
[cas    ] put len 512 hash 56859d1e86682b25 -> block 1304 (stored)
[cas    ] put len 512 hash f8abd6997cf8b325 -> block 1305 (stored)
[vfsstrs] chunk map tier 0: wrote 8192, read back 8192, 16 chunk(s)
[vfsstrs]  PASS  large-file chunk map: DIRECT tier (8 KiB) round-trips byte-for-byte
[cas    ] put len 512 hash a3fdfb9db6f99325 -> block 1306 (stored)
[cas    ] put len 512 hash 7f8f30e524f68d25 -> block 1307 (stored)
[cas    ] put len 512 hash d9246a80526ee325 -> block 1308 (stored)
[cas    ] put len 512 hash cee9e6fd2c825325 -> block 1309 (stored)
[cas    ] put len 512 hash 8d22b34506896f25 -> block 1310 (stored)
[cas    ] put len 512 hash 7e45268bf47f4525 -> block 1311 (stored)
[cas    ] put len 512 hash 068ddba039eb4725 -> block 1312 (stored)
[cas    ] put len 512 hash 5c1629e07a268b25 -> block 1313 (stored)
[cas    ] put len 512 hash 2d02c2dd6b9cb325 -> block 1314 (stored)
[cas    ] put len 512 hash d73fa84c007c8925 -> block 1315 (stored)
[cas    ] put len 512 hash 3a8cfdcbc96a2b25 -> block 1316 (stored)
[cas    ] put len 512 hash f96b06eefd549325 -> block 1317 (stored)
[cas    ] put len 512 hash e4320cd723e50b25 -> block 1318 (stored)
[cas    ] put len 512 hash 3ccc9e3d15aa2125 -> block 1319 (stored)
[cas    ] put len 512 hash fe0c3edfe3442325 -> block 1320 (stored)
[cas    ] put len 512 hash f2de4129dab34f25 -> block 1321 (stored)
[cas    ] put len 512 hash be2e1568a3fd9325 -> block 1322 (stored)
[cas    ] put len 512 hash 256595392a6d8525 -> block 1323 (stored)
[cas    ] put len 512 hash 28f7e4b71a838325 -> block 1324 (stored)
[cas    ] put len 512 hash e4d9fe10f67cf325 -> block 1325 (stored)
[cas    ] put len 512 hash ab19668be4535725 -> block 1326 (stored)
[cas    ] put len 512 hash a512135145d89525 -> block 1327 (stored)
[cas    ] put len 512 hash a74f6b91d31c6b25 -> block 1328 (stored)
[cas    ] put len 512 hash 5cbea59d94c5cb25 -> block 1329 (stored)
[cas    ] put len 512 hash 204f3439a9c8b325 -> block 1330 (stored)
[cas    ] put len 512 hash aefd34f34d7ec925 -> block 1331 (stored)
[cas    ] put len 512 hash 69819a51c4d42b25 -> block 1332 (stored)
[cas    ] put len 512 hash 4128bc646e8d2325 -> block 1333 (stored)
[cas    ] put len 512 hash 66bc6b1658a22725 -> block 1334 (stored)
[cas    ] put len 512 hash f5d9f2ece922a125 -> block 1335 (stored)
[cas    ] put len 512 hash 63dd067934396f25 -> block 1336 (stored)
[cas    ] put len 512 hash fdb94a415b0be725 -> block 1337 (stored)
[cas    ] put len 512 hash 1c9f9de2c4049b25 -> block 1338 (stored)
[cas    ] put len 512 hash 10b02221482bd525 -> block 1339 (stored)
[cas    ] put len 512 hash 1a4a04f461eb8325 -> block 1340 (stored)
[cas    ] put len 512 hash 150978b2ebeabb25 -> block 1341 (stored)
[cas    ] put len 512 hash 7ae66fa12f135725 -> block 1342 (stored)
[cas    ] put len 512 hash f9d193a51a864525 -> block 1343 (stored)
[cas    ] put len 512 hash b52c8c1c3e4d4725 -> block 1344 (stored)
[cas    ] put len 512 hash 566dc79416044b25 -> block 1345 (stored)
[cas    ] put len 512 hash 7ee660c0239d4725 -> block 1346 (stored)
[cas    ] put len 512 hash 622e140c072e5125 -> block 1347 (stored)
[cas    ] put len 512 hash 7e5e61d98a4e2b25 -> block 1348 (stored)
[cas    ] put len 512 hash 71c956bbf2e49f25 -> block 1349 (stored)
[cas    ] put len 512 hash d9e609a290f80b25 -> block 1350 (stored)
[cas    ] put len 512 hash a9709e0464b9e925 -> block 1351 (stored)
[cas    ] put len 512 hash 4fb192879a742325 -> block 1352 (stored)
[cas    ] put len 512 hash 615c2173c4ee7f25 -> block 1353 (stored)
[cas    ] put len 512 hash 2ff8e2a5f2229b25 -> block 1354 (stored)
[cas    ] put len 512 hash f2de5b0711266525 -> block 1355 (stored)
[cas    ] put len 512 hash e3f694969a413b25 -> block 1356 (stored)
[cas    ] put len 512 hash 8482e227cf6d7f25 -> block 1357 (stored)
[cas    ] put len 512 hash 2b7f796947e55725 -> block 1358 (stored)
[cas    ] put len 512 hash f6b9d8391e16fd25 -> block 1359 (stored)
[cas    ] put len 512 hash 4c1f6c0d02851b25 -> block 1360 (stored)
[cas    ] put len 512 hash 3a22c5a5856f4f25 -> block 1361 (stored)
[cas    ] put len 512 hash b3603ac4ccad7725 -> block 1362 (stored)
[cas    ] put len 512 hash 7b50ecc205a9c925 -> block 1363 (stored)
[cas    ] put len 512 hash 2b3e6b2df5e02b25 -> block 1364 (stored)
[cas    ] put len 512 hash c7e047b161dc5b25 -> block 1365 (stored)
[cas    ] put len 512 hash 0ec0593045fedf25 -> block 1366 (stored)
[cas    ] put len 512 hash 2b8009005291a125 -> block 1367 (stored)
[cas    ] put len 512 hash ff7edd2666641b25 -> block 1368 (stored)
[cas    ] put len 512 hash ed41d0ba8dd1a725 -> block 1369 (stored)
[cas    ] put len 512 hash 6c064fc7c6c99325 -> block 1370 (stored)
[cas    ] put len 512 hash 3fbdb34902488d25 -> block 1371 (stored)
[cas    ] put len 512 hash 5a92f47653e73b25 -> block 1372 (stored)
[cas    ] put len 512 hash 030fee0046f8f325 -> block 1373 (stored)
[cas    ] put len 512 hash d262fbeb17856f25 -> block 1374 (stored)
[cas    ] put len 512 hash afc1207ba2614525 -> block 1375 (stored)
[cas    ] put len 512 hash 61b69b571e54ef25 -> block 1376 (stored)
[cas    ] put len 512 hash 8630ef4bb0dbff25 -> block 1377 (stored)
[cas    ] put len 512 hash 6c6ea7ebef1e7066 -> block 1378 (stored)
[vfsstrs] chunk map tier 1: wrote 36864, read back 36864, 72 chunk(s)
[vfsstrs]  PASS  large-file chunk map: SINGLE-indirect tier (36 KiB) round-trips byte-for-byte
[cas    ] put len 512 hash 24738d3e9dc52725 -> block 1115 (stored)
[cas    ] put len 512 hash 7640df62547d7725 -> block 1119 (stored)
[cas    ] put len 512 hash f564741bec8dc925 -> block 1290 (stored)
[cas    ] put len 512 hash 8bc46f37a4e82b25 -> block 1293 (stored)
[cas    ] put len 512 hash f8b79d0a24c04b25 -> block 1294 (stored)
[cas    ] put len 512 hash 8d50b9ba6756df25 -> block 1295 (stored)
[cas    ] put len 512 hash af6273293025a125 -> block 1296 (stored)
[cas    ] put len 512 hash d6b85bdf4cec1b25 -> block 1297 (stored)
[cas    ] put len 512 hash b90c6b69ef2cdf25 -> block 1298 (stored)
[cas    ] put len 512 hash 8a72111176f19325 -> block 1299 (stored)
[cas    ] put len 512 hash ad3f8b0964248d25 -> block 1300 (stored)
[cas    ] put len 512 hash d4a75f0e0b1f3b25 -> block 1301 (stored)
[cas    ] put len 512 hash b9f9d3696960f325 -> block 1302 (stored)
[cas    ] put len 512 hash 35d56e0d88956f25 -> block 1303 (stored)
[cas    ] put len 512 hash 2d55ebe132ed4525 -> block 1304 (stored)
[cas    ] put len 512 hash 64d0ddadfd5cef25 -> block 1305 (stored)
[cas    ] put len 512 hash a27ead129cf9ef25 -> block 1379 (stored)
[cas    ] put len 512 hash 82b8283cafe4b325 -> block 1380 (stored)
[cas    ] put len 512 hash 8213281a2e9e8925 -> block 1381 (stored)
[cas    ] put len 512 hash fcc7a6f6b37a2b25 -> block 1382 (stored)
[cas    ] put len 512 hash 568593821e566325 -> block 1383 (stored)
[cas    ] put len 512 hash 64bae8bf65cc0b25 -> block 1384 (stored)
[cas    ] put len 512 hash c841503375601925 -> block 1385 (stored)
[cas    ] put len 512 hash 87526571ec442325 -> block 1386 (stored)
[cas    ] put len 512 hash a49cb3e05ea45725 -> block 1387 (stored)
[cas    ] put len 512 hash b7a238be2977bb25 -> block 1388 (stored)
[cas    ] put len 512 hash 58dd713e4b2b8525 -> block 1389 (stored)
[cas    ] put len 512 hash 40936d7840d47b25 -> block 1390 (stored)
[cas    ] put len 512 hash d2f032c0315b6725 -> block 1391 (stored)
[cas    ] put len 512 hash 858df7196893af25 -> block 1392 (stored)
[cas    ] put len 512 hash 33e2003734e69525 -> block 1393 (stored)
[cas    ] put len 512 hash bab55fa4d29c6b25 -> block 1394 (stored)
[cas    ] put len 512 hash cbe3bac82b94f325 -> block 1395 (stored)
[cas    ] put len 512 hash eb370f476688b325 -> block 1396 (stored)
[cas    ] put len 512 hash a659022aff10c925 -> block 1397 (stored)
[cas    ] put len 512 hash 381ba1f2229c2b25 -> block 1398 (stored)
[cas    ] put len 512 hash 22353f8ba9a85325 -> block 1399 (stored)
[cas    ] put len 512 hash ee7328ed026e2725 -> block 1400 (stored)
[cas    ] put len 512 hash b75260e1a05ca125 -> block 1401 (stored)
[cas    ] put len 512 hash 2cf12016833d6f25 -> block 1402 (stored)
[cas    ] put len 512 hash 5cdc08590c27e725 -> block 1403 (stored)
[cas    ] put len 512 hash 23e05e3e6b749b25 -> block 1404 (stored)
[cas    ] put len 512 hash f0e24ed6a731d525 -> block 1405 (stored)
[cas    ] put len 512 hash 847673cf496b8325 -> block 1406 (stored)
[cas    ] put len 512 hash f025fe0390539725 -> block 1407 (stored)
[cas    ] put len 512 hash 1d4ec3ced4736f25 -> block 1408 (stored)
[cas    ] put len 512 hash 169ed8d2ea2c4525 -> block 1409 (stored)
[cas    ] put len 512 hash a473475665694725 -> block 1410 (stored)
[cas    ] put len 512 hash 1bd5a9fc212c9f25 -> block 1411 (stored)
[cas    ] put len 512 hash ff50cce732747725 -> block 1412 (stored)
[cas    ] put len 512 hash 401a6da68a305125 -> block 1413 (stored)
[cas    ] put len 512 hash 9b39164395829325 -> block 1414 (stored)
[cas    ] put len 512 hash 95bc5941e6155325 -> block 1415 (stored)
[cas    ] put len 512 hash 24814f5bc9500b25 -> block 1416 (stored)
[cas    ] put len 512 hash 43fcbd1ed0a73125 -> block 1417 (stored)
[cas    ] put len 512 hash bd61f138e3020b25 -> block 1418 (stored)
[cas    ] put len 512 hash 6813fb2294a61b25 -> block 1419 (stored)
[cas    ] put len 512 hash 5e5fdf27fe7cd325 -> block 1420 (stored)
[cas    ] put len 512 hash 3663bbbe79846525 -> block 1421 (stored)
[cas    ] put len 512 hash 717dd4acc4593b25 -> block 1422 (stored)
[cas    ] put len 512 hash 3718719620de8325 -> block 1423 (stored)
[cas    ] put len 512 hash fbdded74d039af25 -> block 1424 (stored)
[cas    ] put len 512 hash d18d7017ce94fd25 -> block 1425 (stored)
[cas    ] put len 512 hash 2975e52640706b25 -> block 1426 (stored)
[cas    ] put len 512 hash 530f5c8aca182325 -> block 1427 (stored)
[cas    ] put len 512 hash f9befc3969724725 -> block 1428 (stored)
[cas    ] put len 512 hash 71e38c068893c925 -> block 1429 (stored)
[cas    ] put len 512 hash 3ac83964fc669325 -> block 1430 (stored)
[cas    ] put len 512 hash d766a6062b367725 -> block 1431 (stored)
[cas    ] put len 512 hash 3cd39a6e66f2df25 -> block 1432 (stored)
[cas    ] put len 512 hash c08addfa01c3a125 -> block 1433 (stored)
[cas    ] put len 512 hash 909b847e42441b25 -> block 1434 (stored)
[cas    ] put len 512 hash d4ac13a533444725 -> block 1435 (stored)
[cas    ] put len 512 hash a3fdfb9db6f99325 -> DEDUP to block 1306 (no write)
[cas    ] put len 512 hash 7f8f30e524f68d25 -> DEDUP to block 1307 (no write)
[cas    ] put len 512 hash d9246a80526ee325 -> DEDUP to block 1308 (no write)
[cas    ] put len 512 hash cee9e6fd2c825325 -> DEDUP to block 1309 (no write)
[cas    ] put len 512 hash 8d22b34506896f25 -> DEDUP to block 1310 (no write)
[cas    ] put len 512 hash 7e45268bf47f4525 -> DEDUP to block 1311 (no write)
[cas    ] put len 512 hash 068ddba039eb4725 -> DEDUP to block 1312 (no write)
[cas    ] put len 512 hash 5c1629e07a268b25 -> DEDUP to block 1313 (no write)
[cas    ] put len 512 hash 2d02c2dd6b9cb325 -> DEDUP to block 1314 (no write)
[cas    ] put len 512 hash d73fa84c007c8925 -> DEDUP to block 1315 (no write)
[cas    ] put len 512 hash 3a8cfdcbc96a2b25 -> DEDUP to block 1316 (no write)
[cas    ] put len 512 hash f96b06eefd549325 -> DEDUP to block 1317 (no write)
[cas    ] put len 512 hash e4320cd723e50b25 -> DEDUP to block 1318 (no write)
[cas    ] put len 512 hash 3ccc9e3d15aa2125 -> DEDUP to block 1319 (no write)
[cas    ] put len 512 hash fe0c3edfe3442325 -> DEDUP to block 1320 (no write)
[cas    ] put len 512 hash f2de4129dab34f25 -> DEDUP to block 1321 (no write)
[cas    ] put len 512 hash be2e1568a3fd9325 -> DEDUP to block 1322 (no write)
[cas    ] put len 512 hash 256595392a6d8525 -> DEDUP to block 1323 (no write)
[cas    ] put len 512 hash 28f7e4b71a838325 -> DEDUP to block 1324 (no write)
[cas    ] put len 512 hash e4d9fe10f67cf325 -> DEDUP to block 1325 (no write)
[cas    ] put len 512 hash ab19668be4535725 -> DEDUP to block 1326 (no write)
[cas    ] put len 512 hash a512135145d89525 -> DEDUP to block 1327 (no write)
[cas    ] put len 512 hash a74f6b91d31c6b25 -> DEDUP to block 1328 (no write)
[cas    ] put len 512 hash 5cbea59d94c5cb25 -> DEDUP to block 1329 (no write)
[cas    ] put len 512 hash 204f3439a9c8b325 -> DEDUP to block 1330 (no write)
[cas    ] put len 512 hash aefd34f34d7ec925 -> DEDUP to block 1331 (no write)
[cas    ] put len 512 hash 69819a51c4d42b25 -> DEDUP to block 1332 (no write)
[cas    ] put len 512 hash 4128bc646e8d2325 -> DEDUP to block 1333 (no write)
[cas    ] put len 512 hash 66bc6b1658a22725 -> DEDUP to block 1334 (no write)
[cas    ] put len 512 hash f5d9f2ece922a125 -> DEDUP to block 1335 (no write)
[cas    ] put len 512 hash 63dd067934396f25 -> DEDUP to block 1336 (no write)
[cas    ] put len 512 hash fdb94a415b0be725 -> DEDUP to block 1337 (no write)
[cas    ] put len 512 hash 1c9f9de2c4049b25 -> DEDUP to block 1338 (no write)
[cas    ] put len 512 hash 10b02221482bd525 -> DEDUP to block 1339 (no write)
[cas    ] put len 512 hash 1a4a04f461eb8325 -> DEDUP to block 1340 (no write)
[cas    ] put len 512 hash 150978b2ebeabb25 -> DEDUP to block 1341 (no write)
[cas    ] put len 512 hash 7ae66fa12f135725 -> DEDUP to block 1342 (no write)
[cas    ] put len 512 hash f9d193a51a864525 -> DEDUP to block 1343 (no write)
[cas    ] put len 512 hash b52c8c1c3e4d4725 -> DEDUP to block 1344 (no write)
[cas    ] put len 512 hash 566dc79416044b25 -> DEDUP to block 1345 (no write)
[cas    ] put len 512 hash 7ee660c0239d4725 -> DEDUP to block 1346 (no write)
[cas    ] put len 512 hash 622e140c072e5125 -> DEDUP to block 1347 (no write)
[cas    ] put len 512 hash 7e5e61d98a4e2b25 -> DEDUP to block 1348 (no write)
[cas    ] put len 512 hash 71c956bbf2e49f25 -> DEDUP to block 1349 (no write)
[cas    ] put len 512 hash d9e609a290f80b25 -> DEDUP to block 1350 (no write)
[cas    ] put len 512 hash a9709e0464b9e925 -> DEDUP to block 1351 (no write)
[cas    ] put len 512 hash 4fb192879a742325 -> DEDUP to block 1352 (no write)
[cas    ] put len 512 hash 615c2173c4ee7f25 -> DEDUP to block 1353 (no write)
[cas    ] put len 512 hash 2ff8e2a5f2229b25 -> DEDUP to block 1354 (no write)
[cas    ] put len 512 hash f2de5b0711266525 -> DEDUP to block 1355 (no write)
[cas    ] put len 512 hash e3f694969a413b25 -> DEDUP to block 1356 (no write)
[cas    ] put len 512 hash 8482e227cf6d7f25 -> DEDUP to block 1357 (no write)
[cas    ] put len 512 hash 2b7f796947e55725 -> DEDUP to block 1358 (no write)
[cas    ] put len 512 hash f6b9d8391e16fd25 -> DEDUP to block 1359 (no write)
[cas    ] put len 512 hash 4c1f6c0d02851b25 -> DEDUP to block 1360 (no write)
[cas    ] put len 512 hash 3a22c5a5856f4f25 -> DEDUP to block 1361 (no write)
[cas    ] put len 512 hash b3603ac4ccad7725 -> DEDUP to block 1362 (no write)
[cas    ] put len 512 hash 7b50ecc205a9c925 -> DEDUP to block 1363 (no write)
[cas    ] put len 512 hash 2b3e6b2df5e02b25 -> DEDUP to block 1364 (no write)
[cas    ] put len 512 hash c7e047b161dc5b25 -> DEDUP to block 1365 (no write)
[cas    ] put len 512 hash 0ec0593045fedf25 -> DEDUP to block 1366 (no write)
[cas    ] put len 512 hash 2b8009005291a125 -> DEDUP to block 1367 (no write)
[cas    ] put len 512 hash ff7edd2666641b25 -> DEDUP to block 1368 (no write)
[cas    ] put len 512 hash ed41d0ba8dd1a725 -> DEDUP to block 1369 (no write)
[cas    ] put len 512 hash 6c064fc7c6c99325 -> DEDUP to block 1370 (no write)
[cas    ] put len 512 hash 3fbdb34902488d25 -> DEDUP to block 1371 (no write)
[cas    ] put len 512 hash 5a92f47653e73b25 -> DEDUP to block 1372 (no write)
[cas    ] put len 512 hash 030fee0046f8f325 -> DEDUP to block 1373 (no write)
[cas    ] put len 512 hash d262fbeb17856f25 -> DEDUP to block 1374 (no write)
[cas    ] put len 512 hash afc1207ba2614525 -> DEDUP to block 1375 (no write)
[cas    ] put len 512 hash 61b69b571e54ef25 -> DEDUP to block 1376 (no write)
[cas    ] put len 512 hash 8630ef4bb0dbff25 -> DEDUP to block 1377 (no write)
[cas    ] put len 512 hash a85f32f6aaf4b325 -> block 1436 (stored)
[cas    ] put len 512 hash b5a1ebfb5e7a8925 -> block 1437 (stored)
[cas    ] put len 512 hash 84d636b00eaa2b25 -> block 1438 (stored)
[cas    ] put len 512 hash 418fb6bc44c60b25 -> block 1439 (stored)
[cas    ] put len 512 hash 1d2de4cb2eac0b25 -> block 1440 (stored)
[cas    ] put len 512 hash ab8339058cac1925 -> block 1441 (stored)
[cas    ] put len 512 hash c2a1df7d9a042325 -> block 1442 (stored)
[cas    ] put len 512 hash 10f1292ceebf3725 -> block 1443 (stored)
[cas    ] put len 512 hash 461501db2dafbb25 -> block 1444 (stored)
[cas    ] put len 512 hash 8968c52646bf8525 -> block 1445 (stored)
[cas    ] put len 512 hash 64d314dd4ddc7b25 -> block 1446 (stored)
[cas    ] put len 512 hash e4f39f386a78cf25 -> block 1447 (stored)
[cas    ] put len 512 hash 1df64db55e83af25 -> block 1448 (stored)
[cas    ] put len 512 hash 488a41cb55da9525 -> block 1449 (stored)
[cas    ] put len 512 hash cb9d739c77ac6b25 -> block 1450 (stored)
[cas    ] put len 512 hash 56859d1e86682b25 -> block 1451 (stored)
[cas    ] put len 512 hash f8abd6997cf8b325 -> block 1452 (stored)
[cas    ] put len 512 hash 15e655cf3864c925 -> block 1453 (stored)
[cas    ] put len 512 hash c692f39af4b42b25 -> block 1454 (stored)
[cas    ] put len 512 hash 5a6257dff133bb25 -> block 1455 (stored)
[cas    ] put len 512 hash 5e0aa6415ede2725 -> block 1456 (stored)
[cas    ] put len 512 hash 2b0749af8fc8a125 -> block 1457 (stored)
[cas    ] put len 512 hash 71c82972f6756f25 -> block 1458 (stored)
[cas    ] put len 512 hash 5ea4e80cfdf9ff25 -> block 1459 (stored)
[cas    ] put len 512 hash 476dc817d2e49b25 -> block 1460 (stored)
[cas    ] put len 512 hash ae1f04ead145d525 -> block 1461 (stored)
[cas    ] put len 512 hash 62ddb6ef88a38325 -> block 1462 (stored)
[cas    ] put len 512 hash db5160be21c71725 -> block 1463 (stored)
[cas    ] put len 512 hash e44a7d58f65b6f25 -> block 1464 (stored)
[cas    ] put len 512 hash 8faf6f0c3f904525 -> block 1465 (stored)
[cas    ] put len 512 hash fb50487e59294725 -> block 1466 (stored)
[cas    ] put len 512 hash dbd711714e19ef25 -> block 1467 (stored)
[cas    ] put len 512 hash ce96d0e73c1c7725 -> block 1468 (stored)
[cas    ] put len 512 hash 9ed6e5f177bc5125 -> block 1469 (stored)
[cas    ] put len 512 hash ebf8f932dada9325 -> block 1470 (stored)
[cas    ] put len 512 hash 9828c7d6c6f1e325 -> block 1471 (stored)
[cas    ] put len 512 hash 69fff8c688600b25 -> block 1472 (stored)
[cas    ] put len 512 hash d91519d3210b3125 -> block 1473 (stored)
[cas    ] put len 512 hash cd0a8a50fbda0b25 -> block 1474 (stored)
[cas    ] put len 512 hash fc4c859fc5631b25 -> block 1475 (stored)
[cas    ] put len 512 hash 49d2a71ff514d325 -> block 1476 (stored)
[cas    ] put len 512 hash bcc34b0584706525 -> block 1477 (stored)
[cas    ] put len 512 hash ae83984fb7493b25 -> block 1478 (stored)
[cas    ] put len 512 hash 9c85f712cd91b325 -> block 1479 (stored)
[cas    ] put len 512 hash 67a44775b159af25 -> block 1480 (stored)
[cas    ] put len 512 hash 0e5334ecfdc8fd25 -> block 1481 (stored)
[cas    ] put len 512 hash d8ecfab6dfb06b25 -> block 1482 (stored)
[cas    ] put len 512 hash 00b527c906002325 -> block 1483 (stored)
[cas    ] put len 512 hash 5970e093e5924725 -> block 1484 (stored)
[cas    ] put len 512 hash a50046aa96f7c925 -> block 1485 (stored)
[cas    ] put len 512 hash 95e2f13ca5269325 -> block 1486 (stored)
[cas    ] put len 512 hash f19410392a991f25 -> block 1487 (stored)
[cas    ] put len 512 hash 9293d8413dfadf25 -> block 1488 (stored)
[cas    ] put len 512 hash 1595db488a37a125 -> block 1489 (stored)
[cas    ] put len 512 hash f552467c554c1b25 -> block 1490 (stored)
[cas    ] put len 512 hash 9488794985d37ae6 -> block 1491 (stored)
[cas    ] put len 512 hash 2cccb1311cb888ff -> block 1492 (stored)
[cas    ] put len 512 hash d1865268d57cd068 -> block 1493 (stored)
[cas    ] put len 512 hash e91b6fab2950cf48 -> block 1494 (stored)
[vfsstrs] chunk map tier 2: wrote 102400, read back 102400, 200 chunk(s)
[vfsstrs]  PASS  large-file chunk map: DOUBLE-indirect tier (100 KiB) round-trips byte-for-byte
[vfs    ] reject 'vfs-stress': 262145 bytes exceeds the 262144-byte file ceiling
[vfsstrs]  PASS  a write past the file ceiling is refused, not silently truncated
[cas    ] put len 512 hash 4a9109191c5b4325 -> block 1378 (stored)
[cas    ] put len 512 hash e54bc3d481145325 -> block 1495 (stored)
[cas    ] put len 512 hash 1dccb1c2b1469f25 -> block 1496 (stored)
[cas    ] put len 512 hash 729974bce2c5bd25 -> block 1497 (stored)
[cas    ] put len 512 hash 4a9109191c5b4325 -> DEDUP to block 1378 (no write)
[cas    ] put len 512 hash e54bc3d481145325 -> DEDUP to block 1495 (no write)
[cas    ] put len 512 hash 1dccb1c2b1469f25 -> DEDUP to block 1496 (no write)
[cas    ] put len 512 hash 729974bce2c5bd25 -> DEDUP to block 1497 (no write)
[vfsstrs] casrec: dirents A=72 B=73, 4 shared chunk hash(es), used_blocks 1494 -> 1498 -> 1498, +4 dedup hit(s)
[vfsstrs]  PASS  two files with identical content SHARE every CAS chunk and the second stores no new blocks (the premise this control rests on)
[vfsstrs]  PASS  unlinking one of two files that share EVERY chunk leaves the other byte-for-byte readable (the corruption v0.48 declined to risk)
[vfsstrs] casrec: used_blocks after unlink A = 1498, after unlink B = 1494 (started at 1494); freed 139 block(s), 1231 drop(s), 0 underflow(s)
[vfsstrs]  PASS  both halves of the dedup control unlink cleanly
[vfsstrs]  PASS  unlinking a file whose every chunk is still shared frees NO blocks (the reference count, not the unlink, decides)
[vfsstrs]  PASS  unlinking the LAST file referencing those chunks returns every block to the pool (used_blocks back to its pre-write value)
[cas    ] put len 6 hash 6e5c2e3e6907305e -> block 1378 (stored)
[cas    ] put len 7 hash c165a625187710a3 -> block 1495 (stored)
[cas    ] put len 5 hash b5d21ef8f4b47e6c -> block 1496 (stored)
[cas    ] put len 4 hash 8943a18b9f342226 -> block 1497 (stored)
[cas    ] put len 5 hash a5053cf4f20e2cdf -> block 1498 (stored)
[vfsstrs]  PASS  a slash-separated PATH is a valid VFS name and resolves by full path
[vfsstrs] path listing: 4 under /vfstest/include/, 1 under /vfstest/lib/
[vfsstrs]  PASS  prefix listing partitions the flat table into directories (4 include, 1 lib)
[vfsstrs]  PASS  paths identical for 32 bytes but differing later are DISTINCT files
[vfsstrs]  PASS  every path-named file unlinks cleanly, leaving no dirent behind
[cas    ] put len 16 hash d09df0ea509ed69b -> block 1378 (stored)
[kernel ] spawned pid 523 'vfs-driver' caps 0000000000000020 — private PML4 @ phys 00000000011a3000
[elf    ] PT_LOAD vaddr 0000500000000000 filesz 000000000001b713 memsz 000000000001b713 (ro) -> mapped USER (bounds ok)
[elf    ] PT_LOAD vaddr 000050000001c000 filesz 0000000000003f20 memsz 0000000000003f20 (ro) -> mapped USER (bounds ok)
[elf    ] PT_LOAD vaddr 0000500000020000 filesz 0000000000000284 memsz 0000000000037fe0 (rw) -> mapped USER (bounds ok)
[cas    ] put len 24 hash df1fe9971e8ab052 -> block 1115 (stored)
[vfs    ] VFS journal: applied a pending directory commit (seq 251, 27 block(s)) to disk
[cas    ] put len 16 hash d09df0ea509ed69b -> block 1115 (stored)
[kernel ] spawned pid 524 'vfs-driver' caps 0000000000000020 — private PML4 @ phys 00000000011a3000
[elf    ] PT_LOAD vaddr 0000500000000000 filesz 000000000001b713 memsz 000000000001b713 (ro) -> mapped USER (bounds ok)
[elf    ] PT_LOAD vaddr 000050000001c000 filesz 0000000000003f20 memsz 0000000000003f20 (ro) -> mapped USER (bounds ok)
[elf    ] PT_LOAD vaddr 0000500000020000 filesz 0000000000000284 memsz 0000000000037fe0 (rw) -> mapped USER (bounds ok)
[cas    ] put len 24 hash add178e42ce0f0d1 -> block 1119 (stored)
[vfs    ] VFS journal: applied a pending directory commit (seq 254, 1 block(s)) to disk
[cas    ] put len 16 hash d09df0ea509ed69b -> block 1115 (stored)
[kernel ] spawned pid 525 'vfs-driver' caps 0000000000000020 — private PML4 @ phys 00000000011a3000
[elf    ] PT_LOAD vaddr 0000500000000000 filesz 000000000001b713 memsz 000000000001b713 (ro) -> mapped USER (bounds ok)
[elf    ] PT_LOAD vaddr 000050000001c000 filesz 0000000000003f20 memsz 0000000000003f20 (ro) -> mapped USER (bounds ok)
[elf    ] PT_LOAD vaddr 0000500000020000 filesz 0000000000000284 memsz 0000000000037fe0 (rw) -> mapped USER (bounds ok)
[cas    ] put len 24 hash c4a9d7451ca97104 -> block 1119 (stored)
[vfs    ] VFS journal: applied a pending directory commit (seq 257, 1 block(s)) to disk
[cas    ] put len 16 hash d09df0ea509ed69b -> block 1115 (stored)
[kernel ] spawned pid 526 'vfs-driver' caps 0000000000000020 — private PML4 @ phys 00000000011a3000
[elf    ] PT_LOAD vaddr 0000500000000000 filesz 000000000001b713 memsz 000000000001b713 (ro) -> mapped USER (bounds ok)
[elf    ] PT_LOAD vaddr 000050000001c000 filesz 0000000000003f20 memsz 0000000000003f20 (ro) -> mapped USER (bounds ok)
[elf    ] PT_LOAD vaddr 0000500000020000 filesz 0000000000000284 memsz 0000000000037fe0 (rw) -> mapped USER (bounds ok)
[cas    ] put len 24 hash a38ff9e958fe74bb -> block 1119 (stored)
[vfs    ] VFS journal: applied a pending directory commit (seq 260, 1 block(s)) to disk
[cas    ] put len 16 hash d09df0ea509ed69b -> block 1115 (stored)
[kernel ] spawned pid 527 'vfs-driver' caps 0000000000000020 — private PML4 @ phys 00000000011a3000
[elf    ] PT_LOAD vaddr 0000500000000000 filesz 000000000001b713 memsz 000000000001b713 (ro) -> mapped USER (bounds ok)
[elf    ] PT_LOAD vaddr 000050000001c000 filesz 0000000000003f20 memsz 0000000000003f20 (ro) -> mapped USER (bounds ok)
[elf    ] PT_LOAD vaddr 0000500000020000 filesz 0000000000000284 memsz 0000000000037fe0 (rw) -> mapped USER (bounds ok)
[cas    ] put len 24 hash 3859a1ac921f1776 -> block 1119 (stored)
[vfs    ] VFS journal: applied a pending directory commit (seq 263, 1 block(s)) to disk
[vfsstrs] round 5/15 clean
[cas    ] put len 16 hash d09df0ea509ed69b -> block 1115 (stored)
[kernel ] spawned pid 528 'vfs-driver' caps 0000000000000020 — private PML4 @ phys 00000000011a3000
[elf    ] PT_LOAD vaddr 0000500000000000 filesz 000000000001b713 memsz 000000000001b713 (ro) -> mapped USER (bounds ok)
[elf    ] PT_LOAD vaddr 000050000001c000 filesz 0000000000003f20 memsz 0000000000003f20 (ro) -> mapped USER (bounds ok)
[elf    ] PT_LOAD vaddr 0000500000020000 filesz 0000000000000284 memsz 0000000000037fe0 (rw) -> mapped USER (bounds ok)
[cas    ] put len 24 hash bca4f38fdc60a255 -> block 1119 (stored)
[vfs    ] VFS journal: applied a pending directory commit (seq 266, 1 block(s)) to disk
[cas    ] put len 16 hash d09df0ea509ed69b -> block 1115 (stored)
[kernel ] spawned pid 529 'vfs-driver' caps 0000000000000020 — private PML4 @ phys 00000000011a3000
[elf    ] PT_LOAD vaddr 0000500000000000 filesz 000000000001b713 memsz 000000000001b713 (ro) -> mapped USER (bounds ok)
[elf    ] PT_LOAD vaddr 000050000001c000 filesz 0000000000003f20 memsz 0000000000003f20 (ro) -> mapped USER (bounds ok)
[elf    ] PT_LOAD vaddr 0000500000020000 filesz 0000000000000284 memsz 0000000000037fe0 (rw) -> mapped USER (bounds ok)
[cas    ] put len 24 hash 8e3dfc0b2c2175d8 -> block 1119 (stored)
[vfs    ] VFS journal: applied a pending directory commit (seq 269, 1 block(s)) to disk
[cas    ] put len 16 hash d09df0ea509ed69b -> block 1115 (stored)
[kernel ] spawned pid 530 'vfs-driver' caps 0000000000000020 — private PML4 @ phys 00000000011a3000
[elf    ] PT_LOAD vaddr 0000500000000000 filesz 000000000001b713 memsz 000000000001b713 (ro) -> mapped USER (bounds ok)
[elf    ] PT_LOAD vaddr 000050000001c000 filesz 0000000000003f20 memsz 0000000000003f20 (ro) -> mapped USER (bounds ok)
[elf    ] PT_LOAD vaddr 0000500000020000 filesz 0000000000000284 memsz 0000000000037fe0 (rw) -> mapped USER (bounds ok)
[cas    ] put len 24 hash b67c25de58f4049f -> block 1119 (stored)
[vfs    ] VFS journal: applied a pending directory commit (seq 272, 1 block(s)) to disk
[cas    ] put len 16 hash d09df0ea509ed69b -> block 1115 (stored)
[kernel ] spawned pid 531 'vfs-driver' caps 0000000000000020 — private PML4 @ phys 00000000011a3000
[elf    ] PT_LOAD vaddr 0000500000000000 filesz 000000000001b713 memsz 000000000001b713 (ro) -> mapped USER (bounds ok)
[elf    ] PT_LOAD vaddr 000050000001c000 filesz 0000000000003f20 memsz 0000000000003f20 (ro) -> mapped USER (bounds ok)
[elf    ] PT_LOAD vaddr 0000500000020000 filesz 0000000000000284 memsz 0000000000037fe0 (rw) -> mapped USER (bounds ok)
[cas    ] put len 24 hash 2d63c0ef43d3566a -> block 1119 (stored)
[vfs    ] VFS journal: applied a pending directory commit (seq 275, 1 block(s)) to disk
[cas    ] put len 16 hash d09df0ea509ed69b -> block 1115 (stored)
[kernel ] spawned pid 532 'vfs-driver' caps 0000000000000020 — private PML4 @ phys 00000000011a3000
[elf    ] PT_LOAD vaddr 0000500000000000 filesz 000000000001b713 memsz 000000000001b713 (ro) -> mapped USER (bounds ok)
[elf    ] PT_LOAD vaddr 000050000001c000 filesz 0000000000003f20 memsz 0000000000003f20 (ro) -> mapped USER (bounds ok)
[elf    ] PT_LOAD vaddr 0000500000020000 filesz 0000000000000284 memsz 0000000000037fe0 (rw) -> mapped USER (bounds ok)
[cas    ] put len 24 hash 68c3979b48206289 -> block 1119 (stored)
[vfs    ] VFS journal: applied a pending directory commit (seq 278, 1 block(s)) to disk
[vfsstrs] round 10/15 clean
[cas    ] put len 16 hash d09df0ea509ed69b -> block 1115 (stored)
[kernel ] spawned pid 533 'vfs-driver' caps 0000000000000020 — private PML4 @ phys 00000000011a3000
[elf    ] PT_LOAD vaddr 0000500000000000 filesz 000000000001b713 memsz 000000000001b713 (ro) -> mapped USER (bounds ok)
[elf    ] PT_LOAD vaddr 000050000001c000 filesz 0000000000003f20 memsz 0000000000003f20 (ro) -> mapped USER (bounds ok)
[elf    ] PT_LOAD vaddr 0000500000020000 filesz 0000000000000284 memsz 0000000000037fe0 (rw) -> mapped USER (bounds ok)
[cas    ] put len 24 hash 3399293499cd5e1c -> block 1119 (stored)
[vfs    ] VFS journal: applied a pending directory commit (seq 281, 1 block(s)) to disk
[cas    ] put len 16 hash d09df0ea509ed69b -> block 1115 (stored)
[kernel ] spawned pid 534 'vfs-driver' caps 0000000000000020 — private PML4 @ phys 00000000011a3000
[elf    ] PT_LOAD vaddr 0000500000000000 filesz 000000000001b713 memsz 000000000001b713 (ro) -> mapped USER (bounds ok)
[elf    ] PT_LOAD vaddr 000050000001c000 filesz 0000000000003f20 memsz 0000000000003f20 (ro) -> mapped USER (bounds ok)
[elf    ] PT_LOAD vaddr 0000500000020000 filesz 0000000000000284 memsz 0000000000037fe0 (rw) -> mapped USER (bounds ok)
[cas    ] put len 24 hash 633d978699f21413 -> block 1119 (stored)
[vfs    ] VFS journal: applied a pending directory commit (seq 284, 1 block(s)) to disk
[cas    ] put len 16 hash d09df0ea509ed69b -> block 1115 (stored)
[kernel ] spawned pid 535 'vfs-driver' caps 0000000000000020 — private PML4 @ phys 00000000011a3000
[elf    ] PT_LOAD vaddr 0000500000000000 filesz 000000000001b713 memsz 000000000001b713 (ro) -> mapped USER (bounds ok)
[elf    ] PT_LOAD vaddr 000050000001c000 filesz 0000000000003f20 memsz 0000000000003f20 (ro) -> mapped USER (bounds ok)
[elf    ] PT_LOAD vaddr 0000500000020000 filesz 0000000000000284 memsz 0000000000037fe0 (rw) -> mapped USER (bounds ok)
[cas    ] put len 24 hash 81803f9fd60faf0e -> block 1119 (stored)
[vfs    ] VFS journal: applied a pending directory commit (seq 287, 1 block(s)) to disk
[cas    ] put len 16 hash d09df0ea509ed69b -> block 1115 (stored)
[kernel ] spawned pid 536 'vfs-driver' caps 0000000000000020 — private PML4 @ phys 00000000011a3000
[elf    ] PT_LOAD vaddr 0000500000000000 filesz 000000000001b713 memsz 000000000001b713 (ro) -> mapped USER (bounds ok)
[elf    ] PT_LOAD vaddr 000050000001c000 filesz 0000000000003f20 memsz 0000000000003f20 (ro) -> mapped USER (bounds ok)
[elf    ] PT_LOAD vaddr 0000500000020000 filesz 0000000000000284 memsz 0000000000037fe0 (rw) -> mapped USER (bounds ok)
[cas    ] put len 24 hash 98046c4ea8f9342d -> block 1119 (stored)
[vfs    ] VFS journal: applied a pending directory commit (seq 290, 1 block(s)) to disk
[cas    ] put len 16 hash d09df0ea509ed69b -> block 1115 (stored)
[kernel ] spawned pid 537 'vfs-driver' caps 0000000000000020 — private PML4 @ phys 00000000011a3000
[elf    ] PT_LOAD vaddr 0000500000000000 filesz 000000000001b713 memsz 000000000001b713 (ro) -> mapped USER (bounds ok)
[elf    ] PT_LOAD vaddr 000050000001c000 filesz 0000000000003f20 memsz 0000000000003f20 (ro) -> mapped USER (bounds ok)
[elf    ] PT_LOAD vaddr 0000500000020000 filesz 0000000000000284 memsz 0000000000037fe0 (rw) -> mapped USER (bounds ok)
[cas    ] put len 24 hash 6671dea90facbc70 -> block 1119 (stored)
[vfs    ] VFS journal: applied a pending directory commit (seq 293, 1 block(s)) to disk
[vfsstrs] round 15/15 clean
[vfsstrs]  PASS  every round completed without a watchdog timeout (no deadlock across preemption)
[vfsstrs]  PASS  every round's driver exited cleanly (ROOT read/overwrite/sync, TMP write/read, DEV read-only all verified in ring 3)
[vfsstrs]  PASS  no descriptor leaked past any round (open-file table fully released each time)
[vfsstrs]  PASS  SYS_VFS_UNLINK actually removed the dirent every round (vfs_find fails immediately after)
[vfsstrs]  PASS  directory dirent count never grew past baseline (unlink+reclaim, not one-new-dirent-per-round)
[vfsstrs]  PASS  TMP volume slot count never grew past baseline (fixed reused name, not one-new-slot-per-round)
[vfsstrs] 15 rounds: +1455 freed, +1455 reused; global depth 1390
[vfsstrs]  PASS  free-frame count reconciles (g_frame_free_depth == lifetime freed - reused)
[vfsstrs]  PASS  the frame allocator's leaf lock never triggered a rank violation (no double-free race)
[cas    ] put len 24 hash 38c58b75fd520077 -> block 1115 (stored)
[vfs    ] VFS journal: applied a pending directory commit (seq 295, 2 block(s)) to disk
[cas    ] mounted existing volume (v5): 1290/8192 blocks used, 4385 puts, 2299 dedup hits
[cas    ] refcounts derived from 71 live file(s): 642 data block(s) allocated, 639 referenced, 3 UNREFERENCED; volume 1290/8192
[cas    ]   unreferenced != leaked: cas_put() is reachable without a dirent, and the boot suites use it that way (cmd_cas, the validation matrix). A value that GROWS across boots on one volume is the leak signal.
[vfsstrs]  PASS  VFS journal commit is genuinely DEFERRED (on-disk dir region is stale before apply)
[vfsstrs]  PASS  a simulated reboot's cas_mount() automatically recovers the pending commit
[vfsstrs]  PASS  the recovered directory reloads with correct content (post-recovery read matches what was written)
[kernel ] spawned pid 538 'v-lseek' caps 0000000000002020 — private PML4 @ phys 00000000011a3000
[elf    ] PT_LOAD vaddr 0000500000000000 filesz 000000000001b713 memsz 000000000001b713 (ro) -> mapped USER (bounds ok)
[elf    ] PT_LOAD vaddr 000050000001c000 filesz 0000000000003f20 memsz 0000000000003f20 (ro) -> mapped USER (bounds ok)
[elf    ] PT_LOAD vaddr 0000500000020000 filesz 0000000000000284 memsz 0000000000037fe0 (rw) -> mapped USER (bounds ok)
[cas    ] put len 26 hash e276b7953364d122 -> block 1119 (stored)
[kernel ] spawned pid 539 'v-lseek' caps 0000000000002020 — private PML4 @ phys 0000000001343000
[cas    ] put len 26 hash 0488cdb63af3d055 -> block 1120 (stored)
[cas    ] put len 3 hash e71cbc19053f4da2 -> block 1119 (stored)
[cas    ] put len 6 hash bf305b41785696ac -> block 1290 (stored)
[cas    ] put len 9 hash af59949e9ca09b3b -> block 1119 (stored)
[cas    ] put len 14 hash 97fc763ac7fc08e9 -> block 1290 (stored)
[cas    ] put len 2 hash 08ba5f07b55ec3da -> block 1119 (stored)
[cas    ] put len 512 hash 9432c6144eb04925 -> block 1290 (stored)
[cas    ] put len 512 hash 9432c6144eb04925 -> DEDUP to block 1290 (no write)
[cas    ] put len 512 hash 9432c6144eb04925 -> DEDUP to block 1290 (no write)
[cas    ] put len 512 hash 9432c6144eb04925 -> DEDUP to block 1290 (no write)
[cas    ] put len 512 hash 9432c6144eb04925 -> DEDUP to block 1290 (no write)
[cas    ] put len 512 hash 9432c6144eb04925 -> DEDUP to block 1290 (no write)
[cas    ] put len 512 hash 9432c6144eb04925 -> DEDUP to block 1290 (no write)
[cas    ] put len 512 hash 9432c6144eb04925 -> DEDUP to block 1290 (no write)
[cas    ] put len 512 hash 3a24830b6d7da725 -> block 1293 (stored)
[cas    ] put len 512 hash 3a24830b6d7da725 -> DEDUP to block 1293 (no write)
[cas    ] put len 512 hash 3a24830b6d7da725 -> DEDUP to block 1293 (no write)
[cas    ] put len 512 hash 3a24830b6d7da725 -> DEDUP to block 1293 (no write)
[cas    ] put len 512 hash 3a24830b6d7da725 -> DEDUP to block 1293 (no write)
[cas    ] put len 512 hash 3a24830b6d7da725 -> DEDUP to block 1293 (no write)
[cas    ] put len 512 hash 3a24830b6d7da725 -> DEDUP to block 1293 (no write)
[cas    ] put len 512 hash 3a24830b6d7da725 -> DEDUP to block 1293 (no write)
[cas    ] put len 512 hash 206fcec53e146f25 -> block 1294 (stored)
[cas    ] put len 512 hash 206fcec53e146f25 -> DEDUP to block 1294 (no write)
[cas    ] put len 512 hash 206fcec53e146f25 -> DEDUP to block 1294 (no write)
[cas    ] put len 512 hash 206fcec53e146f25 -> DEDUP to block 1294 (no write)
[cas    ] put len 512 hash 206fcec53e146f25 -> DEDUP to block 1294 (no write)
[cas    ] put len 512 hash 206fcec53e146f25 -> DEDUP to block 1294 (no write)
[cas    ] put len 512 hash 206fcec53e146f25 -> DEDUP to block 1294 (no write)
[cas    ] put len 512 hash 206fcec53e146f25 -> DEDUP to block 1294 (no write)
[cas    ] put len 512 hash 491670dcf16a4725 -> block 1295 (stored)
[cas    ] put len 512 hash 491670dcf16a4725 -> DEDUP to block 1295 (no write)
[cas    ] put len 512 hash 491670dcf16a4725 -> DEDUP to block 1295 (no write)
[cas    ] put len 512 hash 491670dcf16a4725 -> DEDUP to block 1295 (no write)
[cas    ] put len 512 hash 491670dcf16a4725 -> DEDUP to block 1295 (no write)
[cas    ] put len 512 hash 491670dcf16a4725 -> DEDUP to block 1295 (no write)
[cas    ] put len 512 hash 491670dcf16a4725 -> DEDUP to block 1295 (no write)
[cas    ] put len 512 hash 491670dcf16a4725 -> DEDUP to block 1295 (no write)
[cas    ] put len 512 hash e0aee3c29e247125 -> block 1296 (stored)
[cas    ] put len 512 hash e0aee3c29e247125 -> DEDUP to block 1296 (no write)
[cas    ] put len 512 hash e0aee3c29e247125 -> DEDUP to block 1296 (no write)
[cas    ] put len 512 hash e0aee3c29e247125 -> DEDUP to block 1296 (no write)
[cas    ] put len 512 hash e0aee3c29e247125 -> DEDUP to block 1296 (no write)
[cas    ] put len 512 hash e0aee3c29e247125 -> DEDUP to block 1296 (no write)
[cas    ] put len 512 hash e0aee3c29e247125 -> DEDUP to block 1296 (no write)
[cas    ] put len 512 hash e0aee3c29e247125 -> DEDUP to block 1296 (no write)
[cas    ] put len 512 hash 56d10de92f1f5f25 -> block 1297 (stored)
[cas    ] put len 512 hash 56d10de92f1f5f25 -> DEDUP to block 1297 (no write)
[cas    ] put len 512 hash 56d10de92f1f5f25 -> DEDUP to block 1297 (no write)
[cas    ] put len 512 hash 56d10de92f1f5f25 -> DEDUP to block 1297 (no write)
[cas    ] put len 512 hash 56d10de92f1f5f25 -> DEDUP to block 1297 (no write)
[cas    ] put len 512 hash 56d10de92f1f5f25 -> DEDUP to block 1297 (no write)
[cas    ] put len 512 hash 56d10de92f1f5f25 -> DEDUP to block 1297 (no write)
[cas    ] put len 512 hash 56d10de92f1f5f25 -> DEDUP to block 1297 (no write)
[cas    ] put len 512 hash 95233b4582392325 -> block 1298 (stored)
[cas    ] put len 512 hash 95233b4582392325 -> DEDUP to block 1298 (no write)
[cas    ] put len 512 hash 95233b4582392325 -> DEDUP to block 1298 (no write)
[cas    ] put len 512 hash 95233b4582392325 -> DEDUP to block 1298 (no write)
[cas    ] put len 512 hash 95233b4582392325 -> DEDUP to block 1298 (no write)
[cas    ] put len 512 hash 95233b4582392325 -> DEDUP to block 1298 (no write)
[cas    ] put len 512 hash 95233b4582392325 -> DEDUP to block 1298 (no write)
[cas    ] put len 512 hash 95233b4582392325 -> DEDUP to block 1298 (no write)
[cas    ] put len 512 hash 5b8c1da26caafb25 -> block 1299 (stored)
[cas    ] put len 512 hash 5b8c1da26caafb25 -> DEDUP to block 1299 (no write)
[cas    ] put len 512 hash 5b8c1da26caafb25 -> DEDUP to block 1299 (no write)
[cas    ] put len 512 hash 5b8c1da26caafb25 -> DEDUP to block 1299 (no write)
[cas    ] put len 512 hash 5b8c1da26caafb25 -> DEDUP to block 1299 (no write)
[cas    ] put len 512 hash 5b8c1da26caafb25 -> DEDUP to block 1299 (no write)
[cas    ] put len 512 hash 5b8c1da26caafb25 -> DEDUP to block 1299 (no write)
[cas    ] put len 512 hash 5b8c1da26caafb25 -> DEDUP to block 1299 (no write)
[cas    ] put len 512 hash 3ef1bdff86946d25 -> block 1300 (stored)
[cas    ] put len 512 hash 3ef1bdff86946d25 -> DEDUP to block 1300 (no write)
[cas    ] put len 512 hash 3ef1bdff86946d25 -> DEDUP to block 1300 (no write)
[cas    ] put len 512 hash 3ef1bdff86946d25 -> DEDUP to block 1300 (no write)
[cas    ] put len 512 hash 3ef1bdff86946d25 -> DEDUP to block 1300 (no write)
[cas    ] put len 512 hash 3ef1bdff86946d25 -> DEDUP to block 1300 (no write)
[posixstrs] .. waiting spins=1525 ticks=10831 (+200) rq0=0: pid 538(role 55,thr 1 pstate 1 rip 0000500000001fc0 pend 0000000000000000 msk 0000000000000000 sfsp 0000000000000000) 
[cas    ] put len 512 hash 3ef1bdff86946d25 -> DEDUP to block 1300 (no write)
[cas    ] put len 512 hash 3ef1bdff86946d25 -> DEDUP to block 1300 (no write)
[cas    ] put len 512 hash 6b5fb0582889c725 -> block 1301 (stored)
[cas    ] put len 512 hash 6b5fb0582889c725 -> DEDUP to block 1301 (no write)
[cas    ] put len 512 hash 6b5fb0582889c725 -> DEDUP to block 1301 (no write)
[cas    ] put len 512 hash 6b5fb0582889c725 -> DEDUP to block 1301 (no write)
[cas    ] put len 512 hash 6b5fb0582889c725 -> DEDUP to block 1301 (no write)
[cas    ] put len 512 hash 6b5fb0582889c725 -> DEDUP to block 1301 (no write)
[cas    ] put len 512 hash 6b5fb0582889c725 -> DEDUP to block 1301 (no write)
[cas    ] put len 512 hash 6b5fb0582889c725 -> DEDUP to block 1301 (no write)
[cas    ] put len 512 hash 8cdaa0d2e0554e05 -> block 1302 (stored)
[cas    ] put len 512 hash 1f6c836824b8b90c -> block 1303 (stored)
[cas    ] put len 512 hash 25aa0c6deec4e78d -> block 1304 (stored)
[cas    ] put len 512 hash 7da144b97d054b25 -> block 1302 (stored)
[cas    ] put len 512 hash 7da144b97d054b25 -> DEDUP to block 1302 (no write)
[cas    ] put len 512 hash 7da144b97d054b25 -> DEDUP to block 1302 (no write)
[cas    ] put len 512 hash 7da144b97d054b25 -> DEDUP to block 1302 (no write)
[cas    ] put len 512 hash 7da144b97d054b25 -> DEDUP to block 1302 (no write)
[cas    ] put len 512 hash 7da144b97d054b25 -> DEDUP to block 1302 (no write)
[cas    ] put len 512 hash 7da144b97d054b25 -> DEDUP to block 1302 (no write)
[cas    ] put len 460 hash c642906343991625 -> block 1305 (stored)
[cas    ] put len 512 hash 25aa0c6deec4e78d -> DEDUP to block 1304 (no write)
[cas    ] put len 512 hash 6a9b37842c0b8324 -> block 1306 (stored)
[cas    ] put len 512 hash f74dabc1836bbd9b -> block 1307 (stored)
[kernel ] spawned pid 540 'v-lseek' caps 0000000000002020 — private PML4 @ phys 0000000001343000
[kernel ] spawned pid 541 'v-lseek' caps 0000000000002020 — private PML4 @ phys 0000000001343000
[cas    ] put len 512 hash 29ba28e6ca8f0f25 -> block 1290 (stored)
[cas    ] put len 512 hash 29ba28e6ca8f0f25 -> DEDUP to block 1290 (no write)
[cas    ] put len 512 hash 29ba28e6ca8f0f25 -> DEDUP to block 1290 (no write)
[cas    ] put len 512 hash 29ba28e6ca8f0f25 -> DEDUP to block 1290 (no write)
[cas    ] put len 188 hash a7258fb3f0cdfc3d -> block 1293 (stored)
[posixstrs] .. waiting spins=6843 ticks=11031 (+400) rq0=0: pid 538(role 55,thr 1 pstate 1 rip 0000500000001fc0 pend 0000000000000000 msk 0000000000000000 sfsp 0000000000000000) 
[cas    ] put len 512 hash 395a5701ec1d2b8d -> block 1294 (stored)
[cas    ] put len 512 hash 7da144b97d054b25 -> block 1295 (stored)
[cas    ] put len 512 hash 7da144b97d054b25 -> DEDUP to block 1295 (no write)
[cas    ] put len 512 hash 7da144b97d054b25 -> block 1290 (stored)
[cas    ] put len 488 hash b9973041df137f45 -> block 1293 (stored)
[cas    ] put len 3 hash e71fa2190541574b -> block 1290 (stored)
[cas    ] put len 5 hash 62dbe52d75c6c928 -> block 1293 (stored)
[cas    ] put len 6 hash c26fda3f20c845ea -> block 1290 (stored)
[vfsstrs]  PASS  the file position drives reads and writes on BOTH volumes from ring 3 (rewind re-reads the same bytes; a mid-file write overwrites in place and keeps the tail; sequential writes advance the cursor; a write past EOF extends with a zero-filled hole; O_TRUNC empties on open; tmp reads advance, bound at EOF and resolve SEEK_END against their own volume; refusals leave the offset alone)
[cas    ] put len 512 hash 28139e2fd0411f25 -> block 1119 (stored)
[cas    ] put len 88 hash e327b8b39a3f1e85 -> block 1120 (stored)
[vfsstrs]  PASS  rename: the probe file could be authored
[vfsstrs]  PASS  rename: the file arrives under the new name byte-for-byte, the old name is gone, and the directory gained no entry
[cas    ] put len 512 hash 321d6b81db156325 -> block 1290 (stored)
[cas    ] put len 88 hash 91d2caf547e98bc5 -> block 1293 (stored)
[vfsstrs] rename: replace used_blocks 1294 -> 1292, dirents 73 -> 72
[vfsstrs]  PASS  rename: replacing an existing name leaves the mover's content under it, removes the replaced entry, and RETURNS its blocks (a rename that leaked would grow the volume)
[vfsstrs]  PASS  rename: no two live dirents share a name anywhere in the directory
[vfsstrs]  PASS  rename: a missing source is ENOENT, an empty name and a tmp/dev path are EINVAL — never a silent success
[vfs    ] VFS journal: applied a pending directory commit (seq 328, 2 block(s)) to disk
[cas    ] mounted existing volume (v5): 1292/8192 blocks used, 4503 puts, 2380 dedup hits
[cas    ] refcounts derived from 72 live file(s): 644 data block(s) allocated, 641 referenced, 3 UNREFERENCED; volume 1292/8192
[cas    ]   unreferenced != leaked: cas_put() is reachable without a dirent, and the boot suites use it that way (cmd_cas, the validation matrix). A value that GROWS across boots on one volume is the leak signal.
[vfsstrs]  PASS  timestamps: mtime is non-zero and survives a remount (a journalled metadata field, not an in-memory one)
[kernel ] spawned pid 542 'appsmp' caps 0000000000000020 — private PML4 @ phys 00000000011a3000
[elf    ] PT_LOAD vaddr 0000500000000000 filesz 000000000001b713 memsz 000000000001b713 (ro) -> mapped USER (bounds ok)
[elf    ] PT_LOAD vaddr 000050000001c000 filesz 0000000000003f20 memsz 0000000000003f20 (ro) -> mapped USER (bounds ok)
[elf    ] PT_LOAD vaddr 0000500000020000 filesz 0000000000000284 memsz 0000000000037fe0 (rw) -> mapped USER (bounds ok)
[kernel ] spawned pid 543 'appsmp' caps 0000000000000020 — private PML4 @ phys 0000000001343000
[elf    ] PT_LOAD vaddr 0000500000000000 filesz 000000000001b713 memsz 000000000001b713 (ro) -> mapped USER (bounds ok)
[elf    ] PT_LOAD vaddr 000050000001c000 filesz 0000000000003f20 memsz 0000000000003f20 (ro) -> mapped USER (bounds ok)
[elf    ] PT_LOAD vaddr 0000500000020000 filesz 0000000000000284 memsz 0000000000037fe0 (rw) -> mapped USER (bounds ok)
[kernel ] spawned pid 544 'appsmp' caps 0000000000000020 — private PML4 @ phys 00000000012bf000
[elf    ] PT_LOAD vaddr 0000500000000000 filesz 000000000001b713 memsz 000000000001b713 (ro) -> mapped USER (bounds ok)
[elf    ] PT_LOAD vaddr 000050000001c000 filesz 0000000000003f20 memsz 0000000000003f20 (ro) -> mapped USER (bounds ok)
[elf    ] PT_LOAD vaddr 0000500000020000 filesz 0000000000000284 memsz 0000000000037fe0 (rw) -> mapped USER (bounds ok)
[kernel ] spawned pid 545 'appsmp' caps 0000000000000020 — private PML4 @ phys 00000000016c2000
[elf    ] PT_LOAD vaddr 0000500000000000 filesz 000000000001b713 memsz 000000000001b713 (ro) -> mapped USER (bounds ok)
[elf    ] PT_LOAD vaddr 000050000001c000 filesz 0000000000003f20 memsz 0000000000003f20 (ro) -> mapped USER (bounds ok)
[elf    ] PT_LOAD vaddr 0000500000020000 filesz 0000000000000284 memsz 0000000000037fe0 (rw) -> mapped USER (bounds ok)
[vfsstrs]  PASS  append-smp: every worker spawned and loaded
[cas    ] put len 16 hash 11f510e93782cb25 -> block 1119 (stored)
[cas    ] put len 32 hash b2731a519acd7325 -> block 1120 (stored)
[cas    ] put len 48 hash 2a5f36b998821b25 -> block 1119 (stored)
[cas    ] put len 64 hash feca3df8f04d02f5 -> block 1120 (stored)
[cas    ] put len 80 hash 957d7f95099e7505 -> block 1119 (stored)
[cas    ] put len 96 hash 7bc84c690b680d45 -> block 1120 (stored)
[cas    ] put len 112 hash 46c1ceda3b339295 -> block 1119 (stored)
[cas    ] put len 128 hash fd41071ee4f59095 -> block 1120 (stored)
[cas    ] put len 144 hash eee3749c8975daa5 -> block 1119 (stored)
[cas    ] put len 160 hash f32168ebc0947ee5 -> block 1120 (stored)
[cas    ] put len 176 hash 071e554109cef725 -> block 1119 (stored)
[cas    ] put len 192 hash 9eca909df570def5 -> block 1120 (stored)
[cas    ] put len 208 hash fe7fbf19170798f5 -> block 1119 (stored)
[cas    ] put len 224 hash 63eda80f63307d85 -> block 1120 (stored)
[cas    ] put len 240 hash 626110067c726d85 -> block 1119 (stored)
[cas    ] put len 256 hash 0e0a7675656ad155 -> block 1120 (stored)
[cas    ] put len 272 hash 95d3b20576ee5be5 -> block 1119 (stored)
[cas    ] put len 288 hash 839cd74b33743eb5 -> block 1120 (stored)
[cas    ] put len 304 hash 222fd0c22bbe84c5 -> block 1119 (stored)
[cas    ] put len 320 hash 87991069117044c5 -> block 1120 (stored)
[cas    ] put len 336 hash 929f5fe418583015 -> block 1119 (stored)
[cas    ] put len 352 hash 6e38e0103fe38e15 -> block 1120 (stored)
[cas    ] put len 368 hash 8542d9e5da731455 -> block 1119 (stored)
[cas    ] put len 384 hash 3b540b32734f5ee5 -> block 1120 (stored)
[cas    ] put len 400 hash 1e4c972569e796e5 -> block 1119 (stored)
[cas    ] put len 416 hash 78fe8902194439b5 -> block 1120 (stored)
[cas    ] put len 432 hash 63f58409bc4772f5 -> block 1119 (stored)
[cas    ] put len 448 hash d69a84b0d5632cf5 -> block 1120 (stored)
[cas    ] put len 464 hash 508316ee72511185 -> block 1119 (stored)
[cas    ] put len 480 hash 8efec7d726527555 -> block 1120 (stored)
[cas    ] put len 496 hash d755d8cfdf2de355 -> block 1119 (stored)
[cas    ] put len 512 hash c89bdc756734d155 -> block 1120 (stored)
[cas    ] put len 16 hash 11f510e93782cb25 -> block 1119 (stored)
[cas    ] put len 32 hash 2df9b316cff9b2f5 -> block 1290 (stored)
[cas    ] put len 48 hash dd1e893acba56cf5 -> block 1119 (stored)
[cas    ] put len 64 hash 4698fbda0dafa6f5 -> block 1290 (stored)
[cas    ] put len 80 hash 3ff2abc2330a1905 -> block 1119 (stored)
[cas    ] put len 96 hash 122cc160f4aad905 -> block 1290 (stored)
[cas    ] put len 112 hash 768e6d3201f2b0d5 -> block 1119 (stored)
[cas    ] put len 128 hash abd48b58d91ec115 -> block 1290 (stored)
[cas    ] put len 144 hash ceb4afd4b4e65f15 -> block 1119 (stored)
[cas    ] put len 160 hash 13d1c822d76f6925 -> block 1290 (stored)
[cas    ] put len 176 hash 491525145ab19125 -> block 1119 (stored)
[cas    ] put len 192 hash d6038bf9cb59af75 -> block 1290 (stored)
[cas    ] put len 208 hash 61f931452ca12a05 -> block 1119 (stored)
[cas    ] put len 224 hash 9661ee90edc35555 -> block 1290 (stored)
[cas    ] put len 240 hash 2a9ad50f3b4fbf95 -> block 1119 (stored)
[cas    ] put len 256 hash 176ec59dc5c3c9a5 -> block 1290 (stored)
[cas    ] put len 272 hash 8c17c1355743bff5 -> block 1119 (stored)
[cas    ] put len 288 hash ad000b15891e6485 -> block 1290 (stored)
[cas    ] put len 304 hash 5eaf48a75caac9d5 -> block 1119 (stored)
[cas    ] put len 320 hash 2efbe79b31351a15 -> block 1290 (stored)
[cas    ] put len 336 hash 9e7caf861ff4e425 -> block 1119 (stored)
[cas    ] put len 352 hash 44d77c399c44c265 -> block 1290 (stored)
[cas    ] put len 368 hash 95cd8d6a1ab58735 -> block 1119 (stored)
[cas    ] put len 384 hash 00fd5b2da9b0d135 -> block 1290 (stored)
[cas    ] put len 400 hash 483e592f05afe545 -> block 1119 (stored)
[cas    ] put len 416 hash 63e05a15cda44785 -> block 1290 (stored)
[cas    ] put len 432 hash 4a26011ff0c8b785 -> block 1119 (stored)
[cas    ] put len 448 hash 4f96744b77892785 -> block 1290 (stored)
[cas    ] put len 464 hash 354dfc2e89a00b55 -> block 1119 (stored)
[cas    ] put len 480 hash cbb93d1867e215e5 -> block 1290 (stored)
[cas    ] put len 496 hash 1b51bd1447500de5 -> block 1119 (stored)
[cas    ] put len 512 hash 718a1667a97c05e5 -> block 1290 (stored)
[cas    ] put len 16 hash 8d7ba9ae6caf0af5 -> block 1119 (stored)
[cas    ] put len 32 hash 65326cd2cdf0c4f5 -> block 1293 (stored)
[cas    ] put len 48 hash ef2adcc14c84a985 -> block 1119 (stored)
[cas    ] put len 64 hash da23e23e3af19985 -> block 1293 (stored)
[cas    ] put len 80 hash e99f2210ab1a8985 -> block 1119 (stored)
[cas    ] put len 96 hash 786c2d494cb9ed55 -> block 1293 (stored)
[cas    ] put len 112 hash c754be6c6c17f765 -> block 1119 (stored)
[cas    ] put len 128 hash 2079a17b71c1efb5 -> block 1293 (stored)
[cas    ] put len 144 hash 7dffd55bcb1075c5 -> block 1119 (stored)
[cas    ] put len 160 hash 5288cc58bf43e605 -> block 1293 (stored)
[cas    ] put len 176 hash 671417b4cb8fe605 -> block 1119 (stored)
[cas    ] put len 192 hash 182d02d9314dbe45 -> block 1293 (stored)
[cas    ] put len 208 hash daecaf1cf9332915 -> block 1119 (stored)
[cas    ] put len 224 hash 71218d074bd4c715 -> block 1293 (stored)
[cas    ] put len 240 hash 058aed5095f180a5 -> block 1119 (stored)
[cas    ] put len 256 hash bc68d1d96cfc28a5 -> block 1293 (stored)
[cas    ] put len 272 hash b012b4b681f54875 -> block 1119 (stored)
[cas    ] put len 288 hash 0430380967ecbdb5 -> block 1293 (stored)
[cas    ] put len 304 hash 8c576fe6766367b5 -> block 1119 (stored)
[cas    ] put len 320 hash 79f470b9138220f5 -> block 1293 (stored)
[cas    ] put len 336 hash 5a7e801dc1995af5 -> block 1119 (stored)
[cas    ] put len 352 hash 03e054588e40cd05 -> block 1293 (stored)
[cas    ] put len 368 hash c547dad50d93b855 -> block 1119 (stored)
[cas    ] put len 384 hash 200e7292f1f902e5 -> block 1293 (stored)
[cas    ] put len 400 hash 1c57590523d0a5b5 -> block 1119 (stored)
[cas    ] put len 416 hash 659b4755700edef5 -> block 1293 (stored)
[cas    ] put len 432 hash 67362024092598f5 -> block 1119 (stored)
[cas    ] put len 448 hash 76a368ffacce7d85 -> block 1293 (stored)
[cas    ] put len 464 hash 18739bbffbb922d5 -> block 1119 (stored)
[cas    ] put len 480 hash 4ef98c019eb88ce5 -> block 1293 (stored)
[cas    ] put len 496 hash 81e220a0f8468525 -> block 1119 (stored)
[cas    ] put len 512 hash f84234c7c90ba375 -> block 1293 (stored)
[cas    ] put len 16 hash 8d7ba9ae6caf0af5 -> block 1119 (stored)
[cas    ] put len 32 hash e7ff96f577427d05 -> block 1294 (stored)
[cas    ] put len 48 hash c0dbb138eace1545 -> block 1119 (stored)
[cas    ] put len 64 hash 2b220a8a2cdb9a95 -> block 1294 (stored)
[cas    ] put len 80 hash e2042a342dce64a5 -> block 1119 (stored)
[cas    ] put len 96 hash 5883cf86777d1af5 -> block 1294 (stored)
[cas    ] put len 112 hash 131947298f367f85 -> block 1119 (stored)
[cas    ] put len 128 hash 99ddcc4a6251a4d5 -> block 1294 (stored)
[cas    ] put len 144 hash 064424eca1a18ee5 -> block 1119 (stored)
[cas    ] put len 160 hash d265762664be8b35 -> block 1294 (stored)
[cas    ] put len 176 hash 28056f2e40fd30c5 -> block 1119 (stored)
[cas    ] put len 192 hash bd2ea87dbd401c15 -> block 1294 (stored)
[cas    ] put len 208 hash 5a67ae226b2a15a5 -> block 1119 (stored)
[cas    ] put len 224 hash d266c36d295d0bf5 -> block 1294 (stored)
[cas    ] put len 240 hash bf5611ad1365a135 -> block 1119 (stored)
[cas    ] put len 256 hash 257f38b6e018b545 -> block 1294 (stored)
[cas    ] put len 272 hash ac9b0a1725c11785 -> block 1119 (stored)
[cas    ] put len 288 hash 31cdde19040fb1c5 -> block 1294 (stored)
[cas    ] put len 304 hash 723efc7a960add15 -> block 1119 (stored)
[cas    ] put len 320 hash 40c8bd0fe4d62355 -> block 1294 (stored)
[cas    ] put len 336 hash 467596159ade2de5 -> block 1119 (stored)
[cas    ] put len 352 hash 1a47d160b9ec6625 -> block 1294 (stored)
[cas    ] put len 368 hash 51fb231d924cc465 -> block 1119 (stored)
[cas    ] put len 384 hash ba6447e6d50deea5 -> block 1294 (stored)
[cas    ] put len 400 hash ebce22d4d81192e5 -> block 1119 (stored)
[cas    ] put len 416 hash 5da039625e710b25 -> block 1294 (stored)
[cas    ] put len 432 hash 7baff2155072a965 -> block 1119 (stored)
[cas    ] put len 448 hash 81875fbc732513a5 -> block 1294 (stored)
[cas    ] put len 464 hash b352ce893069f7e5 -> block 1119 (stored)
[cas    ] put len 480 hash 6a1a71345f5ab025 -> block 1294 (stored)
[cas    ] put len 496 hash dd5120e6fc3d8e65 -> block 1119 (stored)
[cas    ] put len 512 hash e016f9b7e02138a5 -> block 1294 (stored)
[vfsstrs]  PASS  append-smp: every worker reached a terminal state (no watchdog)
[vfsstrs]  PASS  append-smp: every worker completed its whole append loop
[vfsstrs] append-smp: 4 worker(s) x 32 appends x 16 B — file is 2048 B (want 2048), read 2048, 1033 tick(s), cores 0x000000000000000f
[vfsstrs]  PASS  append-smp: the file is EXACTLY workers x iterations x payload bytes (a lost append is two writers agreeing on the same offset)
[vfsstrs] append-smp: per-worker block counts 32/32/32/32 (want 32 each), 100 interleave transition(s)
[vfsstrs]  PASS  append-smp: every payload block is INTACT and CONTIGUOUS — no block holds bytes from two workers (no torn or byte-interleaved write)
[vfsstrs]  PASS  append-smp: every worker's appends are ALL present, exactly once each (uniform blocks alone would not catch one writer overwriting another)
[vfsstrs]  PASS  append-smp: the appends genuinely INTERLEAVED across workers (zero transitions would mean the writers never overlapped and this boot proved nothing about contention)
[vfsstrs]  PASS  append-smp: the workers really ran on MORE THAN ONE core (affinity pinning took effect; a single-core mask would make this an -smp test in name only)
[kernel ] spawned pid 546 'appos' caps 0000000000000020 — private PML4 @ phys 00000000011a3000
[elf    ] PT_LOAD vaddr 0000500000000000 filesz 000000000001b713 memsz 000000000001b713 (ro) -> mapped USER (bounds ok)
[elf    ] PT_LOAD vaddr 000050000001c000 filesz 0000000000003f20 memsz 0000000000003f20 (ro) -> mapped USER (bounds ok)
[elf    ] PT_LOAD vaddr 0000500000020000 filesz 0000000000000284 memsz 0000000000037fe0 (rw) -> mapped USER (bounds ok)
[kernel ] spawned pid 547 'appos' caps 0000000000000020 — private PML4 @ phys 0000000001343000
[elf    ] PT_LOAD vaddr 0000500000000000 filesz 000000000001b713 memsz 000000000001b713 (ro) -> mapped USER (bounds ok)
[elf    ] PT_LOAD vaddr 000050000001c000 filesz 0000000000003f20 memsz 0000000000003f20 (ro) -> mapped USER (bounds ok)
[elf    ] PT_LOAD vaddr 0000500000020000 filesz 0000000000000284 memsz 0000000000037fe0 (rw) -> mapped USER (bounds ok)
[kernel ] spawned pid 548 'appos' caps 0000000000000020 — private PML4 @ phys 00000000016c2000
[elf    ] PT_LOAD vaddr 0000500000000000 filesz 000000000001b713 memsz 000000000001b713 (ro) -> mapped USER (bounds ok)
[elf    ] PT_LOAD vaddr 000050000001c000 filesz 0000000000003f20 memsz 0000000000003f20 (ro) -> mapped USER (bounds ok)
[elf    ] PT_LOAD vaddr 0000500000020000 filesz 0000000000000284 memsz 0000000000037fe0 (rw) -> mapped USER (bounds ok)
[kernel ] spawned pid 549 'appos' caps 0000000000000020 — private PML4 @ phys 00000000012bf000
[elf    ] PT_LOAD vaddr 0000500000000000 filesz 000000000001b713 memsz 000000000001b713 (ro) -> mapped USER (bounds ok)
[elf    ] PT_LOAD vaddr 000050000001c000 filesz 0000000000003f20 memsz 0000000000003f20 (ro) -> mapped USER (bounds ok)
[elf    ] PT_LOAD vaddr 0000500000020000 filesz 0000000000000284 memsz 0000000000037fe0 (rw) -> mapped USER (bounds ok)
[kernel ] spawned pid 550 'appos' caps 0000000000000020 — private PML4 @ phys 0000000001637000
[elf    ] PT_LOAD vaddr 0000500000000000 filesz 000000000001b713 memsz 000000000001b713 (ro) -> mapped USER (bounds ok)
[elf    ] PT_LOAD vaddr 000050000001c000 filesz 0000000000003f20 memsz 0000000000003f20 (ro) -> mapped USER (bounds ok)
[elf    ] PT_LOAD vaddr 0000500000020000 filesz 0000000000000284 memsz 0000000000037fe0 (rw) -> mapped USER (bounds ok)
[kernel ] spawned pid 551 'appos' caps 0000000000000020 — private PML4 @ phys 00000000015f7000
[elf    ] PT_LOAD vaddr 0000500000000000 filesz 000000000001b713 memsz 000000000001b713 (ro) -> mapped USER (bounds ok)
[elf    ] PT_LOAD vaddr 000050000001c000 filesz 0000000000003f20 memsz 0000000000003f20 (ro) -> mapped USER (bounds ok)
[elf    ] PT_LOAD vaddr 0000500000020000 filesz 0000000000000284 memsz 0000000000037fe0 (rw) -> mapped USER (bounds ok)
[kernel ] spawned pid 552 'appos' caps 0000000000000020 — private PML4 @ phys 0000000001336000
[elf    ] PT_LOAD vaddr 0000500000000000 filesz 000000000001b713 memsz 000000000001b713 (ro) -> mapped USER (bounds ok)
[elf    ] PT_LOAD vaddr 000050000001c000 filesz 0000000000003f20 memsz 0000000000003f20 (ro) -> mapped USER (bounds ok)
[elf    ] PT_LOAD vaddr 0000500000020000 filesz 0000000000000284 memsz 0000000000037fe0 (rw) -> mapped USER (bounds ok)
[kernel ] spawned pid 553 'appos' caps 0000000000000020 — private PML4 @ phys 0000000001225000
[elf    ] PT_LOAD vaddr 0000500000000000 filesz 000000000001b713 memsz 000000000001b713 (ro) -> mapped USER (bounds ok)
[elf    ] PT_LOAD vaddr 000050000001c000 filesz 0000000000003f20 memsz 0000000000003f20 (ro) -> mapped USER (bounds ok)
[elf    ] PT_LOAD vaddr 0000500000020000 filesz 0000000000000284 memsz 0000000000037fe0 (rw) -> mapped USER (bounds ok)
[vfsstrs]  PASS  append-oversub: every worker spawned and loaded
[vfsstrs]  PASS  append-oversub: there are MORE WORKERS THAN ONLINE CORES (without this the phase is the pinned test again, and proves nothing new)
[vfsstrs] append-oversub: configured ratio 2:1, 8 worker(s) on 4 core(s) = effective 2:1
[vfsstrs]  PASS  append-oversub: the phase ran at the ratio it was BUILT for — the worker cap did not silently reduce it (every other check here is derived from the worker count, so a capped run passes them all while testing a ratio nobody asked for)
[cas    ] put len 16 hash 928d4cc8d89ec175 -> block 1119 (stored)
[cas    ] put len 32 hash 0fd185acf4afc985 -> block 1120 (stored)
[cas    ] put len 48 hash 91a5209b970d6ed5 -> block 1119 (stored)
[cas    ] put len 64 hash 6d9ea66dccb8ff15 -> block 1120 (stored)
[cas    ] put len 80 hash 878d3f4d4d23b8a5 -> block 1119 (stored)
[cas    ] put len 96 hash a53d0d1350076ef5 -> block 1120 (stored)
[cas    ] put len 112 hash cad39e8fae13e105 -> block 1119 (stored)
[cas    ] put len 128 hash 4b70c49c900bcc55 -> block 1120 (stored)
[cas    ] put len 144 hash bfcfee00fdddf695 -> block 1119 (stored)
[cas    ] put len 160 hash a0ab7909ff428ad5 -> block 1120 (stored)
[cas    ] put len 176 hash 1e96daedd5aefb65 -> block 1119 (stored)
[cas    ] put len 192 hash 157d433ca925e5a5 -> block 1120 (stored)
[cas    ] put len 208 hash fb675afe91ccdbf5 -> block 1119 (stored)
[cas    ] put len 224 hash 93ca8cff23497135 -> block 1120 (stored)
[cas    ] put len 240 hash b195f02a54708545 -> block 1119 (stored)
[cas    ] put len 256 hash 765800f3fb8ce785 -> block 1120 (stored)
[cas    ] put len 272 hash dbe47fa686020cd5 -> block 1119 (stored)
[cas    ] put len 288 hash a0cf09a9aa7efd65 -> block 1120 (stored)
[cas    ] put len 304 hash af36edc7707a75b5 -> block 1119 (stored)
[cas    ] put len 320 hash 78ada838e2acaef5 -> block 1120 (stored)
[cas    ] put len 336 hash 2c47d427a8092105 -> block 1119 (stored)
[cas    ] put len 352 hash ba50ce01609db945 -> block 1120 (stored)
[cas    ] put len 368 hash 2bb6784393e71b85 -> block 1119 (stored)
[cas    ] put len 384 hash 7aa31266edc940d5 -> block 1120 (stored)
[cas    ] put len 400 hash 21554271f4f33165 -> block 1119 (stored)
[cas    ] put len 416 hash 876abf516c879ba5 -> block 1120 (stored)
[cas    ] put len 432 hash 20ce461b44ac11f5 -> block 1119 (stored)
[cas    ] put len 448 hash c5685d5ee9062735 -> block 1120 (stored)
[cas    ] put len 464 hash a37c52ad9bb21875 -> block 1119 (stored)
[cas    ] put len 480 hash 8a8cdf176fc0e085 -> block 1120 (stored)
[cas    ] put len 496 hash f003100245d9bac5 -> block 1119 (stored)
[cas    ] put len 512 hash 0906f31cf82f2615 -> block 1120 (stored)
[cas    ] put len 16 hash 928d4cc8d89ec175 -> block 1119 (stored)
[cas    ] put len 32 hash 82d5c4b3394c76b5 -> block 1290 (stored)
[cas    ] put len 48 hash 55611f9c84e4bcc5 -> block 1119 (stored)
[cas    ] put len 64 hash 0ff72fe2a7d1ed05 -> block 1290 (stored)
[cas    ] put len 80 hash 175ee313e1b98545 -> block 1119 (stored)
[cas    ] put len 96 hash 1e8774e921230a95 -> block 1290 (stored)
[cas    ] put len 112 hash 3e2f227011ac9ed5 -> block 1119 (stored)
[cas    ] put len 128 hash dc2771c2187e0f65 -> block 1290 (stored)
[cas    ] put len 144 hash 1c56aa8dc1ee07b5 -> block 1119 (stored)
[cas    ] put len 160 hash 5503808760b4c0f5 -> block 1290 (stored)
[cas    ] put len 176 hash 147cff2632a29635 -> block 1119 (stored)
[cas    ] put len 192 hash 609e5d949e8aea45 -> block 1290 (stored)
[cas    ] put len 208 hash 2c9490f8fcc5af95 -> block 1119 (stored)
[cas    ] put len 224 hash 2958bda49e7083d5 -> block 1290 (stored)
[cas    ] put len 240 hash 5adac55cfcb33465 -> block 1119 (stored)
[cas    ] put len 256 hash 9db340b1a3905ea5 -> block 1290 (stored)
[cas    ] put len 272 hash 8729a6e30f2d94f5 -> block 1119 (stored)
[cas    ] put len 288 hash e7073c6e37306a35 -> block 1290 (stored)
[cas    ] put len 304 hash 834e4954e9b51b75 -> block 1119 (stored)
[cas    ] put len 320 hash 531d65610a6950b5 -> block 1290 (stored)
[cas    ] put len 336 hash 0bd4d2e533a816c5 -> block 1119 (stored)
[cas    ] put len 352 hash 969667c83e348215 -> block 1290 (stored)
[cas    ] put len 368 hash bef60e3507e10855 -> block 1119 (stored)
[cas    ] put len 384 hash 748442b04f1a52e5 -> block 1290 (stored)
[cas    ] put len 400 hash 44474d3c29a9cb25 -> block 1119 (stored)
[cas    ] put len 416 hash 2bd330275fd06975 -> block 1290 (stored)
[cas    ] put len 432 hash 074262eafca81eb5 -> block 1119 (stored)
[cas    ] put len 448 hash 166ca6ad9f1c97f5 -> block 1290 (stored)
[cas    ] put len 464 hash 3ebc2cef1b4b4a05 -> block 1119 (stored)
[cas    ] put len 480 hash 56abf76b19f57555 -> block 1290 (stored)
[cas    ] put len 496 hash 3d31e115c709df95 -> block 1119 (stored)
[cas    ] put len 512 hash 7d3734932cabc125 -> block 1290 (stored)
[cas    ] put len 16 hash d3bb65f874a9c165 -> block 1119 (stored)
[cas    ] put len 32 hash eca1e71ac7622ba5 -> block 1293 (stored)
[cas    ] put len 48 hash fd5d6d5da3aaa1f5 -> block 1119 (stored)
[cas    ] put len 64 hash f30fda72664bd405 -> block 1293 (stored)
[cas    ] put len 80 hash babccf939f552c45 -> block 1119 (stored)
[cas    ] put len 96 hash e1670e4890507195 -> block 1293 (stored)
[cas    ] put len 112 hash 8a2b40f6df46d325 -> block 1119 (stored)
[cas    ] put len 128 hash 18dd7a3f797a7165 -> block 1293 (stored)
[cas    ] put len 144 hash 1cd817c500dedba5 -> block 1119 (stored)
[cas    ] put len 160 hash b3c436445cd351f5 -> block 1293 (stored)
[cas    ] put len 176 hash 7b721709f8fd6735 -> block 1119 (stored)
[cas    ] put len 192 hash f3fe29a417795875 -> block 1293 (stored)
[cas    ] put len 208 hash a0fd805fcb582085 -> block 1119 (stored)
[cas    ] put len 224 hash 38919e6802f385d5 -> block 1293 (stored)
[cas    ] put len 240 hash bf5eb04af426b665 -> block 1119 (stored)
[cas    ] put len 256 hash 683761200a686eb5 -> block 1293 (stored)
[cas    ] put len 272 hash 5b78058b943eb4c5 -> block 1119 (stored)
[cas    ] put len 288 hash 31386729d942a015 -> block 1293 (stored)
[cas    ] put len 304 hash 33bed676982d99a5 -> block 1119 (stored)
[cas    ] put len 320 hash 2821f91abfa18ff5 -> block 1293 (stored)
[cas    ] put len 336 hash fa179f012c4e4205 -> block 1119 (stored)
[cas    ] put len 352 hash c6fdfd400af66d55 -> block 1293 (stored)
[cas    ] put len 368 hash 0a12bc066200f7e5 -> block 1119 (stored)
[cas    ] put len 384 hash c28f2257cbd03435 -> block 1293 (stored)
[cas    ] put len 400 hash 058f5700bff00845 -> block 1119 (stored)
[cas    ] put len 416 hash ef3dd7a7fa352a85 -> block 1293 (stored)
[cas    ] put len 432 hash 4dfe9c0074030fd5 -> block 1119 (stored)
[cas    ] put len 448 hash c3af92da232ee015 -> block 1293 (stored)
[cas    ] put len 464 hash dcde0e48c329d9a5 -> block 1119 (stored)
[cas    ] put len 480 hash fa0b18f08fadcff5 -> block 1293 (stored)
[cas    ] put len 496 hash a711b98d656a8205 -> block 1119 (stored)
[cas    ] put len 512 hash 2a0ba8467122ad55 -> block 1293 (stored)
[cas    ] put len 16 hash d3bb65f874a9c165 -> block 1119 (stored)
[cas    ] put len 32 hash 1cd6a2cadbb639b5 -> block 1294 (stored)
[cas    ] put len 48 hash 87354b97cb3972f5 -> block 1119 (stored)
[cas    ] put len 64 hash 14b0be664903c835 -> block 1294 (stored)
[cas    ] put len 80 hash 9a0b214df72ff975 -> block 1119 (stored)
[cas    ] put len 96 hash 9c8a4fd276f9f405 -> block 1294 (stored)
[cas    ] put len 112 hash d8236fafb33e9f55 -> block 1119 (stored)
[cas    ] put len 128 hash b269a9fe008d8995 -> block 1294 (stored)
[cas    ] put len 144 hash 9a574a591109eb25 -> block 1119 (stored)
[cas    ] put len 160 hash cecfa4575648d2f5 -> block 1294 (stored)
[cas    ] put len 176 hash 048fe5349a0e4505 -> block 1119 (stored)
[cas    ] put len 192 hash 7841af9c2e511cd5 -> block 1294 (stored)
[cas    ] put len 208 hash 15b06b7d20120d65 -> block 1119 (stored)
[cas    ] put len 224 hash d0aeeb0e4ffd77a5 -> block 1294 (stored)
[cas    ] put len 240 hash 61b75e631e38edf5 -> block 1119 (stored)
[cas    ] put len 256 hash 3a0070e4666a0335 -> block 1294 (stored)
[cas    ] put len 272 hash 1864868d98c6a8c5 -> block 1119 (stored)
[cas    ] put len 288 hash d12664665a759995 -> block 1294 (stored)
[cas    ] put len 304 hash 6c3802f11cd023a5 -> block 1119 (stored)
[cas    ] put len 320 hash 9b574c089e5907e5 -> block 1294 (stored)
[cas    ] put len 336 hash 1c6068e51c337fe5 -> block 1119 (stored)
[cas    ] put len 352 hash fa110dea996262b5 -> block 1294 (stored)
[cas    ] put len 368 hash 51118c9c95ba4cb5 -> block 1119 (stored)
[cas    ] put len 384 hash 9547710a17fcb6b5 -> block 1294 (stored)
[cas    ] put len 400 hash 349c225f16c9a0b5 -> block 1119 (stored)
[cas    ] put len 416 hash 7fe80d0430c10ab5 -> block 1294 (stored)
[cas    ] put len 432 hash fda36988ac82f4b5 -> block 1119 (stored)
[cas    ] put len 448 hash aaa0ae0c78af5eb5 -> block 1294 (stored)
[cas    ] put len 464 hash 0fb74a2a2be648b5 -> block 1119 (stored)
[cas    ] put len 480 hash bf0ac20ad48ee245 -> block 1294 (stored)
[cas    ] put len 496 hash 1312cdcaac7ff245 -> block 1119 (stored)
[cas    ] put len 512 hash b89fe0b56a350245 -> block 1294 (stored)
[cas    ] put len 16 hash 11f510e93782cb25 -> block 1119 (stored)
[cas    ] put len 32 hash b2731a519acd7325 -> block 1295 (stored)
[cas    ] put len 48 hash 2a5f36b998821b25 -> block 1119 (stored)
[cas    ] put len 64 hash feca3df8f04d02f5 -> block 1295 (stored)
[cas    ] put len 80 hash 1426a4d3c1c06785 -> block 1119 (stored)
[cas    ] put len 96 hash a24ce6ec2eecd785 -> block 1295 (stored)
[cas    ] put len 112 hash 6ec0e8e3322b71c5 -> block 1119 (stored)
[cas    ] put len 128 hash 5c757ab33ce4a295 -> block 1295 (stored)
[cas    ] put len 144 hash 448dc9173c6aa095 -> block 1119 (stored)
[cas    ] put len 160 hash f6c2684783401e95 -> block 1295 (stored)
[cas    ] put len 176 hash 85599b7858eeb2d5 -> block 1119 (stored)
[cas    ] put len 192 hash 8c07dbbe33be00d5 -> block 1295 (stored)
[cas    ] put len 208 hash 19a405ae82c4eae5 -> block 1119 (stored)
[cas    ] put len 224 hash a7738b8a0d568db5 -> block 1295 (stored)
[cas    ] put len 240 hash fed29f3071c137b5 -> block 1119 (stored)
[cas    ] put len 256 hash 204ca1e1b28d9145 -> block 1295 (stored)
[cas    ] put len 272 hash 36369d0a45926145 -> block 1119 (stored)
[cas    ] put len 288 hash f43b1af51d4b3145 -> block 1295 (stored)
[cas    ] put len 304 hash 72e6016846b80145 -> block 1119 (stored)
[cas    ] put len 320 hash a899b823de762c15 -> block 1295 (stored)
[cas    ] put len 336 hash 47fde17fd27d3255 -> block 1119 (stored)
[cas    ] put len 352 hash e305205018bfe055 -> block 1295 (stored)
[cas    ] put len 368 hash 9b3b1bccb762aa65 -> block 1119 (stored)
[cas    ] put len 384 hash 2b1ef7011fd32265 -> block 1295 (stored)
[cas    ] put len 400 hash d149333c07a19a65 -> block 1119 (stored)
[cas    ] put len 416 hash 60d71ac4164e1265 -> block 1295 (stored)
[cas    ] put len 432 hash e56966bdd3588a65 -> block 1119 (stored)
[cas    ] put len 448 hash 2d245f59b19b34a5 -> block 1295 (stored)
[cas    ] put len 464 hash 95d077a6d3775475 -> block 1119 (stored)
[cas    ] put len 480 hash d89b6a247faa2e75 -> block 1295 (stored)
[cas    ] put len 496 hash 0c91fa8bdf038875 -> block 1119 (stored)
[cas    ] put len 512 hash 1970b63de4194305 -> block 1295 (stored)
[cas    ] put len 16 hash 8d7ba9ae6caf0af5 -> block 1119 (stored)
[cas    ] put len 32 hash 65326cd2cdf0c4f5 -> block 1296 (stored)
[cas    ] put len 48 hash ef2adcc14c84a985 -> block 1119 (stored)
[cas    ] put len 64 hash da23e23e3af19985 -> block 1296 (stored)
[cas    ] put len 80 hash e99f2210ab1a8985 -> block 1119 (stored)
[cas    ] put len 96 hash 5c27ce2eabff7985 -> block 1296 (stored)
[cas    ] put len 112 hash 3410e27a0ca06985 -> block 1119 (stored)
[cas    ] put len 128 hash 1030d8cafcb7cd55 -> block 1296 (stored)
[cas    ] put len 144 hash f2f1deab07293b55 -> block 1119 (stored)
[cas    ] put len 160 hash 661d6fa297aac565 -> block 1296 (stored)
[cas    ] put len 176 hash 932f25410ba9fd65 -> block 1119 (stored)
[cas    ] put len 192 hash 754c527404b73565 -> block 1296 (stored)
[cas    ] put len 208 hash 5087bcfc16526d65 -> block 1119 (stored)
[cas    ] put len 224 hash 6fee4212b3fba565 -> block 1296 (stored)
[cas    ] put len 240 hash c234009be46d2a35 -> block 1119 (stored)
[cas    ] put len 256 hash 68b1cae477993435 -> block 1296 (stored)
[cas    ] put len 272 hash e10793b0675a19c5 -> block 1119 (stored)
[cas    ] put len 288 hash 0d64bc4f02e919c5 -> block 1296 (stored)
[cas    ] put len 304 hash 6a214ae4ea3819c5 -> block 1119 (stored)
[cas    ] put len 320 hash 8b081e81d3b48a05 -> block 1296 (stored)
[cas    ] put len 336 hash 745373621100a1d5 -> block 1119 (stored)
[cas    ] put len 352 hash 1d28bd8d39b3afd5 -> block 1296 (stored)
[cas    ] put len 368 hash 5ce134f2698e59e5 -> block 1119 (stored)
[cas    ] put len 384 hash 5697832da3e3bcb5 -> block 1296 (stored)
[cas    ] put len 400 hash 1feb61e8c30226b5 -> block 1119 (stored)
[cas    ] put len 416 hash 3ac563b014b89ff5 -> block 1296 (stored)
[cas    ] put len 432 hash 96abb5d7975799f5 -> block 1119 (stored)
[cas    ] put len 448 hash 31db271a2353af35 -> block 1296 (stored)
[cas    ] put len 464 hash e11a0ad7943b54c5 -> block 1119 (stored)
[cas    ] put len 480 hash 8f9927515ca114c5 -> block 1296 (stored)
[cas    ] put len 496 hash d1ae37666b0b0595 -> block 1119 (stored)
[cas    ] put len 512 hash 6cd8a2d62c1b59d5 -> block 1296 (stored)
[cas    ] put len 16 hash 11f510e93782cb25 -> block 1119 (stored)
[cas    ] put len 32 hash b2731a519acd7325 -> block 1297 (stored)
[cas    ] put len 48 hash a5e5cf7ecdae5af5 -> block 1119 (stored)
[cas    ] put len 64 hash 155f0517e672b035 -> block 1297 (stored)
[cas    ] put len 80 hash 06ff492f1c3295c5 -> block 1119 (stored)
[cas    ] put len 96 hash 8973e62c4814c695 -> block 1297 (stored)
[cas    ] put len 112 hash c08d097e8b03c495 -> block 1119 (stored)
[cas    ] put len 128 hash 0382621cc7824295 -> block 1297 (stored)
[cas    ] put len 144 hash aebd81b055704095 -> block 1119 (stored)
[cas    ] put len 160 hash 88144343045754d5 -> block 1297 (stored)
[cas    ] put len 176 hash c688d9e0d27f22d5 -> block 1119 (stored)
[cas    ] put len 192 hash 1183b6b8b6fe8ce5 -> block 1297 (stored)
[cas    ] put len 208 hash e527385dcbb244e5 -> block 1119 (stored)
[cas    ] put len 224 hash 891ec208340a67b5 -> block 1297 (stored)
[cas    ] put len 240 hash 77041ec803db91b5 -> block 1119 (stored)
[cas    ] put len 256 hash 9a137de7a5ae6b45 -> block 1297 (stored)
[cas    ] put len 272 hash b14bafc947d44d85 -> block 1119 (stored)
[cas    ] put len 288 hash b63cdd88f58a3d85 -> block 1297 (stored)
[cas    ] put len 304 hash 5134b439cf3c2d85 -> block 1119 (stored)
[cas    ] put len 320 hash 8ae4bb0d14a49155 -> block 1297 (stored)
[cas    ] put len 336 hash e1f12c28241ffb95 -> block 1119 (stored)
[cas    ] put len 352 hash d003b4eccfd43995 -> block 1297 (stored)
[cas    ] put len 368 hash acc0b6b8e8d6c3a5 -> block 1119 (stored)
[cas    ] put len 384 hash 8b43e5e3767a2ba5 -> block 1297 (stored)
[cas    ] put len 400 hash ddcc35b5fa3c0b75 -> block 1119 (stored)
[cas    ] put len 416 hash 6f28d757cbc4a575 -> block 1297 (stored)
[cas    ] put len 432 hash ff02b0b56fe3bf75 -> block 1119 (stored)
[cas    ] put len 448 hash 4afebe5a28395975 -> block 1297 (stored)
[cas    ] put len 464 hash 63f96fe89e657375 -> block 1119 (stored)
[cas    ] put len 480 hash 1c5127b4e4080d75 -> block 1297 (stored)
[cas    ] put len 496 hash 0564ad5e7fb70805 -> block 1119 (stored)
[cas    ] put len 512 hash 68522a8f646d6045 -> block 1297 (stored)
[cas    ] put len 16 hash 11f510e93782cb25 -> block 1119 (stored)
[cas    ] put len 32 hash b2731a519acd7325 -> block 1298 (stored)
[cas    ] put len 48 hash a5e5cf7ecdae5af5 -> block 1119 (stored)
[cas    ] put len 64 hash 155f0517e672b035 -> block 1298 (stored)
[cas    ] put len 80 hash 06ff492f1c3295c5 -> block 1119 (stored)
[cas    ] put len 96 hash 2ce534c82bee0605 -> block 1298 (stored)
[cas    ] put len 112 hash fff3146f07391dd5 -> block 1119 (stored)
[cas    ] put len 128 hash 737122a820bf47e5 -> block 1298 (stored)
[cas    ] put len 144 hash 5e473f86f4840025 -> block 1119 (stored)
[cas    ] put len 160 hash 237852e4434027f5 -> block 1298 (stored)
[cas    ] put len 176 hash 38a9840d3cafbd35 -> block 1119 (stored)
[cas    ] put len 192 hash e01a4888cbeae2c5 -> block 1298 (stored)
[cas    ] put len 208 hash 97f264407e185395 -> block 1119 (stored)
[cas    ] put len 224 hash efedbcd2ac915da5 -> block 1298 (stored)
[cas    ] put len 240 hash c7cc15effdd8c1e5 -> block 1119 (stored)
[vfsstrs] .. append-smp waiting ticks=1928 live=1
[cas    ] put len 256 hash ecca5949cc8824b5 -> block 1298 (stored)
[cas    ] put len 272 hash 4e50a0bcd647be45 -> block 1119 (stored)
[cas    ] put len 288 hash 2f0033e34cad2915 -> block 1298 (stored)
[cas    ] put len 304 hash d3b5b25e95d8b325 -> block 1119 (stored)
[cas    ] put len 320 hash 52cc0fffd9899af5 -> block 1298 (stored)
[cas    ] put len 336 hash 51fcffb32062ff85 -> block 1119 (stored)
[cas    ] put len 352 hash a85ade3b8d2fe355 -> block 1298 (stored)
[cas    ] put len 368 hash ef849ce9071b6d65 -> block 1119 (stored)
[cas    ] put len 384 hash 97e19645623ef235 -> block 1298 (stored)
[cas    ] put len 400 hash a5ab49fe1b3f57c5 -> block 1119 (stored)
[cas    ] put len 416 hash 2afdf11626820895 -> block 1298 (stored)
[cas    ] put len 432 hash 988597f7316052a5 -> block 1119 (stored)
[cas    ] put len 448 hash 0dab28043553f275 -> block 1298 (stored)
[cas    ] put len 464 hash 99e4665a0a742d05 -> block 1119 (stored)
[cas    ] put len 480 hash 09e1053b4df104d5 -> block 1298 (stored)
[cas    ] put len 496 hash b90f58624618eee5 -> block 1119 (stored)
[cas    ] put len 512 hash c7a9c7aeda0b91b5 -> block 1298 (stored)
[vfsstrs]  PASS  append-oversub: every worker reached a terminal state (no watchdog)
[vfsstrs]  PASS  append-oversub: no worker FAILED — deadline expiry is counted separately and tolerated, because a slow host must not be decoded as a defect; a worker that actually lost an append is caught by the byte-level checks below, which are unchanged and still fatal
[vfsstrs] append-oversub: 8 worker(s) on 4 core(s) x 32 appends x 16 B — file is 4096 B (want 4096), read 4096, 2105 tick(s), cores 0x000000000000000f
[vfsstrs]  PASS  append-oversub: the file is EXACTLY workers x iterations x payload bytes under PREEMPTION (a writer stopped mid-syscall must not lose its append)
[vfsstrs] append-oversub: per-pattern block counts 64/64/64/64, 153 interleave transition(s)
[vfsstrs]  PASS  append-oversub: every payload block is INTACT — no block holds bytes from two workers, even with writers preempted mid-syscall
[vfsstrs]  PASS  append-oversub: every worker's appends are ALL present, exactly once each (counts computed from the worker-to-pattern mapping)
[vfsstrs]  PASS  append-oversub: the appends genuinely INTERLEAVED (with more workers than cores, zero transitions would mean they never overlapped and this phase tested nothing)
[kernel ] spawned pid 554 'cascon' caps 0000000000000020 — private PML4 @ phys 0000000001225000
[elf    ] PT_LOAD vaddr 0000500000000000 filesz 000000000001b713 memsz 000000000001b713 (ro) -> mapped USER (bounds ok)
[elf    ] PT_LOAD vaddr 000050000001c000 filesz 0000000000003f20 memsz 0000000000003f20 (ro) -> mapped USER (bounds ok)
[elf    ] PT_LOAD vaddr 0000500000020000 filesz 0000000000000284 memsz 0000000000037fe0 (rw) -> mapped USER (bounds ok)
[kernel ] spawned pid 555 'cascon' caps 0000000000000020 — private PML4 @ phys 0000000001637000
[elf    ] PT_LOAD vaddr 0000500000000000 filesz 000000000001b713 memsz 000000000001b713 (ro) -> mapped USER (bounds ok)
[elf    ] PT_LOAD vaddr 000050000001c000 filesz 0000000000003f20 memsz 0000000000003f20 (ro) -> mapped USER (bounds ok)
[elf    ] PT_LOAD vaddr 0000500000020000 filesz 0000000000000284 memsz 0000000000037fe0 (rw) -> mapped USER (bounds ok)
[kernel ] spawned pid 556 'cascon' caps 0000000000000020 — private PML4 @ phys 0000000001336000
[elf    ] PT_LOAD vaddr 0000500000000000 filesz 000000000001b713 memsz 000000000001b713 (ro) -> mapped USER (bounds ok)
[elf    ] PT_LOAD vaddr 000050000001c000 filesz 0000000000003f20 memsz 0000000000003f20 (ro) -> mapped USER (bounds ok)
[elf    ] PT_LOAD vaddr 0000500000020000 filesz 0000000000000284 memsz 0000000000037fe0 (rw) -> mapped USER (bounds ok)
[kernel ] spawned pid 557 'cascon' caps 0000000000000020 — private PML4 @ phys 00000000016c2000
[elf    ] PT_LOAD vaddr 0000500000000000 filesz 000000000001b713 memsz 000000000001b713 (ro) -> mapped USER (bounds ok)
[elf    ] PT_LOAD vaddr 000050000001c000 filesz 0000000000003f20 memsz 0000000000003f20 (ro) -> mapped USER (bounds ok)
[elf    ] PT_LOAD vaddr 0000500000020000 filesz 0000000000000284 memsz 0000000000037fe0 (rw) -> mapped USER (bounds ok)
[kernel ] spawned pid 558 'cascon' caps 0000000000000020 — private PML4 @ phys 00000000012bf000
[elf    ] PT_LOAD vaddr 0000500000000000 filesz 000000000001b713 memsz 000000000001b713 (ro) -> mapped USER (bounds ok)
[elf    ] PT_LOAD vaddr 000050000001c000 filesz 0000000000003f20 memsz 0000000000003f20 (ro) -> mapped USER (bounds ok)
[elf    ] PT_LOAD vaddr 0000500000020000 filesz 0000000000000284 memsz 0000000000037fe0 (rw) -> mapped USER (bounds ok)
[kernel ] spawned pid 559 'cascon' caps 0000000000000020 — private PML4 @ phys 00000000011a3000
[elf    ] PT_LOAD vaddr 0000500000000000 filesz 000000000001b713 memsz 000000000001b713 (ro) -> mapped USER (bounds ok)
[elf    ] PT_LOAD vaddr 000050000001c000 filesz 0000000000003f20 memsz 0000000000003f20 (ro) -> mapped USER (bounds ok)
[elf    ] PT_LOAD vaddr 0000500000020000 filesz 0000000000000284 memsz 0000000000037fe0 (rw) -> mapped USER (bounds ok)
[kernel ] spawned pid 560 'cascon' caps 0000000000000020 — private PML4 @ phys 00000000015f7000
[elf    ] PT_LOAD vaddr 0000500000000000 filesz 000000000001b713 memsz 000000000001b713 (ro) -> mapped USER (bounds ok)
[elf    ] PT_LOAD vaddr 000050000001c000 filesz 0000000000003f20 memsz 0000000000003f20 (ro) -> mapped USER (bounds ok)
[elf    ] PT_LOAD vaddr 0000500000020000 filesz 0000000000000284 memsz 0000000000037fe0 (rw) -> mapped USER (bounds ok)
[kernel ] spawned pid 561 'cascon' caps 0000000000000020 — private PML4 @ phys 0000000001343000
[elf    ] PT_LOAD vaddr 0000500000000000 filesz 000000000001b713 memsz 000000000001b713 (ro) -> mapped USER (bounds ok)
[elf    ] PT_LOAD vaddr 000050000001c000 filesz 0000000000003f20 memsz 0000000000003f20 (ro) -> mapped USER (bounds ok)
[elf    ] PT_LOAD vaddr 0000500000020000 filesz 0000000000000284 memsz 0000000000037fe0 (rw) -> mapped USER (bounds ok)
[vfsstrs]  PASS  cas-contend: every worker spawned and loaded
[cas    ] put len 192 hash 8c6dd8dcef2a6225 -> block 1119 (stored)
[cas    ] put len 192 hash 7ed4929d590b0425 -> block 1120 (stored)
[cas    ] put len 384 hash 2f8d3f841a368c25 -> block 1290 (stored)
[cas    ] put len 192 hash 94adb769c87e8665 -> block 1119 (stored)
[cas    ] put len 384 hash 1ae9ee766da7b0e5 -> block 1293 (stored)
[cas    ] put len 384 hash 5ebc5c7ab7e34aa5 -> block 1119 (stored)
[cas    ] put len 192 hash 92e6ea2a07427ce5 -> block 1119 (stored)
[cas    ] put len 192 hash cfd2014bba026b25 -> block 1120 (stored)
[cas    ] put len 192 hash f1c322997b0b5865 -> block 1290 (stored)
[cas    ] put len 384 hash 9e5eb13269d09365 -> block 1293 (stored)
[cas    ] put len 384 hash fb910d323d2d5565 -> block 1119 (stored)
[cas    ] put len 384 hash 30cd1dd2ddd35025 -> block 1290 (stored)
[cas    ] put len 192 hash 94adb769c87e8665 -> block 1120 (stored)
[cas    ] put len 384 hash 1ae9ee766da7b0e5 -> block 1294 (stored)
[cas    ] put len 192 hash cfd2014bba026b25 -> block 1119 (stored)
[cas    ] put len 192 hash 203c46bb59d6d8a5 -> block 1120 (stored)
[cas    ] put len 384 hash 30cd1dd2ddd35025 -> block 1290 (stored)
[cas    ] put len 384 hash 961e368bba1d0c25 -> block 1119 (stored)
[cas    ] put len 192 hash b3136ee7826428a5 -> block 1120 (stored)
[cas    ] put len 384 hash b6f94290651c20e5 -> block 1294 (stored)
[cas    ] put len 192 hash b3136ee7826428a5 -> block 1120 (stored)
[cas    ] put len 384 hash b6f94290651c20e5 -> DEDUP to block 1294 (no write)
[cas    ] put len 192 hash 53edb6237fed56a5 -> block 1119 (stored)
[cas    ] put len 192 hash 53edb6237fed56a5 -> DEDUP to block 1119 (no write)
[cas    ] put len 192 hash 6f86822def962225 -> block 1120 (stored)
[cas    ] put len 384 hash d66930e812600f25 -> block 1290 (stored)
[cas    ] put len 384 hash d66930e812600f25 -> DEDUP to block 1290 (no write)
[cas    ] put len 384 hash 9354c8b6875360e5 -> block 1119 (stored)
[cas    ] put len 192 hash cd0f94f7781eeb65 -> block 1120 (stored)
[cas    ] put len 192 hash cd0f94f7781eeb65 -> DEDUP to block 1120 (no write)
[cas    ] put len 384 hash fe382389b27568e5 -> block 1119 (stored)
[cas    ] put len 384 hash fe382389b27568e5 -> block 1119 (stored)
[cas    ] put len 192 hash bc22094754255e25 -> block 1120 (stored)
[cas    ] put len 192 hash 2b98dc521ac83925 -> block 1290 (stored)
[cas    ] put len 384 hash f0a5091f63475525 -> block 1293 (stored)
[cas    ] put len 384 hash c0811bb4ebdd3aa5 -> block 1120 (stored)
[cas    ] put len 192 hash 5157edd9099052a5 -> block 1119 (stored)
[cas    ] put len 384 hash 08ab8accc3b0b2a5 -> block 1120 (stored)
[cas    ] put len 192 hash c8ae684bb17e5365 -> block 1119 (stored)
[cas    ] put len 384 hash 55138704e9147ae5 -> block 1290 (stored)
[cas    ] put len 192 hash 065ae2d8c979aaa5 -> block 1119 (stored)
[cas    ] put len 192 hash bc22094754255e25 -> block 1290 (stored)
[cas    ] put len 384 hash 6bc391433823be65 -> block 1293 (stored)
[cas    ] put len 192 hash f0f14c39b54597a5 -> block 1119 (stored)
[cas    ] put len 384 hash 14a6e390b5cf80a5 -> block 1294 (stored)
[cas    ] put len 384 hash f0a5091f63475525 -> block 1119 (stored)
[cas    ] put len 192 hash 85924256f88d69a5 -> block 1290 (stored)
[cas    ] put len 384 hash 992bb7dd16823225 -> block 1293 (stored)
[cas    ] put len 192 hash 6987ed7dcdeed325 -> block 1119 (stored)
[cas    ] put len 384 hash 68bb557017af6165 -> block 1120 (stored)
[cas    ] put len 192 hash 065ae2d8c979aaa5 -> block 1119 (stored)
[cas    ] put len 384 hash 6bc391433823be65 -> block 1290 (stored)
[cas    ] put len 192 hash 3cfa36ec6a2d8825 -> block 1119 (stored)
[cas    ] put len 192 hash d3256032df07b365 -> block 1120 (stored)
[cas    ] put len 384 hash 56fcb7fa88f099a5 -> block 1290 (stored)
[cas    ] put len 384 hash a3637fd41e0c63e5 -> block 1119 (stored)
[cas    ] put len 192 hash 0ca0d005215790a5 -> block 1119 (stored)
[cas    ] put len 192 hash 85924256f88d69a5 -> block 1120 (stored)
[cas    ] put len 384 hash 992bb7dd16823225 -> block 1290 (stored)
[cas    ] put len 384 hash ed7d9d6f8b8b6ce5 -> block 1120 (stored)
[cas    ] put len 192 hash 9203c3d41ccdfba5 -> block 1119 (stored)
[cas    ] put len 192 hash d3256032df07b365 -> block 1290 (stored)
[cas    ] put len 192 hash 0773c101403d12e5 -> block 1293 (stored)
[cas    ] put len 384 hash a3637fd41e0c63e5 -> block 1294 (stored)
[cas    ] put len 384 hash 7a06ef171b2934e5 -> block 1290 (stored)
[cas    ] put len 384 hash ceea3d4e9af137a5 -> block 1293 (stored)
[cas    ] put len 192 hash 2b89faf5a3a08d25 -> block 1119 (stored)
[cas    ] put len 384 hash 1185cd594a73dea5 -> block 1290 (stored)
[cas    ] put len 192 hash 452287f9eeb491a5 -> block 1119 (stored)
[cas    ] put len 192 hash 9203c3d41ccdfba5 -> block 1293 (stored)
[cas    ] put len 384 hash 1585f87d879c8c65 -> block 1294 (stored)
[cas    ] put len 384 hash ceea3d4e9af137a5 -> block 1119 (stored)
[cas    ] put len 192 hash 5dda39f0f26b6a25 -> block 1119 (stored)
[cas    ] put len 192 hash b533d5fffb88eea5 -> block 1120 (stored)
[cas    ] put len 192 hash 452287f9eeb491a5 -> block 1290 (stored)
[cas    ] put len 384 hash 05ac46734214b4a5 -> block 1293 (stored)
[cas    ] put len 384 hash ed5813c4bf511b65 -> block 1119 (stored)
[cas    ] put len 384 hash 1585f87d879c8c65 -> block 1120 (stored)
[cas    ] put len 192 hash d5f641bffe3cc925 -> block 1120 (stored)
[cas    ] put len 192 hash 1a06f6ac02ae9e25 -> block 1290 (stored)
[cas    ] put len 384 hash 6a551f35a37af7e5 -> block 1293 (stored)
[cas    ] put len 384 hash 324daa55c2e1b3e5 -> block 1119 (stored)
[cas    ] put len 192 hash ddd415b830a167a5 -> block 1120 (stored)
[cas    ] put len 192 hash ada6eee724bafda5 -> block 1290 (stored)
[cas    ] put len 384 hash 6d9e7249fbb9d925 -> block 1119 (stored)
[cas    ] put len 192 hash 8c6dd8dcef2a6225 -> block 1290 (stored)
[cas    ] put len 384 hash 2f8d3f841a368c25 -> block 1293 (stored)
[cas    ] put len 192 hash 422ab5788e07f6a5 -> block 1119 (stored)
[cas    ] put len 384 hash 9ed5d743ca591e25 -> block 1290 (stored)
[cas    ] put len 192 hash 40f8505b69fe91a5 -> block 1119 (stored)
[cas    ] put len 384 hash d0ee6c42a22f6065 -> block 1293 (stored)
[cas    ] put len 192 hash f1c322997b0b5865 -> block 1119 (stored)
[cas    ] put len 384 hash fb910d323d2d5565 -> block 1290 (stored)
[cas    ] put len 192 hash 91084693a0c9ab65 -> block 1119 (stored)
[cas    ] put len 384 hash 44c32ec940def565 -> block 1293 (stored)
[cas    ] put len 384 hash 26ccad7320863ea5 -> block 1119 (stored)
[cas    ] put len 192 hash 393af937b702f5a5 -> block 1120 (stored)
[cas    ] put len 384 hash 3d7d21ce4a0963a5 -> block 1290 (stored)
[cas    ] put len 192 hash 203c46bb59d6d8a5 -> block 1120 (stored)
[cas    ] put len 384 hash 961e368bba1d0c25 -> block 1290 (stored)
[cas    ] put len 192 hash cadbca9e11416b65 -> block 1120 (stored)
[cas    ] put len 384 hash 045a7ba1f3d15765 -> block 1290 (stored)
[cas    ] put len 192 hash 7c6440f22cf65ca5 -> block 1120 (stored)
[cas    ] put len 192 hash 6f86822def962225 -> block 1290 (stored)
[cas    ] put len 384 hash e4a95a461f1ef325 -> block 1293 (stored)
[cas    ] put len 192 hash e3e3980e8c805fa5 -> block 1120 (stored)
[cas    ] put len 384 hash 9354c8b6875360e5 -> block 1294 (stored)
[cas    ] put len 192 hash 2b98dc521ac83925 -> block 1119 (stored)
[cas    ] put len 384 hash 15f89777e096fa25 -> block 1290 (stored)
[cas    ] put len 192 hash fcf59c3bd6f0fd25 -> block 1120 (stored)
[cas    ] put len 384 hash c0811bb4ebdd3aa5 -> block 1290 (stored)
[cas    ] put len 192 hash 5641090b578f9825 -> block 1119 (stored)
[cas    ] put len 384 hash dad2854b26a765e5 -> block 1293 (stored)
[cas    ] put len 384 hash 7433c0e50126b165 -> block 1120 (stored)
[cas    ] put len 192 hash c8ae684bb17e5365 -> block 1119 (stored)
[cas    ] put len 384 hash 55138704e9147ae5 -> block 1290 (stored)
[cas    ] put len 192 hash 5d73ef4dde9248e5 -> block 1119 (stored)
[cas    ] put len 192 hash bf61b6fd9a6483a5 -> block 1293 (stored)
[cas    ] put len 384 hash de73b115fc2e7625 -> block 1294 (stored)
[cas    ] put len 384 hash d02e1a75c58187e5 -> block 1293 (stored)
[cas    ] put len 192 hash f1d074d48eac2225 -> block 1119 (stored)
[cas    ] put len 192 hash 799fb4550487ece5 -> block 1120 (stored)
[cas    ] put len 384 hash 9a1956fee7a78b25 -> block 1290 (stored)
[cas    ] put len 384 hash 7a73909c43779f65 -> block 1119 (stored)
[cas    ] put len 192 hash f0f14c39b54597a5 -> block 1120 (stored)
[cas    ] put len 384 hash 14a6e390b5cf80a5 -> block 1119 (stored)
[cas    ] put len 192 hash 1eff9a4a6b556fe5 -> block 1120 (stored)
[cas    ] put len 192 hash 48649c26618d9425 -> block 1290 (stored)
[cas    ] put len 384 hash 304144751d81a665 -> block 1119 (stored)
[cas    ] put len 384 hash 6107d488ecee3225 -> block 1120 (stored)
[cas    ] put len 192 hash 6987ed7dcdeed325 -> block 1290 (stored)
[cas    ] put len 384 hash 68bb557017af6165 -> block 1119 (stored)
[cas    ] put len 192 hash b82578a9cd544025 -> block 1119 (stored)
[cas    ] put len 192 hash 3cfa36ec6a2d8825 -> block 1120 (stored)
[cas    ] put len 192 hash e70efcd9f02909a5 -> block 1290 (stored)
[cas    ] put len 192 hash f66949336ecf30a5 -> block 1293 (stored)
[cas    ] put len 384 hash f730a031c4c12fe5 -> block 1294 (stored)
[cas    ] put len 384 hash 56fcb7fa88f099a5 -> block 1119 (stored)
[cas    ] put len 384 hash aa5079cd3c0310a5 -> block 1120 (stored)
[cas    ] put len 384 hash 577b1b14cf58bd25 -> block 1290 (stored)
[cas    ] put len 192 hash 5f4f59f7f65892a5 -> block 1293 (stored)
[cas    ] put len 384 hash 2c65f129de006ca5 -> block 1119 (stored)
[cas    ] put len 192 hash 474f15d44f252a25 -> block 1119 (stored)
[cas    ] put len 192 hash 32928183d88e3ee5 -> block 1120 (stored)
[cas    ] put len 384 hash fc45466096700465 -> block 1293 (stored)
[cas    ] put len 384 hash fa9c94a16ff6eee5 -> block 1120 (stored)
[cas    ] put len 192 hash 0773c101403d12e5 -> block 1119 (stored)
[cas    ] put len 384 hash 7a06ef171b2934e5 -> block 1293 (stored)
[cas    ] put len 192 hash 4ceb41f64bc74b25 -> block 1119 (stored)
[cas    ] put len 384 hash f1b69a2dd5e81225 -> block 1120 (stored)
[cas    ] put len 192 hash 3672a74d4ac8f565 -> block 1119 (stored)
[cas    ] put len 192 hash 2b89faf5a3a08d25 -> block 1120 (stored)
[cas    ] put len 384 hash 1185cd594a73dea5 -> block 1293 (stored)
[cas    ] put len 192 hash 77e0d15a8764ff25 -> block 1120 (stored)
[cas    ] put len 384 hash 49955d37cbe2ba65 -> block 1294 (stored)
[cas    ] put len 384 hash 2830cbb31742ef25 -> block 1119 (stored)
[cas    ] put len 192 hash 594b51a4f9247525 -> block 1120 (stored)
[cas    ] put len 384 hash 0309cf54def10325 -> block 1119 (stored)
[cas    ] put len 192 hash d5f641bffe3cc925 -> block 1119 (stored)
[cas    ] put len 384 hash 6a551f35a37af7e5 -> block 1120 (stored)
[cas    ] put len 192 hash 31d9d61dba1572a5 -> block 1119 (stored)
[cas    ] put len 384 hash 4abc40c1ba84b365 -> block 1290 (stored)
[cas    ] put len 192 hash 422ab5788e07f6a5 -> block 1119 (stored)
[cas    ] put len 384 hash 9ed5d743ca591e25 -> block 1120 (stored)
[cas    ] put len 192 hash 91084693a0c9ab65 -> block 1119 (stored)
[cas    ] put len 384 hash 44c32ec940def565 -> block 1120 (stored)
[cas    ] put len 192 hash 7c6440f22cf65ca5 -> block 1119 (stored)
[cas    ] put len 384 hash e4a95a461f1ef325 -> block 1120 (stored)
[cas    ] put len 192 hash dcfcb72a9f3a3ea5 -> block 1119 (stored)
[cas    ] put len 384 hash 6a3bc500091998a5 -> block 1120 (stored)
[cas    ] put len 192 hash 5641090b578f9825 -> block 1119 (stored)
[cas    ] put len 384 hash 7433c0e50126b165 -> block 1290 (stored)
[cas    ] put len 192 hash f1d074d48eac2225 -> block 1119 (stored)
[cas    ] put len 384 hash 9a1956fee7a78b25 -> block 1120 (stored)
[cas    ] put len 192 hash 0e931eecc17fade5 -> block 1119 (stored)
[cas    ] put len 384 hash 5c162485bc5b4de5 -> block 1290 (stored)
[cas    ] put len 192 hash 1eff9a4a6b556fe5 -> block 1119 (stored)
[cas    ] put len 384 hash 304144751d81a665 -> block 1120 (stored)
[cas    ] put len 192 hash e70efcd9f02909a5 -> block 1119 (stored)
[cas    ] put len 384 hash aa5079cd3c0310a5 -> block 1120 (stored)
[cas    ] put len 192 hash 474f15d44f252a25 -> block 1119 (stored)
[cas    ] put len 384 hash fa9c94a16ff6eee5 -> block 1120 (stored)
[cas    ] put len 192 hash dc7c8e9607565725 -> block 1119 (stored)
[cas    ] put len 192 hash 4ceb41f64bc74b25 -> block 1120 (stored)
[cas    ] put len 384 hash f1b69a2dd5e81225 -> block 1290 (stored)
[cas    ] put len 192 hash 3672a74d4ac8f565 -> block 1120 (stored)
[cas    ] put len 384 hash 84ce715717414aa5 -> block 1290 (stored)
[cas    ] put len 384 hash 49955d37cbe2ba65 -> block 1119 (stored)
[cas    ] put len 192 hash 0f4d0eaf1713f1a5 -> block 1119 (stored)
[cas    ] put len 384 hash 13498e83e9c6d3e5 -> block 1120 (stored)
[cas    ] put len 192 hash c9689a8889234e25 -> block 1119 (stored)
[cas    ] put len 384 hash 6f8f3314b28112a5 -> block 1120 (stored)
[vfsstrs]  PASS  cas-contend: every worker reached a terminal state (no watchdog)
[vfsstrs] cas-contend: 8 worker(s) on 4 core(s), 12 iteration(s) each — 8 ok, 0 deadline, 0 failed; ran on 4 core(s) (mask f) in 1945 ticks
[vfsstrs] cas-contend: unreferenced 3 -> 3, used_blocks 1290 -> 1290, gen bumps 386 -> 574, frees 386 -> 574, underflow 0 -> 0, dangling 0
[vfsstrs]  PASS  cas-contend: no worker FAILED (deadline expiry is counted separately and tolerated — a slow host must never be decoded as a defect; a worker that actually lost or corrupted a block exits on its own code and is caught here)
[vfsstrs]  PASS  cas-contend: the soak actually DID WORK — at least one worker completed every iteration (all-deadline would leave every count below true of nothing)
[vfsstrs]  PASS  cas-contend: the CAS free path RAN during the soak (blocks freed advanced; without this the reclamation equalities below hold trivially)
[vfsstrs]  PASS  cas-contend: allocated-but-unreferenced blocks return to EXACTLY their pre-soak value — not 'no worse than'. One leaked block per create/unlink cycle is invisible for a long time and then is not
[vfsstrs]  PASS  cas-contend: used_blocks returns to EXACTLY its pre-soak value (every block the soak allocated came back)
[vfsstrs]  PASS  cas-contend: no index entry names a block the bitmap calls free after concurrent index churn from every core
[vfsstrs]  PASS  cas-contend: the reference count never underflowed — nothing released a block twice under contention
[vfsstrs]  PASS  cas-contend: the generation table stayed in step with the frees it records (sum(gen) + wraps accounts for every bump; a free path that returned a block without bumping would break this)
[vfsstrs]  PASS  cas-contend: no block is referenced while the bitmap calls it free
[vfsstrs]  PASS  cas-contend: the workers RAN ON MORE THAN ONE CORE — without this the phase is a single-threaded test reporting a concurrency result
[cas    ] put len 16 hash 2e373913e5ad677d -> block 1119 (stored)
[cas    ] put len 32 hash 01527c9731f0ff55 -> block 1120 (stored)
[cas    ] put len 48 hash 739c3bcfed16eaed -> block 1119 (stored)
[cas    ] put len 64 hash ec631990456e2f45 -> block 1120 (stored)
[cas    ] put len 80 hash 04972276127af39d -> block 1119 (stored)
[cas    ] put len 96 hash 13d2bea689e762f5 -> block 1120 (stored)
[cas    ] put len 112 hash ca5aae5aa4d44b8d -> block 1119 (stored)
[cas    ] put len 128 hash 9e49f7fadc58e265 -> block 1120 (stored)
[vfsstrs] journal irq: 8 append(s), 9 journal commit(s), 9 of them PREEMPTIBLE (interrupts on), read back 128/128 byte(s), control IF=1
[vfsstrs]  PASS  journal irq: the append workload actually REACHED the journal (without this every count below is zero for the uninteresting reason)
[vfsstrs]  PASS  journal irq: the instrument CAN report interrupts-on - sampled outside every klock it reads IF set (a sampler stuck at one value would satisfy the next check whatever the kernel did)
[vfsstrs]  PASS  journal irq: every journal commit was PREEMPTIBLE - klock reopens IF after the rank check, so this path is NOT protected by interrupt masking, which is what makes the append-oversub result above a real preemption test
[vfsstrs]  PASS  journal irq: every appended byte is present and correct ANYWAY - O_APPEND atomicity rests on mutual exclusion via g_vfs_lock, not on interrupts being masked
[kernel ] spawned pid 562 'metaw' caps 0000000000000020 — private PML4 @ phys 00000000012bf000
[elf    ] PT_LOAD vaddr 0000500000000000 filesz 000000000001b713 memsz 000000000001b713 (ro) -> mapped USER (bounds ok)
[elf    ] PT_LOAD vaddr 000050000001c000 filesz 0000000000003f20 memsz 0000000000003f20 (ro) -> mapped USER (bounds ok)
[elf    ] PT_LOAD vaddr 0000500000020000 filesz 0000000000000284 memsz 0000000000037fe0 (rw) -> mapped USER (bounds ok)
[cas    ] put len 4 hash 4320e9a2e32eac38 -> block 1119 (stored)
[cas    ] put len 4 hash 80be0aaf7fd02258 -> block 1120 (stored)
[kernel ] spawned pid 563 'metaw' caps 0000000000000020 — private PML4 @ phys 0000000001343000
[vfsstrs]  PASS  VFS metadata from ring 3: chmod/chown judge the EFFECTIVE uid (a process that dropped with seteuid is refused root's file), mtime moves on write but not on read, atime moves on read, and rename carries content to the new name
[vfsstrs] tmp ownership: 0 live slot(s), 83 permission decision(s), 5 refusal(s)
[vfsstrs] cas reclaim: 584 block(s) freed, 3424 reference drop(s), 0 underflow(s); volume 1290/8192 blocks used
[vfsstrs]  PASS  CAS reclamation actually ran this boot (blocks freed > 0; zero would make every reclamation claim above INCONCLUSIVE)
[vfsstrs]  PASS  no CAS block was ever released twice (reference-count underflow == 0)
[vfsstrs]  PASS  the free-block accounting still reconciles after reclamation (used_blocks agrees with the bitmap)
[vfsstrs] cas residual: 3 allocated data block(s) unreferenced by any live file (budget 32; direct cas_put callers with no dirent — cmd_cas, validation)
[vfsstrs]  PASS  blocks allocated but named by no live file stay within a small fixed budget (a climbing count is a reclamation leak; a small steady one is the boot suites' own direct CAS content)
[vfsstrs] cas index audit: 642 live index entr(ies), 0 naming a block the bitmap calls free
[vfsstrs]  PASS  the content index was actually populated this boot (zero entries would make the dangling count below INCONCLUSIVE)
[vfsstrs]  PASS  no content-index entry names a block the bitmap calls free (the v0.48 hazard: a later put would dedup to it and hand back storage since reallocated)
[vfsstrs] cas cross-reboot: marker at block 1125, bitmap says ALLOCATED, 512/512 byte(s) exact, dangling 0, used_blocks 1290 vs popcount 1290 (recover calls 3, replays 1, boot-time CPUs online 1)
[vfsstrs]  PASS  cas cross-reboot: a PRIOR boot's interrupted CAS transaction left its index entry on the volume (the marker is present at all)
[vfsstrs]  PASS  cas cross-reboot: the block that entry names is ALLOCATED after recovery — at the halt the home bitmap said FREE, so only cas_journal_recover() can have reconciled them
[vfsstrs]  PASS  cas cross-reboot: the recovered block reads back all 512 bytes exactly (a volume that comes back describing content it cannot produce is worse than one that lost the transaction)
[vfsstrs]  PASS  cas cross-reboot: volume-wide index/bitmap agreement holds after the repair (dangling == 0 — the replay did not fix this entry by breaking another)
[vfsstrs]  PASS  cas cross-reboot: used_blocks still equals the bitmap popcount, so the SUPERBLOCK shadow was replayed too and not only the bitmap block
[vfsstrs] cas cross-reboot: VERIFIED
[vfsstrs] cas recovery context: 3 recover call(s), 1 replay(s) of which 1 ran pre-SMP; CPUs online at the boot MOUNT = 1, at the first pre-SMP replay = 1, highest at any replay = 1 (this boot has 4 online now)
[vfsstrs]  PASS  a boot-time CAS mount happened at all (without it the CPU-count claim below is a statement about an event that never occurred)
[vfsstrs]  PASS  the BOOT-time CAS mount ran with exactly ONE CPU online — no AP can race it or the journal replay it performs, because kernel_main calls cmd_cas() before smp_init() (boot ordering, not interrupt masking; see the note at cas_journal_recover)
[vfsstrs]  PASS  the boot-time journal REPLAY itself also ran pre-SMP with one CPU online (only assertable on a volume that actually had a pending transaction to replay)
[vfsstrs]  PASS  the tmp ownership rule was exercised this boot (permission decisions > 0; zero would make every tmp permission claim below INCONCLUSIVE)
[vfsstrs]  PASS  the rule refused at least one access (refusals > 0: a boot in which nobody was ever refused has not tested a refusal)
[cas    ] put len 512 hash 3c190ee5aa5af325 -> block 1119 (stored)
[cas    ] put len 88 hash 9da463d5c09aeb15 -> block 1120 (stored)
[cas    ] put len 512 hash 52085ae572178b25 -> block 1290 (stored)
[cas    ] put len 512 hash 861b99a37affb125 -> block 1293 (stored)
[cas    ] put len 512 hash ee5c9c73bf9c9f25 -> block 1294 (stored)
[cas    ] put len 512 hash 40ad87dda6c3ff25 -> block 1295 (stored)
[cas    ] put len 512 hash 0f7d54d3abfc0325 -> block 1296 (stored)
[cas    ] put len 512 hash 1b698ed3b7cc2d25 -> block 1297 (stored)
[cas    ] put len 512 hash bceeb493ca6d1b25 -> block 1298 (stored)
[cas    ] put len 512 hash 445f4826aa603f25 -> block 1299 (stored)
[cas    ] put len 512 hash 54597ff9fdc25725 -> block 1300 (stored)
[cas    ] put len 512 hash 26f0e1f412f9ad25 -> block 1301 (stored)
[cas    ] put len 512 hash 982097951d108325 -> block 1302 (stored)
[cas    ] put len 512 hash 989ff9b7ee59cb25 -> block 1303 (stored)
[cas    ] put len 512 hash 490221406aa5db25 -> block 1304 (stored)
[cas    ] put len 512 hash 38b9724d1a068125 -> block 1305 (stored)
[cas    ] put len 512 hash 687c63dcfa5df325 -> block 1306 (stored)
[cas    ] put len 512 hash d8d09a97a572bf25 -> block 1307 (stored)
[cas    ] put len 512 hash 5a2127b7a679e725 -> block 1308 (stored)
[cas    ] put len 512 hash f910d8d145c19525 -> block 1309 (stored)
[cas    ] put len 512 hash f17884d5fde46325 -> block 1310 (stored)
[cas    ] put len 512 hash f6a6f34e50d3af25 -> block 1311 (stored)
[cas    ] put len 512 hash 2698eb703b98af25 -> block 1312 (stored)
[cas    ] put len 512 hash 8a109345c79acd25 -> block 1313 (stored)
[cas    ] put len 512 hash 4ac3167683f4db25 -> block 1314 (stored)
[cas    ] put len 512 hash dcde0b9d92cab725 -> block 1315 (stored)
[cas    ] put len 512 hash def208e6ae4631db -> block 1316 (stored)
[cas    ] put len 512 hash 3c190ee5aa5af325 -> DEDUP to block 1119 (no write)
[cas    ] put len 88 hash 9da463d5c09aeb15 -> DEDUP to block 1120 (no write)
[vfsstrs] reclaim baseline: unreferenced 3 -> 3, used_blocks 1290 -> 1290 (3 files created and unlinked: direct, indirect, shared)
[vfsstrs]  PASS  a full create-and-unlink cycle returns the unreferenced-block count to its EXACT pre-workload baseline (reclamation is complete, not merely working)
[vfsstrs] cas gen: 611 block(s) freed this mount, 611 bump(s), sum(gen)=611 wrap(s)=0, 639 referenced block(s) checked, 0 referenced-but-UNALLOCATED
[vfsstrs]  PASS  cas gen: the workload actually RETURNED blocks to the pool this mount (without this every equality below is 0 == 0)
[vfsstrs]  PASS  cas gen: generation bumps and block frees stay EXACTLY synchronised — sum(gen) + wraps == bumps == blocks_freed, three counters kept at different points in cas_free() under one lock
[vfsstrs]  PASS  cas gen: every block a live dirent references is ALLOCATED — refs > 0 with a clear bitmap bit is a block freed while something still named it
[vfsstrs] cas gen reset: 3 rebuild(s) this boot, 0 left residue, worst sum(gen) after a reset was 0
[vfsstrs]  PASS  cas gen reset: the boot performed MORE THAN ONE rebuild, so the check below covers a warm remount and not merely the BSS-zeroed first mount (a broken reset is invisible at first mount — the table starts zero either way)
[vfsstrs]  PASS  cas gen reset: EVERY rebuild left sum(gen), bumps, wraps and blocks_freed all at zero — the per-boot bound holds because the reset is complete, not because nothing was carried
[cas    ] put len 512 hash feb4c45ed19eeb25 -> block 1119 (stored)
[vfsstrs] cas tally: derived 1344 ref(s) weight 1228176, live 1344 ref(s) weight 1228176
[vfsstrs]  PASS  the live CAS reference table still agrees with the directory (every retain and release since the last rebuild balanced; a mismatch is a leak or a premature-free risk, caught before either becomes corruption)
[vfsstrs] RESULT: 88 passed, 0 failed
[vfsstrs] VFS STRESS VERIFIED — journaling, reclamation and multi-volume mounts all leak-free and crash-safe
-- done --
-- GPU STRESS: real virtio-gpu 2D resource/scanout/flush churn, incl. client faults --
[kernel ] spawned pid 564 'gpu-driver' caps 0000000000000400 — private PML4 @ phys 00000000012bf000
[elf    ] PT_LOAD vaddr 0000500000000000 filesz 000000000001b713 memsz 000000000001b713 (ro) -> mapped USER (bounds ok)
[elf    ] PT_LOAD vaddr 000050000001c000 filesz 0000000000003f20 memsz 0000000000003f20 (ro) -> mapped USER (bounds ok)
[elf    ] PT_LOAD vaddr 0000500000020000 filesz 0000000000000284 memsz 0000000000037fe0 (rw) -> mapped USER (bounds ok)
[kernel ] spawned pid 565 'gpu-driver' caps 0000000000000400 — private PML4 @ phys 00000000012bf000
[elf    ] PT_LOAD vaddr 0000500000000000 filesz 000000000001b713 memsz 000000000001b713 (ro) -> mapped USER (bounds ok)
[elf    ] PT_LOAD vaddr 000050000001c000 filesz 0000000000003f20 memsz 0000000000003f20 (ro) -> mapped USER (bounds ok)
[elf    ] PT_LOAD vaddr 0000500000020000 filesz 0000000000000284 memsz 0000000000037fe0 (rw) -> mapped USER (bounds ok)
[kernel ] spawned pid 566 'gpu-driver' caps 0000000000000400 — private PML4 @ phys 00000000012bf000
[elf    ] PT_LOAD vaddr 0000500000000000 filesz 000000000001b713 memsz 000000000001b713 (ro) -> mapped USER (bounds ok)
[elf    ] PT_LOAD vaddr 000050000001c000 filesz 0000000000003f20 memsz 0000000000003f20 (ro) -> mapped USER (bounds ok)
[elf    ] PT_LOAD vaddr 0000500000020000 filesz 0000000000000284 memsz 0000000000037fe0 (rw) -> mapped USER (bounds ok)
[kernel ] spawned pid 567 'gpu-driver' caps 0000000000000400 — private PML4 @ phys 00000000012bf000
[elf    ] PT_LOAD vaddr 0000500000000000 filesz 000000000001b713 memsz 000000000001b713 (ro) -> mapped USER (bounds ok)
[elf    ] PT_LOAD vaddr 000050000001c000 filesz 0000000000003f20 memsz 0000000000003f20 (ro) -> mapped USER (bounds ok)
[elf    ] PT_LOAD vaddr 0000500000020000 filesz 0000000000000284 memsz 0000000000037fe0 (rw) -> mapped USER (bounds ok)

[fault  ] ring-3 pid 567 fault (vec 14) cr2=0000000000000001 rip=0000500000000f21 err=7 pte=8000000000000023 — task terminated
[gpustrs] round 4/16 clean
[kernel ] spawned pid 568 'gpu-driver' caps 0000000000000400 — private PML4 @ phys 00000000012bf000
[elf    ] PT_LOAD vaddr 0000500000000000 filesz 000000000001b713 memsz 000000000001b713 (ro) -> mapped USER (bounds ok)
[elf    ] PT_LOAD vaddr 000050000001c000 filesz 0000000000003f20 memsz 0000000000003f20 (ro) -> mapped USER (bounds ok)
[elf    ] PT_LOAD vaddr 0000500000020000 filesz 0000000000000284 memsz 0000000000037fe0 (rw) -> mapped USER (bounds ok)
[kernel ] spawned pid 569 'gpu-driver' caps 0000000000000400 — private PML4 @ phys 00000000012bf000
[elf    ] PT_LOAD vaddr 0000500000000000 filesz 000000000001b713 memsz 000000000001b713 (ro) -> mapped USER (bounds ok)
[elf    ] PT_LOAD vaddr 000050000001c000 filesz 0000000000003f20 memsz 0000000000003f20 (ro) -> mapped USER (bounds ok)
[elf    ] PT_LOAD vaddr 0000500000020000 filesz 0000000000000284 memsz 0000000000037fe0 (rw) -> mapped USER (bounds ok)
[kernel ] spawned pid 570 'gpu-driver' caps 0000000000000400 — private PML4 @ phys 00000000012bf000
[elf    ] PT_LOAD vaddr 0000500000000000 filesz 000000000001b713 memsz 000000000001b713 (ro) -> mapped USER (bounds ok)
[elf    ] PT_LOAD vaddr 000050000001c000 filesz 0000000000003f20 memsz 0000000000003f20 (ro) -> mapped USER (bounds ok)
[elf    ] PT_LOAD vaddr 0000500000020000 filesz 0000000000000284 memsz 0000000000037fe0 (rw) -> mapped USER (bounds ok)
[kernel ] spawned pid 571 'gpu-driver' caps 0000000000000400 — private PML4 @ phys 00000000012bf000
[elf    ] PT_LOAD vaddr 0000500000000000 filesz 000000000001b713 memsz 000000000001b713 (ro) -> mapped USER (bounds ok)
[elf    ] PT_LOAD vaddr 000050000001c000 filesz 0000000000003f20 memsz 0000000000003f20 (ro) -> mapped USER (bounds ok)
[elf    ] PT_LOAD vaddr 0000500000020000 filesz 0000000000000284 memsz 0000000000037fe0 (rw) -> mapped USER (bounds ok)

[fault  ] ring-3 pid 571 fault (vec 14) cr2=0000000000000001 rip=0000500000000f21 err=7 pte=8000000000000023 — task terminated
[gpustrs] round 8/16 clean
[kernel ] spawned pid 572 'gpu-driver' caps 0000000000000400 — private PML4 @ phys 00000000012bf000
[elf    ] PT_LOAD vaddr 0000500000000000 filesz 000000000001b713 memsz 000000000001b713 (ro) -> mapped USER (bounds ok)
[elf    ] PT_LOAD vaddr 000050000001c000 filesz 0000000000003f20 memsz 0000000000003f20 (ro) -> mapped USER (bounds ok)
[elf    ] PT_LOAD vaddr 0000500000020000 filesz 0000000000000284 memsz 0000000000037fe0 (rw) -> mapped USER (bounds ok)
[kernel ] spawned pid 573 'gpu-driver' caps 0000000000000400 — private PML4 @ phys 00000000012bf000
[elf    ] PT_LOAD vaddr 0000500000000000 filesz 000000000001b713 memsz 000000000001b713 (ro) -> mapped USER (bounds ok)
[elf    ] PT_LOAD vaddr 000050000001c000 filesz 0000000000003f20 memsz 0000000000003f20 (ro) -> mapped USER (bounds ok)
[elf    ] PT_LOAD vaddr 0000500000020000 filesz 0000000000000284 memsz 0000000000037fe0 (rw) -> mapped USER (bounds ok)
[kernel ] spawned pid 574 'gpu-driver' caps 0000000000000400 — private PML4 @ phys 00000000012bf000
[elf    ] PT_LOAD vaddr 0000500000000000 filesz 000000000001b713 memsz 000000000001b713 (ro) -> mapped USER (bounds ok)
[elf    ] PT_LOAD vaddr 000050000001c000 filesz 0000000000003f20 memsz 0000000000003f20 (ro) -> mapped USER (bounds ok)
[elf    ] PT_LOAD vaddr 0000500000020000 filesz 0000000000000284 memsz 0000000000037fe0 (rw) -> mapped USER (bounds ok)
[kernel ] spawned pid 575 'gpu-driver' caps 0000000000000400 — private PML4 @ phys 00000000012bf000
[elf    ] PT_LOAD vaddr 0000500000000000 filesz 000000000001b713 memsz 000000000001b713 (ro) -> mapped USER (bounds ok)
[elf    ] PT_LOAD vaddr 000050000001c000 filesz 0000000000003f20 memsz 0000000000003f20 (ro) -> mapped USER (bounds ok)
[elf    ] PT_LOAD vaddr 0000500000020000 filesz 0000000000000284 memsz 0000000000037fe0 (rw) -> mapped USER (bounds ok)

[fault  ] ring-3 pid 575 fault (vec 14) cr2=0000000000000001 rip=0000500000000f21 err=7 pte=8000000000000023 — task terminated
[gpustrs] round 12/16 clean
[kernel ] spawned pid 576 'gpu-driver' caps 0000000000000400 — private PML4 @ phys 00000000012bf000
[elf    ] PT_LOAD vaddr 0000500000000000 filesz 000000000001b713 memsz 000000000001b713 (ro) -> mapped USER (bounds ok)
[elf    ] PT_LOAD vaddr 000050000001c000 filesz 0000000000003f20 memsz 0000000000003f20 (ro) -> mapped USER (bounds ok)
[elf    ] PT_LOAD vaddr 0000500000020000 filesz 0000000000000284 memsz 0000000000037fe0 (rw) -> mapped USER (bounds ok)
[kernel ] spawned pid 577 'gpu-driver' caps 0000000000000400 — private PML4 @ phys 00000000012bf000
[elf    ] PT_LOAD vaddr 0000500000000000 filesz 000000000001b713 memsz 000000000001b713 (ro) -> mapped USER (bounds ok)
[elf    ] PT_LOAD vaddr 000050000001c000 filesz 0000000000003f20 memsz 0000000000003f20 (ro) -> mapped USER (bounds ok)
[elf    ] PT_LOAD vaddr 0000500000020000 filesz 0000000000000284 memsz 0000000000037fe0 (rw) -> mapped USER (bounds ok)
[kernel ] spawned pid 578 'gpu-driver' caps 0000000000000400 — private PML4 @ phys 00000000012bf000
[elf    ] PT_LOAD vaddr 0000500000000000 filesz 000000000001b713 memsz 000000000001b713 (ro) -> mapped USER (bounds ok)
[elf    ] PT_LOAD vaddr 000050000001c000 filesz 0000000000003f20 memsz 0000000000003f20 (ro) -> mapped USER (bounds ok)
[elf    ] PT_LOAD vaddr 0000500000020000 filesz 0000000000000284 memsz 0000000000037fe0 (rw) -> mapped USER (bounds ok)
[kernel ] spawned pid 579 'gpu-driver' caps 0000000000000400 — private PML4 @ phys 00000000012bf000
[elf    ] PT_LOAD vaddr 0000500000000000 filesz 000000000001b713 memsz 000000000001b713 (ro) -> mapped USER (bounds ok)
[elf    ] PT_LOAD vaddr 000050000001c000 filesz 0000000000003f20 memsz 0000000000003f20 (ro) -> mapped USER (bounds ok)
[elf    ] PT_LOAD vaddr 0000500000020000 filesz 0000000000000284 memsz 0000000000037fe0 (rw) -> mapped USER (bounds ok)

[fault  ] ring-3 pid 579 fault (vec 14) cr2=0000000000000001 rip=0000500000000f21 err=7 pte=8000000000000023 — task terminated
[gpustrs] round 16/16 clean
[gpustrs]  PASS  every round completed without a watchdog timeout (no deadlock across preemption)
[gpustrs]  PASS  every clean-round driver exited normally (create/draw/scanout/flush/fence all verified in ring 3)
[gpustrs]  PASS  every fault-round driver actually died via the fault path (not its own SYS_EXIT)
[gpustrs]  PASS  no DMA grant survived past any round's teardown (clean OR faulted)
[gpustrs]  PASS  no GPU resource-table slot survived past any round's teardown (clean OR faulted)
[gpustrs]  PASS  scanout ownership was released by every round's teardown (clean OR faulted)
[gpustrs] 16 rounds (4 faulted): +1664 freed, +1600 reused; global depth 1454
[gpustrs]  PASS  free-frame count reconciles (g_frame_free_depth == lifetime freed - reused)
[gpustrs]  PASS  the frame allocator's leaf lock never triggered a rank violation (no double-free race)
[gpustrs] RESULT: 8 passed, 0 failed
[gpustrs] GPU STRESS VERIFIED — 2D resource/scanout/flush leak-free across clean AND faulted driver churn
-- done --
-- AUDIO STRESS: real virtio-sound PCM configure/write churn, incl. client faults --
[audstrs] SKIPPED — no virtio-sound device present on this boot
-- NET STRESS: real ring-3 datagram-socket bind/connect/send/recv churn, incl. client faults --
[kernel ] spawned pid 580 'net-driver' caps 0000000000000010 — private PML4 @ phys 00000000012bf000
[elf    ] PT_LOAD vaddr 0000500000000000 filesz 000000000001b713 memsz 000000000001b713 (ro) -> mapped USER (bounds ok)
[elf    ] PT_LOAD vaddr 000050000001c000 filesz 0000000000003f20 memsz 0000000000003f20 (ro) -> mapped USER (bounds ok)
[elf    ] PT_LOAD vaddr 0000500000020000 filesz 0000000000000284 memsz 0000000000037fe0 (rw) -> mapped USER (bounds ok)
[kernel ] spawned pid 581 'net-driver' caps 0000000000000010 — private PML4 @ phys 00000000012bf000
[elf    ] PT_LOAD vaddr 0000500000000000 filesz 000000000001b713 memsz 000000000001b713 (ro) -> mapped USER (bounds ok)
[elf    ] PT_LOAD vaddr 000050000001c000 filesz 0000000000003f20 memsz 0000000000003f20 (ro) -> mapped USER (bounds ok)
[elf    ] PT_LOAD vaddr 0000500000020000 filesz 0000000000000284 memsz 0000000000037fe0 (rw) -> mapped USER (bounds ok)
[kernel ] spawned pid 582 'net-driver' caps 0000000000000010 — private PML4 @ phys 00000000012bf000
[elf    ] PT_LOAD vaddr 0000500000000000 filesz 000000000001b713 memsz 000000000001b713 (ro) -> mapped USER (bounds ok)
[elf    ] PT_LOAD vaddr 000050000001c000 filesz 0000000000003f20 memsz 0000000000003f20 (ro) -> mapped USER (bounds ok)
[elf    ] PT_LOAD vaddr 0000500000020000 filesz 0000000000000284 memsz 0000000000037fe0 (rw) -> mapped USER (bounds ok)
[kernel ] spawned pid 583 'net-driver' caps 0000000000000010 — private PML4 @ phys 00000000012bf000
[elf    ] PT_LOAD vaddr 0000500000000000 filesz 000000000001b713 memsz 000000000001b713 (ro) -> mapped USER (bounds ok)
[elf    ] PT_LOAD vaddr 000050000001c000 filesz 0000000000003f20 memsz 0000000000003f20 (ro) -> mapped USER (bounds ok)
[elf    ] PT_LOAD vaddr 0000500000020000 filesz 0000000000000284 memsz 0000000000037fe0 (rw) -> mapped USER (bounds ok)

[fault  ] ring-3 pid 583 fault (vec 14) cr2=0000000000000001 rip=0000500000001142 err=7 pte=8000000000000023 — task terminated
[netstrs] round 4/16 clean
[kernel ] spawned pid 584 'net-driver' caps 0000000000000010 — private PML4 @ phys 00000000012bf000
[elf    ] PT_LOAD vaddr 0000500000000000 filesz 000000000001b713 memsz 000000000001b713 (ro) -> mapped USER (bounds ok)
[elf    ] PT_LOAD vaddr 000050000001c000 filesz 0000000000003f20 memsz 0000000000003f20 (ro) -> mapped USER (bounds ok)
[elf    ] PT_LOAD vaddr 0000500000020000 filesz 0000000000000284 memsz 0000000000037fe0 (rw) -> mapped USER (bounds ok)
[kernel ] spawned pid 585 'net-driver' caps 0000000000000010 — private PML4 @ phys 00000000012bf000
[elf    ] PT_LOAD vaddr 0000500000000000 filesz 000000000001b713 memsz 000000000001b713 (ro) -> mapped USER (bounds ok)
[elf    ] PT_LOAD vaddr 000050000001c000 filesz 0000000000003f20 memsz 0000000000003f20 (ro) -> mapped USER (bounds ok)
[elf    ] PT_LOAD vaddr 0000500000020000 filesz 0000000000000284 memsz 0000000000037fe0 (rw) -> mapped USER (bounds ok)
[kernel ] spawned pid 586 'net-driver' caps 0000000000000010 — private PML4 @ phys 00000000012bf000
[elf    ] PT_LOAD vaddr 0000500000000000 filesz 000000000001b713 memsz 000000000001b713 (ro) -> mapped USER (bounds ok)
[elf    ] PT_LOAD vaddr 000050000001c000 filesz 0000000000003f20 memsz 0000000000003f20 (ro) -> mapped USER (bounds ok)
[elf    ] PT_LOAD vaddr 0000500000020000 filesz 0000000000000284 memsz 0000000000037fe0 (rw) -> mapped USER (bounds ok)
[kernel ] spawned pid 587 'net-driver' caps 0000000000000010 — private PML4 @ phys 00000000012bf000
[elf    ] PT_LOAD vaddr 0000500000000000 filesz 000000000001b713 memsz 000000000001b713 (ro) -> mapped USER (bounds ok)
[elf    ] PT_LOAD vaddr 000050000001c000 filesz 0000000000003f20 memsz 0000000000003f20 (ro) -> mapped USER (bounds ok)
[elf    ] PT_LOAD vaddr 0000500000020000 filesz 0000000000000284 memsz 0000000000037fe0 (rw) -> mapped USER (bounds ok)

[fault  ] ring-3 pid 587 fault (vec 14) cr2=0000000000000001 rip=0000500000001142 err=7 pte=8000000000000023 — task terminated
[netstrs] round 8/16 clean
[kernel ] spawned pid 588 'net-driver' caps 0000000000000010 — private PML4 @ phys 00000000012bf000
[elf    ] PT_LOAD vaddr 0000500000000000 filesz 000000000001b713 memsz 000000000001b713 (ro) -> mapped USER (bounds ok)
[elf    ] PT_LOAD vaddr 000050000001c000 filesz 0000000000003f20 memsz 0000000000003f20 (ro) -> mapped USER (bounds ok)
[elf    ] PT_LOAD vaddr 0000500000020000 filesz 0000000000000284 memsz 0000000000037fe0 (rw) -> mapped USER (bounds ok)
[kernel ] spawned pid 589 'net-driver' caps 0000000000000010 — private PML4 @ phys 00000000012bf000
[elf    ] PT_LOAD vaddr 0000500000000000 filesz 000000000001b713 memsz 000000000001b713 (ro) -> mapped USER (bounds ok)
[elf    ] PT_LOAD vaddr 000050000001c000 filesz 0000000000003f20 memsz 0000000000003f20 (ro) -> mapped USER (bounds ok)
[elf    ] PT_LOAD vaddr 0000500000020000 filesz 0000000000000284 memsz 0000000000037fe0 (rw) -> mapped USER (bounds ok)
[kernel ] spawned pid 590 'net-driver' caps 0000000000000010 — private PML4 @ phys 00000000012bf000
[elf    ] PT_LOAD vaddr 0000500000000000 filesz 000000000001b713 memsz 000000000001b713 (ro) -> mapped USER (bounds ok)
[elf    ] PT_LOAD vaddr 000050000001c000 filesz 0000000000003f20 memsz 0000000000003f20 (ro) -> mapped USER (bounds ok)
[elf    ] PT_LOAD vaddr 0000500000020000 filesz 0000000000000284 memsz 0000000000037fe0 (rw) -> mapped USER (bounds ok)
[kernel ] spawned pid 591 'net-driver' caps 0000000000000010 — private PML4 @ phys 00000000012bf000
[elf    ] PT_LOAD vaddr 0000500000000000 filesz 000000000001b713 memsz 000000000001b713 (ro) -> mapped USER (bounds ok)
[elf    ] PT_LOAD vaddr 000050000001c000 filesz 0000000000003f20 memsz 0000000000003f20 (ro) -> mapped USER (bounds ok)
[elf    ] PT_LOAD vaddr 0000500000020000 filesz 0000000000000284 memsz 0000000000037fe0 (rw) -> mapped USER (bounds ok)

[fault  ] ring-3 pid 591 fault (vec 14) cr2=0000000000000001 rip=0000500000001142 err=7 pte=8000000000000023 — task terminated
[netstrs] round 12/16 clean
[kernel ] spawned pid 592 'net-driver' caps 0000000000000010 — private PML4 @ phys 00000000012bf000
[elf    ] PT_LOAD vaddr 0000500000000000 filesz 000000000001b713 memsz 000000000001b713 (ro) -> mapped USER (bounds ok)
[elf    ] PT_LOAD vaddr 000050000001c000 filesz 0000000000003f20 memsz 0000000000003f20 (ro) -> mapped USER (bounds ok)
[elf    ] PT_LOAD vaddr 0000500000020000 filesz 0000000000000284 memsz 0000000000037fe0 (rw) -> mapped USER (bounds ok)
[kernel ] spawned pid 593 'net-driver' caps 0000000000000010 — private PML4 @ phys 00000000012bf000
[elf    ] PT_LOAD vaddr 0000500000000000 filesz 000000000001b713 memsz 000000000001b713 (ro) -> mapped USER (bounds ok)
[elf    ] PT_LOAD vaddr 000050000001c000 filesz 0000000000003f20 memsz 0000000000003f20 (ro) -> mapped USER (bounds ok)
[elf    ] PT_LOAD vaddr 0000500000020000 filesz 0000000000000284 memsz 0000000000037fe0 (rw) -> mapped USER (bounds ok)
[kernel ] spawned pid 594 'net-driver' caps 0000000000000010 — private PML4 @ phys 00000000012bf000
[elf    ] PT_LOAD vaddr 0000500000000000 filesz 000000000001b713 memsz 000000000001b713 (ro) -> mapped USER (bounds ok)
[elf    ] PT_LOAD vaddr 000050000001c000 filesz 0000000000003f20 memsz 0000000000003f20 (ro) -> mapped USER (bounds ok)
[elf    ] PT_LOAD vaddr 0000500000020000 filesz 0000000000000284 memsz 0000000000037fe0 (rw) -> mapped USER (bounds ok)
[kernel ] spawned pid 595 'net-driver' caps 0000000000000010 — private PML4 @ phys 00000000012bf000
[elf    ] PT_LOAD vaddr 0000500000000000 filesz 000000000001b713 memsz 000000000001b713 (ro) -> mapped USER (bounds ok)
[elf    ] PT_LOAD vaddr 000050000001c000 filesz 0000000000003f20 memsz 0000000000003f20 (ro) -> mapped USER (bounds ok)
[elf    ] PT_LOAD vaddr 0000500000020000 filesz 0000000000000284 memsz 0000000000037fe0 (rw) -> mapped USER (bounds ok)

[fault  ] ring-3 pid 595 fault (vec 14) cr2=0000000000000001 rip=0000500000001142 err=7 pte=8000000000000023 — task terminated
[netstrs] round 16/16 clean
[netstrs]  PASS  every round completed without a watchdog timeout (no deadlock across preemption)
[netstrs]  PASS  every clean-round driver exited normally (socket/bind/connect/send/recv all verified in ring 3)
[netstrs]  PASS  every fault-round driver actually died via the fault path (not its own SYS_EXIT)
[netstrs]  PASS  no socket slot survived past any round's teardown (clean OR faulted)
[netstrs] 16 rounds (4 faulted): 48 loopback datagrams delivered
[netstrs]  PASS  loopback delivered every clean round's datagrams (send->recv round-trip proven)
[netstrs] +1552 freed, +1552 reused; global depth 1454
[netstrs]  PASS  free-frame count reconciles (g_frame_free_depth == lifetime freed - reused)
[netstrs]  PASS  the frame allocator's leaf lock never triggered a rank violation (no double-free race)
[netstrs] RESULT: 7 passed, 0 failed
[netstrs] NET STRESS VERIFIED — socket create/bind/connect/send/recv leak-free across clean AND faulted churn
-- done --
-- USERSSTRS: process credentials, file ownership and permission --
[usersstrs]  PASS  owner may read and write its own 0640 file
[usersstrs]  PASS  the group may read a 0640 file but not write it
[usersstrs]  PASS  a stranger may do neither to a 0640 file
[usersstrs]  PASS  root bypasses the mode entirely
[usersstrs]  PASS  a 0046 file denies its OWNER a write it grants a stranger
[usersstrs]  PASS  and the group triple beats `other` even when `other` is more permissive
[usersstrs]  PASS  a legacy dirent (mode 0) reads as the default, not as no-access
[kernel ] spawned pid 596 'u-alice' caps 0000000000000020 — private PML4 @ phys 00000000012bf000
[kernel ] spawned pid 597 'u-bob' caps 0000000000000020 — private PML4 @ phys 0000000001760000
[fixture] reset 'm72own' (left behind by a previous boot)
[usersstrs]  PASS  a file created by a user is owned by that user
[usersstrs]  PASS  a newly created file gets the default mode
[usersstrs]  PASS  a stranger CAN open another user's 0644 file for reading
[usersstrs]  PASS  but the stranger has no write right to it
[usersstrs]  PASS  while the owner does
[usersstrs]  PASS  after chmod 0600 the stranger can no longer open it at all
[usersstrs]  PASS  and the owner still can
[kernel ] spawned pid 598 'u-root' caps 0000000000000020 — private PML4 @ phys 00000000016c6000
[usersstrs]  PASS  root opens a 0600 file it does not own
[usersstrs]  PASS  the suite returned every descriptor it took
[usersstrs]  PASS  the initial process runs as root
[kernel ] spawned pid 599 'u-recycle' caps 0000000000000020 — private PML4 @ phys 0000000001744000
[usersstrs]  PASS  a recycled process slot does not inherit the dead occupant's uid
[kernel ] spawned pid 600 'u-privdrop' caps 0000000000002000 — private PML4 @ phys 0000000001758000
[elf    ] PT_LOAD vaddr 0000500000000000 filesz 000000000001b713 memsz 000000000001b713 (ro) -> mapped USER (bounds ok)
[elf    ] PT_LOAD vaddr 000050000001c000 filesz 0000000000003f20 memsz 0000000000003f20 (ro) -> mapped USER (bounds ok)
[elf    ] PT_LOAD vaddr 0000500000020000 filesz 0000000000000284 memsz 0000000000037fe0 (rw) -> mapped USER (bounds ok)
[kernel ] spawned pid 601 'u-privdrop' caps 0000000000002000 — private PML4 @ phys 000000000175a000
[usersstrs]  PASS  a ring-3 process drops gid then uid and CANNOT climb back (setuid/seteuid/setgid/setegid all refused, and its fork inherits the drop)
[usersstrs] RESULT: 19 passed, 0 failed
[usersstrs] CREDENTIALS VERIFIED — identity, ownership, mode enforcement and legacy compatibility
-- done --
-- WIMP STRESS: ring-3 window create/manage/close churn + WM logic, incl. client faults --
[gfx    ] framebuffer 1024x768 mapped; backbuffer @ 0000000001761000 (double-buffered)
[kernel ] spawned pid 602 'wimp-app' caps 0000000000001000 — private PML4 @ phys 0000000001757000
[elf    ] PT_LOAD vaddr 0000500000000000 filesz 000000000001b713 memsz 000000000001b713 (ro) -> mapped USER (bounds ok)
[elf    ] PT_LOAD vaddr 000050000001c000 filesz 0000000000003f20 memsz 0000000000003f20 (ro) -> mapped USER (bounds ok)
[elf    ] PT_LOAD vaddr 0000500000020000 filesz 0000000000000284 memsz 0000000000037fe0 (rw) -> mapped USER (bounds ok)
[kernel ] spawned pid 603 'wimp-app' caps 0000000000001000 — private PML4 @ phys 0000000001757000
[elf    ] PT_LOAD vaddr 0000500000000000 filesz 000000000001b713 memsz 000000000001b713 (ro) -> mapped USER (bounds ok)
[elf    ] PT_LOAD vaddr 000050000001c000 filesz 0000000000003f20 memsz 0000000000003f20 (ro) -> mapped USER (bounds ok)
[elf    ] PT_LOAD vaddr 0000500000020000 filesz 0000000000000284 memsz 0000000000037fe0 (rw) -> mapped USER (bounds ok)
[kernel ] spawned pid 604 'wimp-app' caps 0000000000001000 — private PML4 @ phys 0000000001757000
[elf    ] PT_LOAD vaddr 0000500000000000 filesz 000000000001b713 memsz 000000000001b713 (ro) -> mapped USER (bounds ok)
[elf    ] PT_LOAD vaddr 000050000001c000 filesz 0000000000003f20 memsz 0000000000003f20 (ro) -> mapped USER (bounds ok)
[elf    ] PT_LOAD vaddr 0000500000020000 filesz 0000000000000284 memsz 0000000000037fe0 (rw) -> mapped USER (bounds ok)
[kernel ] spawned pid 605 'wimp-app' caps 0000000000001000 — private PML4 @ phys 0000000001757000
[elf    ] PT_LOAD vaddr 0000500000000000 filesz 000000000001b713 memsz 000000000001b713 (ro) -> mapped USER (bounds ok)
[elf    ] PT_LOAD vaddr 000050000001c000 filesz 0000000000003f20 memsz 0000000000003f20 (ro) -> mapped USER (bounds ok)
[elf    ] PT_LOAD vaddr 0000500000020000 filesz 0000000000000284 memsz 0000000000037fe0 (rw) -> mapped USER (bounds ok)

[fault  ] ring-3 pid 605 fault (vec 14) cr2=0000000000000001 rip=0000500000001a8c err=7 pte=8000000000000023 — task terminated
[wimpstrs] round 4/16 clean
[kernel ] spawned pid 606 'wimp-app' caps 0000000000001000 — private PML4 @ phys 0000000001757000
[elf    ] PT_LOAD vaddr 0000500000000000 filesz 000000000001b713 memsz 000000000001b713 (ro) -> mapped USER (bounds ok)
[elf    ] PT_LOAD vaddr 000050000001c000 filesz 0000000000003f20 memsz 0000000000003f20 (ro) -> mapped USER (bounds ok)
[elf    ] PT_LOAD vaddr 0000500000020000 filesz 0000000000000284 memsz 0000000000037fe0 (rw) -> mapped USER (bounds ok)
[kernel ] spawned pid 607 'wimp-app' caps 0000000000001000 — private PML4 @ phys 0000000001757000
[elf    ] PT_LOAD vaddr 0000500000000000 filesz 000000000001b713 memsz 000000000001b713 (ro) -> mapped USER (bounds ok)
[elf    ] PT_LOAD vaddr 000050000001c000 filesz 0000000000003f20 memsz 0000000000003f20 (ro) -> mapped USER (bounds ok)
[elf    ] PT_LOAD vaddr 0000500000020000 filesz 0000000000000284 memsz 0000000000037fe0 (rw) -> mapped USER (bounds ok)
[kernel ] spawned pid 608 'wimp-app' caps 0000000000001000 — private PML4 @ phys 0000000001757000
[elf    ] PT_LOAD vaddr 0000500000000000 filesz 000000000001b713 memsz 000000000001b713 (ro) -> mapped USER (bounds ok)
[elf    ] PT_LOAD vaddr 000050000001c000 filesz 0000000000003f20 memsz 0000000000003f20 (ro) -> mapped USER (bounds ok)
[elf    ] PT_LOAD vaddr 0000500000020000 filesz 0000000000000284 memsz 0000000000037fe0 (rw) -> mapped USER (bounds ok)
[kernel ] spawned pid 609 'wimp-app' caps 0000000000001000 — private PML4 @ phys 0000000001757000
[elf    ] PT_LOAD vaddr 0000500000000000 filesz 000000000001b713 memsz 000000000001b713 (ro) -> mapped USER (bounds ok)
[elf    ] PT_LOAD vaddr 000050000001c000 filesz 0000000000003f20 memsz 0000000000003f20 (ro) -> mapped USER (bounds ok)
[elf    ] PT_LOAD vaddr 0000500000020000 filesz 0000000000000284 memsz 0000000000037fe0 (rw) -> mapped USER (bounds ok)

[fault  ] ring-3 pid 609 fault (vec 14) cr2=0000000000000001 rip=0000500000001a8c err=7 pte=8000000000000023 — task terminated
[wimpstrs] round 8/16 clean
[kernel ] spawned pid 610 'wimp-app' caps 0000000000001000 — private PML4 @ phys 0000000001757000
[elf    ] PT_LOAD vaddr 0000500000000000 filesz 000000000001b713 memsz 000000000001b713 (ro) -> mapped USER (bounds ok)
[elf    ] PT_LOAD vaddr 000050000001c000 filesz 0000000000003f20 memsz 0000000000003f20 (ro) -> mapped USER (bounds ok)
[elf    ] PT_LOAD vaddr 0000500000020000 filesz 0000000000000284 memsz 0000000000037fe0 (rw) -> mapped USER (bounds ok)
[kernel ] spawned pid 611 'wimp-app' caps 0000000000001000 — private PML4 @ phys 0000000001757000
[elf    ] PT_LOAD vaddr 0000500000000000 filesz 000000000001b713 memsz 000000000001b713 (ro) -> mapped USER (bounds ok)
[elf    ] PT_LOAD vaddr 000050000001c000 filesz 0000000000003f20 memsz 0000000000003f20 (ro) -> mapped USER (bounds ok)
[elf    ] PT_LOAD vaddr 0000500000020000 filesz 0000000000000284 memsz 0000000000037fe0 (rw) -> mapped USER (bounds ok)
[kernel ] spawned pid 612 'wimp-app' caps 0000000000001000 — private PML4 @ phys 0000000001757000
[elf    ] PT_LOAD vaddr 0000500000000000 filesz 000000000001b713 memsz 000000000001b713 (ro) -> mapped USER (bounds ok)
[elf    ] PT_LOAD vaddr 000050000001c000 filesz 0000000000003f20 memsz 0000000000003f20 (ro) -> mapped USER (bounds ok)
[elf    ] PT_LOAD vaddr 0000500000020000 filesz 0000000000000284 memsz 0000000000037fe0 (rw) -> mapped USER (bounds ok)
[kernel ] spawned pid 613 'wimp-app' caps 0000000000001000 — private PML4 @ phys 0000000001757000
[elf    ] PT_LOAD vaddr 0000500000000000 filesz 000000000001b713 memsz 000000000001b713 (ro) -> mapped USER (bounds ok)
[elf    ] PT_LOAD vaddr 000050000001c000 filesz 0000000000003f20 memsz 0000000000003f20 (ro) -> mapped USER (bounds ok)
[elf    ] PT_LOAD vaddr 0000500000020000 filesz 0000000000000284 memsz 0000000000037fe0 (rw) -> mapped USER (bounds ok)

[fault  ] ring-3 pid 613 fault (vec 14) cr2=0000000000000001 rip=0000500000001a8c err=7 pte=8000000000000023 — task terminated
[wimpstrs] round 12/16 clean
[kernel ] spawned pid 614 'wimp-app' caps 0000000000001000 — private PML4 @ phys 0000000001757000
[elf    ] PT_LOAD vaddr 0000500000000000 filesz 000000000001b713 memsz 000000000001b713 (ro) -> mapped USER (bounds ok)
[elf    ] PT_LOAD vaddr 000050000001c000 filesz 0000000000003f20 memsz 0000000000003f20 (ro) -> mapped USER (bounds ok)
[elf    ] PT_LOAD vaddr 0000500000020000 filesz 0000000000000284 memsz 0000000000037fe0 (rw) -> mapped USER (bounds ok)
[kernel ] spawned pid 615 'wimp-app' caps 0000000000001000 — private PML4 @ phys 0000000001757000
[elf    ] PT_LOAD vaddr 0000500000000000 filesz 000000000001b713 memsz 000000000001b713 (ro) -> mapped USER (bounds ok)
[elf    ] PT_LOAD vaddr 000050000001c000 filesz 0000000000003f20 memsz 0000000000003f20 (ro) -> mapped USER (bounds ok)
[elf    ] PT_LOAD vaddr 0000500000020000 filesz 0000000000000284 memsz 0000000000037fe0 (rw) -> mapped USER (bounds ok)
[kernel ] spawned pid 616 'wimp-app' caps 0000000000001000 — private PML4 @ phys 0000000001757000
[elf    ] PT_LOAD vaddr 0000500000000000 filesz 000000000001b713 memsz 000000000001b713 (ro) -> mapped USER (bounds ok)
[elf    ] PT_LOAD vaddr 000050000001c000 filesz 0000000000003f20 memsz 0000000000003f20 (ro) -> mapped USER (bounds ok)
[elf    ] PT_LOAD vaddr 0000500000020000 filesz 0000000000000284 memsz 0000000000037fe0 (rw) -> mapped USER (bounds ok)
[kernel ] spawned pid 617 'wimp-app' caps 0000000000001000 — private PML4 @ phys 0000000001757000
[elf    ] PT_LOAD vaddr 0000500000000000 filesz 000000000001b713 memsz 000000000001b713 (ro) -> mapped USER (bounds ok)
[elf    ] PT_LOAD vaddr 000050000001c000 filesz 0000000000003f20 memsz 0000000000003f20 (ro) -> mapped USER (bounds ok)
[elf    ] PT_LOAD vaddr 0000500000020000 filesz 0000000000000284 memsz 0000000000037fe0 (rw) -> mapped USER (bounds ok)

[fault  ] ring-3 pid 617 fault (vec 14) cr2=0000000000000001 rip=0000500000001a8c err=7 pte=8000000000000023 — task terminated
[wimpstrs] round 16/16 clean
[wimpstrs]  PASS  every round completed without a watchdog timeout (no deadlock across preemption)
[wimpstrs]  PASS  every clean-round app exited normally (window create/damage/poll all verified in ring 3)
[wimpstrs]  PASS  every fault-round app actually died via the fault path (not its own SYS_EXIT)
[wimpstrs]  PASS  no window slot survived past any round's teardown (clean OR faulted)
[wimpstrs]  PASS  no DMA grant survived past any round teardown (surface pages reclaimed via page_free_tree)
[wimpstrs]  PASS  focus was reset off every dead process's window
[wimpstrs]  PASS  three windows seeded
[wimpstrs]  PASS  hit-test picks the higher-z window in an overlap
[wimpstrs]  PASS  hit-test picks the sole window under a non-overlapping point
[wimpstrs]  PASS  hit-test returns -1 over empty desktop
[wimpstrs]  PASS  no widget outlived the ring-3 process that declared it (clean OR faulted)
[wimpstrs]  PASS  a window can be seeded for the widget fixture
[wimpstrs]  PASS  a button and a checkbox can be declared on a window
[wimpstrs]  PASS  a widget that would not fit the content rect is refused
[wimpstrs]  PASS  clicking a button delivers a WIDGET event naming that button
[wimpstrs]  PASS  clicking a checkbox toggles it, and the state reads back
[wimpstrs]  PASS  a disabled widget does not fire; the click falls through as content
[wimpstrs]  PASS  a click on bare content is delivered as a plain click
[wimpstrs]  PASS  widgets were created and clicks were counted
[wimpstrs]  PASS  the compositor painted this window's widgets
[wimpstrs]  PASS  a text entry can be declared
[wimpstrs]  PASS  clicking a text entry gives it keyboard focus
[wimpstrs]  PASS  typing into a focused entry inserts the characters
[wimpstrs]  PASS  backspace removes the last character
[wimpstrs]  PASS  a full entry caps its text and stays NUL-terminated
[wimpstrs]  PASS  a disabled entry ignores keystrokes
[wimpstrs]  PASS  clicking bare content clears widget focus
[wimpstrs]  PASS  a key with no widget focused is NOT consumed (the app still gets it)
[wimpstrs]  PASS  Tab moves focus between the enabled controls and skips the disabled one
[wimpstrs]  PASS  Enter on a focused checkbox toggles it and reports a WIDGET event
[wimpstrs]  PASS  destroying a window releases every widget it owned
[wimpstrs]  PASS  a title-bar click raises + focuses the clicked window to the front
[wimpstrs]  PASS  title-bar drag moves the window and release ends the drag
[wimpstrs]  PASS  minimize box hides the window from compositing + hit-testing
[wimpstrs]  PASS  cyber-compositor composed a frame (compose counter advanced)
[wimpstrs]  PASS  composited window pixels overwrote the desktop background
[wimpstrs]  PASS  close box destroys the window; WM returns to baseline occupancy
[wimpstrs] 16 rounds (4 faulted): +2624 freed, +2624 reused; 2 composes; global depth 1446
[wimpstrs]  PASS  free-frame count reconciles (g_frame_free_depth == lifetime freed - reused)
[wimpstrs]  PASS  the frame allocator's leaf lock never triggered a rank violation (no double-free race)
[wimpstrs] RESULT: 39 passed, 0 failed
[wimpstrs] WIMP STRESS VERIFIED — window mgmt, z-order, drag, close + compositor leak-free across clean AND faulted churn
-- done --
-- APPS STRESS: concurrent ring-3 GUI applications (terminal / sysmon / filer) --
[kernel ] spawned pid 618 'gui-app' caps 0000000000001020 — private PML4 @ phys 0000000001757000
[elf    ] PT_LOAD vaddr 0000500000000000 filesz 000000000001b713 memsz 000000000001b713 (ro) -> mapped USER (bounds ok)
[elf    ] PT_LOAD vaddr 000050000001c000 filesz 0000000000003f20 memsz 0000000000003f20 (ro) -> mapped USER (bounds ok)
[elf    ] PT_LOAD vaddr 0000500000020000 filesz 0000000000000284 memsz 0000000000037fe0 (rw) -> mapped USER (bounds ok)
[kernel ] spawned pid 619 'gui-app' caps 0000000000001020 — private PML4 @ phys 0000000001751000
[elf    ] PT_LOAD vaddr 0000500000000000 filesz 000000000001b713 memsz 000000000001b713 (ro) -> mapped USER (bounds ok)
[elf    ] PT_LOAD vaddr 000050000001c000 filesz 0000000000003f20 memsz 0000000000003f20 (ro) -> mapped USER (bounds ok)
[elf    ] PT_LOAD vaddr 0000500000020000 filesz 0000000000000284 memsz 0000000000037fe0 (rw) -> mapped USER (bounds ok)
[kernel ] spawned pid 620 'gui-app' caps 0000000000001020 — private PML4 @ phys 000000000120a000
[elf    ] PT_LOAD vaddr 0000500000000000 filesz 000000000001b713 memsz 000000000001b713 (ro) -> mapped USER (bounds ok)
[elf    ] PT_LOAD vaddr 000050000001c000 filesz 0000000000003f20 memsz 0000000000003f20 (ro) -> mapped USER (bounds ok)
[elf    ] PT_LOAD vaddr 0000500000020000 filesz 0000000000000284 memsz 0000000000037fe0 (rw) -> mapped USER (bounds ok)
unknown command 'ps' — try 'help'
[kernel ] spawned pid 621 'gui-app' caps 0000000000001020 — private PML4 @ phys 0000000001757000
[elf    ] PT_LOAD vaddr 0000500000000000 filesz 000000000001b713 memsz 000000000001b713 (ro) -> mapped USER (bounds ok)
[elf    ] PT_LOAD vaddr 000050000001c000 filesz 0000000000003f20 memsz 0000000000003f20 (ro) -> mapped USER (bounds ok)
[elf    ] PT_LOAD vaddr 0000500000020000 filesz 0000000000000284 memsz 0000000000037fe0 (rw) -> mapped USER (bounds ok)
[kernel ] spawned pid 622 'gui-app' caps 0000000000001020 — private PML4 @ phys 0000000001715000
[elf    ] PT_LOAD vaddr 0000500000000000 filesz 000000000001b713 memsz 000000000001b713 (ro) -> mapped USER (bounds ok)
[elf    ] PT_LOAD vaddr 000050000001c000 filesz 0000000000003f20 memsz 0000000000003f20 (ro) -> mapped USER (bounds ok)
[elf    ] PT_LOAD vaddr 0000500000020000 filesz 0000000000000284 memsz 0000000000037fe0 (rw) -> mapped USER (bounds ok)
[kernel ] spawned pid 623 'gui-app' caps 0000000000001020 — private PML4 @ phys 00000000016bc000
[elf    ] PT_LOAD vaddr 0000500000000000 filesz 000000000001b713 memsz 000000000001b713 (ro) -> mapped USER (bounds ok)
[elf    ] PT_LOAD vaddr 000050000001c000 filesz 0000000000003f20 memsz 0000000000003f20 (ro) -> mapped USER (bounds ok)
[elf    ] PT_LOAD vaddr 0000500000020000 filesz 0000000000000284 memsz 0000000000037fe0 (rw) -> mapped USER (bounds ok)
unknown command 'ps' — try 'help'
[kernel ] spawned pid 624 'gui-app' caps 0000000000001020 — private PML4 @ phys 0000000001757000
[elf    ] PT_LOAD vaddr 0000500000000000 filesz 000000000001b713 memsz 000000000001b713 (ro) -> mapped USER (bounds ok)
[elf    ] PT_LOAD vaddr 000050000001c000 filesz 0000000000003f20 memsz 0000000000003f20 (ro) -> mapped USER (bounds ok)
[elf    ] PT_LOAD vaddr 0000500000020000 filesz 0000000000000284 memsz 0000000000037fe0 (rw) -> mapped USER (bounds ok)
[kernel ] spawned pid 625 'gui-app' caps 0000000000001020 — private PML4 @ phys 0000000001756000
[elf    ] PT_LOAD vaddr 0000500000000000 filesz 000000000001b713 memsz 000000000001b713 (ro) -> mapped USER (bounds ok)
[elf    ] PT_LOAD vaddr 000050000001c000 filesz 0000000000003f20 memsz 0000000000003f20 (ro) -> mapped USER (bounds ok)
[elf    ] PT_LOAD vaddr 0000500000020000 filesz 0000000000000284 memsz 0000000000037fe0 (rw) -> mapped USER (bounds ok)
[kernel ] spawned pid 626 'gui-app' caps 0000000000001020 — private PML4 @ phys 0000000001213000
[elf    ] PT_LOAD vaddr 0000500000000000 filesz 000000000001b713 memsz 000000000001b713 (ro) -> mapped USER (bounds ok)
[elf    ] PT_LOAD vaddr 000050000001c000 filesz 0000000000003f20 memsz 0000000000003f20 (ro) -> mapped USER (bounds ok)
[elf    ] PT_LOAD vaddr 0000500000020000 filesz 0000000000000284 memsz 0000000000037fe0 (rw) -> mapped USER (bounds ok)
unknown command 'ps' — try 'help'
[kernel ] spawned pid 627 'gui-app' caps 0000000000001020 — private PML4 @ phys 0000000001757000
[elf    ] PT_LOAD vaddr 0000500000000000 filesz 000000000001b713 memsz 000000000001b713 (ro) -> mapped USER (bounds ok)
[elf    ] PT_LOAD vaddr 000050000001c000 filesz 0000000000003f20 memsz 0000000000003f20 (ro) -> mapped USER (bounds ok)
[elf    ] PT_LOAD vaddr 0000500000020000 filesz 0000000000000284 memsz 0000000000037fe0 (rw) -> mapped USER (bounds ok)
[kernel ] spawned pid 628 'gui-app' caps 0000000000001020 — private PML4 @ phys 00000000016c1000
[elf    ] PT_LOAD vaddr 0000500000000000 filesz 000000000001b713 memsz 000000000001b713 (ro) -> mapped USER (bounds ok)
[elf    ] PT_LOAD vaddr 000050000001c000 filesz 0000000000003f20 memsz 0000000000003f20 (ro) -> mapped USER (bounds ok)
[elf    ] PT_LOAD vaddr 0000500000020000 filesz 0000000000000284 memsz 0000000000037fe0 (rw) -> mapped USER (bounds ok)
[kernel ] spawned pid 629 'gui-app' caps 0000000000001020 — private PML4 @ phys 000000000169f000
[elf    ] PT_LOAD vaddr 0000500000000000 filesz 000000000001b713 memsz 000000000001b713 (ro) -> mapped USER (bounds ok)
[elf    ] PT_LOAD vaddr 000050000001c000 filesz 0000000000003f20 memsz 0000000000003f20 (ro) -> mapped USER (bounds ok)
[elf    ] PT_LOAD vaddr 0000500000020000 filesz 0000000000000284 memsz 0000000000037fe0 (rw) -> mapped USER (bounds ok)
[kernel ] spawned pid 630 'gui-crash' caps 0000000000001020 — private PML4 @ phys 00000000012b3000
[elf    ] PT_LOAD vaddr 0000500000000000 filesz 000000000001b713 memsz 000000000001b713 (ro) -> mapped USER (bounds ok)
[elf    ] PT_LOAD vaddr 000050000001c000 filesz 0000000000003f20 memsz 0000000000003f20 (ro) -> mapped USER (bounds ok)
[elf    ] PT_LOAD vaddr 0000500000020000 filesz 0000000000000284 memsz 0000000000037fe0 (rw) -> mapped USER (bounds ok)

[fault  ] ring-3 pid 630 fault (vec 14) cr2=0000000000000001 rip=000050000001a18f err=7 pte=8000000000000023 — task terminated
unknown command 'ps' — try 'help'
[kernel ] spawned pid 631 'gui-app' caps 0000000000001020 — private PML4 @ phys 0000000001757000
[elf    ] PT_LOAD vaddr 0000500000000000 filesz 000000000001b713 memsz 000000000001b713 (ro) -> mapped USER (bounds ok)
[elf    ] PT_LOAD vaddr 000050000001c000 filesz 0000000000003f20 memsz 0000000000003f20 (ro) -> mapped USER (bounds ok)
[elf    ] PT_LOAD vaddr 0000500000020000 filesz 0000000000000284 memsz 0000000000037fe0 (rw) -> mapped USER (bounds ok)
[kernel ] spawned pid 632 'gui-app' caps 0000000000001020 — private PML4 @ phys 00000000016f1000
[elf    ] PT_LOAD vaddr 0000500000000000 filesz 000000000001b713 memsz 000000000001b713 (ro) -> mapped USER (bounds ok)
[elf    ] PT_LOAD vaddr 000050000001c000 filesz 0000000000003f20 memsz 0000000000003f20 (ro) -> mapped USER (bounds ok)
[elf    ] PT_LOAD vaddr 0000500000020000 filesz 0000000000000284 memsz 0000000000037fe0 (rw) -> mapped USER (bounds ok)
[kernel ] spawned pid 633 'gui-app' caps 0000000000001020 — private PML4 @ phys 0000000001336000
[elf    ] PT_LOAD vaddr 0000500000000000 filesz 000000000001b713 memsz 000000000001b713 (ro) -> mapped USER (bounds ok)
[elf    ] PT_LOAD vaddr 000050000001c000 filesz 0000000000003f20 memsz 0000000000003f20 (ro) -> mapped USER (bounds ok)
[elf    ] PT_LOAD vaddr 0000500000020000 filesz 0000000000000284 memsz 0000000000037fe0 (rw) -> mapped USER (bounds ok)
unknown command 'ps' — try 'help'
[kernel ] spawned pid 634 'gui-app' caps 0000000000001020 — private PML4 @ phys 0000000001757000
[elf    ] PT_LOAD vaddr 0000500000000000 filesz 000000000001b713 memsz 000000000001b713 (ro) -> mapped USER (bounds ok)
[elf    ] PT_LOAD vaddr 000050000001c000 filesz 0000000000003f20 memsz 0000000000003f20 (ro) -> mapped USER (bounds ok)
[elf    ] PT_LOAD vaddr 0000500000020000 filesz 0000000000000284 memsz 0000000000037fe0 (rw) -> mapped USER (bounds ok)
[kernel ] spawned pid 635 'gui-app' caps 0000000000001020 — private PML4 @ phys 000000000175f000
[elf    ] PT_LOAD vaddr 0000500000000000 filesz 000000000001b713 memsz 000000000001b713 (ro) -> mapped USER (bounds ok)
[elf    ] PT_LOAD vaddr 000050000001c000 filesz 0000000000003f20 memsz 0000000000003f20 (ro) -> mapped USER (bounds ok)
[elf    ] PT_LOAD vaddr 0000500000020000 filesz 0000000000000284 memsz 0000000000037fe0 (rw) -> mapped USER (bounds ok)
[kernel ] spawned pid 636 'gui-app' caps 0000000000001020 — private PML4 @ phys 00000000015b6000
[elf    ] PT_LOAD vaddr 0000500000000000 filesz 000000000001b713 memsz 000000000001b713 (ro) -> mapped USER (bounds ok)
[elf    ] PT_LOAD vaddr 000050000001c000 filesz 0000000000003f20 memsz 0000000000003f20 (ro) -> mapped USER (bounds ok)
[elf    ] PT_LOAD vaddr 0000500000020000 filesz 0000000000000284 memsz 0000000000037fe0 (rw) -> mapped USER (bounds ok)
unknown command 'ps' — try 'help'
[appsstrs] 6 cycles complete (18 app launches)
[appsstrs]  PASS  every cycle ran its 3 apps to completion without a watchdog timeout
[appsstrs]  PASS  every app in every cycle owned its OWN window (3+ windowed apps per cycle)
[appsstrs]  PASS  apps genuinely overlapped in ring 3 across cores (SMP concurrency)
[appsstrs]  PASS  an app that CRASHED holding a live window still died via the fault path
[appsstrs]  PASS  no window slot survived any cycle (clean OR crashed apps)
[appsstrs]  PASS  no DMA grant survived any cycle (surface pages reclaimed by page_free_tree)
[appsstrs]  PASS  the compositor kept composing after every cycle (never wedged by a crash)
[appsstrs] +3440 freed, +3440 reused; 6 composes this suite; global depth 1446
[appsstrs]  PASS  free-frame count reconciles (g_frame_free_depth == lifetime freed - reused)
[appsstrs]  PASS  the frame allocator's leaf lock never triggered a rank violation
[appsstrs] RESULT: 9 passed, 0 failed
[appsstrs] APPS STRESS VERIFIED — concurrent GUI apps, event loops and surfaces leak-free across clean AND crashed churn
-- done --
-- POSIX STRESS: fork/exec chains, signal frames, pthread mutexes --
[kernel ] spawned pid 637 'posix-w' caps 0000000000000020 — private PML4 @ phys 0000000001757000
[elf    ] PT_LOAD vaddr 0000500000000000 filesz 000000000001b713 memsz 000000000001b713 (ro) -> mapped USER (bounds ok)
[elf    ] PT_LOAD vaddr 000050000001c000 filesz 0000000000003f20 memsz 0000000000003f20 (ro) -> mapped USER (bounds ok)
[elf    ] PT_LOAD vaddr 0000500000020000 filesz 0000000000000284 memsz 0000000000037fe0 (rw) -> mapped USER (bounds ok)
[kernel ] spawned pid 638 'posix-w' caps 0000000000000020 — private PML4 @ phys 0000000001264000
[elf    ] PT_LOAD vaddr 0000500000000000 filesz 000000000001b713 memsz 000000000001b713 (ro) -> mapped USER (bounds ok)
[elf    ] PT_LOAD vaddr 000050000001c000 filesz 0000000000003f20 memsz 0000000000003f20 (ro) -> mapped USER (bounds ok)
[elf    ] PT_LOAD vaddr 0000500000020000 filesz 0000000000000284 memsz 0000000000037fe0 (rw) -> mapped USER (bounds ok)
[kernel ] spawned pid 639 'posix-w' caps 0000000000000020 — private PML4 @ phys 0000000001279000
[elf    ] PT_LOAD vaddr 0000500000000000 filesz 000000000001b713 memsz 000000000001b713 (ro) -> mapped USER (bounds ok)
[elf    ] PT_LOAD vaddr 000050000001c000 filesz 0000000000003f20 memsz 0000000000003f20 (ro) -> mapped USER (bounds ok)
[elf    ] PT_LOAD vaddr 0000500000020000 filesz 0000000000000284 memsz 0000000000037fe0 (rw) -> mapped USER (bounds ok)
[kernel ] spawned pid 640 'posix-w' caps 0000000000000020 — private PML4 @ phys 0000000001269000
[elf    ] PT_LOAD vaddr 0000500000000000 filesz 000000000001b713 memsz 000000000001b713 (ro) -> mapped USER (bounds ok)
[elf    ] PT_LOAD vaddr 000050000001c000 filesz 0000000000003f20 memsz 0000000000003f20 (ro) -> mapped USER (bounds ok)
[elf    ] PT_LOAD vaddr 0000500000020000 filesz 0000000000000284 memsz 0000000000037fe0 (rw) -> mapped USER (bounds ok)
[kernel ] spawned pid 641 'posix-w' caps 0000000000000020 — private PML4 @ phys 0000000001667000
[elf    ] PT_LOAD vaddr 0000500000000000 filesz 000000000001b713 memsz 000000000001b713 (ro) -> mapped USER (bounds ok)
[elf    ] PT_LOAD vaddr 000050000001c000 filesz 0000000000003f20 memsz 0000000000003f20 (ro) -> mapped USER (bounds ok)
[elf    ] PT_LOAD vaddr 0000500000020000 filesz 0000000000000284 memsz 0000000000037fe0 (rw) -> mapped USER (bounds ok)
[kernel ] spawned pid 642 'posix-w' caps 0000000000000020 — private PML4 @ phys 000000000164e000
[elf    ] PT_LOAD vaddr 0000500000000000 filesz 000000000001b713 memsz 000000000001b713 (ro) -> mapped USER (bounds ok)
[elf    ] PT_LOAD vaddr 000050000001c000 filesz 0000000000003f20 memsz 0000000000003f20 (ro) -> mapped USER (bounds ok)
[elf    ] PT_LOAD vaddr 0000500000020000 filesz 0000000000000284 memsz 0000000000037fe0 (rw) -> mapped USER (bounds ok)
[kernel ] spawned pid 643 'posix-w' caps 0000000000000020 — private PML4 @ phys 000000000159e000
[elf    ] PT_LOAD vaddr 0000500000000000 filesz 000000000001b713 memsz 000000000001b713 (ro) -> mapped USER (bounds ok)
[elf    ] PT_LOAD vaddr 000050000001c000 filesz 0000000000003f20 memsz 0000000000003f20 (ro) -> mapped USER (bounds ok)
[elf    ] PT_LOAD vaddr 0000500000020000 filesz 0000000000000284 memsz 0000000000037fe0 (rw) -> mapped USER (bounds ok)
[kernel ] spawned pid 644 'posix-w' caps 0000000000000020 — private PML4 @ phys 00000000012e4000  [posix ] stdout via fd 1
[elf    ] PT_LOAD vaddr 0000500000000000 filesz 000000000001b713 memsz 00000000
  [posix ] stderr via fd 2
  [posix ] forked child alive at ring 3 (inherited stdout)0001b713 (ro) -> mapped USER (bounds ok)
  [posix ] waitpid on the forked child returned after 4 tick(s)
[elf    ] PT_LOAD vaddr 000050000001c000 filesz 0000000000003f20 memsz 00000000
00003f20 (ro) -> mapped USER (bounds ok)
[elf    ] PT_LOAD vaddr 0000500000020000 filesz 0000000000000284 memsz 0000000000037fe0 (rw) -> mapped USER (bounds ok)
[kernel ] spawned pid 649 'posix-w' caps 0000000000000020 — private PML4 @ phys 0000000001745000
[elf    ] PT_LOAD vaddr 0000500000000000 filesz 000000000001b713 memsz 000000000001b713 (ro) -> mapped USER (bounds ok)
[elf    ] PT_LOAD vaddr 000050000001c000 filesz 0000000000003f20 memsz 0000000000003f20 (ro) -> mapped USER (bounds ok)
[elf    ] PT_LOAD vaddr 0000500000020000 filesz 0000000000000284 memsz 0000000000037fe0 (rw) -> mapped USER (bounds ok)
[exec   ] pid 643 exec'd '/bin/init' (138592 bytes from CAS) -> entry 000050000  [posix ] child wrote through the inherited stdout mapping000009f

  [posix ] /bin/init re-exec'd FROM THE VFS BY PATH, argv+envp intact
[kernel ] spawned pid 650 'posix-w' caps 0000000000000020 — private PML4 @ phys 0000000001279000
[elf    ] PT_LOAD vaddr 0000500000000000 filesz 000000000001b713 memsz 000000000001b713 (ro) -> mapped USER (bounds ok)
[elf    ] PT_LOAD vaddr 000050000001c000 filesz 0000000000003f20 memsz 0000000000003f20 (ro) -> mapped USER (bounds ok)
[elf    ] PT_LOAD vaddr 0000500000020000 filesz 0000000000000284 memsz 0000000000037fe0 (rw) -> mapped USER (bounds ok)
[kernel ] spawned pid 651 'posix-w' caps 0000000000000020 — private PML4 @ phys 0000000001218000
[elf    ] PT_LOAD vaddr 0000500000000000 filesz 000000000001b713 memsz 000000000001b713 (ro) -> mapped USER (bounds ok)
[elf    ] PT_LOAD vaddr 000050000001c000 filesz 0000000000003f20 memsz 0000000000003f20 (ro) -> mapped USER (bounds ok)
[elf    ] PT_LOAD vaddr 0000500000020000 filesz 0000000000000284 memsz 0000000000037fe0 (rw) -> mapped USER (bounds ok)
[kernel ] spawned pid 652 'posix-w' caps 0000000000000020 — private PML4 @ phys 00000000015b0000
[elf    ] PT_LOAD vaddr 0000500000000000 filesz 000000000001b713 memsz 000000000001b713 (ro) -> mapped USER (bounds ok)
[elf    ] PT_LOAD vaddr 000050000001c000 filesz 0000000000003f20 memsz 0000000000003f20 (ro) -> mapped USER (bounds ok)
[elf    ] PT_LOAD vaddr 0000500000020000 filesz 0000000000000284 memsz 0000000000037fe0 (rw) -> mapped USER (bounds ok)
[kernel ] spawned pid 653 'posix-w' caps 0000000000000020 — private PML4 @ phys 00000000012cc000
[elf    ] PT_LOAD vaddr 0000500000000000 filesz 000000000001b713 memsz 000000000001b713 (ro) -> mapped USER (bounds ok)
[elf    ] PT_LOAD vaddr 000050000001c000 filesz 0000000000003f20 memsz 0000000000003f20 (ro) -> mapped USER (bounds ok)
[elf    ] PT_LOAD vaddr 0000500000020000 filesz 0000000000000284 memsz 0000000000037fe0 (rw) -> mapped USER (bounds ok)
[kernel ] spawned pid 654 'posix-w' caps 0000000000000020 — private PML4 @ phys 000000000122b000
[elf    ] PT_LOAD vaddr 0000500000000000 filesz 000000000001b713 memsz 000000000001b713 (ro) -> mapped USER (bounds ok)
[elf    ] PT_LOAD vaddr 000050000001c000 filesz 0000000000003f20 memsz 0000000000003f20 (ro) -> mapped USER (bounds ok)
[elf    ] PT_LOAD vaddr 0000500000020000 filesz 0000000000000284 memsz 0000000000037fe0 (rw) -> mapped USER (bounds ok)
[kernel ] spawned pid 655 'posix-w' caps 0000000000000020 — private PML4 @ phys 0000000001287000
[elf    ] PT_LOAD vaddr 0000500000000000 filesz 000000000001b713 memsz 000000000001b713 (ro) -> mapped USER (bounds ok)
[elf    ] PT_LOAD vaddr 000050000001c000 filesz 0000000000003f20 memsz 0000000000003f20 (ro) -> mapped USER (bounds ok)
[elf    ] PT_LOAD vaddr 0000500000020000 filesz 0000000000000284 memsz 0000000000037fe0 (rw) -> mapped USER (bounds ok)
[kernel ] spawned pid 656 'posix-w' caps 0000000000000020 — private PML4 @ phys 0000000001606000
[elf    ] PT_LOAD vaddr 0000500000000000 filesz 000000000001b713 memsz 000000000001b713 (ro) -> mapped USER (bounds ok)
[elf    ] PT_LOAD vaddr 000050000001c000 filesz 0000000000003f20 memsz 0000000000003f20 (ro) -> mapped USER (bounds ok)
[elf    ] PT_LOAD vaddr 0000500000020000 filesz 0000000000000284 memsz 0000000000037fe0 (rw) -> mapped USER (bounds ok)
[kernel ] spawned pid 658 'posix-w' caps 0000000000000020 — private PML4 @ phys 00000000015e4000  [posix ] stdout via fd 1
  [posix ] stderr via fd 2
[elf    ] PT_LOAD vaddr 0000500000000000 filesz 000000000001b713 memsz 00000000  [posix ] forked child alive at ring 3 (inherited stdout)
0001b713 (ro) -> mapped USER (bounds ok)

[  [posix ] waitpid on the forked child returned after elf    ] PT_LOAD vaddr 000050000001c000 filesz 0000000000003f20 memsz 000000002 tick(s)00003f20 (ro) -> mapped USER (bounds ok)

[elf    ] PT_LOAD vaddr 0000500000020000 filesz 0000000000000284 memsz 0000000000037fe0 (rw) -> mapped USER (bounds ok)
[elf    ] PT_LOAD vaddr 0000500000000000 filesz 000000000001b713 memsz 000000000001b713 (ro) -> mapped USER (bounds ok)
[kernel ] spawned pid 662 'posix-w' caps 0000000000000020 — private PML4 @ phys 000000000175a000
[elf    ] PT_LOAD vaddr 000050000001c000 filesz 0000000000003f20 memsz 0000000000003f20 (ro) -> mapped USER (bounds ok)
[elf    ] PT_LOAD vaddr 0000500000020000 filesz 0000000000000284 memsz 0000000000037fe0 (rw) -> mapped USER (bounds ok)
[exec   ] pid 656 exec'd '/bin/init' (138592 bytes from CAS) -> entry 000050000000009f
  [posix ] /bin/init re-exec'd FROM THE VFS BY PATH, argv+envp intact
  [posix ] child wrote through the inherited stdout mapping
[kernel ] spawned pid 663 'posix-w' caps 0000000000000020 — private PML4 @ phys 00000000015b0000
[elf    ] PT_LOAD vaddr 0000500000000000 filesz 000000000001b713 memsz 000000000001b713 (ro) -> mapped USER (bounds ok)
[elf    ] PT_LOAD vaddr 000050000001c000 filesz 0000000000003f20 memsz 0000000000003f20 (ro) -> mapped USER (bounds ok)
[elf    ] PT_LOAD vaddr 0000500000020000 filesz 0000000000000284 memsz 0000000000037fe0 (rw) -> mapped USER (bounds ok)
[kernel ] spawned pid 664 'posix-w' caps 0000000000000020 — private PML4 @ phys 00000000012aa000
[elf    ] PT_LOAD vaddr 0000500000000000 filesz 000000000001b713 memsz 000000000001b713 (ro) -> mapped USER (bounds ok)
[elf    ] PT_LOAD vaddr 000050000001c000 filesz 0000000000003f20 memsz 0000000000003f20 (ro) -> mapped USER (bounds ok)
[elf    ] PT_LOAD vaddr 0000500000020000 filesz 0000000000000284 memsz 0000000000037fe0 (rw) -> mapped USER (bounds ok)
[kernel ] spawned pid 665 'posix-w' caps 0000000000000020 — private PML4 @ phys 000000000166d000
[elf    ] PT_LOAD vaddr 0000500000000000 filesz 000000000001b713 memsz 000000000001b713 (ro) -> mapped USER (bounds ok)
[elf    ] PT_LOAD vaddr 000050000001c000 filesz 0000000000003f20 memsz 0000000000003f20 (ro) -> mapped USER (bounds ok)
[elf    ] PT_LOAD vaddr 0000500000020000 filesz 0000000000000284 memsz 0000000000037fe0 (rw) -> mapped USER (bounds ok)
[kernel ] spawned pid 666 'posix-w' caps 0000000000000020 — private PML4 @ phys 00000000016c7000
[elf    ] PT_LOAD vaddr 0000500000000000 filesz 000000000001b713 memsz 000000000001b713 (ro) -> mapped USER (bounds ok)
[elf    ] PT_LOAD vaddr 000050000001c000 filesz 0000000000003f20 memsz 0000000000003f20 (ro) -> mapped USER (bounds ok)
[elf    ] PT_LOAD vaddr 0000500000020000 filesz 0000000000000284 memsz 0000000000037fe0 (rw) -> mapped USER (bounds ok)
[kernel ] spawned pid 667 'posix-w' caps 0000000000000020 — private PML4 @ phys 000000000119f000
[elf    ] PT_LOAD vaddr 0000500000000000 filesz 000000000001b713 memsz 000000000001b713 (ro) -> mapped USER (bounds ok)
[elf    ] PT_LOAD vaddr 000050000001c000 filesz 0000000000003f20 memsz 0000000000003f20 (ro) -> mapped USER (bounds ok)
[elf    ] PT_LOAD vaddr 0000500000020000 filesz 0000000000000284 memsz 0000000000037fe0 (rw) -> mapped USER (bounds ok)
[kernel ] spawned pid 668 'posix-w' caps 0000000000000020 — private PML4 @ phys 0000000001637000
[elf    ] PT_LOAD vaddr 0000500000000000 filesz 000000000001b713 memsz 000000000001b713 (ro) -> mapped USER (bounds ok)
[elf    ] PT_LOAD vaddr 000050000001c000 filesz 0000000000003f20 memsz 0000000000003f20 (ro) -> mapped USER (bounds ok)
[elf    ] PT_LOAD vaddr 0000500000020000 filesz 0000000000000284 memsz 0000000000037fe0 (rw) -> mapped USER (bounds ok)
[kernel ] spawned pid 669 'posix-w' caps 0000000000000020 — private PML4 @ phys 00000000016f4000
[elf    ] PT_LOAD vaddr 0000500000000000 filesz 000000000001b713 memsz 000000000001b713 (ro) -> mapped USER (bounds ok)
[elf    ] PT_LOAD vaddr 000050000001c000 filesz 0000000000003f20 memsz 0000000000003f20 (ro) -> mapped USER (bounds ok)
[elf    ] PT_LOAD vaddr 0000500000020000 filesz 0000000000000284 memsz 0000000000037fe0 (rw) -> mapped USER (bounds ok)
[kernel ] spawned pid 670 'posix-w' caps 0000000000000020 — private PML4 @ phys 00000000012cb000
[elf    ] PT_LOAD vaddr 0000500000000000 filesz 000000000001b713 memsz 000000000001b713 (ro) -> mapped USER (bounds ok)  [posix ] stdout via fd 1
[elf    ] PT_LOAD vaddr 000050000001c000 filesz 0000000000003f20 memsz 00000000
   [posix ] forked child alive at ring 3 (inherited stdout) 00003f20 (ro) -> mapped USER (bounds ok)
  [posix ] waitpid on the forked child returned after 1 tick(s)[posix ] stderr via fd 2


[elf    ] PT_LOAD vaddr 0000500000020000 filesz 0000000000000284 memsz 0000000000037fe0 (rw) -> mapped USER (bounds ok)
[kernel ] spawned pid 675 'posix-w' caps 0000000000000020 — private PML4 @ phys 00000000015ff000
[elf    ] PT_LOAD vaddr 0000500000000000 filesz 000000000001b713 memsz 000000000001b713 (ro) -> mapped USER (bounds ok)
[elf    ] PT_LOAD vaddr 000050000001c000 filesz 0000000000003f20 memsz 0000000000003f20 (ro) -> mapped USER (bounds ok)
[elf    ] PT_LOAD vaddr 0000500000020000 filesz 0000000000000284 memsz 0000000000037fe0 (rw) -> mapped USER (bounds ok)
[exec   ] pid 669 exec'd '/bin/init' (138592 bytes from CAS) -> entry 000050000000009f
  [posix ] /bin/init re-exec'd FROM THE VFS BY PATH, argv+envp intact
  [posix ] child wrote through the inherited stdout mapping
[kernel ] spawned pid 676 'posix-orph' caps 0000000000000020 — private PML4 @ phys 000000000166d000
[elf    ] PT_LOAD vaddr 0000500000000000 filesz 000000000001b713 memsz 000000000001b713 (ro) -> mapped USER (bounds ok)
[elf    ] PT_LOAD vaddr 000050000001c000 filesz 0000000000003f20 memsz 0000000000003f20 (ro) -> mapped USER (bounds ok)
[elf    ] PT_LOAD vaddr 0000500000020000 filesz 0000000000000284 memsz 0000000000037fe0 (rw) -> mapped USER (bounds ok)
[kernel ] spawned pid 677 'posix-orph' caps 0000000000000020 — private PML4 @ phys 000000000168a000
[kernel ] spawned pid 678 'posix-orph' caps 0000000000000020 — private PML4 @ phys 0000000001305000
[kernel ] spawned pid 679 'posix-orph' caps 0000000000000020 — private PML4 @ phys 000000000168a000
[kernel ] spawned pid 680 'posix-orph' caps 0000000000000020 — private PML4 @ phys 000000000168a000
[kernel ] spawned pid 681 'posix-orph' caps 0000000000000020 — private PML4 @ phys 0000000001745000
[kernel ] spawned pid 682 'posix-orph' caps 0000000000000020 — private PML4 @ phys 000000000173b000
[posixstrs] orphan phase: orphan pid 678 exited 42
[posixstrs]  PASS  every round ran all 7 POSIX workers to a terminal state (no watchdog timeout)
[posixstrs]  PASS  the cross-generation orphan experiment ran end to end (worker, doomed parent and orphan all terminal)
[posixstrs]  PASS  the doomed parent's slot really was recycled while the orphan still pointed at it (positive control)
[posixstrs]  PASS  getppid() across that recycle answered orphan (0), never a stranger's pid
[posixstrs]  PASS  ppid_live()'s generation guard was actually exercised this boot (stale links detected > 0)
[posixstrs]  PASS  no stale parent link was ever resolved to a live slot
[posixstrs]  PASS  every worker's ring-3 assertions passed (exit code == its success sentinel)
[posixstrs]  PASS  fork() produced real children: distinct pid AND distinct cr3 from the parent
[posixstrs]  PASS  every forked child ran its own image and exited 42
[posixstrs]  PASS  every child's address space was fully reclaimed; no thread group left accounted live
[posixstrs] this suite: 12 fork(s), 6 execve(s), 12 thread(s), 4 child kproc(s)
[posixstrs] fork enqueue->first dispatch: n=17  max=6 tick(s)  avg=1 tick(s)
[posixstrs]  PASS  fork/exec/thread counters all advanced (the syscalls really ran)
[posixstrs] signals: +17 raised, +15 delivered to ring 3, +9 sigreturns
[posixstrs]  PASS  signal deliveries into ring 3 advanced (>= 5 per round)
[posixstrs]  PASS  SYS_SIGRETURN restored real frames (>= 3 per round: SIGINT, SIGALRM, SIGCHLD)
[posixstrs]  PASS  POSIX workers genuinely overlapped in ring 3 across cores (SMP)
[posixstrs]  PASS  no descriptor leaked across the storm (incl. fds inherited by forked children)
[posixstrs] +2912 freed, +2912 reused; global depth 1446
[posixstrs]  PASS  free-frame count reconciles (g_frame_free_depth == lifetime freed - reused)
[posixstrs]  PASS  no lock-rank violation anywhere in the POSIX paths
[posixstrs] CONTROL duplicate-pid pairs now live = 0
[posixstrs] stale parent links DETECTED (all builds) = 116
[posixstrs] stale parent links RESOLVED ANYWAY (the bug) = 0
[posixstrs] RESULT: 17 passed, 0 failed
[posixstrs] POSIX STRESS VERIFIED — fork/exec/waitpid, signal frames and pthread mutexes leak-free
-- done --
-- SHASTRS: SHA-256 against FIPS 180-4 / NIST CAVP vectors --
[shastrs]  PASS  FIPS 180-4: the empty message
[shastrs]  PASS  FIPS 180-4 B.1: "abc" (one block)
[shastrs]  PASS  FIPS 180-4 B.2: 56-byte message (padding spills to a 2nd block)
[shastrs]  PASS  NIST CAVP: 112-byte message (multi-block)
[shastrs]  PASS  FIPS 180-4 B.3: one million 'a' (streamed, 8,000,000-bit length)
[shastrs] streaming equivalence: 3417 splits checked, 0 mismatched
[shastrs]  PASS  chunked update() equals one-shot for every length 0..200 x chunk 1..17
[shastrs]  PASS  a one-bit input change alters most of the digest (>= 16 of 32 bytes)
[shastrs]  PASS  the same input hashes to the same digest twice
[shastrs]  PASS  RFC 4231 TC1: 20-byte 0x0b key, "Hi There"
[shastrs]  PASS  RFC 4231 TC2: short ASCII key ("Jefe")
[shastrs]  PASS  RFC 4231 TC3: 20-byte 0xaa key, 50 bytes of 0xdd
[shastrs]  PASS  RFC 4231 TC6: 131-byte key (longer than the block: hashed first)
[shastrs]  PASS  PBKDF2-HMAC-SHA256 c=1  ("password","salt",dkLen=32)
[shastrs]  PASS  PBKDF2-HMAC-SHA256 c=2  (proves U1^..^Uc, not just Uc)
[shastrs]  PASS  PBKDF2-HMAC-SHA256 c=4096 (the count UDB uses)
[shastrs]  PASS  legacy udb_kdf("correct horse") still matches PBKDF2 c=4096 through the multi-block code
[shastrs]  PASS  legacy udb_kdf("correct horsf") — the one-character neighbour
[shastrs]  PASS  legacy udb_kdf("") — the empty password derives normally
[shastrs]  PASS  udb_kdf() now derives with scrypt, NOT the legacy PBKDF2 digest
[shastrs]  PASS  udb_kdf() is deterministic for the same password and salt
[shastrs]  PASS  UDB_HASH_LEN equals the SHA-256 digest size — no truncation
[shastrs] RESULT: 21 passed, 0 failed
[shastrs] SHA-256 VERIFIED — FIPS 180-4 vectors, streaming equivalence, 1M-byte length field
-- done --
-- AUTHSTRS: password KDF, account lockout, and credential transitions --
[authstrs]  PASS  two generated salts differ
[authstrs]  PASS  the KDF is deterministic for one password and salt
[authstrs]  PASS  the SAME password under a different salt gives a different digest
[authstrs]  PASS  a one-character password change changes the digest
[authstrs]  PASS  the constant-time compare rejects a difference in the LAST byte
[authstrs]  PASS  and one in the FIRST byte
[cas    ] put len 512 hash c259aebe041d7018 -> block 1119 (stored)
[cas    ] put len 512 hash d6861fe95c1e9996 -> block 1120 (stored)
[cas    ] put len 512 hash b68c2951bb11fe9f -> block 1290 (stored)
[udb    ] saved generation 8 to slot B (1536 bytes)
[authstrs]  PASS  root can create an account
[cas    ] put len 512 hash 887e11d03857d95d -> block 1127 (stored)
[cas    ] put len 512 hash fe5bdcfabfae1ac3 -> block 1128 (stored)
[cas    ] put len 512 hash 2407cf39d63c4569 -> block 1129 (stored)
[udb    ] saved generation 9 to slot A (1536 bytes)
[authstrs]  PASS  a second, distinct account
[authstrs]  PASS  a duplicate account name is refused
[authstrs]  PASS  an empty account name is refused
[cas    ] put len 512 hash 2bb743a095961648 -> block 1288 (stored)
[cas    ] put len 512 hash 060a8783d3799be2 -> block 1291 (stored)
[cas    ] put len 512 hash 3fbc7059757a48d7 -> block 1292 (stored)
[udb    ] saved generation 10 to slot B (1536 bytes)
[authstrs]  PASS  two accounts sharing a password hold different digests
[authstrs]  PASS  the right password authenticates and returns the uid
[authstrs]  PASS  the wrong password is refused
[authstrs]  PASS  an unknown user is refused with the SAME code as a wrong password
[authstrs]  PASS  a successful auth does not change the caller's credentials
[cas    ] put len 512 hash 1fca9dd0b93da3ca -> block 1119 (stored)
[cas    ] put len 512 hash 1a0e947b57e81a30 -> block 1120 (stored)
[cas    ] put len 512 hash eef2fdb9ed71901d -> block 1290 (stored)
[udb    ] saved generation 11 to slot A (1536 bytes)
[authstrs]  PASS  a legacy PBKDF2 record can be constructed for the test
[udb    ] upgraded 'm80legacy' from PBKDF2 to scrypt on successful login
[cas    ] put len 512 hash 41a798d4dcdbb5de -> block 1127 (stored)
[cas    ] put len 512 hash 153fc2137770c75f -> block 1128 (stored)
[cas    ] put len 512 hash d95e574f25524e46 -> block 1129 (stored)
[udb    ] saved generation 12 to slot B (1536 bytes)
[authstrs]  PASS  a PBKDF2-era account still authenticates after the KDF change
[authstrs]  PASS  ...and is transparently upgraded to scrypt by that login
[authstrs]  PASS  the upgraded record still accepts the same password
[authstrs]  PASS  the upgraded record still refuses the wrong one
[authstrs]  PASS  a second login does not upgrade again
[authstrs]  PASS  two failures short of the limit do not lock the account
[authstrs]  PASS  a success clears the consecutive-failure count
[auth   ] account 'm74bob' LOCKED after 3 consecutive failures
[authstrs]  PASS  UDB_MAX_FAILS consecutive failures lock the account
[authstrs]  PASS  the lockout was counted
[authstrs]  PASS  a LOCKED account refuses even the correct password
[authstrs]  PASS  and the other accounts are unaffected by it
[kernel ] spawned pid 683 'u-cred' caps 0000000000000020 — private PML4 @ phys 000000000166d000
[authstrs]  PASS  a fresh process is root in all six ids
[authstrs]  PASS  root may seteuid to an unprivileged id
[authstrs]  PASS  ...which moves ONLY the effective id
[authstrs]  PASS  ...and the process is no longer privileged
[authstrs]  PASS  it may return to the SAVED id
[authstrs]  PASS  an unprivileged process may NOT seteuid to an unrelated id
[authstrs]  PASS  ...but may return to its real id
[authstrs]  PASS  privileged setuid sets all three ids
[authstrs]  PASS  after a permanent drop, root cannot be regained by setuid
[authstrs]  PASS  nor by seteuid
[authstrs]  PASS  egid 0 does NOT make a process privileged for setgid
[authstrs]  PASS  SYS_GETUID reports the real id and SYS_GETEUID the effective
[authstrs]  PASS  an unprivileged process may not create an account
[kernel ] spawned pid 684 'u-credrecyc' caps 0000000000000020 — private PML4 @ phys 0000000001313000
[authstrs]  PASS  a recycled slot inherits no effective or saved id
[authstrs]  PASS  a serialised image verifies its own digest
[authstrs]  PASS  the generation survives serialisation
[authstrs]  PASS  two writes of the same accounts produce DIFFERENT bytes (no dedup)
[authstrs]  PASS  EVERY 512-byte segment differs between writes (per-chunk nonce)
[authstrs]  PASS  a single flipped body byte fails the digest
[authstrs]  PASS  a wrong magic is rejected
[authstrs]  PASS  the on-disk image size is independent of account count
[authstrs]  PASS  lockout state is never persisted — it comes back clear
[cas    ] put len 512 hash 48ff4d90ffcd709b -> block 1288 (stored)
[cas    ] put len 512 hash b82667fd09cb3bae -> block 1291 (stored)
[cas    ] put len 512 hash 20f93f617618b26c -> block 1292 (stored)
[udb    ] saved generation 13 to slot A (1536 bytes)
[authstrs] RESULT: 49 passed, 0 failed
[authstrs] AUTH VERIFIED — salted KDF, constant-time verify, lockout, and a one-way privilege door
-- done --
-- TOOLCHAIN STRESS: author -> compile -> run, natively in ring 3 --
[toolstrs]  PASS  the SDK is installed in the VFS (7 headers + runtime + README)
[toolstrs] SDK listing: 7 under /usr/include/, 2 under /usr/lib/
[toolstrs]  PASS  readdir over the flat namespace enumerates /usr/include and /usr/lib
[toolstrs] /usr/lib/libc.oc: 7683 bytes, 7/7 required definitions
[toolstrs]  PASS  /usr/lib/libc.oc defines every runtime symbol the SDK headers declare
[kernel ] spawned pid 685 'selfhost' caps 0000000000000020 — private PML4 @ phys 0000000001312000
[elf    ] PT_LOAD vaddr 0000500000000000 filesz 000000000001b713 memsz 000000000001b713 (ro) -> mapped USER (bounds ok)
[elf    ] PT_LOAD vaddr 000050000001c000 filesz 0000000000003f20 memsz 0000000000003f20 (ro) -> mapped USER (bounds ok)
[elf    ] PT_LOAD vaddr 0000500000020000 filesz 0000000000000284 memsz 0000000000037fe0 (rw) -> mapped USER (bounds ok)
[cas    ] put len 247 hash 4cfe7155ffc43e08 -> block 1119 (stored)
[cas    ] put len 512 hash ea0fd3fd3a0aad89 -> block 1120 (stored)
[cas    ] put len 512 hash 966f4dd399921622 -> block 1121 (stored)
[cas    ] put len 512 hash 9f7d60c3d7a4022f -> block 1122 (stored)
[cas    ] put len 512 hash 2e8a82bd010987a6 -> block 1123 (stored)
[cas    ] put len 312 hash 8dfd0546824ab966 -> block 1130 (stored)
[cas    ] put len 102 hash 2e64e942ff8a2ddf -> block 1131 (stored)
[kernel ] spawned pid 686 'selfhost' caps 0000000000000020 — private PML4 @ phys 000000000168a000
[elf    ] PT_LOAD vaddr 0000500000000000 filesz 000000000001b713 memsz 000000000001b713 (ro) -> mapped USER (bounds ok)
[elf    ] PT_LOAD vaddr 000050000001c000 filesz 0000000000003f20 memsz 0000000000003f20 (ro) -> mapped USER (bounds ok)
[elf    ] PT_LOAD vaddr 0000500000020000 filesz 0000000000000284 memsz 0000000000037fe0 (rw) -> mapped USER (bounds ok)
[exec   ] pid 686 exec'd '/bin/occ' (138592 bytes from CAS) -> entry 000050000000009f
occ: 2 input files compiled as one translation unit
[cas    ] put len 512 hash 0b99aa59d8779c6f -> block 1132 (stored)
[cas    ] put len 512 hash 13d095491a38d98a -> DEDUP to block 1135 (no write)
[cas    ] put len 512 hash 9eae54915267aef6 -> DEDUP to block 1136 (no write)
[cas    ] put len 512 hash 295fad540c80c323 -> DEDUP to block 1137 (no write)
[cas    ] put len 512 hash 35e71effbad0c75c -> DEDUP to block 1138 (no write)
[cas    ] put len 512 hash b37e205af910a336 -> DEDUP to block 1139 (no write)
[cas    ] put len 512 hash f0eac512cea00366 -> DEDUP to block 1140 (no write)
[cas    ] put len 512 hash 437aeea26de71a3e -> DEDUP to block 1141 (no write)
[cas    ] put len 512 hash 07f3149dc32f5da5 -> DEDUP to block 1142 (no write)
[cas    ] put len 512 hash 43619f3a099935e2 -> DEDUP to block 1143 (no write)
[cas    ] put len 512 hash e547d3b10357b3a0 -> DEDUP to block 1144 (no write)
[cas    ] put len 512 hash 5a5fe65b62017bfb -> DEDUP to block 1145 (no write)
[cas    ] put len 512 hash 05fbee9601d791ac -> DEDUP to block 1146 (no write)
[cas    ] put len 512 hash f18e177ab231b30a -> DEDUP to block 1147 (no write)
[cas    ] put len 512 hash 45fa3068ab7d8575 -> DEDUP to block 1148 (no write)
[cas    ] put len 512 hash b92083e67c36f1cf -> block 1133 (stored)
[cas    ] put len 512 hash 16178331c79ed545 -> block 1134 (stored)
[cas    ] put len 512 hash 48a204f6c92b0af7 -> block 1149 (stored)
[cas    ] put len 512 hash 590d4c8e892d70b3 -> block 1150 (stored)
[cas    ] put len 512 hash b32c9ed454d9e606 -> block 1151 (stored)
[cas    ] put len 512 hash b2c7320d1ba717d8 -> block 1152 (stored)
[cas    ] put len 512 hash cf581ba636d0572e -> block 1153 (stored)
[cas    ] put len 512 hash 3b8d9de5b747552e -> block 1154 (stored)
[cas    ] put len 512 hash fe426f21d4cb0509 -> block 1155 (stored)
[cas    ] put len 379 hash f29975807af61dea -> block 1156 (stored)
[cas    ] put len 512 hash 0e47952cade19430 -> block 1157 (stored)
  [occ   ] compiled OK
[kernel ] spawned pid 687 'selfhost' caps 0000000000000020 — private PML4 @ phys 00000000012bc000
[elf    ] PT_LOAD vaddr 0000500000000000 filesz 0000000000002fcb memsz 0000000000002fcb (ro) -> mapped USER (bounds ok)
[elf    ] PT_LOAD vaddr 0000500000200000 filesz 00000000000000c0 memsz 00000000000000c0 (ro) -> mapped USER (bounds ok)
[elf    ] PT_LOAD vaddr 0000500000400000 filesz 0000000000000000 memsz 0000000000000000 (rw) -> mapped USER (bounds ok)
[exec   ] pid 687 exec'd '/bin/t.elf' (12667 bytes from CAS) -> entry 0000500000000000
  [a.out ] SYS_WRITE came from <outrun_abi.h>
  [a.out ] compiled by occ against /usr/lib/libc.oc; main returns 147
  [self  ] authored, compiled and RAN a program without a host toolchain
[toolstrs] round 0: occ emitted /bin/t.elf, 12667 bytes, 25 chunk(s)
[kernel ] spawned pid 688 'selfhost' caps 0000000000000020 — private PML4 @ phys 0000000001312000
[elf    ] PT_LOAD vaddr 0000500000000000 filesz 000000000001b713 memsz 000000000001b713 (ro) -> mapped USER (bounds ok)
[elf    ] PT_LOAD vaddr 000050000001c000 filesz 0000000000003f20 memsz 0000000000003f20 (ro) -> mapped USER (bounds ok)
[elf    ] PT_LOAD vaddr 0000500000020000 filesz 0000000000000284 memsz 0000000000037fe0 (rw) -> mapped USER (bounds ok)
[cas    ] put len 247 hash 4cfe7155ffc43e08 -> block 1119 (stored)
[cas    ] put len 512 hash ea0fd3fd3a0aad89 -> block 1120 (stored)
[cas    ] put len 512 hash 966f4dd399921622 -> block 1121 (stored)
[cas    ] put len 512 hash 9f7d60c3d7a4022f -> block 1122 (stored)
[cas    ] put len 512 hash 2e8a82bd010987a6 -> block 1123 (stored)
[cas    ] put len 312 hash 8dfd0546824ab966 -> block 1130 (stored)
[cas    ] put len 102 hash 2e64e942ff8a2ddf -> block 1131 (stored)
[kernel ] spawned pid 689 'selfhost' caps 0000000000000020 — private PML4 @ phys 000000000127e000
[elf    ] PT_LOAD vaddr 0000500000000000 filesz 000000000001b713 memsz 000000000001b713 (ro) -> mapped USER (bounds ok)
[elf    ] PT_LOAD vaddr 000050000001c000 filesz 0000000000003f20 memsz 0000000000003f20 (ro) -> mapped USER (bounds ok)
[elf    ] PT_LOAD vaddr 0000500000020000 filesz 0000000000000284 memsz 0000000000037fe0 (rw) -> mapped USER (bounds ok)
[exec   ] pid 689 exec'd '/bin/occ' (138592 bytes from CAS) -> entry 000050000000009f
occ: 2 input files compiled as one translation unit
[cas    ] put len 512 hash 0b99aa59d8779c6f -> block 1132 (stored)
[cas    ] put len 512 hash 13d095491a38d98a -> DEDUP to block 1135 (no write)
[cas    ] put len 512 hash 9eae54915267aef6 -> DEDUP to block 1136 (no write)
[cas    ] put len 512 hash 295fad540c80c323 -> DEDUP to block 1137 (no write)
[cas    ] put len 512 hash 35e71effbad0c75c -> DEDUP to block 1138 (no write)
[cas    ] put len 512 hash b37e205af910a336 -> DEDUP to block 1139 (no write)
[cas    ] put len 512 hash f0eac512cea00366 -> DEDUP to block 1140 (no write)
[cas    ] put len 512 hash 437aeea26de71a3e -> DEDUP to block 1141 (no write)
[cas    ] put len 512 hash 07f3149dc32f5da5 -> DEDUP to block 1142 (no write)
[cas    ] put len 512 hash 43619f3a099935e2 -> DEDUP to block 1143 (no write)
[cas    ] put len 512 hash e547d3b10357b3a0 -> DEDUP to block 1144 (no write)
[cas    ] put len 512 hash 5a5fe65b62017bfb -> DEDUP to block 1145 (no write)
[cas    ] put len 512 hash 05fbee9601d791ac -> DEDUP to block 1146 (no write)
[cas    ] put len 512 hash f18e177ab231b30a -> DEDUP to block 1147 (no write)
[cas    ] put len 512 hash 45fa3068ab7d8575 -> DEDUP to block 1148 (no write)
[cas    ] put len 512 hash b92083e67c36f1cf -> block 1133 (stored)
[cas    ] put len 512 hash 16178331c79ed545 -> block 1134 (stored)
[cas    ] put len 512 hash 48a204f6c92b0af7 -> block 1149 (stored)
[cas    ] put len 512 hash 590d4c8e892d70b3 -> block 1150 (stored)
[cas    ] put len 512 hash b32c9ed454d9e606 -> block 1151 (stored)
[cas    ] put len 512 hash b2c7320d1ba717d8 -> block 1152 (stored)
[cas    ] put len 512 hash cf581ba636d0572e -> block 1153 (stored)
[cas    ] put len 512 hash 3b8d9de5b747552e -> block 1154 (stored)
[cas    ] put len 512 hash fe426f21d4cb0509 -> block 1155 (stored)
[cas    ] put len 379 hash f29975807af61dea -> block 1156 (stored)
[cas    ] put len 512 hash 0e47952cade19430 -> block 1157 (stored)
  [occ   ] compiled OK
[kernel ] spawned pid 690 'selfhost' caps 0000000000000020 — private PML4 @ phys 000000000161a000
[posixstrs] .. waiting spins=4145 ticks=19240 (+200) rq0=0: pid 688(role 38,thr 1 pstate 1 rip 0000500000001fc0 pend 0000000000000000 msk 0000000000000000 sfsp 0000000000000000) child 690 
[elf    ] PT_LOAD vaddr 0000500000000000 filesz 0000000000002fcb memsz 0000000000002fcb (ro) -> mapped USER (bounds ok)
[elf    ] PT_LOAD vaddr 0000500000200000 filesz 00000000000000c0 memsz 00000000000000c0 (ro) -> mapped USER (bounds ok)
[elf    ] PT_LOAD vaddr 0000500000400000 filesz 0000000000000000 memsz 0000000000000000 (rw) -> mapped USER (bounds ok)
[exec   ] pid 690 exec'd '/bin/t.elf' (12667 bytes from CAS) -> entry 0000500000000000
  [a.out ] SYS_WRITE came from <outrun_abi.h>
  [a.out ] compiled by occ against /usr/lib/libc.oc; main returns 147
  [self  ] authored, compiled and RAN a program without a host toolchain
[toolstrs] round 1: occ emitted /bin/t.elf, 12667 bytes, 25 chunk(s)
[toolstrs]  PASS  every round authored, compiled and ran a program (driver exited 940)
[toolstrs]  PASS  the compiler produced a new executable in the VFS
[toolstrs]  PASS  its output is a well-formed 3-segment x86-64 ELF (R+X, R, R+W)
[toolstrs]  PASS  NO segment it emits is both writable and executable (W^X holds for compiler output)
[toolstrs] +820 freed, +820 reused; global depth 1444
[toolstrs]  PASS  free-frame count reconciles (g_frame_free_depth == lifetime freed - reused)
[toolstrs]  PASS  no lock-rank violation across the toolchain paths
[toolstrs] RESULT: 9 passed, 0 failed
[toolstrs] SELF-HOSTING VERIFIED — OutRun compiled and ran a program with no host toolchain
-- done --
-- COMPILER STRESS: preprocessor, struct layout, multi-unit, and refusals --
[kernel ] spawned pid 691 'compstr' caps 0000000000000020 — private PML4 @ phys 0000000001312000
[elf    ] PT_LOAD vaddr 0000500000000000 filesz 000000000001b713 memsz 000000000001b713 (ro) -> mapped USER (bounds ok)
[elf    ] PT_LOAD vaddr 000050000001c000 filesz 0000000000003f20 memsz 0000000000003f20 (ro) -> mapped USER (bounds ok)
[elf    ] PT_LOAD vaddr 0000500000020000 filesz 0000000000000284 memsz 0000000000037fe0 (rw) -> mapped USER (bounds ok)
[cas    ] put len 392 hash 3093456a4c932555 -> block 1158 (stored)
[cas    ] put len 512 hash d07af1c51c0ae345 -> block 1159 (stored)
[cas    ] put len 512 hash c8825dadfcc9e6e4 -> block 1160 (stored)
[cas    ] put len 14 hash a2077f1f9871efd5 -> block 1161 (stored)
[cas    ] put len 76 hash d3dd314bfe7e6cfc -> block 1162 (stored)
[kernel ] spawned pid 692 'compstr' caps 0000000000000020 — private PML4 @ phys 00000000012d4000
[elf    ] PT_LOAD vaddr 0000500000000000 filesz 000000000001b713 memsz 000000000001b713 (ro) -> mapped USER (bounds ok)
[elf    ] PT_LOAD vaddr 000050000001c000 filesz 0000000000003f20 memsz 0000000000003f20 (ro) -> mapped USER (bounds ok)
[elf    ] PT_LOAD vaddr 0000500000020000 filesz 0000000000000284 memsz 0000000000037fe0 (rw) -> mapped USER (bounds ok)
[exec   ] pid 692 exec'd '/bin/occ' (138592 bytes from CAS) -> entry 000050000000009f
occ: 2 input files compiled as one translation unit
[cas    ] put len 512 hash 75422c3c38daf8fa -> block 1163 (stored)
[cas    ] put len 512 hash 13d095491a38d98a -> DEDUP to block 1135 (no write)
[cas    ] put len 512 hash 9eae54915267aef6 -> DEDUP to block 1136 (no write)
[cas    ] put len 512 hash 295fad540c80c323 -> DEDUP to block 1137 (no write)
[cas    ] put len 512 hash 35e71effbad0c75c -> DEDUP to block 1138 (no write)
[cas    ] put len 512 hash b37e205af910a336 -> DEDUP to block 1139 (no write)
[cas    ] put len 512 hash f0eac512cea00366 -> DEDUP to block 1140 (no write)
[cas    ] put len 512 hash 437aeea26de71a3e -> DEDUP to block 1141 (no write)
[cas    ] put len 512 hash 07f3149dc32f5da5 -> DEDUP to block 1142 (no write)
[cas    ] put len 512 hash 43619f3a099935e2 -> DEDUP to block 1143 (no write)
[cas    ] put len 512 hash e547d3b10357b3a0 -> DEDUP to block 1144 (no write)
[cas    ] put len 512 hash 5a5fe65b62017bfb -> DEDUP to block 1145 (no write)
[cas    ] put len 512 hash 05fbee9601d791ac -> DEDUP to block 1146 (no write)
[cas    ] put len 512 hash f18e177ab231b30a -> DEDUP to block 1147 (no write)
[cas    ] put len 512 hash 45fa3068ab7d8575 -> DEDUP to block 1148 (no write)
[cas    ] put len 512 hash f62f25e2bedaeee6 -> block 1164 (stored)
[cas    ] put len 512 hash ea8fc13ed54de0df -> block 1165 (stored)
[cas    ] put len 512 hash 9bb9d09049637435 -> block 1166 (stored)
[cas    ] put len 512 hash c4efd38063d3c352 -> block 1167 (stored)
[cas    ] put len 193 hash aa14d77e7da5eefe -> block 1168 (stored)
[cas    ] put len 512 hash 96e939132ecbcfdd -> block 1169 (stored)
  [occ   ] compiled OK
  [compst] compiled the two-unit build in 120 ds
[kernel ] spawned pid 693 'compstr' caps 0000000000000020 — private PML4 @ phys 0000000001205000
[elf    ] PT_LOAD vaddr 0000500000000000 filesz 00000000000025d1 memsz 00000000000025d1 (ro) -> mapped USER (bounds ok)
[elf    ] PT_LOAD vaddr 0000500000200000 filesz 0000000000000000 memsz 0000000000000000 (ro) -> mapped USER (bounds ok)
[elf    ] PT_LOAD vaddr 0000500000400000 filesz 0000000000000000 memsz 0000000000000000 (rw) -> mapped USER (bounds ok)
[exec   ] pid 693 exec'd '/bin/cs.elf' (9921 bytes from CAS) -> entry 0000500000000000
  [compst] offsets, alignment, nesting and cross-unit calls all verified
[cas    ] put len 62 hash 3cdb9152cb8a6bc8 -> block 1170 (stored)
[kernel ] spawned pid 694 'compstr' caps 0000000000000020 — private PML4 @ phys 0000000001285000
[posixstrs] .. waiting spins=4823 ticks=19488 (+200) rq0=0: pid 691(role 39,thr 1 pstate 1 rip 000050000001801a pend 0000000000000000 msk 0000000000000000 sfsp 0000000000000000) child 694 
[elf    ] PT_LOAD vaddr 0000500000000000 filesz 000000000001b713 memsz 000000000001b713 (ro) -> mapped USER (bounds ok)
[elf    ] PT_LOAD vaddr 000050000001c000 filesz 0000000000003f20 memsz 0000000000003f20 (ro) -> mapped USER (bounds ok)
[elf    ] PT_LOAD vaddr 0000500000020000 filesz 0000000000000284 memsz 0000000000037fe0 (rw) -> mapped USER (bounds ok)
[exec   ] pid 694 exec'd '/bin/occ' (138592 bytes from CAS) -> entry 000050000000009f
occ: /src/cs_n.c:3: '.' on a pointer; use '->' 'a'
occ: /src/cs_n.c:3: '.' on a pointer; use '->' 'a'
[cas    ] put len 51 hash 856c86cdfbc3be42 -> block 1170 (stored)
[kernel ] spawned pid 695 'compstr' caps 0000000000000020 — private PML4 @ phys 00000000016d6000
[elf    ] PT_LOAD vaddr 0000500000000000 filesz 000000000001b713 memsz 000000000001b713 (ro) -> mapped USER (bounds ok)
[elf    ] PT_LOAD vaddr 000050000001c000 filesz 0000000000003f20 memsz 0000000000003f20 (ro) -> mapped USER (bounds ok)
[elf    ] PT_LOAD vaddr 0000500000020000 filesz 0000000000000284 memsz 0000000000037fe0 (rw) -> mapped USER (bounds ok)
[exec   ] pid 695 exec'd '/bin/occ' (138592 bytes from CAS) -> entry 000050000000009f
occ: /src/cs_n.c:3: function already defined 'main'
[cas    ] put len 69 hash 9f97b6166727a308 -> block 1170 (stored)
[kernel ] spawned pid 696 'compstr' caps 0000000000000020 — private PML4 @ phys 000000000129e000
[elf    ] PT_LOAD vaddr 0000500000000000 filesz 000000000001b713 memsz 000000000001b713 (ro) -> mapped USER (bounds ok)
[elf    ] PT_LOAD vaddr 000050000001c000 filesz 0000000000003f20 memsz 0000000000003f20 (ro) -> mapped USER (bounds ok)
[elf    ] PT_LOAD vaddr 0000500000020000 filesz 0000000000000284 memsz 0000000000037fe0 (rw) -> mapped USER (bounds ok)
[exec   ] pid 696 exec'd '/bin/occ' (138592 bytes from CAS) -> entry 000050000000009f
occ: /src/cs_n.c:3: struct redefined with a DIFFERENT layout 'Q'
occ: /src/cs_n.c:4: no main() in any input file, building '/bin/cs_n.elf'
[cas    ] put len 63 hash 61a3996ef9809755 -> block 1170 (stored)
[kernel ] spawned pid 697 'compstr' caps 0000000000000020 — private PML4 @ phys 000000000159e000
[posixstrs] .. waiting spins=12853 ticks=19688 (+400) rq0=0: pid 691(role 39,thr 1 pstate 1 rip 000050000001801a pend 0000000000000000 msk 0000000000000000 sfsp 0000000000000000) child 697 
[elf    ] PT_LOAD vaddr 0000500000000000 filesz 000000000001b713 memsz 000000000001b713 (ro) -> mapped USER (bounds ok)
[elf    ] PT_LOAD vaddr 000050000001c000 filesz 0000000000003f20 memsz 0000000000003f20 (ro) -> mapped USER (bounds ok)
[elf    ] PT_LOAD vaddr 0000500000020000 filesz 0000000000000284 memsz 0000000000037fe0 (rw) -> mapped USER (bounds ok)
[exec   ] pid 697 exec'd '/bin/occ' (138592 bytes from CAS) -> entry 000050000000009f
occ: /src/cs_n.c:3: no such member 'zzz'
occ: /src/cs_n.c:3: no such member 'zzz'
  [compst] all four invalid programs were REFUSED, and none left an output file
[compstrs]  PASS  the driver authored, built, ran and validated a multi-unit project (exit 950)
[compstrs] /bin/cs.elf: 9921 bytes, 20 chunk(s), from TWO source units
[compstrs]  PASS  a multi-unit executable was produced in the VFS
[compstrs]  PASS  it is a well-formed 3-segment x86-64 ELF (R+X, R, R+W)
[compstrs]  PASS  NO segment is both writable and executable (W^X holds for multi-unit output)
[compstrs]  PASS  no output file survives from any REFUSED compile
[compstrs]  PASS  no descriptor leaked across seven compiler processes
[compstrs] +1101 freed, +1101 reused; global depth 1444
[compstrs]  PASS  free-frame count reconciles (g_frame_free_depth == lifetime freed - reused)
[compstrs]  PASS  no lock-rank violation across the compiler paths
[compstrs] RESULT: 8 passed, 0 failed
[compstrs] LANGUAGE VERIFIED — preprocessor, struct layout, multi-unit linkage, and refusals
-- done --
-- pipestrs: descriptor substrate, pipes, redirection, native shell --
[kernel ] spawned pid 698 'pipe' caps 0000000000002020 — private PML4 @ phys 0000000001312000
[elf    ] PT_LOAD vaddr 0000500000000000 filesz 000000000001b713 memsz 000000000001b713 (ro) -> mapped USER (bounds ok)
[elf    ] PT_LOAD vaddr 000050000001c000 filesz 0000000000003f20 memsz 0000000000003f20 (ro) -> mapped USER (bounds ok)
[elf    ] PT_LOAD vaddr 0000500000020000 filesz 0000000000000284 memsz 0000000000037fe0 (rw) -> mapped USER (bounds ok)
[kernel ] spawned pid 699 'pipe' caps 0000000000002020 — private PML4 @ phys 0000000001624000
[kernel ] spawned pid 700 'pipe' caps 0000000000002020 — private PML4 @ phys 00000000015e1000
  [pipe  ] bounds, EAGAIN/EOF/EPIPE, fork inheritance, redirection and heap-across-fork all hold
[pipestrs]  PASS  pipe round trip, finite-buffer bound, EAGAIN/EOF/EPIPE and fork inheritance all behave as specified
[pipestrs]  PASS  SYS_PIPE was actually exercised (the suite is not vacuously passing)
[pipestrs]  PASS  stdout redirected to a FILE appends across writes rather than replacing (tmp/redir.txt holds both)
[kernel ] spawned pid 701 'vshbuild' caps 0000000000002020 — private PML4 @ phys 0000000001312000
[elf    ] PT_LOAD vaddr 0000500000000000 filesz 000000000001b713 memsz 000000000001b713 (ro) -> mapped USER (bounds ok)
[elf    ] PT_LOAD vaddr 000050000001c000 filesz 0000000000003f20 memsz 0000000000003f20 (ro) -> mapped USER (bounds ok)
[elf    ] PT_LOAD vaddr 0000500000020000 filesz 0000000000000284 memsz 0000000000037fe0 (rw) -> mapped USER (bounds ok)
[cas    ] put len 44 hash 9b7577c215d3fb65 -> block 1171 (stored)
[cas    ] put len 196 hash b4b51765947b68a0 -> block 1172 (stored)
[cas    ] put len 84 hash 62e57e234351c8df -> block 1173 (stored)
[kernel ] spawned pid 702 'vshbuild' caps 0000000000002020 — private PML4 @ phys 000000000123c000
[elf    ] PT_LOAD vaddr 0000500000000000 filesz 000000000001b713 memsz 000000000001b713 (ro) -> mapped USER (bounds ok)
[elf    ] PT_LOAD vaddr 000050000001c000 filesz 0000000000003f20 memsz 0000000000003f20 (ro) -> mapped USER (bounds ok)
[elf    ] PT_LOAD vaddr 0000500000020000 filesz 0000000000000284 memsz 0000000000037fe0 (rw) -> mapped USER (bounds ok)
[exec   ] pid 702 exec'd '/bin/occ' (138592 bytes from CAS) -> entry 000050000000009f
[cas    ] put len 512 hash e0998c0c59d6b0e6 -> block 1174 (stored)
[cas    ] put len 512 hash 13d095491a38d98a -> DEDUP to block 1135 (no write)
[cas    ] put len 512 hash 9eae54915267aef6 -> DEDUP to block 1136 (no write)
[cas    ] put len 512 hash 295fad540c80c323 -> DEDUP to block 1137 (no write)
[cas    ] put len 512 hash 35e71effbad0c75c -> DEDUP to block 1138 (no write)
[cas    ] put len 512 hash b37e205af910a336 -> DEDUP to block 1139 (no write)
[cas    ] put len 512 hash f0eac512cea00366 -> DEDUP to block 1140 (no write)
[cas    ] put len 512 hash 437aeea26de71a3e -> DEDUP to block 1141 (no write)
[cas    ] put len 512 hash 07f3149dc32f5da5 -> DEDUP to block 1142 (no write)
[cas    ] put len 512 hash 43619f3a099935e2 -> DEDUP to block 1143 (no write)
[cas    ] put len 512 hash e547d3b10357b3a0 -> DEDUP to block 1144 (no write)
[cas    ] put len 512 hash 5a5fe65b62017bfb -> DEDUP to block 1145 (no write)
[cas    ] put len 512 hash 05fbee9601d791ac -> DEDUP to block 1146 (no write)
[cas    ] put len 512 hash f18e177ab231b30a -> DEDUP to block 1147 (no write)
[cas    ] put len 512 hash 45fa3068ab7d8575 -> DEDUP to block 1148 (no write)
[cas    ] put len 512 hash e998d0e5687a6b70 -> block 1175 (stored)
[cas    ] put len 512 hash 84b47845b8a2d728 -> block 1176 (stored)
[cas    ] put len 512 hash 4f3679cdaed99b44 -> block 1177 (stored)
[cas    ] put len 512 hash 47b54da4f991c372 -> block 1178 (stored)
[cas    ] put len 512 hash 9d743f97d2142f65 -> block 1179 (stored)
[cas    ] put len 512 hash 737d34c460c066b0 -> block 1180 (stored)
[cas    ] put len 512 hash f0af643c3f65d1bf -> block 1181 (stored)
[cas    ] put len 512 hash 7d6210542240e480 -> block 1182 (stored)
[cas    ] put len 512 hash 0cff4be759b3dfe6 -> block 1183 (stored)
[cas    ] put len 512 hash af5e04d3cc47d40f -> block 1184 (stored)
[cas    ] put len 512 hash fe27b1429b1f50f2 -> block 1185 (stored)
[cas    ] put len 512 hash 5561c8596044b222 -> block 1186 (stored)
[cas    ] put len 512 hash 1216fb43e8e8c229 -> block 1187 (stored)
[cas    ] put len 512 hash 50fe6d2659380d72 -> block 1188 (stored)
[cas    ] put len 512 hash cf2d39f43cb51dfc -> block 1189 (stored)
[cas    ] put len 512 hash 6b1390a1c481b546 -> block 1190 (stored)
[cas    ] put len 512 hash bea17c1415c72a65 -> block 1191 (stored)
[cas    ] put len 512 hash 692b77bc67399125 -> block 1192 (stored)
[cas    ] put len 512 hash 9341b93054358d9e -> block 1193 (stored)
[posixstrs] .. waiting spins=3999 ticks=20055 (+200) rq0=0: pid 701(role 41,thr 1 pstate 1 rip 0000500000001fc0 pend 0000000000000000 msk 0000000000000000 sfsp 0000000000000000) child 702 
[cas    ] put len 512 hash b9a2e4a1d401652c -> block 1194 (stored)
[cas    ] put len 512 hash 71c224cf2597f92a -> block 1195 (stored)
[cas    ] put len 512 hash 224363faf9b46e0d -> block 1196 (stored)
[cas    ] put len 512 hash bb6123b617aecb01 -> block 1197 (stored)
[cas    ] put len 512 hash 347e009c5eaa4a30 -> block 1198 (stored)
[cas    ] put len 512 hash 2ad208cca2a6ba9e -> block 1199 (stored)
[cas    ] put len 512 hash a1afa58ef60d8105 -> block 1200 (stored)
[cas    ] put len 259 hash e61318c8909208cd -> block 1201 (stored)
[cas    ] put len 512 hash da17f8cd6b314201 -> block 1202 (stored)
  [occ   ] compiled OK
[kernel ] spawned pid 703 'vshbuild' caps 0000000000002020 — private PML4 @ phys 00000000015e4000
[elf    ] PT_LOAD vaddr 0000500000000000 filesz 000000000001b713 memsz 000000000001b713 (ro) -> mapped USER (bounds ok)
[elf    ] PT_LOAD vaddr 000050000001c000 filesz 0000000000003f20 memsz 0000000000003f20 (ro) -> mapped USER (bounds ok)
[elf    ] PT_LOAD vaddr 0000500000020000 filesz 0000000000000284 memsz 0000000000037fe0 (rw) -> mapped USER (bounds ok)
[exec   ] pid 703 exec'd '/bin/occ' (138592 bytes from CAS) -> entry 000050000000009f
[cas    ] put len 512 hash a3f41c65daae2efe -> block 1203 (stored)
[cas    ] put len 512 hash 13d095491a38d98a -> DEDUP to block 1135 (no write)
[cas    ] put len 512 hash 9eae54915267aef6 -> DEDUP to block 1136 (no write)
[cas    ] put len 512 hash 295fad540c80c323 -> DEDUP to block 1137 (no write)
[cas    ] put len 512 hash 35e71effbad0c75c -> DEDUP to block 1138 (no write)
[cas    ] put len 512 hash b37e205af910a336 -> DEDUP to block 1139 (no write)
[cas    ] put len 512 hash f0eac512cea00366 -> DEDUP to block 1140 (no write)
[cas    ] put len 512 hash 437aeea26de71a3e -> DEDUP to block 1141 (no write)
[cas    ] put len 512 hash 07f3149dc32f5da5 -> DEDUP to block 1142 (no write)
[cas    ] put len 512 hash 43619f3a099935e2 -> DEDUP to block 1143 (no write)
[cas    ] put len 512 hash e547d3b10357b3a0 -> DEDUP to block 1144 (no write)
[cas    ] put len 512 hash 5a5fe65b62017bfb -> DEDUP to block 1145 (no write)
[cas    ] put len 512 hash 05fbee9601d791ac -> DEDUP to block 1146 (no write)
[cas    ] put len 512 hash f18e177ab231b30a -> DEDUP to block 1147 (no write)
[cas    ] put len 512 hash 45fa3068ab7d8575 -> DEDUP to block 1148 (no write)
[cas    ] put len 512 hash d1b7c290aaf0df8e -> block 1204 (stored)
[cas    ] put len 9 hash 2d2f8441b6b2b86c -> block 1205 (stored)
[cas    ] put len 512 hash e5b6571065fe8798 -> block 1206 (stored)
  [occ   ] compiled OK
[kernel ] spawned pid 704 'vshbuild' caps 0000000000002020 — private PML4 @ phys 0000000001282000
[posixstrs] .. waiting spins=10089 ticks=20255 (+400) rq0=0: pid 701(role 41,thr 1 pstate 1 rip 0000500000001fc0 pend 0000000000000000 msk 0000000000000000 sfsp 0000000000000000) child 704 
[elf    ] PT_LOAD vaddr 0000500000000000 filesz 000000000001b713 memsz 000000000001b713 (ro) -> mapped USER (bounds ok)
[elf    ] PT_LOAD vaddr 000050000001c000 filesz 0000000000003f20 memsz 0000000000003f20 (ro) -> mapped USER (bounds ok)
[elf    ] PT_LOAD vaddr 0000500000020000 filesz 0000000000000284 memsz 0000000000037fe0 (rw) -> mapped USER (bounds ok)
[exec   ] pid 704 exec'd '/bin/occ' (138592 bytes from CAS) -> entry 000050000000009f
[cas    ] put len 512 hash 11daee114b03b17b -> block 1207 (stored)
[cas    ] put len 512 hash 13d095491a38d98a -> DEDUP to block 1135 (no write)
[cas    ] put len 512 hash 9eae54915267aef6 -> DEDUP to block 1136 (no write)
[cas    ] put len 512 hash 295fad540c80c323 -> DEDUP to block 1137 (no write)
[cas    ] put len 512 hash 35e71effbad0c75c -> DEDUP to block 1138 (no write)
[cas    ] put len 512 hash b37e205af910a336 -> DEDUP to block 1139 (no write)
[cas    ] put len 512 hash f0eac512cea00366 -> DEDUP to block 1140 (no write)
[cas    ] put len 512 hash 437aeea26de71a3e -> DEDUP to block 1141 (no write)
[cas    ] put len 512 hash 07f3149dc32f5da5 -> DEDUP to block 1142 (no write)
[cas    ] put len 512 hash 43619f3a099935e2 -> DEDUP to block 1143 (no write)
[cas    ] put len 512 hash e547d3b10357b3a0 -> DEDUP to block 1144 (no write)
[cas    ] put len 512 hash 5a5fe65b62017bfb -> DEDUP to block 1145 (no write)
[cas    ] put len 512 hash 05fbee9601d791ac -> DEDUP to block 1146 (no write)
[cas    ] put len 512 hash f18e177ab231b30a -> DEDUP to block 1147 (no write)
[cas    ] put len 512 hash 45fa3068ab7d8575 -> DEDUP to block 1148 (no write)
[cas    ] put len 512 hash aed93da65c76e937 -> block 1208 (stored)
[cas    ] put len 268 hash 2f21d6e22818744a -> block 1209 (stored)
[cas    ] put len 512 hash 7517d19c4ed2139f -> block 1210 (stored)
  [occ   ] compiled OK
  [vsh   ] occ built /bin/vsh, /bin/emit and /bin/wcx from source
[kernel ] spawned pid 705 'vshbuild' caps 0000000000002020 — private PML4 @ phys 0000000001287000
[elf    ] PT_LOAD vaddr 0000500000000000 filesz 0000000000004f4b memsz 0000000000004f4b (ro) -> mapped USER (bounds ok)
[elf    ] PT_LOAD vaddr 0000500000200000 filesz 00000000000002b0 memsz 00000000000002b0 (ro) -> mapped USER (bounds ok)
[elf    ] PT_LOAD vaddr 0000500000400000 filesz 0000000000000018 memsz 0000000000000018 (rw) -> mapped USER (bounds ok)
[exec   ] pid 705 exec'd '/bin/vsh' (21251 bytes from CAS) -> entry 0000500000000000
[kernel ] spawned pid 706 'vshbuild' caps 0000000000002020 — private PML4 @ phys 00000000012de000
[elf    ] PT_LOAD vaddr 0000500000000000 filesz 0000000000001f09 memsz 0000000000001f09 (ro) -> mapped USER (bounds ok)
[elf    ] PT_LOAD vaddr 0000500000200000 filesz 0000000000000010 memsz 0000000000000010 (ro) -> mapped USER (bounds ok)
[elf    ] PT_LOAD vaddr 0000500000400000 filesz 0000000000000000 memsz 0000000000000000 (rw) -> mapped USER (bounds ok)
[exec   ] pid 706 exec'd '/bin/emit' (8201 bytes from CAS) -> entry 0000500000000000
[kernel ] spawned pid 707 'vshbuild' caps 0000000000002020 — private PML4 @ phys 0000000001672000
[kernel ] spawned pid 708 'vshbuild' caps 0000000000002020 — private PML4 @ phys 0000000001262000
[elf    ] PT_LOAD vaddr 0000500000000000 filesz 0000000000001f09 memsz 0000000000001f09 (ro) -> mapped USER (bounds ok)
[elf    ] PT_LOAD vaddr 0000500000200000 filesz 0000000000000010 memsz 0000000000000010 (ro) -> mapped USER (bounds ok)
[elf    ] PT_LOAD vaddr 0000500000400000 filesz 0000000000000000 memsz 0000000000000000 (rw) -> mapped USER (bounds ok)
[exec   ] pid 707 exec'd '/bin/emit' (8201 bytes from CAS) -> entry 0000500000000000
[elf    ] PT_LOAD vaddr 0000500000000000 filesz 000000000000201c memsz 000000000000201c (ro) -> mapped USER (bounds ok)
[elf    ] PT_LOAD vaddr 0000500000200000 filesz 0000000000000000 memsz 0000000000000000 (ro) -> mapped USER (bounds ok)
[elf    ] PT_LOAD vaddr 0000500000400000 filesz 0000000000000000 memsz 0000000000000000 (rw) -> mapped USER (bounds ok)
[exec   ] pid 708 exec'd '/bin/wcx' (8460 bytes from CAS) -> entry 0000500000000000
  [vsh   ] /bin/vsh ran a script using '>' and '|'
[pipestrs]  PASS  occ compiled /src/vsh.c — the shipped shell source, unmodified — together with two filter programs
[pipestrs]  PASS  /bin/vsh exists in the filesystem and is a non-trivial image
[pipestrs] /bin/vsh: 21251 bytes, 42 chunk(s)
[pipestrs]  PASS  vsh's '>' captured a program's stdout into a file (tmp/one.txt == "PIPEDATA")
[pipestrs]  PASS  vsh's '|' carried one program's stdout into another's stdin (tmp/two.txt == "8", the byte count wcx read from emit)
[pipestrs]  PASS  no descriptor leaked across the suite (owner_mask emptied on every exit, including fds shared with forked children)
[pipestrs]  PASS  every pipe object was reclaimed (both ends closed, pool empty)
[pipestrs]  PASS  no live process was left holding a redirection to a closed descriptor
[pipestrs] +896 freed, +896 reused; global depth 1444; 5 pipe(s) made, 1066 byte(s) through them
[pipestrs]  PASS  free-frame count reconciles (g_frame_free_depth == lifetime freed - reused)
[pipestrs]  PASS  no lock-rank violation across the pipe, redirect and shell paths
[pipestrs] RESULT: 12 passed, 0 failed
[pipestrs] PIPES AND THE NATIVE SHELL VERIFIED — a ring-3 shell built by this system's own compiler runs redirected, piped pipelines
-- done --
-- LANGUAGE STRESS: sizeof, for-init, switch/case, unsigned, and omake --
[kernel ] spawned pid 709 'langstr' caps 0000000000000020 — private PML4 @ phys 0000000001312000
[elf    ] PT_LOAD vaddr 0000500000000000 filesz 000000000001b713 memsz 000000000001b713 (ro) -> mapped USER (bounds ok)
[elf    ] PT_LOAD vaddr 000050000001c000 filesz 0000000000003f20 memsz 0000000000003f20 (ro) -> mapped USER (bounds ok)
[elf    ] PT_LOAD vaddr 0000500000020000 filesz 0000000000000284 memsz 0000000000037fe0 (rw) -> mapped USER (bounds ok)
[cas    ] put len 512 hash 24c858f6f51a1e3e -> block 1211 (stored)
[cas    ] put len 512 hash 5fa1f920ad95fdfb -> block 1212 (stored)
[cas    ] put len 512 hash 3edaed64fa6b9838 -> block 1213 (stored)
[cas    ] put len 512 hash faf89ead77790c97 -> block 1214 (stored)
[cas    ] put len 465 hash fd8083a0de91a6a2 -> block 1215 (stored)
  [lang  ] toolchain round starting on 4 cpu(s), clock-based budgets
[kernel ] spawned pid 710 'langstr' caps 0000000000000020 — private PML4 @ phys 0000000001755000
[elf    ] PT_LOAD vaddr 0000500000000000 filesz 000000000001b713 memsz 000000000001b713 (ro) -> mapped USER (bounds ok)
[elf    ] PT_LOAD vaddr 000050000001c000 filesz 0000000000003f20 memsz 0000000000003f20 (ro) -> mapped USER (bounds ok)
[elf    ] PT_LOAD vaddr 0000500000020000 filesz 0000000000000284 memsz 0000000000037fe0 (rw) -> mapped USER (bounds ok)
[exec   ] pid 710 exec'd '/bin/occ' (138592 bytes from CAS) -> entry 000050000000009f
[cas    ] put len 512 hash 00ca8090eca304df -> block 1216 (stored)
[cas    ] put len 512 hash 13d095491a38d98a -> DEDUP to block 1135 (no write)
[cas    ] put len 512 hash 9eae54915267aef6 -> DEDUP to block 1136 (no write)
[cas    ] put len 512 hash 295fad540c80c323 -> DEDUP to block 1137 (no write)
[cas    ] put len 512 hash 35e71effbad0c75c -> DEDUP to block 1138 (no write)
[cas    ] put len 512 hash b37e205af910a336 -> DEDUP to block 1139 (no write)
[cas    ] put len 512 hash f0eac512cea00366 -> DEDUP to block 1140 (no write)
[cas    ] put len 512 hash 437aeea26de71a3e -> DEDUP to block 1141 (no write)
[cas    ] put len 512 hash 07f3149dc32f5da5 -> DEDUP to block 1142 (no write)
[cas    ] put len 512 hash 43619f3a099935e2 -> DEDUP to block 1143 (no write)
[cas    ] put len 512 hash e547d3b10357b3a0 -> DEDUP to block 1144 (no write)
[cas    ] put len 512 hash 5a5fe65b62017bfb -> DEDUP to block 1145 (no write)
[cas    ] put len 512 hash 05fbee9601d791ac -> DEDUP to block 1146 (no write)
[cas    ] put len 512 hash f18e177ab231b30a -> DEDUP to block 1147 (no write)
[cas    ] put len 512 hash 45fa3068ab7d8575 -> DEDUP to block 1148 (no write)
[cas    ] put len 512 hash 5797f7ee9305bd99 -> block 1217 (stored)
[cas    ] put len 512 hash 72049617ccb807a7 -> block 1218 (stored)
[cas    ] put len 512 hash bbccdb939edf6492 -> block 1219 (stored)
[cas    ] put len 512 hash 08371371190b62d4 -> block 1220 (stored)
[cas    ] put len 512 hash fa9861d5bacf563b -> block 1221 (stored)
[cas    ] put len 512 hash 482f7c84ccbe06db -> block 1222 (stored)
[cas    ] put len 512 hash 6f7f1499e3d77844 -> block 1223 (stored)
[cas    ] put len 512 hash 91e20dec6aaeb08d -> block 1224 (stored)
[cas    ] put len 411 hash 745964a70bb1eddd -> block 1225 (stored)
[cas    ] put len 512 hash 96806708419a9677 -> block 1226 (stored)
  [occ   ] compiled OK
  [lang  ] compiled /src/lang.c in 13 ds
[kernel ] spawned pid 711 'langstr' caps 0000000000000020 — private PML4 @ phys 0000000001287000
[elf    ] PT_LOAD vaddr 0000500000000000 filesz 0000000000002eab memsz 0000000000002eab (ro) -> mapped USER (bounds ok)
[elf    ] PT_LOAD vaddr 0000500000200000 filesz 0000000000000000 memsz 0000000000000000 (ro) -> mapped USER (bounds ok)
[elf    ] PT_LOAD vaddr 0000500000400000 filesz 0000000000000000 memsz 0000000000000000 (rw) -> mapped USER (bounds ok)
[exec   ] pid 711 exec'd '/bin/lang.elf' (12187 bytes from CAS) -> entry 0000500000000000
  [lang  ] sizeof, for-init scope, switch/case, unsigned arithmetic and break/continue all verified
[cas    ] put len 33 hash d0e93ad6067a9799 -> block 1227 (stored)
[kernel ] spawned pid 712 'langstr' caps 0000000000000020 — private PML4 @ phys 00000000011a4000
[posixstrs] .. waiting spins=5106 ticks=20761 (+200) rq0=0: pid 709(role 42,thr 1 pstate 1 rip 000050000001b219 pend 0000000000000000 msk 0000000000000000 sfsp 0000000000000000) child 712 
[elf    ] PT_LOAD vaddr 0000500000000000 filesz 000000000001b713 memsz 000000000001b713 (ro) -> mapped USER (bounds ok)
[elf    ] PT_LOAD vaddr 000050000001c000 filesz 0000000000003f20 memsz 0000000000003f20 (ro) -> mapped USER (bounds ok)
[elf    ] PT_LOAD vaddr 0000500000020000 filesz 0000000000000284 memsz 0000000000037fe0 (rw) -> mapped USER (bounds ok)
[exec   ] pid 712 exec'd '/bin/occ' (138592 bytes from CAS) -> entry 000050000000009f
occ: /src/lang_n.c:2: break outside a loop or switch
[cas    ] put len 63 hash e7365ebbbd2bb59d -> block 1227 (stored)
[kernel ] spawned pid 713 'langstr' caps 0000000000000020 — private PML4 @ phys 00000000015e1000
[elf    ] PT_LOAD vaddr 0000500000000000 filesz 000000000001b713 memsz 000000000001b713 (ro) -> mapped USER (bounds ok)
[elf    ] PT_LOAD vaddr 000050000001c000 filesz 0000000000003f20 memsz 0000000000003f20 (ro) -> mapped USER (bounds ok)
[elf    ] PT_LOAD vaddr 0000500000020000 filesz 0000000000000284 memsz 0000000000037fe0 (rw) -> mapped USER (bounds ok)
[exec   ] pid 713 exec'd '/bin/occ' (138592 bytes from CAS) -> entry 000050000000009f
occ: /src/lang_n.c:2: more than one default in one switch
occ: /src/lang_n.c:2: expected '}'
  [lang  ] a stray break and a duplicated default were both REFUSED
[kernel ] spawned pid 714 'langstr' caps 0000000000000020 — private PML4 @ phys 000000000124e000
[elf    ] PT_LOAD vaddr 0000500000000000 filesz 000000000001b713 memsz 000000000001b713 (ro) -> mapped USER (bounds ok)
[elf    ] PT_LOAD vaddr 000050000001c000 filesz 0000000000003f20 memsz 0000000000003f20 (ro) -> mapped USER (bounds ok)
[elf    ] PT_LOAD vaddr 0000500000020000 filesz 0000000000000284 memsz 0000000000037fe0 (rw) -> mapped USER (bounds ok)
[exec   ] pid 714 exec'd '/bin/occ' (138592 bytes from CAS) -> entry 000050000000009f
[cas    ] put len 512 hash 632aa0cf1d95e38a -> block 1211 (stored)
[cas    ] put len 512 hash 13d095491a38d98a -> DEDUP to block 1135 (no write)
[cas    ] put len 512 hash 9eae54915267aef6 -> DEDUP to block 1136 (no write)
[cas    ] put len 512 hash 295fad540c80c323 -> DEDUP to block 1137 (no write)
[cas    ] put len 512 hash 35e71effbad0c75c -> DEDUP to block 1138 (no write)
[posixstrs] .. waiting spins=12795 ticks=20961 (+400) rq0=0: pid 709(role 42,thr 1 pstate 1 rip 0000500000001fc0 pend 0000000000000000 msk 0000000000000000 sfsp 0000000000000000) child 714 
[cas    ] put len 512 hash b37e205af910a336 -> DEDUP to block 1139 (no write)
[cas    ] put len 512 hash f0eac512cea00366 -> DEDUP to block 1140 (no write)
[cas    ] put len 512 hash 437aeea26de71a3e -> DEDUP to block 1141 (no write)
[cas    ] put len 512 hash 07f3149dc32f5da5 -> DEDUP to block 1142 (no write)
[cas    ] put len 512 hash 43619f3a099935e2 -> DEDUP to block 1143 (no write)
[cas    ] put len 512 hash e547d3b10357b3a0 -> DEDUP to block 1144 (no write)
[cas    ] put len 512 hash 5a5fe65b62017bfb -> DEDUP to block 1145 (no write)
[cas    ] put len 512 hash 05fbee9601d791ac -> DEDUP to block 1146 (no write)
[cas    ] put len 512 hash f18e177ab231b30a -> DEDUP to block 1147 (no write)
[cas    ] put len 512 hash 45fa3068ab7d8575 -> DEDUP to block 1148 (no write)
[cas    ] put len 512 hash 6573f9dacd4041ce -> block 1212 (stored)
[cas    ] put len 512 hash b301750cecd163ac -> block 1213 (stored)
[cas    ] put len 512 hash 347b62c95207d788 -> block 1214 (stored)
[cas    ] put len 512 hash 897b2acf0e3c339c -> block 1215 (stored)
[cas    ] put len 512 hash dd9a315aecffd629 -> block 1227 (stored)
[cas    ] put len 512 hash 1565bcf72b4b8b30 -> block 1228 (stored)
[cas    ] put len 512 hash 68e18bcd3202b39d -> block 1229 (stored)
[cas    ] put len 512 hash e14cd69e9d69df8b -> block 1230 (stored)
[cas    ] put len 512 hash b4001a362279a45b -> block 1231 (stored)
[cas    ] put len 512 hash b2808370d7755eea -> block 1232 (stored)
[cas    ] put len 512 hash 4e4ead55c74d7b09 -> block 1233 (stored)
[cas    ] put len 512 hash 7799e60925ea57c2 -> block 1234 (stored)
[cas    ] put len 512 hash a1db0e8afef5cca5 -> block 1235 (stored)
[cas    ] put len 512 hash 60cbe926b9dc8468 -> block 1236 (stored)
[cas    ] put len 512 hash 4e5578a03c2b5c39 -> block 1237 (stored)
[cas    ] put len 512 hash 5292d7ba3be6a664 -> block 1238 (stored)
[cas    ] put len 512 hash 6ea96c97df0ff458 -> block 1239 (stored)
[cas    ] put len 512 hash a0614e7eda297a7e -> block 1240 (stored)
[cas    ] put len 512 hash d3209d8ec4f703c2 -> block 1241 (stored)
[cas    ] put len 512 hash aafb3f84e72d870a -> block 1242 (stored)
[cas    ] put len 512 hash 44028889c31c2922 -> block 1243 (stored)
[cas    ] put len 512 hash 989a47f47758ad61 -> block 1244 (stored)
[cas    ] put len 512 hash 8a6e244c86bf3119 -> block 1245 (stored)
[cas    ] put len 512 hash 5107e702b0904834 -> block 1246 (stored)
[cas    ] put len 512 hash f5f1da6ab7665c4c -> block 1247 (stored)
[cas    ] put len 512 hash 63425807940e1de2 -> block 1248 (stored)
[cas    ] put len 512 hash 019cfd87ee223367 -> block 1249 (stored)
[cas    ] put len 512 hash 1c8e4326ec5111b7 -> block 1250 (stored)
[cas    ] put len 512 hash c99e78daf41e3f5d -> block 1251 (stored)
[cas    ] put len 512 hash 07d2c46638d8d517 -> block 1252 (stored)
[cas    ] put len 512 hash ec2187250a211565 -> block 1253 (stored)
[cas    ] put len 512 hash cf2cabb0a0c91e1c -> block 1254 (stored)
[cas    ] put len 512 hash 6d1468ea3df76f34 -> block 1255 (stored)
[cas    ] put len 512 hash a497e3bad150838f -> block 1256 (stored)
[cas    ] put len 512 hash deb44136c5d52520 -> block 1257 (stored)
[cas    ] put len 512 hash bffd900e45433f66 -> block 1258 (stored)
[cas    ] put len 512 hash 833cbc6e0e8df842 -> block 1259 (stored)
[cas    ] put len 512 hash d98be00bffbecc77 -> block 1260 (stored)
[cas    ] put len 512 hash 03ce4eb747586932 -> block 1261 (stored)
[cas    ] put len 512 hash 8995941c5127bfbe -> block 1262 (stored)
[cas    ] put len 512 hash 6df3bc4a8cf47d4c -> block 1263 (stored)
[posixstrs] .. waiting spins=14429 ticks=21161 (+600) rq0=0: pid 709(role 42,thr 1 pstate 1 rip 0000500000001fc0 pend 0000000000000000 msk 0000000000000000 sfsp 0000000000000000) child 714 
[cas    ] put len 512 hash ed77f82a07552a03 -> block 1264 (stored)
[cas    ] put len 512 hash 3755221d7e098534 -> block 1265 (stored)
[cas    ] put len 512 hash f68155792582d48d -> block 1266 (stored)
[cas    ] put len 512 hash 2468aa0e5d3a3914 -> block 1267 (stored)
[cas    ] put len 512 hash d4960201e47e8ef0 -> block 1268 (stored)
[cas    ] put len 512 hash 8b57f78d9b2a0c97 -> block 1269 (stored)
[cas    ] put len 512 hash 95339607169c0206 -> block 1270 (stored)
[cas    ] put len 512 hash e062e44597a6d1c3 -> block 1271 (stored)
[cas    ] put len 512 hash 7b2c218aa2cb7eaf -> block 1272 (stored)
[cas    ] put len 512 hash 5e3fcdb7bcd16cf8 -> block 1273 (stored)
[cas    ] put len 512 hash ba0e204a0d690a67 -> block 1274 (stored)
[cas    ] put len 512 hash a57a9117fc343d0f -> block 1275 (stored)
[cas    ] put len 512 hash b25a1be45266e1f5 -> block 1276 (stored)
[cas    ] put len 512 hash 5edf1a372876ff63 -> block 1277 (stored)
[cas    ] put len 512 hash 5c19000e05a626b0 -> block 1278 (stored)
[cas    ] put len 210 hash 51d8f4040b006a2d -> block 1279 (stored)
[cas    ] put len 512 hash b8901db9c89383d4 -> block 1280 (stored)
  [occ   ] compiled OK
  [lang  ] compiled /src/omake.c in 35 ds
[kernel ] spawned pid 715 'langstr' caps 0000000000000020 — private PML4 @ phys 000000000163f000
[elf    ] PT_LOAD vaddr 0000500000000000 filesz 0000000000008972 memsz 0000000000008972 (ro) -> mapped USER (bounds ok)
[elf    ] PT_LOAD vaddr 0000500000200000 filesz 0000000000000318 memsz 0000000000000318 (ro) -> mapped USER (bounds ok)
[elf    ] PT_LOAD vaddr 0000500000400000 filesz 0000000000000158 memsz 0000000000000158 (rw) -> mapped USER (bounds ok)
[exec   ] pid 715 exec'd '/bin/omake' (36562 bytes from CAS) -> entry 0000500000000000
omake: /src/demo.mk: 2 rule(s), 4 variable(s); goal 'all'
  omake> echo building /bin/hello.elf
building /bin/hello.elf
  omake> occ /src/hello_a.c /src/hello_b.c -o /bin/hello.elf
[kernel ] spawned pid 716 'langstr' caps 0000000000000020 — private PML4 @ phys 0000000001643000
[elf    ] PT_LOAD vaddr 0000500000000000 filesz 000000000001b713 memsz 000000000001b713 (ro) -> mapped USER (bounds ok)
[elf    ] PT_LOAD vaddr 000050000001c000 filesz 0000000000003f20 memsz 0000000000003f20 (ro) -> mapped USER (bounds ok)
[elf    ] PT_LOAD vaddr 0000500000020000 filesz 0000000000000284 memsz 0000000000037fe0 (rw) -> mapped USER (bounds ok)
[exec   ] pid 716 exec'd '/bin/occ' (138592 bytes from CAS) -> entry 000050000000009f
occ: 2 input files compiled as one translation unit
[cas    ] put len 512 hash 8fa2e3c8f7390763 -> block 1281 (stored)
[cas    ] put len 512 hash 13d095491a38d98a -> DEDUP to block 1135 (no write)
[cas    ] put len 512 hash 9eae54915267aef6 -> DEDUP to block 1136 (no write)
[cas    ] put len 512 hash 295fad540c80c323 -> DEDUP to block 1137 (no write)
[cas    ] put len 512 hash 35e71effbad0c75c -> DEDUP to block 1138 (no write)
[cas    ] put len 512 hash b37e205af910a336 -> DEDUP to block 1139 (no write)
[cas    ] put len 512 hash f0eac512cea00366 -> DEDUP to block 1140 (no write)
[cas    ] put len 512 hash 437aeea26de71a3e -> DEDUP to block 1141 (no write)
[cas    ] put len 512 hash 07f3149dc32f5da5 -> DEDUP to block 1142 (no write)
[cas    ] put len 512 hash 43619f3a099935e2 -> DEDUP to block 1143 (no write)
[cas    ] put len 512 hash e547d3b10357b3a0 -> DEDUP to block 1144 (no write)
[cas    ] put len 512 hash 5a5fe65b62017bfb -> DEDUP to block 1145 (no write)
[cas    ] put len 512 hash 05fbee9601d791ac -> DEDUP to block 1146 (no write)
[cas    ] put len 512 hash f18e177ab231b30a -> DEDUP to block 1147 (no write)
[cas    ] put len 512 hash 45fa3068ab7d8575 -> DEDUP to block 1148 (no write)
[cas    ] put len 512 hash 7020d77a11ca82c4 -> block 1282 (stored)
[cas    ] put len 164 hash c65c70a0507d7a25 -> block 1283 (stored)
[cas    ] put len 512 hash e6b878a5ff4f0f31 -> block 1284 (stored)
[posixstrs] .. waiting spins=19271 ticks=21361 (+800) rq0=0: pid 709(role 42,thr 1 pstate 1 rip 0000500000001fc0 pend 0000000000000000 msk 0000000000000000 sfsp 0000000000000000) child 715 
  [occ   ] compiled OK
[cas    ] put len 33 hash b4a78c3f13e7a73f -> block 1285 (stored)
  [omake ] 1 built, 0 up to date, 2 command(s) run
  [lang  ] omake ran in 12 ds
  [lang  ] omake parsed a makefile and drove occ to build /bin/hello.elf
[kernel ] spawned pid 717 'langstr' caps 0000000000000020 — private PML4 @ phys 000000000167c000
[elf    ] PT_LOAD vaddr 0000500000000000 filesz 0000000000001f6c memsz 0000000000001f6c (ro) -> mapped USER (bounds ok)
[elf    ] PT_LOAD vaddr 0000500000200000 filesz 0000000000000048 memsz 0000000000000048 (ro) -> mapped USER (bounds ok)
[elf    ] PT_LOAD vaddr 0000500000400000 filesz 0000000000000000 memsz 0000000000000000 (rw) -> mapped USER (bounds ok)
[exec   ] pid 717 exec'd '/bin/hello.elf' (8356 bytes from CAS) -> entry 0000500000000000
  [hello ] a program omake built, running on the system that built it
[langstrs]  PASS  the driver compiled, ran and validated the language program (exit 970)
[langstrs] /bin/lang.elf: 12187 bytes, 24 chunk(s)
[langstrs]  PASS  the language program was produced in the VFS
[langstrs]  PASS  it is a well-formed 3-segment x86-64 ELF (R+X, R, R+W)
[langstrs]  PASS  no segment is both writable and executable
[langstrs]  PASS  no output survives from either REFUSED program
[langstrs] /bin/omake: 36562 bytes, 72 chunk(s), compiled by occ on this system
[langstrs]  PASS  occ compiled /src/omake.c — the shipped build tool, unmodified
[langstrs] /bin/hello.elf: 8356 bytes, built by omake from TWO units
[langstrs]  PASS  omake drove occ and the target it was asked for actually appeared
[langstrs]  PASS  no descriptor leaked across the compiler and build-tool processes
[langstrs] +1169 freed, +1169 reused; global depth 1444
[langstrs]  PASS  free-frame count reconciles (g_frame_free_depth == lifetime freed - reused)
[langstrs]  PASS  no lock-rank violation across the language and toolchain paths
[langstrs] RESULT: 10 passed, 0 failed
[langstrs] LANGUAGE AND TOOLCHAIN VERIFIED — sizeof, for-init, switch, unsigned, and a native make
-- done --
-- THREAD STRESS: ring-3 threads across cores, futex blocking, kernel join --
[kernel ] spawned pid 718 'threadstr' caps 0000000000000020 — private PML4 @ phys 0000000001312000
[elf    ] PT_LOAD vaddr 0000500000000000 filesz 000000000001b713 memsz 000000000001b713 (ro) -> mapped USER (bounds ok)
[elf    ] PT_LOAD vaddr 000050000001c000 filesz 0000000000003f20 memsz 0000000000003f20 (ro) -> mapped USER (bounds ok)
[elf    ] PT_LOAD vaddr 0000500000020000 filesz 0000000000000284 memsz 0000000000037fe0 (rw) -> mapped USER (bounds ok)
[posixstrs] .. waiting spins=381 ticks=21614 (+200) rq0=0: pid 718(role 43,thr 1 pstate 1 rip 000050000000b8ad pend 0000000000000000 msk 0000000000000000 sfsp 0000000000000000) 
[posixstrs] .. waiting spins=737 ticks=21814 (+400) rq0=0: pid 718(role 43,thr 1 pstate 1 rip 000050000000b8ad pend 0000000000000000 msk 0000000000000000 sfsp 0000000000000000) 
[threadstrs] PASS: the driver created, synchronised and joined its threads (exit 960)
[threadstrs] threads released 6, stack pages reclaimed 20, ran_on mask e (cores online 4)
[threadstrs] PASS: every thread released its own slot (6 created, 6 released)
[threadstrs] PASS: each kernel-allocated thread stack came back, and the caller's did not
[threadstrs] PASS: threads were dispatched on MORE THAN ONE core
[threadstrs] PASS: at least two cores were inside ring 3 simultaneously
[threadstrs] futex: +18 parked, +17 woken, +1 timed out, +0 woken mid-arming
[threadstrs] PASS: threads genuinely PARKED rather than spinning
[threadstrs] PASS: parked threads were woken by SYS_FUTEX_WAKE
[threadstrs] PASS: the deliberate no-waker wait expired through the timeout watchdog
[threadstrs] PASS: nothing is left parked on a futex when the round is over
[threadstrs] PASS: no thread slot is left un-torn-down
[threadstrs] PASS: the thread group's refcount reconciled to zero
[threadstrs] PASS: no descriptor leaked across the thread group
[threadstrs] exec staging buffer: 1 contended acquisition(s)
[threadstrs] +139 freed, +139 reused; global depth 1444
[threadstrs] PASS: free-frame count reconciles (g_frame_free_depth == lifetime freed - reused)
[threadstrs] PASS: no lock-rank violation across the threading paths
[threadstrs] RESULT: 14 passed, 0 failed
[threadstrs] RING-3 THREADS VERIFIED — scheduled on every core, blocking without spinning
-- done --
-- PTHREADS SMP: mutex contention and a condition variable across cores --
[kernel ] spawned pid 725 'pthreadsmp' caps 0000000000000020 — private PML4 @ phys 0000000001312000
[elf    ] PT_LOAD vaddr 0000500000000000 filesz 000000000001b713 memsz 000000000001b713 (ro) -> mapped USER (bounds ok)
[elf    ] PT_LOAD vaddr 000050000001c000 filesz 0000000000003f20 memsz 0000000000003f20 (ro) -> mapped USER (bounds ok)
[elf    ] PT_LOAD vaddr 0000500000020000 filesz 0000000000000284 memsz 0000000000037fe0 (rw) -> mapped USER (bounds ok)
[pthreads_smp] PASS: mutex contention, condvar broadcast and joins all behaved (exit 940)
[pthreads_smp] threads released 4, stack pages 16, ran_on mask 6; futex +44 parked, +45 woken
[pthreads_smp] PASS: every worker thread released its own slot and stack
[pthreads_smp] PASS: threads PARKED on the mutex and the condvar rather than spinning
[pthreads_smp] PASS: no futex park in this suite timed out (every park got its wake)
[pthreads_smp] PASS: worker threads were dispatched on MORE THAN ONE core
[pthreads_smp] PASS: free-frame count reconciles (no leak across the thread group)
[pthreads_smp] PASS: no lock-rank violation across the pthread paths
[pthreads_smp] +116 freed, +116 reused; global depth 1444
[pthreads_smp] RESULT: 7 passed, 0 failed
[pthreads_smp] POSIX THREADS VERIFIED — exclusive under contention, and able to sleep
-- done --
-- SIGSTRS: signal masks, dispositions, and process-group delivery --
[kernel ] spawned pid 730 'sigstr' caps 0000000000000020 — private PML4 @ phys 0000000001312000
[elf    ] PT_LOAD vaddr 0000500000000000 filesz 000000000001b713 memsz 000000000001b713 (ro) -> mapped USER (bounds ok)
[elf    ] PT_LOAD vaddr 000050000001c000 filesz 0000000000003f20 memsz 0000000000003f20 (ro) -> mapped USER (bounds ok)
[elf    ] PT_LOAD vaddr 0000500000020000 filesz 0000000000000284 memsz 0000000000037fe0 (rw) -> mapped USER (bounds ok)
[sigstrs] PASS: an interrupt with NO foreground group signals nobody
[sigstrs] PASS: the console interrupt reaches the foreground process group
[sigstrs] PASS: a process leads its own group by default
[kernel ] spawned pid 731 'sigstr' caps 0000000000000020 — private PML4 @ phys 000000000168a000
[kernel ] spawned pid 732 'sigstr' caps 0000000000000020 — private PML4 @ phys 00000000012f9000
[sigstrs] PASS: handlers, masks, SIG_IGN and group delivery all behaved (exit 950)
[sigstrs] signals: +6 raised, +2 delivered, +2 returned; 1 tty interrupt(s)
[sigstrs] PASS: every delivered signal was answered by a SIGRETURN
[sigstrs] PASS: signals were actually delivered (the suite is not vacuously passing)
[sigstrs] PASS: no lock-rank violation across the signal paths
[sigstrs] RESULT: 7 passed, 0 failed
[sigstrs] SIGNALS VERIFIED — masks hold, groups deliver, contexts come back
-- done --
-- MMAPSTRS: demand-zero paging, mprotect, and munmap --
[kernel ] spawned pid 733 'mmapstr' caps 0000000000000020 — private PML4 @ phys 0000000001312000
[elf    ] PT_LOAD vaddr 0000500000000000 filesz 000000000001b713 memsz 000000000001b713 (ro) -> mapped USER (bounds ok)
[elf    ] PT_LOAD vaddr 000050000001c000 filesz 0000000000003f20 memsz 0000000000003f20 (ro) -> mapped USER (bounds ok)
[elf    ] PT_LOAD vaddr 0000500000020000 filesz 0000000000000284 memsz 0000000000037fe0 (rw) -> mapped USER (bounds ok)
[mmapstrs] PASS: mapping, demand-zero, protection changes and release all behaved (exit 980)
[mmapstrs] mmap 3, munmap 3, mprotect 2; 11 demand-zero fault(s)
[mmapstrs] PASS: pages were backed ON FAULT, not at mmap time (some faults, far fewer than mapped)
[mmapstrs] PASS: mmap/munmap/mprotect were all actually exercised
[mmapstrs] frames in use 5309 -> 5309 (delta 0)
[mmapstrs] PASS: free-frame count reconciles (g_frame_free_depth == lifetime freed - reused)
[mmapstrs] PASS: no lock-rank violation across the VM paths
[mmapstrs] +111 freed, +111 reused
[mmapstrs] RESULT: 5 passed, 0 failed
[mmapstrs] VIRTUAL MEMORY VERIFIED — mapped lazily, protected, and given back
-- done --
-- SHMSTRS: copy-on-write fork and zero-copy shared memory --
[kernel ] spawned pid 734 'shmstr' caps 00000000000000a0 — private PML4 @ phys 0000000001312000
[elf    ] PT_LOAD vaddr 0000500000000000 filesz 000000000001b713 memsz 000000000001b713 (ro) -> mapped USER (bounds ok)
[elf    ] PT_LOAD vaddr 000050000001c000 filesz 0000000000003f20 memsz 0000000000003f20 (ro) -> mapped USER (bounds ok)
[elf    ] PT_LOAD vaddr 0000500000020000 filesz 0000000000000284 memsz 0000000000037fe0 (rw) -> mapped USER (bounds ok)
[kernel ] spawned pid 735 'shmstr' caps 00000000000000a0 — private PML4 @ phys 000000000131b000
[kernel ] spawned pid 736 'shmstr' caps 00000000000000a0 — private PML4 @ phys 0000000001678000
[shmstrs] PASS: COW fork and zero-copy sharing both behaved (exit 970)
[shmstrs] frames shared +188, COW faults +5 (of which copied 5); shm created 1, mapped 2
[shmstrs] PASS: fork SHARED its pages instead of copying them up front
[shmstrs] PASS: a write after fork actually triggered copy-on-write
[shmstrs] PASS: shared segments were created and mapped by more than one process
[shmstrs] PASS: no shared segment outlived its last mapper
[shmstrs] PASS: free-frame count reconciles (g_frame_free_depth == lifetime freed - reused)
[shmstrs] PASS: no lock-rank violation across the COW and shm paths
[shmstrs] +120 freed, +120 reused; global depth 1444
[shmstrs] RESULT: 7 passed, 0 failed
[shmstrs] COW AND SHARED MEMORY VERIFIED — forks are cheap, sharing is real
-- done --
-- EPOLLSTRS: event-driven readiness, eventfd counters, and EOF --
[kernel ] spawned pid 737 'epollstr' caps 0000000000000020 — private PML4 @ phys 0000000001312000
[elf    ] PT_LOAD vaddr 0000500000000000 filesz 000000000001b713 memsz 000000000001b713 (ro) -> mapped USER (bounds ok)
[elf    ] PT_LOAD vaddr 000050000001c000 filesz 0000000000003f20 memsz 0000000000003f20 (ro) -> mapped USER (bounds ok)
[elf    ] PT_LOAD vaddr 0000500000020000 filesz 0000000000000284 memsz 0000000000037fe0 (rw) -> mapped USER (bounds ok)
[epollstrs] PASS: readiness, cookies, deletion and end-of-file all behaved (exit 920)
[epollstrs] epoll: 1 created, 13 waits (1 parked); eventfd: 1 created, 5 writes, 2 reads
[epollstrs] PASS: the epoll and eventfd paths were actually exercised
[epollstrs] PASS: a waiter with nothing ready PARKED rather than spinning
[epollstrs] PASS: the parked waiter was woken by another thread's write, not by its deadline
[epollstrs] PASS: a queued keystroke makes the console readable, and draining it clears that
[epollstrs] PASS: no descriptor leaked across the suite
[epollstrs] PASS: every epoll instance and eventfd was reclaimed with its descriptor
[epollstrs] PASS: no lock-rank violation across the epoll paths
[epollstrs] RESULT: 8 passed, 0 failed
[epollstrs] EVENT-DRIVEN I/O VERIFIED — readiness is computed, not remembered
-- done --
-- NETEPOLLSTRS: non-blocking sockets, sessions, and epoll over the network stack --
[kernel ] spawned pid 739 'netepoll' caps 0000000000000010 — private PML4 @ phys 0000000001312000
[elf    ] PT_LOAD vaddr 0000500000000000 filesz 000000000001b713 memsz 000000000001b713 (ro) -> mapped USER (bounds ok)
[elf    ] PT_LOAD vaddr 000050000001c000 filesz 0000000000003f20 memsz 0000000000003f20 (ro) -> mapped USER (bounds ok)
[elf    ] PT_LOAD vaddr 0000500000020000 filesz 0000000000000284 memsz 0000000000037fe0 (rw) -> mapped USER (bounds ok)
[netepollstrs] PASS: non-blocking sockets, sessions, echo and edges all behaved (exit 1400)
[netepollstrs] sockets: 1 sessions offered, 1 accepted, 5 EAGAIN; epoll: 10 waits (1 parked)
[netepollstrs] PASS: the non-blocking path was genuinely exercised (EAGAIN was returned)
[netepollstrs] PASS: a peer session was offered by a listener and accepted
[netepollstrs] PASS: a waiter with no datagram ready PARKED rather than spinning
[netepollstrs] PASS: the parked waiter was woken by an arriving datagram, not by its deadline
[netepollstrs] PASS: no descriptor leaked across the suite
[netepollstrs] PASS: every socket was reclaimed with its descriptor
[netepollstrs] PASS: no lock-rank violation across the socket and epoll paths
[netepollstrs] RESULT: 8 passed, 0 failed
[netepollstrs] ASYNC NETWORK I/O VERIFIED — sockets are descriptors, and waiting is sleeping
-- done --
-- MMAPFILESTRS: file-backed mappings, shared pages, and writeback --
[mmapfilestrs] PASS: the fixture file exists (seeded before the VFS directory filled)
[kernel ] spawned pid 741 'mmapfile' caps 0000000000000020 — private PML4 @ phys 0000000001312000
[elf    ] PT_LOAD vaddr 0000500000000000 filesz 000000000001b713 memsz 000000000001b713 (ro) -> mapped USER (bounds ok)
[elf    ] PT_LOAD vaddr 000050000001c000 filesz 0000000000003f20 memsz 0000000000003f20 (ro) -> mapped USER (bounds ok)
[elf    ] PT_LOAD vaddr 0000500000020000 filesz 0000000000000284 memsz 0000000000037fe0 (rw) -> mapped USER (bounds ok)
[cas    ] put len 512 hash 9dd5be6159ad728f -> block 1286 (stored)
[cas    ] put len 512 hash 6404ff35e8dec725 -> DEDUP to block 1091 (no write)
[cas    ] put len 512 hash 6404ff35e8dec725 -> DEDUP to block 1091 (no write)
[cas    ] put len 512 hash 6404ff35e8dec725 -> DEDUP to block 1091 (no write)
[cas    ] put len 512 hash 6404ff35e8dec725 -> DEDUP to block 1091 (no write)
[cas    ] put len 512 hash 6404ff35e8dec725 -> DEDUP to block 1091 (no write)
[cas    ] put len 512 hash 6404ff35e8dec725 -> DEDUP to block 1091 (no write)
[cas    ] put len 512 hash 6404ff35e8dec725 -> DEDUP to block 1091 (no write)
[cas    ] put len 512 hash 6ef707a291ede197 -> block 1287 (stored)
[cas    ] put len 512 hash 6404ff35e8dec725 -> DEDUP to block 1091 (no write)
[cas    ] put len 512 hash 6404ff35e8dec725 -> DEDUP to block 1091 (no write)
[cas    ] put len 512 hash 6404ff35e8dec725 -> DEDUP to block 1091 (no write)
[cas    ] put len 512 hash 6404ff35e8dec725 -> DEDUP to block 1091 (no write)
[cas    ] put len 512 hash 6404ff35e8dec725 -> DEDUP to block 1091 (no write)
[cas    ] put len 512 hash 6404ff35e8dec725 -> DEDUP to block 1091 (no write)
[cas    ] put len 512 hash 6404ff35e8dec725 -> DEDUP to block 1091 (no write)
[cas    ] put len 512 hash 6404ff35e8dec725 -> DEDUP to block 1091 (no write)
[cas    ] put len 512 hash 6404ff35e8dec725 -> DEDUP to block 1091 (no write)
[cas    ] put len 512 hash 6404ff35e8dec725 -> DEDUP to block 1091 (no write)
[cas    ] put len 512 hash 6404ff35e8dec725 -> DEDUP to block 1091 (no write)
[cas    ] put len 512 hash 6404ff35e8dec725 -> DEDUP to block 1091 (no write)
[cas    ] put len 512 hash 6404ff35e8dec725 -> DEDUP to block 1091 (no write)
[cas    ] put len 512 hash 6404ff35e8dec725 -> DEDUP to block 1091 (no write)
[cas    ] put len 512 hash 6404ff35e8dec725 -> DEDUP to block 1091 (no write)
[cas    ] put len 512 hash 6404ff35e8dec725 -> DEDUP to block 1091 (no write)
[cas    ] put len 512 hash 6404ff35e8dec725 -> DEDUP to block 1091 (no write)
[cas    ] put len 512 hash 6404ff35e8dec725 -> DEDUP to block 1091 (no write)
[cas    ] put len 512 hash 6404ff35e8dec725 -> DEDUP to block 1091 (no write)
[cas    ] put len 512 hash 6404ff35e8dec725 -> DEDUP to block 1091 (no write)
[cas    ] put len 512 hash 6404ff35e8dec725 -> DEDUP to block 1091 (no write)
[cas    ] put len 512 hash 6404ff35e8dec725 -> DEDUP to block 1091 (no write)
[cas    ] put len 512 hash 6404ff35e8dec725 -> DEDUP to block 1091 (no write)
[cas    ] put len 512 hash 95855603ad6f2f65 -> DEDUP to block 1097 (no write)
[kernel ] spawned pid 742 'mmapfile' caps 0000000000000020 — private PML4 @ phys 00000000012fc000
[cas    ] put len 512 hash f4d751fdb67e2015 -> block 1290 (stored)
[cas    ] put len 512 hash 6404ff35e8dec725 -> DEDUP to block 1091 (no write)
[cas    ] put len 512 hash 6404ff35e8dec725 -> DEDUP to block 1091 (no write)
[cas    ] put len 512 hash 6404ff35e8dec725 -> DEDUP to block 1091 (no write)
[cas    ] put len 512 hash 6404ff35e8dec725 -> DEDUP to block 1091 (no write)
[cas    ] put len 512 hash 6404ff35e8dec725 -> DEDUP to block 1091 (no write)
[cas    ] put len 512 hash 6404ff35e8dec725 -> DEDUP to block 1091 (no write)
[cas    ] put len 512 hash 6404ff35e8dec725 -> DEDUP to block 1091 (no write)
[cas    ] put len 512 hash 6ef707a291ede197 -> DEDUP to block 1287 (no write)
[cas    ] put len 512 hash 6404ff35e8dec725 -> DEDUP to block 1091 (no write)
[cas    ] put len 512 hash 6404ff35e8dec725 -> DEDUP to block 1091 (no write)
[cas    ] put len 512 hash 6404ff35e8dec725 -> DEDUP to block 1091 (no write)
[cas    ] put len 512 hash 6404ff35e8dec725 -> DEDUP to block 1091 (no write)
[cas    ] put len 512 hash 6404ff35e8dec725 -> DEDUP to block 1091 (no write)
[cas    ] put len 512 hash 6404ff35e8dec725 -> DEDUP to block 1091 (no write)
[cas    ] put len 512 hash 6404ff35e8dec725 -> DEDUP to block 1091 (no write)
[cas    ] put len 512 hash 6404ff35e8dec725 -> DEDUP to block 1091 (no write)
[cas    ] put len 512 hash 6404ff35e8dec725 -> DEDUP to block 1091 (no write)
[cas    ] put len 512 hash 6404ff35e8dec725 -> DEDUP to block 1091 (no write)
[cas    ] put len 512 hash 6404ff35e8dec725 -> DEDUP to block 1091 (no write)
[cas    ] put len 512 hash 6404ff35e8dec725 -> DEDUP to block 1091 (no write)
[cas    ] put len 512 hash 6404ff35e8dec725 -> DEDUP to block 1091 (no write)
[cas    ] put len 512 hash 6404ff35e8dec725 -> DEDUP to block 1091 (no write)
[cas    ] put len 512 hash 6404ff35e8dec725 -> DEDUP to block 1091 (no write)
[cas    ] put len 512 hash 6404ff35e8dec725 -> DEDUP to block 1091 (no write)
[cas    ] put len 512 hash 6404ff35e8dec725 -> DEDUP to block 1091 (no write)
[cas    ] put len 512 hash 6404ff35e8dec725 -> DEDUP to block 1091 (no write)
[cas    ] put len 512 hash 6404ff35e8dec725 -> DEDUP to block 1091 (no write)
[cas    ] put len 512 hash 6404ff35e8dec725 -> DEDUP to block 1091 (no write)
[cas    ] put len 512 hash 6404ff35e8dec725 -> DEDUP to block 1091 (no write)
[cas    ] put len 512 hash 6404ff35e8dec725 -> DEDUP to block 1091 (no write)
[cas    ] put len 512 hash 6404ff35e8dec725 -> DEDUP to block 1091 (no write)
[cas    ] put len 512 hash 95855603ad6f2f65 -> DEDUP to block 1097 (no write)
[cas    ] put len 512 hash f4d751fdb67e2015 -> DEDUP to block 1290 (no write)
[cas    ] put len 512 hash 6404ff35e8dec725 -> DEDUP to block 1091 (no write)
[cas    ] put len 512 hash 6404ff35e8dec725 -> DEDUP to block 1091 (no write)
[cas    ] put len 512 hash 6404ff35e8dec725 -> DEDUP to block 1091 (no write)
[cas    ] put len 512 hash 6404ff35e8dec725 -> DEDUP to block 1091 (no write)
[cas    ] put len 512 hash 6404ff35e8dec725 -> DEDUP to block 1091 (no write)
[cas    ] put len 512 hash 6404ff35e8dec725 -> DEDUP to block 1091 (no write)
[cas    ] put len 512 hash 6404ff35e8dec725 -> DEDUP to block 1091 (no write)
[cas    ] put len 512 hash 6ef707a291ede197 -> DEDUP to block 1287 (no write)
[cas    ] put len 512 hash 6404ff35e8dec725 -> DEDUP to block 1091 (no write)
[cas    ] put len 512 hash 6404ff35e8dec725 -> DEDUP to block 1091 (no write)
[cas    ] put len 512 hash 6404ff35e8dec725 -> DEDUP to block 1091 (no write)
[cas    ] put len 512 hash 6404ff35e8dec725 -> DEDUP to block 1091 (no write)
[cas    ] put len 512 hash 6404ff35e8dec725 -> DEDUP to block 1091 (no write)
[cas    ] put len 512 hash 6404ff35e8dec725 -> DEDUP to block 1091 (no write)
[cas    ] put len 512 hash 6404ff35e8dec725 -> DEDUP to block 1091 (no write)
[cas    ] put len 512 hash 6404ff35e8dec725 -> DEDUP to block 1091 (no write)
[cas    ] put len 512 hash 6404ff35e8dec725 -> DEDUP to block 1091 (no write)
[cas    ] put len 512 hash 6404ff35e8dec725 -> DEDUP to block 1091 (no write)
[cas    ] put len 512 hash 6404ff35e8dec725 -> DEDUP to block 1091 (no write)
[cas    ] put len 512 hash 6404ff35e8dec725 -> DEDUP to block 1091 (no write)
[cas    ] put len 512 hash 6404ff35e8dec725 -> DEDUP to block 1091 (no write)
[cas    ] put len 512 hash 6404ff35e8dec725 -> DEDUP to block 1091 (no write)
[cas    ] put len 512 hash 6404ff35e8dec725 -> DEDUP to block 1091 (no write)
[cas    ] put len 512 hash 6404ff35e8dec725 -> DEDUP to block 1091 (no write)
[cas    ] put len 512 hash 6404ff35e8dec725 -> DEDUP to block 1091 (no write)
[cas    ] put len 512 hash 6404ff35e8dec725 -> DEDUP to block 1091 (no write)
[cas    ] put len 512 hash 6404ff35e8dec725 -> DEDUP to block 1091 (no write)
[cas    ] put len 512 hash 6404ff35e8dec725 -> DEDUP to block 1091 (no write)
[cas    ] put len 512 hash 6404ff35e8dec725 -> DEDUP to block 1091 (no write)
[cas    ] put len 512 hash 6404ff35e8dec725 -> DEDUP to block 1091 (no write)
[cas    ] put len 512 hash 6404ff35e8dec725 -> DEDUP to block 1091 (no write)
[cas    ] put len 512 hash 95855603ad6f2f65 -> DEDUP to block 1097 (no write)
[mmapfilestrs] PASS: file-backed mapping, privacy, sharing and writeback all behaved (exit 1500)
[mmapfilestrs] 7 file faults, 1 page-cache hits, 3 writebacks
[mmapfilestrs] PASS: pages were demand-faulted from the file, not eagerly copied
[mmapfilestrs] PASS: the page cache served a second mapper of the same page
[mmapfilestrs] PASS: dirty pages were written back
[mmapfilestrs] PASS: the file is still readable through the ordinary path after mapping
[mmapfilestrs] PASS: writeback left the driver's bytes, and only those
[mmapfilestrs] PASS: the file kept its length — a page-rounded mapping did not grow it
[mmapfilestrs] PASS: every file mapping was released with its process
[mmapfilestrs] PASS: no lock-rank violation across the mapping and writeback paths
[mmapfilestrs] RESULT: 10 passed, 0 failed
[mmapfilestrs] FILE-BACKED VM VERIFIED — shared pages are one page, and writes reach the file
-- done --
-- IOMMU (INTEL VT-d) STATUS + DMA ISOLATION --
[virt   ] CPUID.1:ECX.VMX = 0 (no VT-x — TCG emulation, guest execution unavailable)
[iommu  ] no remapping hardware on this platform (run QEMU with -device intel-iommu)
-- done --
-- CAPABILITY-BOUND DMA DOMAINS --
[capdma ] no IOMMU on this platform — run with -device intel-iommu
-- done --
-- RING-3 USERSPACE DEVICE DRIVER --
[kernel ] spawned pid 743 'nic-driver' caps 0000000000000011 — private PML4 @ phys 0000000001312000
[drv    ] handing 'virtio-net' to unprivileged pid 743 (kernel leaves the data path)
[elf    ] loading 'nic-driver' from ISO module image at phys 00000000004dd000 (0000000000021d60 bytes)
[elf    ] PT_LOAD vaddr 0000500000000000 filesz 000000000001b713 memsz 000000000001b713 (ro) -> mapped USER (bounds ok)
[elf    ] PT_LOAD vaddr 000050000001c000 filesz 0000000000003f20 memsz 0000000000003f20 (ro) -> mapped USER (bounds ok)
[elf    ] PT_LOAD vaddr 0000500000020000 filesz 0000000000000284 memsz 0000000000037fe0 (rw) -> mapped USER (bounds ok)

[kernel ] --> RING 3 as pid 743 'nic-driver' (entry 000050000000009f, caps 0000000000000011, cr3 0000000001312000)
  [drv:r3] ==== USERSPACE virtio-net DRIVER starting at ring 3 ====
[hw     ] GRANT  pid 743 'nic-driver' -> 'virtio-net': phys 00000000fe808000 mapped at vaddr 000040b9c0000000 (4 pages)
  [drv:r3] NIC registers mapped into this process at vaddr 000040b9c0000000
  [drv:r3] own DMA memory: vaddr 0000520000000000 -> phys 0000000001a61000
  [drv:r3] negotiated features, FEATURES_OK accepted by device
  [drv:r3] TX virtqueue live in our own pages; DRIVER_OK set
  [drv:r3] *** TX COMPLETED BY HARDWARE *** used.idx=0000000000000001
  [drv:r3] the NIC read the descriptor and frame from THIS PROCESS's
  [drv:r3] memory via DMA, inside its capability-bound IOMMU domain.
[kernel ] <-- RING 0: 'nic-driver' returned via SYS_EXIT
-- done --
-- TCPSTRS: three-way handshake, byte streams, retransmission and FIN --
[kernel ] spawned pid 744 'tcpstr' caps 0000000000000010 — private PML4 @ phys 00000000015e1000
[elf    ] PT_LOAD vaddr 0000500000000000 filesz 000000000001b713 memsz 000000000001b713 (ro) -> mapped USER (bounds ok)
[elf    ] PT_LOAD vaddr 000050000001c000 filesz 0000000000003f20 memsz 0000000000003f20 (ro) -> mapped USER (bounds ok)
[elf    ] PT_LOAD vaddr 0000500000020000 filesz 0000000000000284 memsz 0000000000037fe0 (rw) -> mapped USER (bounds ok)
[tcpstrs] PASS: handshake, byte stream, bidirectional traffic and FIN all behaved (exit 1600)
[tcpstrs] 19 segments out, 15 in, 2 connections, 2 dropped, 2 retransmits
[tcpstrs] PASS: real segments were exchanged in both directions
[tcpstrs] PASS: connections reached ESTABLISHED through a three-way handshake
[tcpstrs] PASS: the injected segment loss actually happened
[tcpstrs] PASS: RETRANSMISSION recovered the dropped segments
[tcpstrs] PASS: every stream socket was reclaimed with its descriptor
[tcpstrs] PASS: no descriptor leaked across the suite
[tcpstrs] PASS: no lock-rank violation across the TCP paths
[tcpstrs] PASS: the built frame is Ethernet + IPv4 + TCP of the right length
[tcpstrs] PASS: the IPv4 header checksum verifies
[tcpstrs] PASS: a frame this kernel built parses back, checksum and all
[tcpstrs] PASS: every header field survived the round trip
[tcpstrs] PASS: the payload survived the round trip byte for byte
[tcpstrs] PASS: a single flipped payload bit is REJECTED by the checksum
[tcpstrs] PASS: and it parses again once the bit is restored
[tcpstrs] PASS: the ARP request is a well-formed Ethernet ARP frame
[tcpstrs] PASS: an ARP reply is learned into the cache, MAC intact
[tcpstrs] PASS: a segment to a resolved peer is addressed to its MAC, not broadcast
[tcpstrs] PASS: an ARP request for THIS host is answered
[tcpstrs] PASS: an ARP request for SOMEBODY ELSE is not answered
[tcpstrs] arp: 4 learned, 0 requests out, 1 replies out, 4 hits, 0 misses
[tcpstrs] wire: 1 frames out, 0 in, 0 rejected
[tcpstrs] PASS: a segment for a non-loopback peer was built and TRANSMITTED
[tcpstrs] PASS: a FIN in FIN_WAIT2 enters TIME_WAIT with its 2*MSL clock ARMED
[tcpstrs] PASS: TIME_WAIT ends on the CLOCK, not on a descriptor close
[tcpstrs] PASS: a send is capped by the peer's advertised window, not by the buffer
[tcpstrs] PASS: a ZERO window stops the sender completely
[tcpstrs] PASS: a segment arriving past a hole is QUEUED, not dropped
[tcpstrs] PASS: filling the hole releases what was queued behind it
[tcpstrs] PASS: and the reassembled bytes are in the right order
[tcpstrs] v0.73: 1 timewait expiries, 2 window stalls, 1 ooo queued/1 merged/0 dropped
[tcpstrs] RESULT: 28 passed, 0 failed
[tcpstrs] TCP VERIFIED — a handshake, an ordered byte stream, and an announced end
-- done --
[mouse  ] PS/2 mouse online: id 3, 4-byte packets (wheel), IRQ 12
-- Metropolis-Terminal compositor: animated physics loop --
[gfx    ] animated 150 frames (glitch-in + spring + collision), settled. center=00000000000b0f16
-- done (screendump to view) --
-- RING-3 APPLICATION SURFACE (first-class scheduler thread) --
[kernel ] spawned pid 745 'surface-app' caps 0000000000000040 — private PML4 @ phys 00000000015e1000
[elf    ] PT_LOAD vaddr 0000500000000000 filesz 000000000001b713 memsz 000000000001b713 (ro) -> mapped USER (bounds ok)
[elf    ] PT_LOAD vaddr 000050000001c000 filesz 0000000000003f20 memsz 0000000000003f20 (ro) -> mapped USER (bounds ok)
[elf    ] PT_LOAD vaddr 0000500000020000 filesz 0000000000000284 memsz 0000000000037fe0 (rw) -> mapped USER (bounds ok)
[uthread] spawned 'surface-app': pid 745 = tid 2 (role 2) — scheduled, not entered
[surface] handing canvas window 4 to unprivileged pid 745
[uthread] tid 2 --> RING 3 as pid 745 'surface-app' (entry 000050000000009f, cr3 00000000015e1000)
  [app:r3] ==== RING-3 SURFACE THREAD: live event/render loop ====
[surface] pid 745 owns surface 4 (200x120) DOUBLE-BUFFERED at user vaddr 0000530000000000 (+24 pages back)
  [app:r3] got double-buffered surface at 0000530000000000 — drawing back buffers, publishing via SYS_SURFACE_FLIP
[surface] slot 4 bound=1 owner=pid 745 — compositor will place its pixels; the app KEEPS RUNNING
-- done --
-- RING-3 PROCESSES AS FIRST-CLASS SCHEDULER THREADS --
[kernel ] spawned pid 746 'ident-A' caps 0000000000000020 — private PML4 @ phys 000000000123c000
[elf    ] PT_LOAD vaddr 0000500000000000 filesz 000000000001b713 memsz 000000000001b713 (ro) -> mapped USER (bounds ok)
[elf    ] PT_LOAD vaddr 000050000001c000 filesz 0000000000003f20 memsz 0000000000003f20 (ro) -> mapped USER (bounds ok)
[elf    ] PT_LOAD vaddr 0000500000020000 filesz 0000000000000284 memsz 0000000000037fe0 (rw) -> mapped USER (bounds ok)
[uthread] spawned 'ident-A': pid 746 = tid 3 (role 4) — scheduled, not entered
[kernel ] spawned pid 747 'ident-B' caps 0000000000000000 — private PML4 @ phys 00000000015ee000
[elf    ] PT_LOAD vaddr 0000500000000000 filesz 000000000001b713 memsz 000000000001b713 (ro) -> mapped USER (bounds ok)
[elf    ] PT_LOAD vaddr 000050000001c000 filesz 0000000000003f20 memsz 0000000000003f20 (ro) -> mapped USER (bounds ok)
[elf    ] PT_LOAD vaddr 0000500000020000 filesz 0000000000000284 memsz 0000000000037fe0 (rw) -> mapped USER (bounds ok)
[uthread] spawned 'ident-B': pid 747 = tid 4 (role 4) — scheduled, not entered
[uthread] tid 3 --> RING 3 as pid 746 'ident-A' (entry 000050000000009f, cr3 000000000123c000)
[uthread] tid 4 --> RING 3 as pid 747 'ident-B' (entry 000050000000009f, cr3 00000000015ee000)
[uthread] tid 3 pid 746 'ident-A' exited (code 0) — thread reaped, 97 frame(s) reclaimed
[uthread] tid 4 pid 747 'ident-B' exited (code 0) — thread reaped, 97 frame(s) reclaimed
[threads]  PASS  two ring-3 threads ran to completion CONCURRENTLY with the kernel main thread
[threads]  PASS  per-thread process identity survived every context switch (both probers exit 0)
[threads]  PASS  SYS_EXIT reaps the thread (PCB slots returned to the scheduler)
[kernel ] spawned pid 748 'surf-exit' caps 0000000000000040 — private PML4 @ phys 00000000015ee000
[elf    ] PT_LOAD vaddr 0000500000000000 filesz 000000000001b713 memsz 000000000001b713 (ro) -> mapped USER (bounds ok)
[elf    ] PT_LOAD vaddr 000050000001c000 filesz 0000000000003f20 memsz 0000000000003f20 (ro) -> mapped USER (bounds ok)
[elf    ] PT_LOAD vaddr 0000500000020000 filesz 0000000000000284 memsz 0000000000037fe0 (rw) -> mapped USER (bounds ok)
[uthread] spawned 'surf-exit': pid 748 = tid 3 (role 3) — scheduled, not entered
[uthread] tid 3 --> RING 3 as pid 748 'surf-exit' (entry 000050000000009f, cr3 00000000015ee000)
[surface] pid 748 owns surface 3 (64x64) DOUBLE-BUFFERED at user vaddr 0000530000000000 (+4 pages back) (recycled pixel buffers)
  [x3 :r3] surface slot 3 live; exiting so the kernel reclaims it
[surface] slot 3 reclaimed on owner exit — 8 pages (phys 0000000001574000) back on the free list
[uthread] tid 3 pid 748 'surf-exit' exited (code 0) — thread reaped, 100 frame(s) reclaimed
[threads]  PASS  surface reclaimed when its owner exits (slot unbound, buffer on free list)
[kernel ] spawned pid 749 'surf-exit2' caps 0000000000000040 — private PML4 @ phys 00000000015ee000
[elf    ] PT_LOAD vaddr 0000500000000000 filesz 000000000001b713 memsz 000000000001b713 (ro) -> mapped USER (bounds ok)
[elf    ] PT_LOAD vaddr 000050000001c000 filesz 0000000000003f20 memsz 0000000000003f20 (ro) -> mapped USER (bounds ok)
[elf    ] PT_LOAD vaddr 0000500000020000 filesz 0000000000000284 memsz 0000000000037fe0 (rw) -> mapped USER (bounds ok)
[uthread] spawned 'surf-exit2': pid 749 = tid 3 (role 3) — scheduled, not entered
[uthread] tid 3 --> RING 3 as pid 749 'surf-exit2' (entry 000050000000009f, cr3 00000000015ee000)
[surface] pid 749 owns surface 3 (64x64) DOUBLE-BUFFERED at user vaddr 0000530000000000 (+4 pages back) (recycled pixel buffers)
  [x3 :r3] surface slot 3 live; exiting so the kernel reclaims it
[surface] slot 3 reclaimed on owner exit — 8 pages (phys 0000000001574000) back on the free list
[uthread] tid 3 pid 749 'surf-exit2' exited (code 0) — thread reaped, 100 frame(s) reclaimed
[threads]  PASS  reclaimed pixel buffer is RECYCLED by the next surface create (same phys)
[kernel ] spawned pid 750 'stack-bomb-t' caps 0000000000000000 — private PML4 @ phys 00000000015ee000
[uthread] tid 3 --> RING 3 as pid 750 'stack-bomb-t' (entry 0000500000000000, cr3 00000000015ee000)

[guard  ] STACK OVERFLOW: ring-3 pid 750 hit guard page @ 0000500000fefff8 — task terminated
[uthread] faulting tid 3 terminated — siblings and kernel unaffected, 10 frame(s) reclaimed
[threads]  PASS  faulting ring-3 thread hit the guard page and was terminated (not unwound)
[threads]  PASS  kernel and sibling threads survive the fault (surface app still bound)
[threads] RESULT: 7 passed, 0 failed
[threads] FIRST-CLASS RING-3 THREADS VERIFIED — concurrent, isolated, reaped
-- done --
-- DOUBLE-BUFFERED SURFACES: page flip vs tearing --
[kernel ] spawned pid 751 'tear-test' caps 0000000000000040 — private PML4 @ phys 00000000015ee000
[elf    ] PT_LOAD vaddr 0000500000000000 filesz 000000000001b713 memsz 000000000001b713 (ro) -> mapped USER (bounds ok)
[elf    ] PT_LOAD vaddr 000050000001c000 filesz 0000000000003f20 memsz 0000000000003f20 (ro) -> mapped USER (bounds ok)
[elf    ] PT_LOAD vaddr 0000500000020000 filesz 0000000000000284 memsz 0000000000037fe0 (rw) -> mapped USER (bounds ok)
[uthread] spawned 'tear-test': pid 751 = tid 3 (role 5) — scheduled, not entered
[uthread] tid 3 --> RING 3 as pid 751 'tear-test' (entry 000050000000009f, cr3 00000000015ee000)
[surface] pid 751 owns surface 5 (64x64) DOUBLE-BUFFERED at user vaddr 0000530000000000 (+4 pages back) (recycled pixel buffers)
  [tt :r3] tear-test live: 400 alternating full frames via SYS_SURFACE_FLIP
[flip   ]  PASS  ring-3 thread created a double-buffered surface (front+back pair)
[flip   ]  PASS  both buffers are user-mapped in the owner (and only 2*bufpages of them)
[flip   ]  PASS  flips on a slot with NO consumer complete immediately (producer never parks)
[flip   ]  PASS  sibling surface thread kept running while another slot was consumed
[flip   ] consumed 200 published frames: 0 torn, 100/100 color A/B
[flip   ]  PASS  200 frames published through SYS_SURFACE_FLIP under preemption
[flip   ]  PASS  ZERO torn frames: every published front buffer is a COMPLETE frame
[flip   ]  PASS  frames alternate strictly (each flip is exactly one finished frame)
[surface] slot 5 reclaimed on owner exit — 8 pages (phys 0000000001574000) back on the free list
[uthread] tid 3 pid 751 'tear-test' exited (code 0) — thread reaped, 100 frame(s) reclaimed
[flip   ]  PASS  double buffer reclaimed as one chunk when the owner exits
[flip   ] RESULT: 8 passed, 0 failed
[flip   ] PAGE FLIP VERIFIED — the compositor can no longer observe a half-drawn frame
-- done --
-- CURSOR COORDINATE TRANSLATION INVARIANTS --
[cursor ]  PASS  screen->world->screen round-trip exact at all zooms (<=1 px)
[cursor ] worst round-trip error across 150 samples: 1 px
[cursor ]  PASS  world->screen->world round-trip stable
[cursor ]  PASS  zoom-at-cursor keeps the world point pinned under the pointer
[cursor ] worst anchor drift across 150 zoom ops: 0 world units
[cursor ]  PASS  panning preserves projected size (no drift)
[cursor ]  PASS  2x zoom doubles projected size
[cursor ]  PASS  hit-testing matches rendering (centre of each window picks it)
[cursor ] RESULT: 6 passed, 0 failed
[cursor ] COORDINATE TRANSLATION LOCKED DOWN
-- done --
-- KINETIC CAMERA INVARIANTS --
[kinetic]  PASS  a flick imparts momentum (camera keeps moving after input stops)
[kinetic]  PASS  friction brings the camera to a complete rest
[kinetic] flick settled in 48 frames; glide distance 193 world units
[kinetic]  PASS  glide distance is bounded (no runaway)
[kinetic]  PASS  eased zoom converges to its target
[kinetic]  PASS  anchor stays pinned on EVERY frame of the eased zoom
[kinetic] worst mid-transition anchor drift over 4 zooms: 0 world units
[kinetic]  PASS  commanded glide converges exactly on its target
[kinetic] glide-to-focus converged in 25 frames
[kinetic]  PASS  eased zoom does not overshoot its target
[kinetic]  PASS  zoom stays clamped to 12.5%..400% under repeated impulses
[kinetic]  PASS  dt grouping is EXACT: 100 frames @ dt=2 == 200 frames @ dt=1 (bit-identical)
[kinetic]  PASS  irregular frame times (1..5 ticks) land on the identical camera state
[kinetic]  PASS  window-spring dt grouping is EXACT (60 frames @ dt=2 == 120 @ dt=1)
[kinetic]  PASS  window springs under irregular frame times land on the identical state
[kinetic] RESULT: 12 passed, 0 failed
[kinetic] KINETIC CAMERA VERIFIED — momentum settles, anchor never slips
-- done --
-- METROPOLIS-TERMINAL: spatial canvas (interactive) --
[canvas ] 300 frames | camera world (-30,0) zoom 88% | focus 'TIME-STREAM' | hud closed
-- done --
-- INPUT ROUTING TO A LIVE RING-3 THREAD (single canvas pass) --
[canvas ] frame 30: click synthesized at screen (470,400)
  [app:r3] click at surface-local (000000000000001f,0000000000000014) — repainting NOW, mid-pass
[canvas ] frame 60: click synthesized at screen (560,440)
  [app:r3] click at surface-local (000000000000005b,0000000000000040) — repainting NOW, mid-pass
[canvas ] frame 90: click synthesized at screen (660,470)
  [app:r3] click at surface-local (000000000000009d,0000000000000061) — repainting NOW, mid-pass
[canvas ] 150 frames | camera world (-30,0) zoom 88% | focus 'VIDEO-EDITOR' | hud closed
[surfin ] app repainted DURING the pass: 447 hit-marker pixels (0000000000f06a18) in its surface
-- done --
-- KEYBOARD ROUTING TO RING-3 SURFACES (type=2) --
[canvas ] 30 frames | camera world (164,0) zoom 88% | focus 'VIDEO-EDITOR' | hud closed
[keys   ]  PASS  navigation-mode keys steer the camera, none leak to the app
  [app:r3] key event code 0000000000000048 — echoing into our pixels
  [app:r3] key event code 0000000000000049 — echoing into our pixels
  [app:r3] key event code 0000000000000020 — echoing into our pixels
  [app:r3] key event code 0000000000000052 — echoing into our pixels
  [app:r3] key event code 0000000000000033 — echoing into our pixels
[canvas ] 90 frames | camera world (171,0) zoom 88% | focus 'VIDEO-EDITOR' | hud closed
[keys   ]  PASS  Enter armed type-to-app and 5 keys were routed to the focused surface
[keys   ]  PASS  Esc returned the keyboard to canvas navigation
[keys   ] pixel-decoded from the published front buffer: "HI R3"
[keys   ]  PASS  app painted the typed text — pixels decode back to "HI R3"
[canvas ] 30 frames | camera world (366,0) zoom 88% | focus 'VIDEO-EDITOR' | hud closed
[keys   ]  PASS  post-Esc keys move the camera again and the app receives none
[keys   ] RESULT: 5 passed, 0 failed
[keys   ] KEYBOARD ROUTING VERIFIED — the focused app owns the keys, end to end
-- done --
-- METROPOLIS-TERMINAL: spatial canvas (interactive) --
[canvas ] 120 frames | camera world (0,0) zoom 100% | focus 'TIME-STREAM' | hud closed
-- done --
-- genuine ring-3 user mode: capability passthrough via SYSCALL trap --
[kernel ] demo device: REAL 'virtio-net' (virtio MMIO @ phys 00000000fe808000)
[kernel ] spawned pid 752 'stream-app' caps 0000000000000011 — private PML4 @ phys 00000000015ee000
[kernel ] spawned pid 753 'sketchy-app' caps 0000000000000020 — private PML4 @ phys 00000000015ec000
[kernel ] user program source: ELF module loaded from ISO
[elf    ] loading 'stream-app' from ISO module image at phys 00000000004dd000 (0000000000021d60 bytes)
[elf    ] PT_LOAD vaddr 0000500000000000 filesz 000000000001b713 memsz 000000000001b713 (ro) -> mapped USER (bounds ok)
[elf    ] PT_LOAD vaddr 000050000001c000 filesz 0000000000003f20 memsz 0000000000003f20 (ro) -> mapped USER (bounds ok)
[elf    ] PT_LOAD vaddr 0000500000020000 filesz 0000000000000284 memsz 0000000000037fe0 (rw) -> mapped USER (bounds ok)

[kernel ] --> RING 3 as pid 752 'stream-app' (entry 000050000000009f, caps 0000000000000011, cr3 00000000015ee000)
  [elf:r3] user_init.elf alive at ring 3
00000000005ec0de  [elf:r3] callee-saved regs survive SYSCALL: PASS
  [elf:r3] requesting virtio MMIO window via SYSCALL...
[hw     ] GRANT  pid 752 'stream-app' -> 'virtio-net': phys 00000000fe808000 mapped at vaddr 000040bc00000000 (4 pages)
  [elf:r3] virtio-net MAC read from device registers: 0000525400abcdef
  [elf:r3] opening "motd" via sys_open...
  [elf:r3] file access DENIED (this process lacks CAP_FILESYSTEM)
  [elf:r3] framebuffer access DENIED (no CAP_FRAMEBUFFER)
[kernel ] <-- RING 0: 'stream-app' returned via SYS_EXIT
[elf    ] loading 'sketchy-app' from ISO module image at phys 00000000004dd000 (0000000000021d60 bytes)
[elf    ] PT_LOAD vaddr 0000500000000000 filesz 000000000001b713 memsz 000000000001b713 (ro) -> mapped USER (bounds ok)
[elf    ] PT_LOAD vaddr 000050000001c000 filesz 0000000000003f20 memsz 0000000000003f20 (ro) -> mapped USER (bounds ok)
[elf    ] PT_LOAD vaddr 0000500000020000 filesz 0000000000000284 memsz 0000000000037fe0 (rw) -> mapped USER (bounds ok)

[kernel ] --> RING 3 as pid 753 'sketchy-app' (entry 000050000000009f, caps 0000000000000020, cr3 00000000015ec000)
  [elf:r3] user_init.elf alive at ring 3
00000000005ec0de  [elf:r3] callee-saved regs survive SYSCALL: PASS
  [elf:r3] requesting virtio MMIO window via SYSCALL...
[hw     ] DENIED pid 753 'sketchy-app' -> 'virtio-net': lacks CAP_HW_PASSTHROUGH
  [elf:r3] passthrough DENIED, code fffffffffffffffe
  [elf:r3] opening "motd" via sys_open...
  [elf:r3] read from VFS -> motd v2 - overwritten content.
  [elf:r3] framebuffer access DENIED (no CAP_FRAMEBUFFER)
[kernel ] <-- RING 0: 'sketchy-app' returned via SYS_EXIT
[cas    ] put len 512 hash d5a886f1cf000ce3 -> DEDUP to block 650 (no write)
[cas    ] put len 512 hash 74fde0ba14acbbb6 -> DEDUP to block 651 (no write)
[cas    ] put len 512 hash 549298c50fdbd1fe -> DEDUP to block 652 (no write)
[cas    ] put len 512 hash bd123c2163f46d8d -> DEDUP to block 653 (no write)
[cas    ] put len 512 hash 1f837e34bc74f83e -> DEDUP to block 654 (no write)
[cas    ] put len 512 hash f4d57d21ee971b0e -> DEDUP to block 655 (no write)
[cas    ] put len 512 hash 3ff7dd6f6240a0c6 -> DEDUP to block 656 (no write)
[cas    ] put len 512 hash bac7b7e9c318fe80 -> DEDUP to block 657 (no write)
[cas    ] put len 512 hash 50d603b7dedb2e94 -> DEDUP to block 658 (no write)
[cas    ] put len 512 hash ca87ada26a4383d1 -> DEDUP to block 659 (no write)
[cas    ] put len 512 hash 1a33bff36f212ddf -> DEDUP to block 660 (no write)
[cas    ] put len 512 hash 552fdeb721c253f2 -> DEDUP to block 661 (no write)
[cas    ] put len 512 hash e21be967b069b4be -> DEDUP to block 662 (no write)
[cas    ] put len 512 hash 181330c62c219a0a -> DEDUP to block 663 (no write)
[cas    ] put len 512 hash 1b24812c91e881f3 -> DEDUP to block 664 (no write)
[cas    ] put len 512 hash 7c21c18cefd8754a -> DEDUP to block 665 (no write)
[cas    ] put len 512 hash d0a4e6d5f82d3617 -> DEDUP to block 666 (no write)
[cas    ] put len 512 hash 8182fdb2d49a764d -> DEDUP to block 667 (no write)
[cas    ] put len 512 hash 805ba60b1ee45198 -> DEDUP to block 668 (no write)
[cas    ] put len 512 hash 9e11fa65caab22c9 -> DEDUP to block 669 (no write)
[cas    ] put len 512 hash 6d763aee56740376 -> DEDUP to block 670 (no write)
[cas    ] put len 512 hash d40294dfdc14556a -> DEDUP to block 671 (no write)
[cas    ] put len 512 hash 12e38d2cc09dc0d9 -> DEDUP to block 672 (no write)
[cas    ] put len 512 hash 10b9843bd1f9ff7b -> DEDUP to block 673 (no write)
[cas    ] put len 512 hash 72ff90a4885373be -> DEDUP to block 674 (no write)
[cas    ] put len 512 hash bdb43bc9d08e3261 -> DEDUP to block 675 (no write)
[cas    ] put len 512 hash e1cec4a31dc4f5b9 -> DEDUP to block 676 (no write)
[cas    ] put len 512 hash 4dedf00f4682836c -> DEDUP to block 677 (no write)
[cas    ] put len 512 hash 64100964eff12b85 -> DEDUP to block 678 (no write)
[cas    ] put len 512 hash 9068016c157f439f -> DEDUP to block 679 (no write)
[cas    ] put len 512 hash 65cc1d92e9ef409e -> DEDUP to block 680 (no write)
[cas    ] put len 512 hash 205cfcc4ff17eed9 -> DEDUP to block 681 (no write)
[cas    ] put len 512 hash 0c7595d5e60e5c42 -> DEDUP to block 682 (no write)
[cas    ] put len 512 hash 3f156594b60b2ea1 -> DEDUP to block 683 (no write)
[cas    ] put len 512 hash f9c0dd24844d0674 -> DEDUP to block 684 (no write)
[cas    ] put len 512 hash 49fc733d5117112a -> DEDUP to block 685 (no write)
[cas    ] put len 512 hash 534c365be165ee7e -> DEDUP to block 686 (no write)
[cas    ] put len 512 hash 455f12a23bbf47e0 -> DEDUP to block 687 (no write)
[cas    ] put len 512 hash fb7af756ff84a1ef -> DEDUP to block 688 (no write)
[cas    ] put len 512 hash f699cf84b16a7803 -> DEDUP to block 689 (no write)
[cas    ] put len 512 hash 20dc2a002c502d13 -> DEDUP to block 690 (no write)
[cas    ] put len 512 hash a00d92e7613600df -> DEDUP to block 691 (no write)
[cas    ] put len 512 hash 518da76accb6172e -> DEDUP to block 692 (no write)
[cas    ] put len 512 hash fe33d9f883f4b034 -> DEDUP to block 693 (no write)
[cas    ] put len 512 hash 1c4d89a8c3f1932d -> DEDUP to block 694 (no write)
[cas    ] put len 512 hash 11d7ce6f5d24a86d -> DEDUP to block 695 (no write)
[cas    ] put len 512 hash 98ac926c021d3806 -> DEDUP to block 696 (no write)
[cas    ] put len 512 hash b7364cf80c53794b -> DEDUP to block 697 (no write)
[cas    ] put len 512 hash 9b753db2b25fdc49 -> DEDUP to block 698 (no write)
[cas    ] put len 512 hash e244b88b2541b827 -> DEDUP to block 699 (no write)
[cas    ] put len 512 hash 8e144cbfbbac9aea -> DEDUP to block 700 (no write)
[cas    ] put len 512 hash f5770b12bde9e29d -> DEDUP to block 701 (no write)
[cas    ] put len 512 hash b76aebbcb10796b7 -> DEDUP to block 702 (no write)
[cas    ] put len 512 hash cdfeaa860e7b7653 -> DEDUP to block 703 (no write)
[cas    ] put len 512 hash 06533b0cccf5984c -> DEDUP to block 704 (no write)
[cas    ] put len 512 hash 35e852ac7fc68968 -> DEDUP to block 705 (no write)
[cas    ] put len 512 hash a4d009f00535a96c -> DEDUP to block 706 (no write)
[cas    ] put len 512 hash c784dcf8c687bcaf -> DEDUP to block 707 (no write)
[cas    ] put len 512 hash b66dc150e10b50d4 -> DEDUP to block 708 (no write)
[cas    ] put len 512 hash 496de50c8d805489 -> DEDUP to block 709 (no write)
[cas    ] put len 512 hash 06ff8aa4f4b7a652 -> DEDUP to block 710 (no write)
[cas    ] put len 512 hash beb08bb3736d5109 -> DEDUP to block 711 (no write)
[cas    ] put len 512 hash 8dc6d84bf32f4aaf -> DEDUP to block 712 (no write)
[cas    ] put len 512 hash 59fec655207d24b0 -> DEDUP to block 713 (no write)
[cas    ] put len 512 hash 51f05eac88e2fe1d -> DEDUP to block 714 (no write)
[cas    ] put len 512 hash 7b8fd1101d158ec3 -> DEDUP to block 715 (no write)
[cas    ] put len 512 hash a53bdb72a0fc4a1b -> DEDUP to block 716 (no write)
[cas    ] put len 512 hash e80e64d49f744991 -> DEDUP to block 717 (no write)
[cas    ] put len 512 hash 8e75a22a7fb2b404 -> DEDUP to block 718 (no write)
[cas    ] put len 512 hash 6c75ae4cae75ee80 -> DEDUP to block 719 (no write)
[cas    ] put len 512 hash 861aeaa82070257c -> DEDUP to block 720 (no write)
[cas    ] put len 512 hash a9551d44080f8fa0 -> DEDUP to block 721 (no write)
[cas    ] put len 512 hash ab34ed9d5ef99796 -> DEDUP to block 722 (no write)
[cas    ] put len 512 hash 1c58e88b623e4667 -> DEDUP to block 723 (no write)
[cas    ] put len 512 hash 256bf6bac926f437 -> DEDUP to block 724 (no write)
[cas    ] put len 512 hash f1b5b1633672fa02 -> DEDUP to block 725 (no write)
[cas    ] put len 512 hash 2b53186aae58ecc5 -> DEDUP to block 726 (no write)
[cas    ] put len 512 hash 276935224de959ff -> DEDUP to block 727 (no write)
[cas    ] put len 512 hash 7e0766a111101583 -> DEDUP to block 728 (no write)
[cas    ] put len 512 hash c8d7bf2836c5de53 -> DEDUP to block 729 (no write)
[cas    ] put len 512 hash 155348f5bed3dc0d -> DEDUP to block 730 (no write)
[cas    ] put len 512 hash 3dc1d62de63fa424 -> DEDUP to block 731 (no write)
[cas    ] put len 512 hash d69ced1b4fbaa366 -> DEDUP to block 732 (no write)
[cas    ] put len 512 hash 80478a13a7bfd015 -> DEDUP to block 733 (no write)
[cas    ] put len 512 hash 015da332096a84f9 -> DEDUP to block 734 (no write)
[cas    ] put len 512 hash e543889ddda45b25 -> DEDUP to block 735 (no write)
[cas    ] put len 512 hash a6fc35d52285e091 -> DEDUP to block 736 (no write)
[cas    ] put len 512 hash aa7d83fac7e912ac -> DEDUP to block 737 (no write)
[cas    ] put len 512 hash 26b35985a9664f3a -> DEDUP to block 738 (no write)
[cas    ] put len 512 hash ae6420694bb45e78 -> DEDUP to block 739 (no write)
[cas    ] put len 512 hash bf74743f377d546a -> DEDUP to block 740 (no write)
[cas    ] put len 512 hash 6b317a14034d2af2 -> DEDUP to block 741 (no write)
[cas    ] put len 512 hash ab67e36ca07d22f4 -> DEDUP to block 742 (no write)
[cas    ] put len 512 hash fde0087272b287d9 -> DEDUP to block 743 (no write)
[cas    ] put len 512 hash 71290aa289b48de4 -> DEDUP to block 744 (no write)
[cas    ] put len 512 hash 6261d7b179284a02 -> DEDUP to block 745 (no write)
[cas    ] put len 512 hash 9fbf934ea0fd42db -> DEDUP to block 746 (no write)
[cas    ] put len 512 hash 461a68dc00bba7c7 -> DEDUP to block 747 (no write)
[cas    ] put len 512 hash 2f7cb7b9985e6812 -> DEDUP to block 748 (no write)
[cas    ] put len 512 hash ddff6beee82969b0 -> DEDUP to block 749 (no write)
[cas    ] put len 512 hash 383431371a76096e -> DEDUP to block 750 (no write)
[cas    ] put len 512 hash 5173d8597f76a995 -> DEDUP to block 751 (no write)
[cas    ] put len 512 hash 24b7bab11a15161f -> DEDUP to block 752 (no write)
[cas    ] put len 512 hash f911726bc1ffd5a3 -> DEDUP to block 753 (no write)
[cas    ] put len 512 hash 0253b5dcce40e761 -> DEDUP to block 754 (no write)
[cas    ] put len 512 hash 5116e78862e258e7 -> DEDUP to block 755 (no write)
[cas    ] put len 512 hash 29b6893034f51e6b -> DEDUP to block 756 (no write)
[cas    ] put len 512 hash 145ed2396a0bbb4e -> DEDUP to block 757 (no write)
[cas    ] put len 512 hash 5b0a26083666a504 -> DEDUP to block 758 (no write)
[cas    ] put len 512 hash 4153b3a056388548 -> DEDUP to block 759 (no write)
[cas    ] put len 512 hash b7034fcfa034cfdf -> DEDUP to block 760 (no write)
[cas    ] put len 512 hash 95dbb0b39e76916a -> DEDUP to block 761 (no write)
[cas    ] put len 512 hash 1099404e3c8785da -> DEDUP to block 762 (no write)
[cas    ] put len 512 hash 6f32dc389543cd67 -> DEDUP to block 763 (no write)
[cas    ] put len 512 hash a33df20f3ea0f604 -> DEDUP to block 764 (no write)
[cas    ] put len 512 hash 346a0ac7ec5d685a -> DEDUP to block 765 (no write)
[cas    ] put len 512 hash 4e1a43fd8bdaa542 -> DEDUP to block 766 (no write)
[cas    ] put len 512 hash 316159ed045b2378 -> DEDUP to block 767 (no write)
[cas    ] put len 512 hash f98370a7522eb42e -> DEDUP to block 768 (no write)
[cas    ] put len 512 hash b12cf2b6f46b7181 -> DEDUP to block 769 (no write)
[cas    ] put len 512 hash 42b3b1d860162906 -> DEDUP to block 770 (no write)
[cas    ] put len 512 hash b36d61bcf1309f14 -> DEDUP to block 771 (no write)
[cas    ] put len 512 hash fd976d6951a8e35b -> DEDUP to block 772 (no write)
[cas    ] put len 512 hash 214356f2eef97ddd -> DEDUP to block 773 (no write)
[cas    ] put len 512 hash 60769e4955656bdf -> DEDUP to block 774 (no write)
[cas    ] put len 512 hash ca3f00ea179e6cac -> DEDUP to block 775 (no write)
[cas    ] put len 512 hash 5696acb0bf831071 -> DEDUP to block 776 (no write)
[cas    ] put len 512 hash a6c574c6ef96196a -> DEDUP to block 777 (no write)
[cas    ] put len 512 hash 5a128dcf7e93a694 -> DEDUP to block 778 (no write)
[cas    ] put len 512 hash 0ebb6a4bb6d5a237 -> DEDUP to block 779 (no write)
[cas    ] put len 512 hash e6e50a530f0a165a -> DEDUP to block 780 (no write)
[cas    ] put len 512 hash acfbef3fde339c36 -> DEDUP to block 781 (no write)
[cas    ] put len 512 hash 28a0c4d1bd6c8ecc -> DEDUP to block 782 (no write)
[cas    ] put len 512 hash 0231129dd2c65bee -> DEDUP to block 783 (no write)
[cas    ] put len 512 hash af1d6b84b4431136 -> DEDUP to block 784 (no write)
[cas    ] put len 512 hash bc655b5bc26ae9b0 -> DEDUP to block 785 (no write)
[cas    ] put len 512 hash 6bf76d808f7acbfa -> DEDUP to block 786 (no write)
[cas    ] put len 512 hash 276ddca315b73d39 -> DEDUP to block 787 (no write)
[cas    ] put len 512 hash dbd8bf3cd335d67f -> DEDUP to block 788 (no write)
[cas    ] put len 512 hash 08caff4db3a20c4b -> DEDUP to block 789 (no write)
[cas    ] put len 512 hash 9107a45fe73b5694 -> DEDUP to block 790 (no write)
[cas    ] put len 512 hash 634d20906edc5a10 -> DEDUP to block 791 (no write)
[cas    ] put len 512 hash c53a9b7772d40dd3 -> DEDUP to block 792 (no write)
[cas    ] put len 512 hash c57a176e85689d6d -> DEDUP to block 793 (no write)
[cas    ] put len 512 hash e88a8e345c1d0734 -> DEDUP to block 794 (no write)
[cas    ] put len 512 hash c01a3cb5d5bdc194 -> DEDUP to block 795 (no write)
[cas    ] put len 512 hash 8e8efc74781ccde7 -> DEDUP to block 796 (no write)
[cas    ] put len 512 hash c54da671f362e6eb -> DEDUP to block 797 (no write)
[cas    ] put len 512 hash 7f696bc980d098c7 -> DEDUP to block 798 (no write)
[cas    ] put len 512 hash 3473c6f720cd68d8 -> DEDUP to block 799 (no write)
[cas    ] put len 512 hash af9daffc96ccabbb -> DEDUP to block 800 (no write)
[cas    ] put len 512 hash f9c97e8af3d49fbc -> DEDUP to block 801 (no write)
[cas    ] put len 512 hash a6c09d84bcf49de6 -> DEDUP to block 802 (no write)
[cas    ] put len 512 hash c2db9692d1561ec2 -> DEDUP to block 803 (no write)
[cas    ] put len 512 hash 2bd646e946c15e5e -> DEDUP to block 804 (no write)
[cas    ] put len 512 hash 88141eb3a2c551ab -> DEDUP to block 805 (no write)
[cas    ] put len 512 hash 87edb821fce0f6e5 -> DEDUP to block 806 (no write)
[cas    ] put len 512 hash cdb130a3e3e74a01 -> DEDUP to block 807 (no write)
[cas    ] put len 512 hash d88c96ac66ee25c9 -> DEDUP to block 808 (no write)
[cas    ] put len 512 hash df5c187d33a269b5 -> DEDUP to block 809 (no write)
[cas    ] put len 512 hash 5f862f1c84e2a4a2 -> DEDUP to block 810 (no write)
[cas    ] put len 512 hash 32df00922139ace9 -> DEDUP to block 811 (no write)
[cas    ] put len 512 hash e7bd61488d064ddc -> DEDUP to block 812 (no write)
[cas    ] put len 512 hash aacb3c2fa95c7646 -> DEDUP to block 813 (no write)
[cas    ] put len 512 hash 8333a8d05fa8a37f -> DEDUP to block 814 (no write)
[cas    ] put len 512 hash 3f41bee57fa3ef28 -> DEDUP to block 815 (no write)
[cas    ] put len 512 hash 4c478a5a081b49a3 -> DEDUP to block 816 (no write)
[cas    ] put len 512 hash 94059ff863e872f0 -> DEDUP to block 817 (no write)
[cas    ] put len 512 hash bc77085194984a30 -> DEDUP to block 818 (no write)
[cas    ] put len 512 hash 99de2a6a4305b053 -> DEDUP to block 819 (no write)
[cas    ] put len 512 hash 209548bb7f5c1a17 -> DEDUP to block 820 (no write)
[cas    ] put len 512 hash dd39b4664310da4b -> DEDUP to block 821 (no write)
[cas    ] put len 512 hash f1786a2d1c94f074 -> DEDUP to block 822 (no write)
[cas    ] put len 512 hash f4ed661698586bc3 -> DEDUP to block 823 (no write)
[cas    ] put len 512 hash 467cc75bab744e5d -> DEDUP to block 824 (no write)
[cas    ] put len 512 hash 9fc670d411c573d2 -> DEDUP to block 825 (no write)
[cas    ] put len 512 hash 2de204ebd142fcfb -> DEDUP to block 826 (no write)
[cas    ] put len 512 hash 83496acc1ad21c9e -> DEDUP to block 827 (no write)
[cas    ] put len 512 hash 69673d9aa63166d5 -> DEDUP to block 828 (no write)
[cas    ] put len 512 hash d45ab55ff8fb2221 -> DEDUP to block 829 (no write)
[cas    ] put len 512 hash 81cd9dc7b4e2af8f -> DEDUP to block 830 (no write)
[cas    ] put len 512 hash 8b69d96cc947e796 -> DEDUP to block 831 (no write)
[cas    ] put len 512 hash 7f49959bfabc3050 -> DEDUP to block 832 (no write)
[cas    ] put len 512 hash 6d8ccb5317687fac -> DEDUP to block 833 (no write)
[cas    ] put len 512 hash 9fdaa7ef4c46e9ca -> DEDUP to block 834 (no write)
[cas    ] put len 512 hash dfca6a347a6714a5 -> DEDUP to block 835 (no write)
[cas    ] put len 512 hash 1f401f8da89d1ff5 -> DEDUP to block 836 (no write)
[cas    ] put len 512 hash a174c554007786d5 -> DEDUP to block 837 (no write)
[cas    ] put len 512 hash 2e20ac3d2330b499 -> DEDUP to block 838 (no write)
[cas    ] put len 512 hash 7f92e4c4e58a24b7 -> DEDUP to block 839 (no write)
[cas    ] put len 512 hash 77214cfe80f280a1 -> DEDUP to block 840 (no write)
[cas    ] put len 512 hash 86964b499e23ac9d -> DEDUP to block 841 (no write)
[cas    ] put len 512 hash f92c467217fb09ba -> DEDUP to block 842 (no write)
[cas    ] put len 512 hash db47078414c596fc -> DEDUP to block 843 (no write)
[cas    ] put len 512 hash d9b0dfd6b0980239 -> DEDUP to block 844 (no write)
[cas    ] put len 512 hash 73799f1e9d80e188 -> DEDUP to block 845 (no write)
[cas    ] put len 512 hash 7b09f22f3ea6a1d9 -> DEDUP to block 846 (no write)
[cas    ] put len 512 hash 2bfcfcf57a5ae5d8 -> DEDUP to block 847 (no write)
[cas    ] put len 512 hash 484ef636ef6c2b46 -> DEDUP to block 848 (no write)
[cas    ] put len 512 hash 8515714f6c4dc041 -> DEDUP to block 849 (no write)
[cas    ] put len 512 hash 9cd32bedab49375a -> DEDUP to block 850 (no write)
[cas    ] put len 512 hash 67e673306c7c4d88 -> DEDUP to block 851 (no write)
[cas    ] put len 512 hash d72fd43ef3a817bf -> DEDUP to block 852 (no write)
[cas    ] put len 512 hash 47a12d315b21a3cc -> DEDUP to block 853 (no write)
[cas    ] put len 512 hash 5c69203b0fd6690f -> DEDUP to block 854 (no write)
[cas    ] put len 512 hash 0a07c0b3aab6d24b -> DEDUP to block 855 (no write)
[cas    ] put len 512 hash a5febe9b32770eca -> DEDUP to block 856 (no write)
[cas    ] put len 512 hash c5a5bfbea0a36029 -> DEDUP to block 857 (no write)
[cas    ] put len 512 hash 2fcc7fc65429ad91 -> DEDUP to block 858 (no write)
[cas    ] put len 512 hash 0ee6c7c41016f056 -> DEDUP to block 859 (no write)
[cas    ] put len 512 hash 64ea05a1696fe4cd -> DEDUP to block 860 (no write)
[cas    ] put len 512 hash bcd2a5efeb9b02aa -> DEDUP to block 861 (no write)
[cas    ] put len 512 hash 860dddf2c4e04969 -> DEDUP to block 862 (no write)
[cas    ] put len 512 hash 70196191b0aacc3d -> DEDUP to block 863 (no write)
[cas    ] put len 512 hash e64387d3e27035c0 -> DEDUP to block 864 (no write)
[cas    ] put len 512 hash 21e2ebeae76cb709 -> DEDUP to block 865 (no write)
[cas    ] put len 512 hash 8b9c5d61e7ce5898 -> DEDUP to block 866 (no write)
[cas    ] put len 512 hash e9c7d87579370284 -> DEDUP to block 867 (no write)
[cas    ] put len 512 hash 42522d651497a75f -> DEDUP to block 868 (no write)
[cas    ] put len 512 hash 8b8395bee207107e -> DEDUP to block 869 (no write)
[cas    ] put len 512 hash 32bd0807f8f47a2d -> DEDUP to block 870 (no write)
[cas    ] put len 512 hash 537bbb1c5727ed75 -> DEDUP to block 871 (no write)
[cas    ] put len 512 hash 3bf78b8ab34f396c -> DEDUP to block 872 (no write)
[cas    ] put len 512 hash 910797318e885562 -> DEDUP to block 873 (no write)
[cas    ] put len 512 hash 3f5c6b003656204b -> DEDUP to block 874 (no write)
[cas    ] put len 512 hash bbbd026df84b57be -> DEDUP to block 875 (no write)
[cas    ] put len 512 hash 6ae1db77528c0088 -> DEDUP to block 876 (no write)
[cas    ] put len 512 hash caa97ac814992efe -> DEDUP to block 877 (no write)
[cas    ] put len 512 hash 2f189e8b24dd802f -> DEDUP to block 878 (no write)
[cas    ] put len 512 hash 42af4a9be5fa86a4 -> DEDUP to block 879 (no write)
[cas    ] put len 512 hash 15a62396705122e3 -> DEDUP to block 880 (no write)
[cas    ] put len 512 hash 2454033773ce3925 -> DEDUP to block 881 (no write)
[cas    ] put len 512 hash 772989cda6e661fe -> DEDUP to block 882 (no write)
[cas    ] put len 512 hash 537b5d490fdd678d -> DEDUP to block 883 (no write)
[cas    ] put len 512 hash fa840478b2de002a -> DEDUP to block 884 (no write)
[cas    ] put len 512 hash 7195b5af2929f2d1 -> DEDUP to block 885 (no write)
[cas    ] put len 512 hash 96152aa0758456ce -> DEDUP to block 886 (no write)
[cas    ] put len 512 hash f6357a16e55dcd73 -> DEDUP to block 887 (no write)
[cas    ] put len 512 hash 9df02ab414757691 -> DEDUP to block 888 (no write)
[cas    ] put len 512 hash 7df62b9f0f900c73 -> DEDUP to block 889 (no write)
[cas    ] put len 512 hash e6e9a0b809330339 -> DEDUP to block 890 (no write)
[cas    ] put len 512 hash f9ade896a0acfd3d -> DEDUP to block 891 (no write)
[cas    ] put len 512 hash 0881d7141b376910 -> DEDUP to block 892 (no write)
[cas    ] put len 512 hash f76ed222a6756dec -> DEDUP to block 893 (no write)
[cas    ] put len 512 hash 3cab8504d003d9ca -> DEDUP to block 894 (no write)
[cas    ] put len 512 hash f69b0f4016320804 -> DEDUP to block 895 (no write)
[cas    ] put len 512 hash b9814b8f1a2a9e8a -> DEDUP to block 896 (no write)
[cas    ] put len 512 hash f8252dd385ecd65e -> DEDUP to block 897 (no write)
[cas    ] put len 512 hash 671a0ed8d51ffe6c -> DEDUP to block 898 (no write)
[cas    ] put len 512 hash beb8453c8d14e959 -> DEDUP to block 899 (no write)
[cas    ] put len 512 hash cdc10f959c4c4f0f -> DEDUP to block 900 (no write)
[cas    ] put len 512 hash ba7c8383b4c20c28 -> DEDUP to block 901 (no write)
[cas    ] put len 512 hash 0ded7a70ef85a579 -> DEDUP to block 902 (no write)
[cas    ] put len 512 hash 65553578ab7af004 -> DEDUP to block 903 (no write)
[cas    ] put len 512 hash 25038958b321b3e8 -> DEDUP to block 904 (no write)
[cas    ] put len 512 hash f1dcd027dbe3d42a -> DEDUP to block 905 (no write)
[cas    ] put len 512 hash 629bc1208aac7331 -> DEDUP to block 906 (no write)
[cas    ] put len 512 hash 8eadb81c186907a9 -> DEDUP to block 907 (no write)
[cas    ] put len 512 hash 3e4cad99ab396b7a -> DEDUP to block 908 (no write)
[cas    ] put len 512 hash 2afadb8ae943e17f -> DEDUP to block 909 (no write)
[cas    ] put len 512 hash 2a3099cba04b765c -> DEDUP to block 910 (no write)
[cas    ] put len 512 hash 2deaf09277a0ff7a -> DEDUP to block 911 (no write)
[cas    ] put len 512 hash f3b6cb20d717dfa9 -> DEDUP to block 912 (no write)
[cas    ] put len 512 hash 337a92840253e8f9 -> DEDUP to block 913 (no write)
[cas    ] put len 512 hash 15f81b4c872e1b9d -> DEDUP to block 914 (no write)
[cas    ] put len 512 hash a6fb4d70a436ccd9 -> DEDUP to block 915 (no write)
[cas    ] put len 512 hash 390f65237909c321 -> DEDUP to block 916 (no write)
[cas    ] put len 512 hash 870da99d82ca83b6 -> DEDUP to block 917 (no write)
[cas    ] put len 512 hash 9fc2c10e75c8e070 -> DEDUP to block 918 (no write)
[cas    ] put len 512 hash 04227e0441c0c80f -> DEDUP to block 919 (no write)
[cas    ] put len 352 hash 429484fcf0dfcb9a -> DEDUP to block 920 (no write)
[cas    ] put len 512 hash d15efa0b1eea0a7b -> DEDUP to block 921 (no write)
[cas    ] put len 512 hash bbfa54c6c213a5ff -> DEDUP to block 922 (no write)
[cas    ] put len 512 hash 2f815026ffdb253b -> DEDUP to block 923 (no write)
[cas    ] put len 512 hash 194671acac0978dd -> DEDUP to block 924 (no write)
[cas    ] put len 512 hash 4c705c1423e61ad3 -> DEDUP to block 925 (no write)
[kernel ] spawned pid 754 'cas-exec' caps 0000000000000071 — private PML4 @ phys 000000000171e000

[kernel ] exec-from-storage: running 'init' loaded from CAS (not GRUB)
[exec   ] read 138592 ELF bytes from CAS (file_hash 0fca4ed790e71383) — not a GRUB module
[elf    ] PT_LOAD vaddr 0000500000000000 filesz 000000000001b713 memsz 000000000001b713 (ro) -> mapped USER (bounds ok)
[elf    ] PT_LOAD vaddr 000050000001c000 filesz 0000000000003f20 memsz 0000000000003f20 (ro) -> mapped USER (bounds ok)
[elf    ] PT_LOAD vaddr 0000500000020000 filesz 0000000000000284 memsz 0000000000037fe0 (rw) -> mapped USER (bounds ok)

[kernel ] --> RING 3 as pid 754 'init' (entry 000050000000009f, caps 0000000000000071, cr3 000000000171e000)
  [elf:r3] user_init.elf alive at ring 3
00000000005ec0de  [elf:r3] callee-saved regs survive SYSCALL: PASS
  [elf:r3] requesting virtio MMIO window via SYSCALL...
[hw     ] GRANT  pid 754 'cas-exec' -> 'virtio-net': phys 00000000fe808000 mapped at vaddr 000040bc80000000 (4 pages)
  [elf:r3] virtio-net MAC read from device registers: 0000525400abcdef
  [elf:r3] opening "motd" via sys_open...
  [elf:r3] read from VFS -> motd v2 - overwritten content.
[gfx    ] sys_map_framebuffer: mapped 3072 KiB of FB into pid 754 at user vaddr 0000550000000000
  [elf:r3] mapped framebuffer; drawing a ring-3 marker
[kernel ] <-- RING 0: 'init' returned via SYS_EXIT
-- done: capabilities decided per-process — hardware for one, files
   for another, both for the CAS-loaded process. --
[excur  ] BSP thread switches during a live ring-3 excursion: 72866
[klock  ] rank violations=0 underflow=0 mismatch=0
[klock  ] KERNEL_DEBUG off: ownership and context checks NOT compiled in
[connect] apyield=2 stale=0

Type 'help' for commands, 'demo' for the capability walk-through.
outrun> 