# config=smp8-bios iso=build/outrun-os-0.88.0-dev.iso md5=a89c890d185fcf545ed5f96b248a55ae qemu='-smp 8'
c[?7l[2J[0mSeaBIOS (version 1.16.3-debian-1.16.3-2)


iPXE (https://ipxe.org) 00:04.0 CA00 PCI2.10 PnP PMM+1EFCAF10+1EF0AF10 CA00
Press Ctrl-B to configure iPXE (PCI 00:04.0)...                                                                               


Booting from Hard Disk...
Boot failed: not a bootable disk

Booting from Floppy...
Boot failed: could not read the boot disk

Booting from DVD/CD...
[01;01H[2J[02;30HGNU GRUB  version 2.12[04;02H┌────────────────────────────────────────────────[04;50H[04;51H────────────────────────────┐[05;02H│[05;79H│[06;02H│[06;79H│[07;02H│[07;79H│[08;02H│[08;79H│[09;02H│[09;79H│[10;02H│[10;79H│[11;02H│[11;79H│[12;02H│[12;79H│[13;02H│[13;79H│[14;02H│[14;79H│[15;02H│[15;02H[15;79H│[16;02H│[16;79H│[17;02H│[17;79H│[18;02H└────────────────────────────────────────────────────────────────────────────┘[20;02H     Use the ↑ and ↓ keys to select which entry is highlighted.          
      Press enter to boot the selected OS, `e[21;45H[21;46H' to edit the commands       
      before booting or `c' for a command-line.                           [05;80H [05;03H[0;30;47m*Outrun OS (kernel 0.30.0-metal)                                            [06;03H[0m                                                                            [07;03H                                                                            [08;03H                                                                [08;66H[08;67H            [09;03H                                                                            [10;03H                                                                            [11;03H                                                                            [12;03H                       [12;25H[12;26H                                                     [13;03H                                                                            [14;03H [14;03H[14;04H                                                                           [15;03H                                                                            [16;03H                                                                            [17;03H                                   [17;37H[17;38H                                         [17;80H 





   The highlighted entry will be executed automatically in 2s.                 [05;78H

















   The highlighted entry will be executed automatically[23;55H[23;56H in 1s.                 [05;78H

















   The highlighted entry will be executed automatically in 0s.                 [01;01H[2J[2J
  ....................................................................
  :   OUTRUN OS  --  bare-metal kernel 0.88.0-dev                   :
  :   Assembly bootstrap -> x86_64 long mode -> freestanding C core  :
  ....................................................................

[kernel ] long mode active, kernel at 1 MiB, first GiB identity-mapped
[kernel ] IDT loaded (52 vectors incl. IPI 48-50 + slice tick 51), PIC remapped, PIT @ 100 Hz, IRQs on
[kernel ] consoles: VGA text + COM1 serial (115200 8N1) — both live
[kernel ] booted by: GRUB 2.12-1ubuntu7.3
[kernel ] boot module 'user_init.elf' at phys 00000000004da000..00000000004fb890 (user ELF)
[kernel ] physical memory map (Multiboot2):
           0000000000000000 + 000000000009fc00  USABLE RAM
           000000000009fc00 + 0000000000000400  reserved
           00000000000f0000 + 0000000000010000  reserved
           0000000000100000 + 000000001fedd000  USABLE RAM
           000000001ffdd000 + 0000000000023000  reserved
           00000000fffc0000 + 0000000000040000  reserved
           000000fd00000000 + 0000000300000000  reserved
           total usable: 511 MiB
[kernel ] framebuffer: 1024x768 x32 bpp, pitch 4096, phys 00000000fe000000
[acpi   ] RSDP (ACPI 1.0) provided by bootloader
[kernel ] capability table initialized (16 slots, kernel-owned)
[kernel ] paging: boot PML4 @ phys 0000000000193000; process frame pool from 16 MiB
[kernel ] W^X enforced: kernel .text R+X, all other pages RW+NX
[sweep  ] descriptor-table integrity sweep armed: 64 entries/tick @ 100 Hz

-- real 4-level page-table hardware passthrough --
[hw     ] device 'sensor0' registers at phys 0000000001003000, sentinel 0x00000000cafebabe, requires CAMERA
[kernel ] spawned pid 1 'stream-app' caps 0000000000000003 — private PML4 @ phys 0000000001004000
[kernel ] spawned pid 2 'sketchy-app' caps 0000000000000020 — private PML4 @ phys 0000000001005000

[test   ] authorized process maps the device:
[hw     ] GRANT  pid 1 'stream-app' -> 'sensor0': phys 0000000001003000 mapped at vaddr 0000400040000000 (1 pages)
[paging ] 'stream-app' PTE: vaddr 0000400040000000 -> phys 0000000001003000
[paging ] 'stream-app' read through its OWN address space: 0x00000000cafebabe  == sentinel (REAL mapping resolves)

[test   ] unauthorized process attempts the same device:
[hw     ] DENIED pid 2 'sketchy-app' -> 'sensor0': lacks CAP_HW_PASSTHROUGH
[paging ] 'sketchy-app' passthrough returned -2; device vaddr present in its space? NO (sandboxed, nothing mapped)
-- done: authorized app holds a real MMIO mapping; unauthorized was dropped --
[iommu  ] no DMAR table — platform has no VT-d remapping hardware

[pci    ] enumerating bus 0 (config mechanism #1, ports 0xCF8/0xCFC):
[pci    ]   0:00.0  vendor 8086 device 1237 class 600
[pci    ]   1:00.0  vendor 8086 device 7000 class 601
[pci    ]   2:00.0  vendor 1af4 device 1050 class 300
[vgpu   ] virtio-gpu at 0:2.0 — bringing up control queue
[vgpu   ] DRIVER_OK — controlq size 16, notify_off 0 — READY (2D resources only, polling completion)
[pci    ]   3:00.0  vendor 1af4 device 1042 class 100
[vblk   ] virtio-blk at 0:3.0 — bringing up modern driver
[vblk   ] device features: hi 101 lo 30007e54 (VERSION_1=1)
[vblk   ] capacity: 8192 sectors (4 MiB)
[vblk   ] DRIVER_OK — queue0 size 64, notify_off 0, mult 4 — READY
[vblk   ] interrupt-driven: INTx on IRQ 11 (vector 43), ISR reg mapped
[pci    ]   4:00.0  vendor 1af4 device 1041 class 200
[vnet   ] virtio-net at 0:4.0 — bringing up modern driver
[vnet   ] MAC 52:54:0:ab:cd:ef
[vnet   ] DRIVER_OK — rxq 16 txq 16, INTx IRQ 11 — READY
[sched  ] round-robin up: main=tid0, idle=tid1 (PIT preemption on demand)
[poly   ] C++ SPSC ring: pushed 12, popped 12 -> "polyglot-ipc" (depth 0)
-- content-addressable storage on virtio-blk (Rust-hashed) --
[cas    ] no volume signature; formatting a fresh CAS volume
[cas    ] formatted 8192 blocks: bitmap@1(2) index@3(512) dir@515(48) vjrnl@563(49) cjrnl@612(4) data@648
[cas    ]   raw-block scratch region: 32 block(s) at 616 (reserved, never allocated)
[cas    ] refcounts derived from 0 live file(s): 0 data block(s) allocated, 0 referenced, 0 UNREFERENCED; volume 648/8192
[cas    ] put len 46 hash 155c834afdff66eb -> block 648 (stored)
[cas    ] put len 47 hash bc6c7bd024077f72 -> block 649 (stored)
[cas    ] put len 46 hash 155c834afdff66eb -> DEDUP to block 648 (no write)
[cas    ] get 155c834afdff66eb -> "Hello, Outrun CAS! The content is the address." (46 bytes read from disk)
[cas    ] dedup: hash(a)==hash(a')? YES ; blocks used this run +2
[vblk   ] I/O completions delivered by INTERRUPT: 647
-- done (state persisted to disk) --
-- VFS: named files over CAS (multi-block, dedup, copy-on-write) --
[cas    ] put len 512 hash cb049d9ab47d32ce -> block 650 (stored)
[cas    ] put len 512 hash 74fde0ba14acbbb6 -> block 651 (stored)
[cas    ] put len 512 hash 549298c50fdbd1fe -> block 652 (stored)
[cas    ] put len 512 hash bd123c2163f46d8d -> block 653 (stored)
[cas    ] put len 512 hash 1f837e34bc74f83e -> block 654 (stored)
[cas    ] put len 512 hash f4d57d21ee971b0e -> block 655 (stored)
[cas    ] put len 512 hash 3ff7dd6f6240a0c6 -> block 656 (stored)
[cas    ] put len 512 hash bac7b7e9c318fe80 -> block 657 (stored)
[cas    ] put len 512 hash 50d603b7dedb2e94 -> block 658 (stored)
[cas    ] put len 512 hash ca87ada26a4383d1 -> block 659 (stored)
[cas    ] put len 512 hash 1a33bff36f212ddf -> block 660 (stored)
[cas    ] put len 512 hash 552fdeb721c253f2 -> block 661 (stored)
[cas    ] put len 512 hash e21be967b069b4be -> block 662 (stored)
[cas    ] put len 512 hash 181330c62c219a0a -> block 663 (stored)
[cas    ] put len 512 hash 1b24812c91e881f3 -> block 664 (stored)
[cas    ] put len 512 hash 7c21c18cefd8754a -> block 665 (stored)
[cas    ] put len 512 hash d0a4e6d5f82d3617 -> block 666 (stored)
[cas    ] put len 512 hash 8182fdb2d49a764d -> block 667 (stored)
[cas    ] put len 512 hash 805ba60b1ee45198 -> block 668 (stored)
[cas    ] put len 512 hash 9e11fa65caab22c9 -> block 669 (stored)
[cas    ] put len 512 hash 6d763aee56740376 -> block 670 (stored)
[cas    ] put len 512 hash d40294dfdc14556a -> block 671 (stored)
[cas    ] put len 512 hash 12e38d2cc09dc0d9 -> block 672 (stored)
[cas    ] put len 512 hash 10b9843bd1f9ff7b -> block 673 (stored)
[cas    ] put len 512 hash 72ff90a4885373be -> block 674 (stored)
[cas    ] put len 512 hash bdb43bc9d08e3261 -> block 675 (stored)
[cas    ] put len 512 hash e1cec4a31dc4f5b9 -> block 676 (stored)
[cas    ] put len 512 hash 4dedf00f4682836c -> block 677 (stored)
[cas    ] put len 512 hash 64100964eff12b85 -> block 678 (stored)
[cas    ] put len 512 hash 9068016c157f439f -> block 679 (stored)
[cas    ] put len 512 hash 65cc1d92e9ef409e -> block 680 (stored)
[cas    ] put len 512 hash 205cfcc4ff17eed9 -> block 681 (stored)
[cas    ] put len 512 hash 0c7595d5e60e5c42 -> block 682 (stored)
[cas    ] put len 512 hash 3f156594b60b2ea1 -> block 683 (stored)
[cas    ] put len 512 hash f9c0dd24844d0674 -> block 684 (stored)
[cas    ] put len 512 hash 49fc733d5117112a -> block 685 (stored)
[cas    ] put len 512 hash 534c365be165ee7e -> block 686 (stored)
[cas    ] put len 512 hash 455f12a23bbf47e0 -> block 687 (stored)
[cas    ] put len 512 hash fb7af756ff84a1ef -> block 688 (stored)
[cas    ] put len 512 hash f699cf84b16a7803 -> block 689 (stored)
[cas    ] put len 512 hash 20dc2a002c502d13 -> block 690 (stored)
[cas    ] put len 512 hash a00d92e7613600df -> block 691 (stored)
[cas    ] put len 512 hash 518da76accb6172e -> block 692 (stored)
[cas    ] put len 512 hash fe33d9f883f4b034 -> block 693 (stored)
[cas    ] put len 512 hash 1c4d89a8c3f1932d -> block 694 (stored)
[cas    ] put len 512 hash 11d7ce6f5d24a86d -> block 695 (stored)
[cas    ] put len 512 hash 98ac926c021d3806 -> block 696 (stored)
[cas    ] put len 512 hash b7364cf80c53794b -> block 697 (stored)
[cas    ] put len 512 hash 9b753db2b25fdc49 -> block 698 (stored)
[cas    ] put len 512 hash e244b88b2541b827 -> block 699 (stored)
[cas    ] put len 512 hash 8e144cbfbbac9aea -> block 700 (stored)
[cas    ] put len 512 hash f5770b12bde9e29d -> block 701 (stored)
[cas    ] put len 512 hash b76aebbcb10796b7 -> block 702 (stored)
[cas    ] put len 512 hash cdfeaa860e7b7653 -> block 703 (stored)
[cas    ] put len 512 hash 06533b0cccf5984c -> block 704 (stored)
[cas    ] put len 512 hash 35e852ac7fc68968 -> block 705 (stored)
[cas    ] put len 512 hash a4d009f00535a96c -> block 706 (stored)
[cas    ] put len 512 hash c784dcf8c687bcaf -> block 707 (stored)
[cas    ] put len 512 hash b66dc150e10b50d4 -> block 708 (stored)
[cas    ] put len 512 hash 496de50c8d805489 -> block 709 (stored)
[cas    ] put len 512 hash 06ff8aa4f4b7a652 -> block 710 (stored)
[cas    ] put len 512 hash beb08bb3736d5109 -> block 711 (stored)
[cas    ] put len 512 hash 8dc6d84bf32f4aaf -> block 712 (stored)
[cas    ] put len 512 hash 59fec655207d24b0 -> block 713 (stored)
[cas    ] put len 512 hash 51f05eac88e2fe1d -> block 714 (stored)
[cas    ] put len 512 hash 7b8fd1101d158ec3 -> block 715 (stored)
[cas    ] put len 512 hash a53bdb72a0fc4a1b -> block 716 (stored)
[cas    ] put len 512 hash e80e64d49f744991 -> block 717 (stored)
[cas    ] put len 512 hash 8e75a22a7fb2b404 -> block 718 (stored)
[cas    ] put len 512 hash 6c75ae4cae75ee80 -> block 719 (stored)
[cas    ] put len 512 hash 861aeaa82070257c -> block 720 (stored)
[cas    ] put len 512 hash a9551d44080f8fa0 -> block 721 (stored)
[cas    ] put len 512 hash ab34ed9d5ef99796 -> block 722 (stored)
[cas    ] put len 512 hash 1c58e88b623e4667 -> block 723 (stored)
[cas    ] put len 512 hash 8f767b05d5b45ac2 -> block 724 (stored)
[cas    ] put len 512 hash f1b5b1633672fa02 -> block 725 (stored)
[cas    ] put len 512 hash 2b53186aae58ecc5 -> block 726 (stored)
[cas    ] put len 512 hash 276935224de959ff -> block 727 (stored)
[cas    ] put len 512 hash 7e0766a111101583 -> block 728 (stored)
[cas    ] put len 512 hash c8d7bf2836c5de53 -> block 729 (stored)
[cas    ] put len 512 hash 155348f5bed3dc0d -> block 730 (stored)
[cas    ] put len 512 hash 3dc1d62de63fa424 -> block 731 (stored)
[cas    ] put len 512 hash d69ced1b4fbaa366 -> block 732 (stored)
[cas    ] put len 512 hash 80478a13a7bfd015 -> block 733 (stored)
[cas    ] put len 512 hash 015da332096a84f9 -> block 734 (stored)
[cas    ] put len 512 hash e543889ddda45b25 -> block 735 (stored)
[cas    ] put len 512 hash a6fc35d52285e091 -> block 736 (stored)
[cas    ] put len 512 hash aa7d83fac7e912ac -> block 737 (stored)
[cas    ] put len 512 hash 26b35985a9664f3a -> block 738 (stored)
[cas    ] put len 512 hash ae6420694bb45e78 -> block 739 (stored)
[cas    ] put len 512 hash bf74743f377d546a -> block 740 (stored)
[cas    ] put len 512 hash 6b317a14034d2af2 -> block 741 (stored)
[cas    ] put len 512 hash ab67e36ca07d22f4 -> block 742 (stored)
[cas    ] put len 512 hash fde0087272b287d9 -> block 743 (stored)
[cas    ] put len 512 hash 71290aa289b48de4 -> block 744 (stored)
[cas    ] put len 512 hash 6261d7b179284a02 -> block 745 (stored)
[cas    ] put len 512 hash 9fbf934ea0fd42db -> block 746 (stored)
[cas    ] put len 512 hash 461a68dc00bba7c7 -> block 747 (stored)
[cas    ] put len 512 hash 17551b48c941c4ff -> block 748 (stored)
[cas    ] put len 512 hash 83aeabab6472cef8 -> block 749 (stored)
[cas    ] put len 512 hash 2a57159a3f9b5b73 -> block 750 (stored)
[cas    ] put len 512 hash 7a51b7d1378fc1df -> block 751 (stored)
[cas    ] put len 512 hash fbef5b0a9e291c52 -> block 752 (stored)
[cas    ] put len 512 hash 9189cb5a32da272e -> block 753 (stored)
[cas    ] put len 512 hash c60c168bbfdea88e -> block 754 (stored)
[cas    ] put len 512 hash fc86440863f24de4 -> block 755 (stored)
[cas    ] put len 512 hash 2421ce05ff50625e -> block 756 (stored)
[cas    ] put len 512 hash 6b3f5c07560ed066 -> block 757 (stored)
[cas    ] put len 512 hash 2d707bcd074a024f -> block 758 (stored)
[cas    ] put len 512 hash cae6a53aec96943b -> block 759 (stored)
[cas    ] put len 512 hash 2f1d937e7676ff91 -> block 760 (stored)
[cas    ] put len 512 hash 01b842284f3d4c41 -> block 761 (stored)
[cas    ] put len 512 hash 59168b05660da34e -> block 762 (stored)
[cas    ] put len 512 hash 218c22bdaa15b537 -> block 763 (stored)
[cas    ] put len 512 hash 59e7751dab70735d -> block 764 (stored)
[cas    ] put len 512 hash 37a7cc8c71fbd546 -> block 765 (stored)
[cas    ] put len 512 hash d64c5a7cc99c4a19 -> block 766 (stored)
[cas    ] put len 512 hash 5564a26741a486fc -> block 767 (stored)
[cas    ] put len 512 hash 99b2edd92e6997ed -> block 768 (stored)
[cas    ] put len 512 hash 6c44a20450546d69 -> block 769 (stored)
[cas    ] put len 512 hash 4fab1f747fec95bd -> block 770 (stored)
[cas    ] put len 512 hash 4243e2ecd4d22eda -> block 771 (stored)
[cas    ] put len 512 hash f9b349d1c155387c -> block 772 (stored)
[cas    ] put len 512 hash 4f99777730212fe9 -> block 773 (stored)
[cas    ] put len 512 hash ecf9dcc758ff2e21 -> block 774 (stored)
[cas    ] put len 512 hash 26737a09871c3ece -> block 775 (stored)
[cas    ] put len 512 hash 6777171360bc6ff5 -> block 776 (stored)
[cas    ] put len 512 hash 07435d37e893b360 -> block 777 (stored)
[cas    ] put len 512 hash 693e054d1377913b -> block 778 (stored)
[cas    ] put len 512 hash 4092338b57a1b943 -> block 779 (stored)
[cas    ] put len 512 hash 661d9ed3165c6fc0 -> block 780 (stored)
[cas    ] put len 512 hash e62595199ecca322 -> block 781 (stored)
[cas    ] put len 512 hash 446fd5228c15ce45 -> block 782 (stored)
[cas    ] put len 512 hash 662400ac3b9e8fac -> block 783 (stored)
[cas    ] put len 512 hash d214f0624d9e0f13 -> block 784 (stored)
[cas    ] put len 512 hash 7da5b1c30b9b5fd1 -> block 785 (stored)
[cas    ] put len 512 hash db90a97bcdcc26f7 -> block 786 (stored)
[cas    ] put len 512 hash 3b7d8cf12e92fe88 -> block 787 (stored)
[cas    ] put len 512 hash c10832d43fc1007f -> block 788 (stored)
[cas    ] put len 512 hash 6a72d00192d3ecb6 -> block 789 (stored)
[cas    ] put len 512 hash 61f269fcd37fc094 -> block 790 (stored)
[cas    ] put len 512 hash e79c29c233f7da07 -> block 791 (stored)
[cas    ] put len 512 hash cab98b0221e256c5 -> block 792 (stored)
[cas    ] put len 512 hash 16d348f2d430842f -> block 793 (stored)
[cas    ] put len 512 hash 76c522074c95a6b9 -> block 794 (stored)
[cas    ] put len 512 hash 3447a5d6850ecb87 -> block 795 (stored)
[cas    ] put len 512 hash aeea77cebb84bb68 -> block 796 (stored)
[cas    ] put len 512 hash 29f8c426c81130c2 -> block 797 (stored)
[cas    ] put len 512 hash 37fa07888bcbfb48 -> block 798 (stored)
[cas    ] put len 512 hash d7862d828914a83f -> block 799 (stored)
[cas    ] put len 512 hash 2c965e7e60834133 -> block 800 (stored)
[cas    ] put len 512 hash d39c98bdeb6a9aa0 -> block 801 (stored)
[cas    ] put len 512 hash d019a6d770bd6d29 -> block 802 (stored)
[cas    ] put len 512 hash b9b3630a8734be28 -> block 803 (stored)
[cas    ] put len 512 hash ed867e1f7161b474 -> block 804 (stored)
[cas    ] put len 512 hash 630f40c2c8b054d9 -> block 805 (stored)
[cas    ] put len 512 hash 51c87f9b668cc21d -> block 806 (stored)
[cas    ] put len 512 hash 32f2633908c8bd26 -> block 807 (stored)
[cas    ] put len 512 hash fb8210b171e629a8 -> block 808 (stored)
[cas    ] put len 512 hash da26a3ad4a041e52 -> block 809 (stored)
[cas    ] put len 512 hash 527f1f0b5148a0f2 -> block 810 (stored)
[cas    ] put len 512 hash 2fc502eb8b6608d8 -> block 811 (stored)
[cas    ] put len 512 hash 2f66a0643e54ac1c -> block 812 (stored)
[cas    ] put len 512 hash 1bba0492ef249b6e -> block 813 (stored)
[cas    ] put len 512 hash be5b73c858a69c3f -> block 814 (stored)
[cas    ] put len 512 hash eabb040700654302 -> block 815 (stored)
[cas    ] put len 512 hash e409c376f054cd31 -> block 816 (stored)
[cas    ] put len 512 hash 2b522e99baf924fe -> block 817 (stored)
[cas    ] put len 512 hash 83294d706dea784a -> block 818 (stored)
[cas    ] put len 512 hash b93429248cbfe0b4 -> block 819 (stored)
[cas    ] put len 512 hash 4609dd07de19dbff -> block 820 (stored)
[cas    ] put len 512 hash 24e3cef710113b14 -> block 821 (stored)
[cas    ] put len 512 hash 203c48d724f3e515 -> block 822 (stored)
[cas    ] put len 512 hash acd374af0757745f -> block 823 (stored)
[cas    ] put len 512 hash d0e5d6f3e3170287 -> block 824 (stored)
[cas    ] put len 512 hash 9452262d087b0e58 -> block 825 (stored)
[cas    ] put len 512 hash 54c945da49245e8f -> block 826 (stored)
[cas    ] put len 512 hash ace1792c3a31f9dd -> block 827 (stored)
[cas    ] put len 512 hash b1733f7a71c398ec -> block 828 (stored)
[cas    ] put len 512 hash 1364eac47edf6b59 -> block 829 (stored)
[cas    ] put len 512 hash d68f6bd604a4834e -> block 830 (stored)
[cas    ] put len 512 hash 660baa674c1d0b9c -> block 831 (stored)
[cas    ] put len 512 hash a4a2c995ed13dff8 -> block 832 (stored)
[cas    ] put len 512 hash 6f384f20d5552884 -> block 833 (stored)
[cas    ] put len 512 hash 7435166e7b7c5127 -> block 834 (stored)
[cas    ] put len 512 hash 99f6cbc201d5cb13 -> block 835 (stored)
[cas    ] put len 512 hash f7c543825daf32d6 -> block 836 (stored)
[cas    ] put len 512 hash 9fac9e5ab8dbfe2e -> block 837 (stored)
[cas    ] put len 512 hash 1956582b88e7dead -> block 838 (stored)
[cas    ] put len 512 hash 26c5453945aa18dc -> block 839 (stored)
[cas    ] put len 512 hash 4f47e4b082169e38 -> block 840 (stored)
[cas    ] put len 512 hash f0cbfe44cddd4fad -> block 841 (stored)
[cas    ] put len 512 hash 2f187a95520a887c -> block 842 (stored)
[cas    ] put len 512 hash 57f1adb18a0fe4a6 -> block 843 (stored)
[cas    ] put len 512 hash d5df4cfa21de7f43 -> block 844 (stored)
[cas    ] put len 512 hash bc90eee697f15ff0 -> block 845 (stored)
[cas    ] put len 512 hash cf51636096c4a06e -> block 846 (stored)
[cas    ] put len 512 hash ffa1990c776639be -> block 847 (stored)
[cas    ] put len 512 hash 6b5c50235a0b29b0 -> block 848 (stored)
[cas    ] put len 512 hash f8557e50f3f44fd1 -> block 849 (stored)
[cas    ] put len 512 hash c841a2c57a162fd9 -> block 850 (stored)
[cas    ] put len 512 hash 940c1a790c234998 -> block 851 (stored)
[cas    ] put len 512 hash 1db750237b539e1c -> block 852 (stored)
[cas    ] put len 512 hash a8e134254456d4c2 -> block 853 (stored)
[cas    ] put len 512 hash 719a4fb9ec077c47 -> block 854 (stored)
[cas    ] put len 512 hash 884bc36039cd5aad -> block 855 (stored)
[cas    ] put len 512 hash 51aa4c26c8066cc2 -> block 856 (stored)
[cas    ] put len 512 hash 5c5f2ee14a874b51 -> block 857 (stored)
[cas    ] put len 512 hash ea83d63435194c49 -> block 858 (stored)
[cas    ] put len 512 hash 4741ed08c336fa95 -> block 859 (stored)
[cas    ] put len 512 hash de9352a4c808e2c5 -> block 860 (stored)
[cas    ] put len 512 hash e213785f9ccbc387 -> block 861 (stored)
[cas    ] put len 512 hash 4d188281ed943faa -> block 862 (stored)
[cas    ] put len 512 hash 664ea0181c2bc4bd -> block 863 (stored)
[cas    ] put len 512 hash 1cf7b8646c6f9968 -> block 864 (stored)
[cas    ] put len 512 hash a2e015e5b660fcf6 -> block 865 (stored)
[cas    ] put len 512 hash 5663a0e2c4ccd66b -> block 866 (stored)
[cas    ] put len 512 hash 0649d03eb3834c8b -> block 867 (stored)
[cas    ] put len 512 hash 570fb336b58b9f63 -> block 868 (stored)
[cas    ] put len 512 hash b2b02b4bd0c36a18 -> block 869 (stored)
[cas    ] put len 512 hash 22967a87a0af5217 -> block 870 (stored)
[cas    ] put len 512 hash b67b1ec2a9cac5f6 -> block 871 (stored)
[cas    ] put len 512 hash 420ac3b8f70cb496 -> block 872 (stored)
[cas    ] put len 512 hash 2bab9c1589c4a5b1 -> block 873 (stored)
[cas    ] put len 512 hash 03aa00191c02e5e8 -> block 874 (stored)
[cas    ] put len 512 hash 904f5675ce38c585 -> block 875 (stored)
[cas    ] put len 512 hash 9761d812bdde625c -> block 876 (stored)
[cas    ] put len 512 hash ea0fd3fd3a0aad89 -> block 877 (stored)
[cas    ] put len 512 hash 966f4dd399921622 -> block 878 (stored)
[cas    ] put len 512 hash 9f7d60c3d7a4022f -> block 879 (stored)
[cas    ] put len 512 hash 2e8a82bd010987a6 -> block 880 (stored)
[cas    ] put len 512 hash 112167a3993970ef -> block 881 (stored)
[cas    ] put len 512 hash f605c3b475cc2271 -> block 882 (stored)
[cas    ] put len 512 hash 1edeaa529fbf2abd -> block 883 (stored)
[cas    ] put len 512 hash d5d11d0f946b895c -> block 884 (stored)
[cas    ] put len 512 hash 411f2e0c4fc352e1 -> block 885 (stored)
[cas    ] put len 512 hash 80bfa9934dc294bd -> block 886 (stored)
[cas    ] put len 512 hash 3d5185e462f372b8 -> block 887 (stored)
[cas    ] put len 512 hash 7f697b516c7e65b0 -> block 888 (stored)
[cas    ] put len 512 hash 142d69602f3227bf -> block 889 (stored)
[cas    ] put len 512 hash 489e0699a10e23b1 -> block 890 (stored)
[cas    ] put len 512 hash c5e40b10a691d17f -> block 891 (stored)
[cas    ] put len 512 hash 7051755971e53e07 -> block 892 (stored)
[cas    ] put len 512 hash 501ff2ff2ff1a7fb -> block 893 (stored)
[cas    ] put len 512 hash 1b371cd9f36dad15 -> block 894 (stored)
[cas    ] put len 512 hash f1a13d76a1f405a2 -> block 895 (stored)
[cas    ] put len 512 hash e93f2a0d8ea7daf3 -> block 896 (stored)
[cas    ] put len 512 hash f9bb1f8f8f7a479d -> block 897 (stored)
[cas    ] put len 512 hash 628869b9c89b3e5e -> block 898 (stored)
[cas    ] put len 512 hash d4b557820fe1a59d -> block 899 (stored)
[cas    ] put len 512 hash 4b7827b6d9dbecad -> block 900 (stored)
[cas    ] put len 512 hash 082d6d73e614833b -> block 901 (stored)
[cas    ] put len 512 hash 919bbb8023695a59 -> block 902 (stored)
[cas    ] put len 512 hash 4aa61315f38bbbf0 -> block 903 (stored)
[cas    ] put len 512 hash a4d7032695f57bcf -> block 904 (stored)
[cas    ] put len 512 hash 71f8d5259c44a119 -> block 905 (stored)
[cas    ] put len 512 hash 90323063c4b966f6 -> block 906 (stored)
[cas    ] put len 512 hash 6a73a77f1e9c9de4 -> block 907 (stored)
[cas    ] put len 512 hash 8d24f4366c3bdf7e -> block 908 (stored)
[cas    ] put len 512 hash bb5313a49f13bae0 -> block 909 (stored)
[cas    ] put len 512 hash 7dc9186f5cbc40f4 -> block 910 (stored)
[cas    ] put len 512 hash de0d02180a1aa5e2 -> block 911 (stored)
[cas    ] put len 512 hash 8e924bd0cecb75d2 -> block 912 (stored)
[cas    ] put len 512 hash 25fd509da9b91355 -> block 913 (stored)
[cas    ] put len 512 hash fb75fe9e2f1c9c59 -> block 914 (stored)
[cas    ] put len 512 hash 9d5a9de4f6b9d2c9 -> block 915 (stored)
[cas    ] put len 512 hash de1e043ee8476dcd -> block 916 (stored)
[cas    ] put len 512 hash 0953bc328f120617 -> block 917 (stored)
[cas    ] put len 144 hash a8449f85cc33d2e4 -> block 918 (stored)
[cas    ] put len 512 hash 91564c338c789e51 -> block 919 (stored)
[cas    ] put len 512 hash a8551aa023b2ae04 -> block 920 (stored)
[cas    ] put len 512 hash 8cefa0214020f763 -> block 921 (stored)
[cas    ] put len 512 hash ff00b67cbc8dd5d3 -> block 922 (stored)
[cas    ] put len 512 hash 361f610ccc280ec5 -> block 923 (stored)
[cas    ] put len 512 hash cb049d9ab47d32ce -> DEDUP to block 650 (no write)
[cas    ] put len 512 hash 74fde0ba14acbbb6 -> DEDUP to block 651 (no write)
[cas    ] put len 512 hash 549298c50fdbd1fe -> DEDUP to block 652 (no write)
[cas    ] put len 512 hash bd123c2163f46d8d -> DEDUP to block 653 (no write)
[cas    ] put len 512 hash 1f837e34bc74f83e -> DEDUP to block 654 (no write)
[cas    ] put len 512 hash f4d57d21ee971b0e -> DEDUP to block 655 (no write)
[cas    ] put len 512 hash 3ff7dd6f6240a0c6 -> DEDUP to block 656 (no write)
[cas    ] put len 512 hash bac7b7e9c318fe80 -> DEDUP to block 657 (no write)
[cas    ] put len 512 hash 50d603b7dedb2e94 -> DEDUP to block 658 (no write)
[cas    ] put len 512 hash ca87ada26a4383d1 -> DEDUP to block 659 (no write)
[cas    ] put len 512 hash 1a33bff36f212ddf -> DEDUP to block 660 (no write)
[cas    ] put len 512 hash 552fdeb721c253f2 -> DEDUP to block 661 (no write)
[cas    ] put len 512 hash e21be967b069b4be -> DEDUP to block 662 (no write)
[cas    ] put len 512 hash 181330c62c219a0a -> DEDUP to block 663 (no write)
[cas    ] put len 512 hash 1b24812c91e881f3 -> DEDUP to block 664 (no write)
[cas    ] put len 512 hash 7c21c18cefd8754a -> DEDUP to block 665 (no write)
[cas    ] put len 512 hash d0a4e6d5f82d3617 -> DEDUP to block 666 (no write)
[cas    ] put len 512 hash 8182fdb2d49a764d -> DEDUP to block 667 (no write)
[cas    ] put len 512 hash 805ba60b1ee45198 -> DEDUP to block 668 (no write)
[cas    ] put len 512 hash 9e11fa65caab22c9 -> DEDUP to block 669 (no write)
[cas    ] put len 512 hash 6d763aee56740376 -> DEDUP to block 670 (no write)
[cas    ] put len 512 hash d40294dfdc14556a -> DEDUP to block 671 (no write)
[cas    ] put len 512 hash 12e38d2cc09dc0d9 -> DEDUP to block 672 (no write)
[cas    ] put len 512 hash 10b9843bd1f9ff7b -> DEDUP to block 673 (no write)
[cas    ] put len 512 hash 72ff90a4885373be -> DEDUP to block 674 (no write)
[cas    ] put len 512 hash bdb43bc9d08e3261 -> DEDUP to block 675 (no write)
[cas    ] put len 512 hash e1cec4a31dc4f5b9 -> DEDUP to block 676 (no write)
[cas    ] put len 512 hash 4dedf00f4682836c -> DEDUP to block 677 (no write)
[cas    ] put len 512 hash 64100964eff12b85 -> DEDUP to block 678 (no write)
[cas    ] put len 512 hash 9068016c157f439f -> DEDUP to block 679 (no write)
[cas    ] put len 512 hash 65cc1d92e9ef409e -> DEDUP to block 680 (no write)
[cas    ] put len 512 hash 205cfcc4ff17eed9 -> DEDUP to block 681 (no write)
[cas    ] put len 512 hash 0c7595d5e60e5c42 -> DEDUP to block 682 (no write)
[cas    ] put len 512 hash 3f156594b60b2ea1 -> DEDUP to block 683 (no write)
[cas    ] put len 512 hash f9c0dd24844d0674 -> DEDUP to block 684 (no write)
[cas    ] put len 512 hash 49fc733d5117112a -> DEDUP to block 685 (no write)
[cas    ] put len 512 hash 534c365be165ee7e -> DEDUP to block 686 (no write)
[cas    ] put len 512 hash 455f12a23bbf47e0 -> DEDUP to block 687 (no write)
[cas    ] put len 512 hash fb7af756ff84a1ef -> DEDUP to block 688 (no write)
[cas    ] put len 512 hash f699cf84b16a7803 -> DEDUP to block 689 (no write)
[cas    ] put len 512 hash 20dc2a002c502d13 -> DEDUP to block 690 (no write)
[cas    ] put len 512 hash a00d92e7613600df -> DEDUP to block 691 (no write)
[cas    ] put len 512 hash 518da76accb6172e -> DEDUP to block 692 (no write)
[cas    ] put len 512 hash fe33d9f883f4b034 -> DEDUP to block 693 (no write)
[cas    ] put len 512 hash 1c4d89a8c3f1932d -> DEDUP to block 694 (no write)
[cas    ] put len 512 hash 11d7ce6f5d24a86d -> DEDUP to block 695 (no write)
[cas    ] put len 512 hash 98ac926c021d3806 -> DEDUP to block 696 (no write)
[cas    ] put len 512 hash b7364cf80c53794b -> DEDUP to block 697 (no write)
[cas    ] put len 512 hash 9b753db2b25fdc49 -> DEDUP to block 698 (no write)
[cas    ] put len 512 hash e244b88b2541b827 -> DEDUP to block 699 (no write)
[cas    ] put len 512 hash 8e144cbfbbac9aea -> DEDUP to block 700 (no write)
[cas    ] put len 512 hash f5770b12bde9e29d -> DEDUP to block 701 (no write)
[cas    ] put len 512 hash b76aebbcb10796b7 -> DEDUP to block 702 (no write)
[cas    ] put len 512 hash cdfeaa860e7b7653 -> DEDUP to block 703 (no write)
[cas    ] put len 512 hash 06533b0cccf5984c -> DEDUP to block 704 (no write)
[cas    ] put len 512 hash 35e852ac7fc68968 -> DEDUP to block 705 (no write)
[cas    ] put len 512 hash a4d009f00535a96c -> DEDUP to block 706 (no write)
[cas    ] put len 512 hash c784dcf8c687bcaf -> DEDUP to block 707 (no write)
[cas    ] put len 512 hash b66dc150e10b50d4 -> DEDUP to block 708 (no write)
[cas    ] put len 512 hash 496de50c8d805489 -> DEDUP to block 709 (no write)
[cas    ] put len 512 hash 06ff8aa4f4b7a652 -> DEDUP to block 710 (no write)
[cas    ] put len 512 hash beb08bb3736d5109 -> DEDUP to block 711 (no write)
[cas    ] put len 512 hash 8dc6d84bf32f4aaf -> DEDUP to block 712 (no write)
[cas    ] put len 512 hash 59fec655207d24b0 -> DEDUP to block 713 (no write)
[cas    ] put len 512 hash 51f05eac88e2fe1d -> DEDUP to block 714 (no write)
[cas    ] put len 512 hash 7b8fd1101d158ec3 -> DEDUP to block 715 (no write)
[cas    ] put len 512 hash a53bdb72a0fc4a1b -> DEDUP to block 716 (no write)
[cas    ] put len 512 hash e80e64d49f744991 -> DEDUP to block 717 (no write)
[cas    ] put len 512 hash 8e75a22a7fb2b404 -> DEDUP to block 718 (no write)
[cas    ] put len 512 hash 6c75ae4cae75ee80 -> DEDUP to block 719 (no write)
[cas    ] put len 512 hash 861aeaa82070257c -> DEDUP to block 720 (no write)
[cas    ] put len 512 hash a9551d44080f8fa0 -> DEDUP to block 721 (no write)
[cas    ] put len 512 hash ab34ed9d5ef99796 -> DEDUP to block 722 (no write)
[cas    ] put len 512 hash 1c58e88b623e4667 -> DEDUP to block 723 (no write)
[cas    ] put len 512 hash 8f767b05d5b45ac2 -> DEDUP to block 724 (no write)
[cas    ] put len 512 hash f1b5b1633672fa02 -> DEDUP to block 725 (no write)
[cas    ] put len 512 hash 2b53186aae58ecc5 -> DEDUP to block 726 (no write)
[cas    ] put len 512 hash 276935224de959ff -> DEDUP to block 727 (no write)
[cas    ] put len 512 hash 7e0766a111101583 -> DEDUP to block 728 (no write)
[cas    ] put len 512 hash c8d7bf2836c5de53 -> DEDUP to block 729 (no write)
[cas    ] put len 512 hash 155348f5bed3dc0d -> DEDUP to block 730 (no write)
[cas    ] put len 512 hash 3dc1d62de63fa424 -> DEDUP to block 731 (no write)
[cas    ] put len 512 hash d69ced1b4fbaa366 -> DEDUP to block 732 (no write)
[cas    ] put len 512 hash 80478a13a7bfd015 -> DEDUP to block 733 (no write)
[cas    ] put len 512 hash 015da332096a84f9 -> DEDUP to block 734 (no write)
[cas    ] put len 512 hash e543889ddda45b25 -> DEDUP to block 735 (no write)
[cas    ] put len 512 hash a6fc35d52285e091 -> DEDUP to block 736 (no write)
[cas    ] put len 512 hash aa7d83fac7e912ac -> DEDUP to block 737 (no write)
[cas    ] put len 512 hash 26b35985a9664f3a -> DEDUP to block 738 (no write)
[cas    ] put len 512 hash ae6420694bb45e78 -> DEDUP to block 739 (no write)
[cas    ] put len 512 hash bf74743f377d546a -> DEDUP to block 740 (no write)
[cas    ] put len 512 hash 6b317a14034d2af2 -> DEDUP to block 741 (no write)
[cas    ] put len 512 hash ab67e36ca07d22f4 -> DEDUP to block 742 (no write)
[cas    ] put len 512 hash fde0087272b287d9 -> DEDUP to block 743 (no write)
[cas    ] put len 512 hash 71290aa289b48de4 -> DEDUP to block 744 (no write)
[cas    ] put len 512 hash 6261d7b179284a02 -> DEDUP to block 745 (no write)
[cas    ] put len 512 hash 9fbf934ea0fd42db -> DEDUP to block 746 (no write)
[cas    ] put len 512 hash 461a68dc00bba7c7 -> DEDUP to block 747 (no write)
[cas    ] put len 512 hash 17551b48c941c4ff -> DEDUP to block 748 (no write)
[cas    ] put len 512 hash 83aeabab6472cef8 -> DEDUP to block 749 (no write)
[cas    ] put len 512 hash 2a57159a3f9b5b73 -> DEDUP to block 750 (no write)
[cas    ] put len 512 hash 7a51b7d1378fc1df -> DEDUP to block 751 (no write)
[cas    ] put len 512 hash fbef5b0a9e291c52 -> DEDUP to block 752 (no write)
[cas    ] put len 512 hash 9189cb5a32da272e -> DEDUP to block 753 (no write)
[cas    ] put len 512 hash c60c168bbfdea88e -> DEDUP to block 754 (no write)
[cas    ] put len 512 hash fc86440863f24de4 -> DEDUP to block 755 (no write)
[cas    ] put len 512 hash 2421ce05ff50625e -> DEDUP to block 756 (no write)
[cas    ] put len 512 hash 6b3f5c07560ed066 -> DEDUP to block 757 (no write)
[cas    ] put len 512 hash 2d707bcd074a024f -> DEDUP to block 758 (no write)
[cas    ] put len 512 hash cae6a53aec96943b -> DEDUP to block 759 (no write)
[cas    ] put len 512 hash 2f1d937e7676ff91 -> DEDUP to block 760 (no write)
[cas    ] put len 512 hash 01b842284f3d4c41 -> DEDUP to block 761 (no write)
[cas    ] put len 512 hash 59168b05660da34e -> DEDUP to block 762 (no write)
[cas    ] put len 512 hash 218c22bdaa15b537 -> DEDUP to block 763 (no write)
[cas    ] put len 512 hash 59e7751dab70735d -> DEDUP to block 764 (no write)
[cas    ] put len 512 hash 37a7cc8c71fbd546 -> DEDUP to block 765 (no write)
[cas    ] put len 512 hash d64c5a7cc99c4a19 -> DEDUP to block 766 (no write)
[cas    ] put len 512 hash 5564a26741a486fc -> DEDUP to block 767 (no write)
[cas    ] put len 512 hash 99b2edd92e6997ed -> DEDUP to block 768 (no write)
[cas    ] put len 512 hash 6c44a20450546d69 -> DEDUP to block 769 (no write)
[cas    ] put len 512 hash 4fab1f747fec95bd -> DEDUP to block 770 (no write)
[cas    ] put len 512 hash 4243e2ecd4d22eda -> DEDUP to block 771 (no write)
[cas    ] put len 512 hash f9b349d1c155387c -> DEDUP to block 772 (no write)
[cas    ] put len 512 hash 4f99777730212fe9 -> DEDUP to block 773 (no write)
[cas    ] put len 512 hash ecf9dcc758ff2e21 -> DEDUP to block 774 (no write)
[cas    ] put len 512 hash 26737a09871c3ece -> DEDUP to block 775 (no write)
[cas    ] put len 512 hash 6777171360bc6ff5 -> DEDUP to block 776 (no write)
[cas    ] put len 512 hash 07435d37e893b360 -> DEDUP to block 777 (no write)
[cas    ] put len 512 hash 693e054d1377913b -> DEDUP to block 778 (no write)
[cas    ] put len 512 hash 4092338b57a1b943 -> DEDUP to block 779 (no write)
[cas    ] put len 512 hash 661d9ed3165c6fc0 -> DEDUP to block 780 (no write)
[cas    ] put len 512 hash e62595199ecca322 -> DEDUP to block 781 (no write)
[cas    ] put len 512 hash 446fd5228c15ce45 -> DEDUP to block 782 (no write)
[cas    ] put len 512 hash 662400ac3b9e8fac -> DEDUP to block 783 (no write)
[cas    ] put len 512 hash d214f0624d9e0f13 -> DEDUP to block 784 (no write)
[cas    ] put len 512 hash 7da5b1c30b9b5fd1 -> DEDUP to block 785 (no write)
[cas    ] put len 512 hash db90a97bcdcc26f7 -> DEDUP to block 786 (no write)
[cas    ] put len 512 hash 3b7d8cf12e92fe88 -> DEDUP to block 787 (no write)
[cas    ] put len 512 hash c10832d43fc1007f -> DEDUP to block 788 (no write)
[cas    ] put len 512 hash 6a72d00192d3ecb6 -> DEDUP to block 789 (no write)
[cas    ] put len 512 hash 61f269fcd37fc094 -> DEDUP to block 790 (no write)
[cas    ] put len 512 hash e79c29c233f7da07 -> DEDUP to block 791 (no write)
[cas    ] put len 512 hash cab98b0221e256c5 -> DEDUP to block 792 (no write)
[cas    ] put len 512 hash 16d348f2d430842f -> DEDUP to block 793 (no write)
[cas    ] put len 512 hash 76c522074c95a6b9 -> DEDUP to block 794 (no write)
[cas    ] put len 512 hash 3447a5d6850ecb87 -> DEDUP to block 795 (no write)
[cas    ] put len 512 hash aeea77cebb84bb68 -> DEDUP to block 796 (no write)
[cas    ] put len 512 hash 29f8c426c81130c2 -> DEDUP to block 797 (no write)
[cas    ] put len 512 hash 37fa07888bcbfb48 -> DEDUP to block 798 (no write)
[cas    ] put len 512 hash d7862d828914a83f -> DEDUP to block 799 (no write)
[cas    ] put len 512 hash 2c965e7e60834133 -> DEDUP to block 800 (no write)
[cas    ] put len 512 hash d39c98bdeb6a9aa0 -> DEDUP to block 801 (no write)
[cas    ] put len 512 hash d019a6d770bd6d29 -> DEDUP to block 802 (no write)
[cas    ] put len 512 hash b9b3630a8734be28 -> DEDUP to block 803 (no write)
[cas    ] put len 512 hash ed867e1f7161b474 -> DEDUP to block 804 (no write)
[cas    ] put len 512 hash 630f40c2c8b054d9 -> DEDUP to block 805 (no write)
[cas    ] put len 512 hash 51c87f9b668cc21d -> DEDUP to block 806 (no write)
[cas    ] put len 512 hash 32f2633908c8bd26 -> DEDUP to block 807 (no write)
[cas    ] put len 512 hash fb8210b171e629a8 -> DEDUP to block 808 (no write)
[cas    ] put len 512 hash da26a3ad4a041e52 -> DEDUP to block 809 (no write)
[cas    ] put len 512 hash 527f1f0b5148a0f2 -> DEDUP to block 810 (no write)
[cas    ] put len 512 hash 2fc502eb8b6608d8 -> DEDUP to block 811 (no write)
[cas    ] put len 512 hash 2f66a0643e54ac1c -> DEDUP to block 812 (no write)
[cas    ] put len 512 hash 1bba0492ef249b6e -> DEDUP to block 813 (no write)
[cas    ] put len 512 hash be5b73c858a69c3f -> DEDUP to block 814 (no write)
[cas    ] put len 512 hash eabb040700654302 -> DEDUP to block 815 (no write)
[cas    ] put len 512 hash e409c376f054cd31 -> DEDUP to block 816 (no write)
[cas    ] put len 512 hash 2b522e99baf924fe -> DEDUP to block 817 (no write)
[cas    ] put len 512 hash 83294d706dea784a -> DEDUP to block 818 (no write)
[cas    ] put len 512 hash b93429248cbfe0b4 -> DEDUP to block 819 (no write)
[cas    ] put len 512 hash 4609dd07de19dbff -> DEDUP to block 820 (no write)
[cas    ] put len 512 hash 24e3cef710113b14 -> DEDUP to block 821 (no write)
[cas    ] put len 512 hash 203c48d724f3e515 -> DEDUP to block 822 (no write)
[cas    ] put len 512 hash acd374af0757745f -> DEDUP to block 823 (no write)
[cas    ] put len 512 hash d0e5d6f3e3170287 -> DEDUP to block 824 (no write)
[cas    ] put len 512 hash 9452262d087b0e58 -> DEDUP to block 825 (no write)
[cas    ] put len 512 hash 54c945da49245e8f -> DEDUP to block 826 (no write)
[cas    ] put len 512 hash ace1792c3a31f9dd -> DEDUP to block 827 (no write)
[cas    ] put len 512 hash b1733f7a71c398ec -> DEDUP to block 828 (no write)
[cas    ] put len 512 hash 1364eac47edf6b59 -> DEDUP to block 829 (no write)
[cas    ] put len 512 hash d68f6bd604a4834e -> DEDUP to block 830 (no write)
[cas    ] put len 512 hash 660baa674c1d0b9c -> DEDUP to block 831 (no write)
[cas    ] put len 512 hash a4a2c995ed13dff8 -> DEDUP to block 832 (no write)
[cas    ] put len 512 hash 6f384f20d5552884 -> DEDUP to block 833 (no write)
[cas    ] put len 512 hash 7435166e7b7c5127 -> DEDUP to block 834 (no write)
[cas    ] put len 512 hash 99f6cbc201d5cb13 -> DEDUP to block 835 (no write)
[cas    ] put len 512 hash f7c543825daf32d6 -> DEDUP to block 836 (no write)
[cas    ] put len 512 hash 9fac9e5ab8dbfe2e -> DEDUP to block 837 (no write)
[cas    ] put len 512 hash 1956582b88e7dead -> DEDUP to block 838 (no write)
[cas    ] put len 512 hash 26c5453945aa18dc -> DEDUP to block 839 (no write)
[cas    ] put len 512 hash 4f47e4b082169e38 -> DEDUP to block 840 (no write)
[cas    ] put len 512 hash f0cbfe44cddd4fad -> DEDUP to block 841 (no write)
[cas    ] put len 512 hash 2f187a95520a887c -> DEDUP to block 842 (no write)
[cas    ] put len 512 hash 57f1adb18a0fe4a6 -> DEDUP to block 843 (no write)
[cas    ] put len 512 hash d5df4cfa21de7f43 -> DEDUP to block 844 (no write)
[cas    ] put len 512 hash bc90eee697f15ff0 -> DEDUP to block 845 (no write)
[cas    ] put len 512 hash cf51636096c4a06e -> DEDUP to block 846 (no write)
[cas    ] put len 512 hash ffa1990c776639be -> DEDUP to block 847 (no write)
[cas    ] put len 512 hash 6b5c50235a0b29b0 -> DEDUP to block 848 (no write)
[cas    ] put len 512 hash f8557e50f3f44fd1 -> DEDUP to block 849 (no write)
[cas    ] put len 512 hash c841a2c57a162fd9 -> DEDUP to block 850 (no write)
[cas    ] put len 512 hash 940c1a790c234998 -> DEDUP to block 851 (no write)
[cas    ] put len 512 hash 1db750237b539e1c -> DEDUP to block 852 (no write)
[cas    ] put len 512 hash a8e134254456d4c2 -> DEDUP to block 853 (no write)
[cas    ] put len 512 hash 719a4fb9ec077c47 -> DEDUP to block 854 (no write)
[cas    ] put len 512 hash 884bc36039cd5aad -> DEDUP to block 855 (no write)
[cas    ] put len 512 hash 51aa4c26c8066cc2 -> DEDUP to block 856 (no write)
[cas    ] put len 512 hash 5c5f2ee14a874b51 -> DEDUP to block 857 (no write)
[cas    ] put len 512 hash ea83d63435194c49 -> DEDUP to block 858 (no write)
[cas    ] put len 512 hash 4741ed08c336fa95 -> DEDUP to block 859 (no write)
[cas    ] put len 512 hash de9352a4c808e2c5 -> DEDUP to block 860 (no write)
[cas    ] put len 512 hash e213785f9ccbc387 -> DEDUP to block 861 (no write)
[cas    ] put len 512 hash 4d188281ed943faa -> DEDUP to block 862 (no write)
[cas    ] put len 512 hash 664ea0181c2bc4bd -> DEDUP to block 863 (no write)
[cas    ] put len 512 hash 1cf7b8646c6f9968 -> DEDUP to block 864 (no write)
[cas    ] put len 512 hash a2e015e5b660fcf6 -> DEDUP to block 865 (no write)
[cas    ] put len 512 hash 5663a0e2c4ccd66b -> DEDUP to block 866 (no write)
[cas    ] put len 512 hash 0649d03eb3834c8b -> DEDUP to block 867 (no write)
[cas    ] put len 512 hash 570fb336b58b9f63 -> DEDUP to block 868 (no write)
[cas    ] put len 512 hash b2b02b4bd0c36a18 -> DEDUP to block 869 (no write)
[cas    ] put len 512 hash 22967a87a0af5217 -> DEDUP to block 870 (no write)
[cas    ] put len 512 hash b67b1ec2a9cac5f6 -> DEDUP to block 871 (no write)
[cas    ] put len 512 hash 420ac3b8f70cb496 -> DEDUP to block 872 (no write)
[cas    ] put len 512 hash 2bab9c1589c4a5b1 -> DEDUP to block 873 (no write)
[cas    ] put len 512 hash 03aa00191c02e5e8 -> DEDUP to block 874 (no write)
[cas    ] put len 512 hash 904f5675ce38c585 -> DEDUP to block 875 (no write)
[cas    ] put len 512 hash 9761d812bdde625c -> DEDUP to block 876 (no write)
[cas    ] put len 512 hash ea0fd3fd3a0aad89 -> DEDUP to block 877 (no write)
[cas    ] put len 512 hash 966f4dd399921622 -> DEDUP to block 878 (no write)
[cas    ] put len 512 hash 9f7d60c3d7a4022f -> DEDUP to block 879 (no write)
[cas    ] put len 512 hash 2e8a82bd010987a6 -> DEDUP to block 880 (no write)
[cas    ] put len 512 hash 112167a3993970ef -> DEDUP to block 881 (no write)
[cas    ] put len 512 hash f605c3b475cc2271 -> DEDUP to block 882 (no write)
[cas    ] put len 512 hash 1edeaa529fbf2abd -> DEDUP to block 883 (no write)
[cas    ] put len 512 hash d5d11d0f946b895c -> DEDUP to block 884 (no write)
[cas    ] put len 512 hash 411f2e0c4fc352e1 -> DEDUP to block 885 (no write)
[cas    ] put len 512 hash 80bfa9934dc294bd -> DEDUP to block 886 (no write)
[cas    ] put len 512 hash 3d5185e462f372b8 -> DEDUP to block 887 (no write)
[cas    ] put len 512 hash 7f697b516c7e65b0 -> DEDUP to block 888 (no write)
[cas    ] put len 512 hash 142d69602f3227bf -> DEDUP to block 889 (no write)
[cas    ] put len 512 hash 489e0699a10e23b1 -> DEDUP to block 890 (no write)
[cas    ] put len 512 hash c5e40b10a691d17f -> DEDUP to block 891 (no write)
[cas    ] put len 512 hash 7051755971e53e07 -> DEDUP to block 892 (no write)
[cas    ] put len 512 hash 501ff2ff2ff1a7fb -> DEDUP to block 893 (no write)
[cas    ] put len 512 hash 1b371cd9f36dad15 -> DEDUP to block 894 (no write)
[cas    ] put len 512 hash f1a13d76a1f405a2 -> DEDUP to block 895 (no write)
[cas    ] put len 512 hash e93f2a0d8ea7daf3 -> DEDUP to block 896 (no write)
[cas    ] put len 512 hash f9bb1f8f8f7a479d -> DEDUP to block 897 (no write)
[cas    ] put len 512 hash 628869b9c89b3e5e -> DEDUP to block 898 (no write)
[cas    ] put len 512 hash d4b557820fe1a59d -> DEDUP to block 899 (no write)
[cas    ] put len 512 hash 4b7827b6d9dbecad -> DEDUP to block 900 (no write)
[cas    ] put len 512 hash 082d6d73e614833b -> DEDUP to block 901 (no write)
[cas    ] put len 512 hash 919bbb8023695a59 -> DEDUP to block 902 (no write)
[cas    ] put len 512 hash 4aa61315f38bbbf0 -> DEDUP to block 903 (no write)
[cas    ] put len 512 hash a4d7032695f57bcf -> DEDUP to block 904 (no write)
[cas    ] put len 512 hash 71f8d5259c44a119 -> DEDUP to block 905 (no write)
[cas    ] put len 512 hash 90323063c4b966f6 -> DEDUP to block 906 (no write)
[cas    ] put len 512 hash 6a73a77f1e9c9de4 -> DEDUP to block 907 (no write)
[cas    ] put len 512 hash 8d24f4366c3bdf7e -> DEDUP to block 908 (no write)
[cas    ] put len 512 hash bb5313a49f13bae0 -> DEDUP to block 909 (no write)
[cas    ] put len 512 hash 7dc9186f5cbc40f4 -> DEDUP to block 910 (no write)
[cas    ] put len 512 hash de0d02180a1aa5e2 -> DEDUP to block 911 (no write)
[cas    ] put len 512 hash 8e924bd0cecb75d2 -> DEDUP to block 912 (no write)
[cas    ] put len 512 hash 25fd509da9b91355 -> DEDUP to block 913 (no write)
[cas    ] put len 512 hash fb75fe9e2f1c9c59 -> DEDUP to block 914 (no write)
[cas    ] put len 512 hash 9d5a9de4f6b9d2c9 -> DEDUP to block 915 (no write)
[cas    ] put len 512 hash de1e043ee8476dcd -> DEDUP to block 916 (no write)
[cas    ] put len 512 hash 0953bc328f120617 -> DEDUP to block 917 (no write)
[cas    ] put len 144 hash a8449f85cc33d2e4 -> DEDUP to block 918 (no write)
[cas    ] put len 512 hash 91564c338c789e51 -> DEDUP to block 919 (no write)
[cas    ] put len 512 hash a8551aa023b2ae04 -> DEDUP to block 920 (no write)
[cas    ] put len 512 hash 8cefa0214020f763 -> DEDUP to block 921 (no write)
[cas    ] put len 512 hash ff00b67cbc8dd5d3 -> DEDUP to block 922 (no write)
[cas    ] put len 512 hash 361f610ccc280ec5 -> DEDUP to block 923 (no write)
[cas    ] put len 512 hash d1a9fdb1b665802a -> block 924 (stored)
[cas    ] put len 512 hash 63ef783144edd099 -> block 925 (stored)
[cas    ] put len 512 hash e8cfd51f050a500e -> block 926 (stored)
[cas    ] put len 512 hash 70ce5ccac17869b0 -> block 927 (stored)
[cas    ] put len 512 hash 17928cf947ee6932 -> block 928 (stored)
[cas    ] put len 512 hash 29ad20c62dec22db -> block 929 (stored)
[cas    ] put len 244 hash 0e6c2f9aeeda2560 -> block 930 (stored)
[cas    ] put len 512 hash 82f0c0b6af482e14 -> block 931 (stored)
[cas    ] put len 512 hash e80301acf63cf8e0 -> block 932 (stored)
[cas    ] put len 475 hash a9d431653e73b229 -> block 933 (stored)
[cas    ] put len 512 hash d3b73aebeaffbaae -> block 934 (stored)
[cas    ] put len 338 hash d6798ca1e451dba3 -> block 935 (stored)
[cas    ] put len 236 hash 35eb625e4b55e0db -> block 936 (stored)
[cas    ] put len 512 hash 6edbb92fea8476c3 -> block 937 (stored)
[cas    ] put len 512 hash 0894a2cc2b750969 -> block 938 (stored)
[cas    ] put len 512 hash 7204128ac106c6de -> block 939 (stored)
[cas    ] put len 512 hash 37b0ba9254c454c1 -> block 940 (stored)
[cas    ] put len 512 hash b59b831d63386aa7 -> block 941 (stored)
[cas    ] put len 280 hash dd07f3d5dfedd694 -> block 942 (stored)
[cas    ] put len 512 hash 92230377d5c0ec7b -> block 943 (stored)
[cas    ] put len 405 hash 39d22a9edb87e795 -> block 944 (stored)
[cas    ] put len 512 hash fbe25a5578ea3f14 -> block 945 (stored)
[cas    ] put len 512 hash a7b0d7249c28285a -> block 946 (stored)
[cas    ] put len 512 hash 0569f8a9a83d1b35 -> block 947 (stored)
[cas    ] put len 151 hash d83e9880fe13b390 -> block 948 (stored)
[cas    ] put len 512 hash 520755d8f9da9ef8 -> block 949 (stored)
[cas    ] put len 512 hash 2e83bf92bc616d48 -> block 950 (stored)
[cas    ] put len 512 hash 9fbb983eb1e356b6 -> block 951 (stored)
[cas    ] put len 512 hash b10861fd841583ec -> block 952 (stored)
[cas    ] put len 512 hash 8e6b22f6e9bdfad3 -> block 953 (stored)
[cas    ] put len 512 hash 694342aa52d18e3c -> block 954 (stored)
[cas    ] put len 512 hash 2b8cef2761f93e60 -> block 955 (stored)
[cas    ] put len 512 hash 66a6e1e520959000 -> block 956 (stored)
[cas    ] put len 512 hash a6adf3f1bcecd530 -> block 957 (stored)
[cas    ] put len 512 hash 4eec2531d743dcdc -> block 958 (stored)
[cas    ] put len 512 hash 47beb384699bd47e -> block 959 (stored)
[cas    ] put len 512 hash 9d8c10288d8c073f -> block 960 (stored)
[cas    ] put len 512 hash 714bfebb86507d37 -> block 961 (stored)
[cas    ] put len 512 hash 9048f87fc5535aa0 -> block 962 (stored)
[cas    ] put len 512 hash 686353cff7bb807b -> block 963 (stored)
[cas    ] put len 3 hash 92fc2f19663598d2 -> block 964 (stored)
[cas    ] put len 512 hash 1d0ce35c77705482 -> block 965 (stored)
[cas    ] put len 495 hash 003da873f8b391fe -> block 966 (stored)
[cas    ] put len 512 hash 24e4834191f04ba6 -> block 967 (stored)
[cas    ] put len 512 hash f826136a59b7eecc -> block 968 (stored)
[cas    ] put len 512 hash 2df31184e3ad4416 -> block 969 (stored)
[cas    ] put len 512 hash fdecb435288e2f34 -> block 970 (stored)
[cas    ] put len 512 hash 1141d8be0123ddc6 -> block 971 (stored)
[cas    ] put len 512 hash 6919960a571ef501 -> block 972 (stored)
[cas    ] put len 512 hash 33e4ea65b22cec51 -> block 973 (stored)
[cas    ] put len 512 hash c209c5cc6c212f72 -> block 974 (stored)
[cas    ] put len 512 hash 37acb9c3363b56f5 -> block 975 (stored)
[cas    ] put len 512 hash b278fa30c6828290 -> block 976 (stored)
[cas    ] put len 512 hash f92a06eedb6d1236 -> block 977 (stored)
[cas    ] put len 512 hash 6f895203ac52d3fa -> block 978 (stored)
[cas    ] put len 512 hash d1a10745d6b64339 -> block 979 (stored)
[cas    ] put len 512 hash a9d12f5449cf82cc -> block 980 (stored)
[cas    ] put len 512 hash 53179e3111346d80 -> block 981 (stored)
[cas    ] put len 512 hash 034f1f6b44ad5f90 -> block 982 (stored)
[cas    ] put len 512 hash 757c9bfade584b3e -> block 983 (stored)
[cas    ] put len 512 hash e7bbde9934d36d08 -> block 984 (stored)
[cas    ] put len 512 hash e58c3d57c9d5e599 -> block 985 (stored)
[cas    ] put len 512 hash 973e88cd5385eabf -> block 986 (stored)
[cas    ] put len 512 hash 3c0f7a62f6261495 -> block 987 (stored)
[cas    ] put len 512 hash 1e7f2323b0ba3cd5 -> block 988 (stored)
[cas    ] put len 512 hash 5b2f5a2b83a1c36a -> block 989 (stored)
[cas    ] put len 512 hash 5e0553e4b81effa1 -> block 990 (stored)
[cas    ] put len 512 hash 7413f92c150f4582 -> block 991 (stored)
[cas    ] put len 512 hash 4b3ff8f69fb82aa0 -> block 992 (stored)
[cas    ] put len 512 hash fa2e3aa8c83c145c -> block 993 (stored)
[cas    ] put len 512 hash 2b64c71dc8bf81de -> block 994 (stored)
[cas    ] put len 512 hash b1972bca7e1d74da -> block 995 (stored)
[cas    ] put len 512 hash 35f3c539990d94d0 -> block 996 (stored)
[cas    ] put len 512 hash 2be39fd4d6a07279 -> block 997 (stored)
[cas    ] put len 512 hash be4fab103085ace0 -> block 998 (stored)
[cas    ] put len 512 hash b8c9ca47430b4400 -> block 999 (stored)
[cas    ] put len 512 hash 78e5b7ba67581a50 -> block 1000 (stored)
[cas    ] put len 512 hash 35a0bb005c51efc2 -> block 1001 (stored)
[cas    ] put len 512 hash 3fa86393f6b1ae50 -> block 1002 (stored)
[cas    ] put len 373 hash 207bc20d7eaeff91 -> block 1003 (stored)
[cas    ] put len 512 hash 3a6b410610f923f4 -> block 1004 (stored)
[cas    ] put len 512 hash e95ab1ca6b198bcd -> block 1005 (stored)
[cas    ] put len 512 hash 55d30a987421dacf -> block 1006 (stored)
[cas    ] put len 512 hash 3db43ba6bf886a28 -> block 1007 (stored)
[cas    ] put len 512 hash 716e174f66fb5c09 -> block 1008 (stored)
[cas    ] put len 512 hash 68bc605bf8ee55cd -> block 1009 (stored)
[cas    ] put len 512 hash 0a01a529ed928e3f -> block 1010 (stored)
[cas    ] put len 512 hash 0e3f9b20e3a82ee3 -> block 1011 (stored)
[cas    ] put len 512 hash d7e827eb3ab6516d -> block 1012 (stored)
[cas    ] put len 512 hash 9357f540456834f3 -> block 1013 (stored)
[cas    ] put len 512 hash e1390cda2088b036 -> block 1014 (stored)
[cas    ] put len 512 hash bfc44bdba34c5d55 -> block 1015 (stored)
[cas    ] put len 512 hash 9c2e1625e8841027 -> block 1016 (stored)
[cas    ] put len 512 hash 90d58b55e45c052d -> block 1017 (stored)
[cas    ] put len 512 hash 5dec2434199befad -> block 1018 (stored)
[cas    ] put len 512 hash bfd0057337d4433e -> block 1019 (stored)
[cas    ] put len 512 hash 4f0b8732739924da -> block 1020 (stored)
[cas    ] put len 512 hash 4921f5d51307d954 -> block 1021 (stored)
[cas    ] put len 512 hash cd21389e3671549c -> block 1022 (stored)
[cas    ] put len 512 hash 92008a7874c08805 -> block 1023 (stored)
[cas    ] put len 512 hash a1f801f42bcf1d38 -> block 1024 (stored)
[cas    ] put len 512 hash 2253ae5f6eff1a0d -> block 1025 (stored)
[cas    ] put len 512 hash 004725f2c401ce11 -> block 1026 (stored)
[cas    ] put len 512 hash 941e138f8ab81b44 -> block 1027 (stored)
[cas    ] put len 512 hash 413daab22d5eecab -> block 1028 (stored)
[cas    ] put len 512 hash 8487ec9e332bfbe6 -> block 1029 (stored)
[cas    ] put len 512 hash 268de19528a23919 -> block 1030 (stored)
[cas    ] put len 512 hash 654a73b385de960d -> block 1031 (stored)
[cas    ] put len 512 hash 0cdac22bd26cf0e5 -> block 1032 (stored)
[cas    ] put len 512 hash c6fce43173655e61 -> block 1033 (stored)
[cas    ] put len 512 hash 8beda11b1a625ef2 -> block 1034 (stored)
[cas    ] put len 512 hash cf03973ad4238af6 -> block 1035 (stored)
[cas    ] put len 512 hash 990a9e0b60f65753 -> block 1036 (stored)
[cas    ] put len 512 hash e6e04fe80cdd2bde -> block 1037 (stored)
[cas    ] put len 512 hash 1d0b4dd08dfe8b17 -> block 1038 (stored)
[cas    ] put len 512 hash cae8ea1c3fb5d1ed -> block 1039 (stored)
[cas    ] put len 512 hash c35352ca75eb78d1 -> block 1040 (stored)
[cas    ] put len 512 hash e9e6ab87432a04ae -> block 1041 (stored)
[cas    ] put len 512 hash 5105f864b579eba5 -> block 1042 (stored)
[cas    ] put len 512 hash 2fa6473e7d239cf8 -> block 1043 (stored)
[cas    ] put len 512 hash 85778a878e864369 -> block 1044 (stored)
[cas    ] put len 512 hash e11de4f2123e8f1c -> block 1045 (stored)
[cas    ] put len 512 hash 7a38ca5c3966a9fc -> block 1046 (stored)
[cas    ] put len 512 hash c8a72c9c2380dfa5 -> block 1047 (stored)
[cas    ] put len 512 hash d4dc05fee34162b7 -> block 1048 (stored)
[cas    ] put len 512 hash 78b748bbb97c2cd9 -> block 1049 (stored)
[cas    ] put len 512 hash 93d09f2a2582e5fc -> block 1050 (stored)
[cas    ] put len 512 hash da355900519bb07a -> block 1051 (stored)
[cas    ] put len 512 hash 6c86cd4c9ace75a7 -> block 1052 (stored)
[cas    ] put len 512 hash 23a6f83de21b0ab5 -> block 1053 (stored)
[cas    ] put len 274 hash 9cc014ad96bff0fb -> block 1054 (stored)
[cas    ] put len 512 hash b743d74375880d58 -> block 1055 (stored)
[cas    ] put len 512 hash 10cfefbbf5a36189 -> block 1056 (stored)
[cas    ] put len 512 hash 6fb3614f68aa3732 -> block 1057 (stored)
[cas    ] put len 512 hash 37de65b456ef0c46 -> block 1058 (stored)
[cas    ] put len 512 hash 6921841e11b5ae81 -> block 1059 (stored)
[cas    ] put len 512 hash 8a9fa59fb0d4c85a -> block 1060 (stored)
[cas    ] put len 512 hash bbe650b46138c3b7 -> block 1061 (stored)
[cas    ] put len 512 hash 2e1d5b1602560417 -> block 1062 (stored)
[cas    ] put len 512 hash 1c24288fa6440950 -> block 1063 (stored)
[cas    ] put len 512 hash c4e26fcfed1b29fc -> block 1064 (stored)
[cas    ] put len 512 hash 27c2858a175612a8 -> block 1065 (stored)
[cas    ] put len 512 hash 348a0cde5957de4d -> block 1066 (stored)
[cas    ] put len 512 hash 64cf89d91cf59293 -> block 1067 (stored)
[cas    ] put len 512 hash 71eefe5990b66670 -> block 1068 (stored)
[cas    ] put len 512 hash 404bd2d8d8d4f57b -> block 1069 (stored)
[cas    ] put len 512 hash 15f461abcd42f43f -> block 1070 (stored)
[cas    ] put len 512 hash d2c974550d28c8a9 -> block 1071 (stored)
[cas    ] put len 512 hash 26a4cee79560a544 -> block 1072 (stored)
[cas    ] put len 512 hash 1bdb476353bd46bd -> block 1073 (stored)
[cas    ] put len 512 hash 1dfa7ee3b0047808 -> block 1074 (stored)
[cas    ] put len 512 hash cee00098244eb0d3 -> block 1075 (stored)
[cas    ] put len 512 hash 549290676b8a296e -> block 1076 (stored)
[cas    ] put len 512 hash a230231d562b006d -> block 1077 (stored)
[cas    ] put len 512 hash e92efbba8a887bab -> block 1078 (stored)
[cas    ] put len 512 hash 938beee55d30ae09 -> block 1079 (stored)
[cas    ] put len 512 hash c405be691ab7c9ff -> block 1080 (stored)
[cas    ] put len 512 hash f7d4554905b86f4a -> block 1081 (stored)
[cas    ] put len 315 hash 269ca27320d31d79 -> block 1082 (stored)
[cas    ] put len 512 hash 12d3a37a601240e6 -> block 1083 (stored)
[cas    ] put len 512 hash 8680e78d375b9585 -> block 1084 (stored)
[cas    ] put len 338 hash 22db749565fa5b12 -> block 1085 (stored)
[cas    ] put len 160 hash daf5f63dbf2f0d8c -> block 1086 (stored)
[cas    ] put len 286 hash b1a99739d1fb3603 -> block 1087 (stored)
[cas    ] put len 221 hash bcbc801d317e12ac -> block 1088 (stored)
[sdk    ] installed 16/16 SDK files (79346 bytes): 7 headers in /usr/include, the runtime + README in /usr/lib, the toolchain's and the shell's own sources in /src
[cas    ] put len 70 hash 84244543d2d93a3d -> block 1089 (stored)
[cas    ] put len 512 hash aea49363f1ef848d -> block 1090 (stored)
[cas    ] put len 512 hash fb04efdab6d2ed4d -> block 1091 (stored)
[cas    ] put len 376 hash 7f4fe244e98a0963 -> block 1092 (stored)
[vfs    ] directory:
[vfs    ]   /bin/init  (137360 bytes, 269 chunks, hash d21c8e172ed69e5f)
[vfs    ]   /bin/occ  (137360 bytes, 269 chunks, hash d21c8e172ed69e5f)
[vfs    ]   /usr/include/outrun_abi.h  (3316 bytes, 7 chunks, hash 317cca280e996074)
[vfs    ]   /usr/include/stdio.h  (1499 bytes, 3 chunks, hash c1d0d51b961ff1fd)
[vfs    ]   /usr/include/stdlib.h  (850 bytes, 2 chunks, hash 15d881c173141bd0)
[vfs    ]   /usr/include/string.h  (236 bytes, 1 chunks, hash 35eb625e4b55e0db)
[vfs    ]   /usr/include/unistd.h  (2840 bytes, 6 chunks, hash da675e1c041189cb)
[vfs    ]   /usr/include/signal.h  (917 bytes, 2 chunks, hash 76fed0b6b26b35c7)
[vfs    ]   /usr/include/pthread.h  (1687 bytes, 4 chunks, hash 67244b48cbfcdf92)
[vfs    ]   /usr/lib/libc.oc  (7683 bytes, 16 chunks, hash 9e3771b906ddef71)
[vfs    ]   /usr/lib/README  (1007 bytes, 2 chunks, hash f420065d37ac7407)
[vfs    ]   /src/vedit.c  (18805 bytes, 37 chunks, hash 77077d3e94b6da6b)
[vfs    ]   /src/omake.c  (25362 bytes, 50 chunks, hash f711df9647dcd1ad)
[vfs    ]   /src/vsh.c  (13627 bytes, 27 chunks, hash dc2488675722b6b8)
[vfs    ]   /src/demo.mk  (850 bytes, 2 chunks, hash 11fccd1f51732532)
[vfs    ]   /src/hello.h  (160 bytes, 1 chunks, hash daf5f63dbf2f0d8c)
[vfs    ]   /src/hello_a.c  (286 bytes, 1 chunks, hash b1a99739d1fb3603)
[vfs    ]   /src/hello_b.c  (221 bytes, 1 chunks, hash bcbc801d317e12ac)
[vfs    ]   motd  (70 bytes, 1 chunks, hash 84244543d2d93a3d)
[vfs    ]   readme  (1400 bytes, 3 chunks, hash 0abbc20b3944d403)
[vfs    ] read 'readme' (1400 bytes, spans 3 blocks): content verified
[cas    ] put len 32 hash 50fc444c0771b178 -> block 1093 (stored)
[vfs    ] copy-on-write 'motd': hash 84244543d2d93a3d -> 50fc444c0771b178 (immutable blocks, name repointed)
[cas    ] put len 512 hash aea49363f1ef848d -> DEDUP to block 1090 (no write)
[cas    ] put len 512 hash fb04efdab6d2ed4d -> DEDUP to block 1091 (no write)
[cas    ] put len 376 hash 7f4fe244e98a0963 -> DEDUP to block 1092 (no write)
[vfs    ] 'readme_copy' identical to 'readme' -> blocks used +0 (CAS dedup)
-- done --
[udb    ] no stored database — starting empty, persistence armed
[udb    ] KDF cost: scrypt(N=1024 r=8 p=1, 1027 KiB) 28 ds/4 = ~70 ms each; PBKDF2(c=4096) 5 ds/4
-- preemptive scheduler + multiple outstanding I/O --
[sched  ] submitted 8 reads without blocking; in-flight now 8
[sched  ] all 8 done; PEAK concurrent in-flight tags = 8
[worker ] tid3 did 4 write+read cycles: verified
[worker ] tid2 did 4 write+read cycles: verified
[worker ] tid4 did 4 write+read cycles: verified
[worker ] tid5 did 4 write+read cycles: verified
[sched  ] 4 worker threads completed; wakes routed to specific TIDs
[sched  ] preemption proof: non-yielding spinner advanced to 5557871 while main
[sched  ]   also ran (0 would mean no time-slicing occurred)
[vblk   ] lifetime interrupt completions: 9852
-- done --
-- async IRQ routing: NIC interrupt wakes a parked thread --
[netd   ] tid2 holds CAP_NETWORK; TX ARP who-has 10.0.2.2
[netd   ] sys_wait_event(NET_RX): parking until the NIC interrupts...
[netd   ] woken by IRQ; RX 76 bytes, ethertype 806
[netd   ] ARP reply: 10.0.2.2 is-at 52:55:a:0:2:2 (parsed in place)
[net    ] zero-copy IP/UDP router: DHCP round-trip through a port filter
[dhcpd  ] tid2 bound UDP port 68 -> execution slot 0
[dhcpd  ] TX DHCPDISCOVER (291 bytes), waiting on port-68 slot...
[dhcpd  ] router delivered 548-byte UDP payload (zero-copy pointer)
[dhcpd  ] DHCP OFFER: offered IP 10.0.2.15, server 10.0.2.2
-- done --
-- Time-Stream Engine: chronological index + local vector query --
[stream ] chronological timeline (27 events, all vector-indexed):
[stream ]  #0  t=1244  FILE  vfs: wrote file /bin/init
[stream ]  #1  t=1782  FILE  vfs: wrote file /bin/occ
[stream ]  #2  t=1811  FILE  vfs: wrote file /usr/include/outrun_abi.h
[stream ]  #3  t=1824  FILE  vfs: wrote file /usr/include/stdio.h
[stream ]  #4  t=1832  FILE  vfs: wrote file /usr/include/stdlib.h
[stream ]  #5  t=1837  FILE  vfs: wrote file /usr/include/string.h
[stream ]  #6  t=1861  FILE  vfs: wrote file /usr/include/unistd.h
[stream ]  #7  t=1870  FILE  vfs: wrote file /usr/include/signal.h
[stream ]  #8  t=1886  FILE  vfs: wrote file /usr/include/pthread.h
[stream ]  #9  t=1950  FILE  vfs: wrote file /usr/lib/libc.oc
[stream ]  #10  t=1959  FILE  vfs: wrote file /usr/lib/README
[stream ]  #11  t=2104  FILE  vfs: wrote file /src/vedit.c
[stream ]  #12  t=2269  FILE  vfs: wrote file /src/omake.c
[stream ]  #13  t=2382  FILE  vfs: wrote file /src/vsh.c
[stream ]  #14  t=2390  FILE  vfs: wrote file /src/demo.mk
[stream ]  #15  t=2394  FILE  vfs: wrote file /src/hello.h
[stream ]  #16  t=2399  FILE  vfs: wrote file /src/hello_a.c
[stream ]  #17  t=2403  FILE  vfs: wrote file /src/hello_b.c
[stream ]  #18  t=2409  FILE  vfs: wrote file motd
[stream ]  #19  t=2422  FILE  vfs: wrote file readme
[stream ]  #20  t=2450  FILE  vfs: wrote file motd
[stream ]  #21  t=2456  FILE  vfs: wrote file readme_copy
[stream ]  #22  t=2537  COMM  Sarah: shared the Q3 revenue chart deck
[stream ]  #23  t=2537  COMM  DevTeam: merged the microkernel scheduler patch
[stream ]  #24  t=2537  COMM  Ops: flagged a network gateway DHCP change
[stream ]  #25  t=2537  SYS   netd: received DHCP offer 10.0.2.15 from gateway
[stream ]  #26  t=2537  SYS   sched: ran four concurrent worker threads
[stream ] query "the Q3 chart Sarah sent":
[stream ]   -> COMM Sarah: shared the Q3 revenue chart deck  (score 4)
[stream ]   -> FILE vfs: wrote file /usr/include/pthread.h  (score 1)
[stream ] query "scheduler patch":
[stream ]   -> COMM DevTeam: merged the microkernel scheduler patch  (score 2)
[stream ]   -> FILE vfs: wrote file /src/demo.mk  (score 1)
[stream ] query "dhcp gateway address":
[stream ]   -> COMM Ops: flagged a network gateway DHCP change  (score 2)
[stream ]   -> SYS  netd: received DHCP offer 10.0.2.15 from gateway  (score 2)
-- done --
-- PRODUCTION VALIDATION MATRIX --
[valid  ] capability audit:
[kernel ] spawned pid 3 'audit-none' caps 0000000000000000 — private PML4 @ phys 0000000001019000
[kernel ] spawned pid 4 'audit-fs' caps 0000000000000020 — private PML4 @ phys 000000000101a000
[valid  ]  PASS  sys_open  denied w/o CAP_FILESYSTEM
[valid  ]  PASS  sys_read  denied w/o CAP_FILESYSTEM
[valid  ]  PASS  sys_write denied w/o CAP_FILESYSTEM
[valid  ]  PASS  sys_wait_event denied w/o CAP_NETWORK
[valid  ]  PASS  sys_map_fb denied w/o CAP_FRAMEBUFFER
[valid  ]  PASS  sys_open  passes cap gate w/ CAP_FILESYSTEM
[valid  ] ELF loader bounds-checking:
[elf    ] PT_LOAD vaddr 0000500000000000 filesz 0000000000000000 memsz 0000000000001000 (ro) -> mapped USER (bounds ok)
[valid  ]  PASS  valid minimal ELF accepted
[elf    ] reject: image smaller than ELF header
[valid  ]  PASS  reject: image smaller than header
[elf    ] reject: program header table out of bounds
[valid  ]  PASS  reject: phdr table out of bounds
[elf    ] reject: segment file range out of bounds
[valid  ]  PASS  reject: segment file range out of bounds
[elf    ] reject: segment vaddr 0000000000001000 outside user range
[valid  ]  PASS  reject: segment vaddr outside user range
[elf    ] reject: entry 0000000000001000 outside user range
[valid  ]  PASS  reject: entry outside user range
[elf    ] reject: memsz < filesz
[valid  ]  PASS  reject: memsz < filesz
[valid  ] CAS/VFS round-trip integrity:
[cas    ] put len 512 hash 6404ff35e8dec725 -> block 1089 (stored)
[valid  ]  PASS  CAS put/get byte-exact round-trip
[cas    ] put len 512 hash 6404ff35e8dec725 -> DEDUP to block 1089 (no write)
[valid  ]  PASS  CAS dedup: identical put -> same hash
[valid  ]  PASS  CAS dedup: identical put -> no new block
[valid  ]  PASS  CAS get of unknown hash -> not found
[cas    ] put len 512 hash 510b231af2415325 -> block 1094 (stored)
[cas    ] put len 512 hash 510b231af2415325 -> DEDUP to block 1094 (no write)
[cas    ] put len 276 hash ab06722f02efa055 -> block 1095 (stored)
[valid  ]  PASS  VFS multi-block write/read round-trip
[cas    ] put len 512 hash 510b231af2415325 -> DEDUP to block 1094 (no write)
[cas    ] put len 388 hash 668072e4108a11d5 -> block 1096 (stored)
[valid  ]  PASS  VFS copy-on-write changes file hash
[valid  ] RESULT: 19 passed, 0 failed
[valid  ] ALL CHECKS PASSED — image is production-verified
-- done --
-- EXHAUSTIVE ISOLATION & HARDENING INVARIANTS --
[kernel ] spawned pid 5 'inv-cap' caps 0000000000000000 — private PML4 @ phys 0000000001024000
[invar  ]  PASS  no cap-mask escalates sys_open
[invar  ]  PASS  no cap-mask escalates sys_read
[invar  ]  PASS  no cap-mask escalates sys_write_file
[invar  ]  PASS  no cap-mask escalates sys_wait_event
[invar  ]  PASS  no cap-mask escalates sys_map_framebuffer
[hw     ] DENIED pid 5 'inv-cap' -> 'sensor0': lacks CAP_HW_PASSTHROUGH
[hw     ] DENIED pid 5 'inv-cap' -> 'sensor0': lacks CAP_HW_PASSTHROUGH
[hw     ] DENIED pid 5 'inv-cap' -> 'sensor0': lacks CAP_HW_PASSTHROUGH
[hw     ] DENIED pid 5 'inv-cap' -> 'sensor0': lacks CAP_HW_PASSTHROUGH
[hw     ] DENIED pid 5 'inv-cap' -> 'sensor0': lacks CAP_HW_PASSTHROUGH
[hw     ] DENIED pid 5 'inv-cap' -> 'sensor0': lacks CAP_HW_PASSTHROUGH
[hw     ] DENIED pid 5 'inv-cap' -> 'sensor0': lacks CAP_HW_PASSTHROUGH
[hw     ] DENIED pid 5 'inv-cap' -> 'sensor0': lacks CAP_HW_PASSTHROUGH
[hw     ] DENIED pid 5 'inv-cap' -> 'sensor0': lacks CAP_HW_PASSTHROUGH
[hw     ] DENIED pid 5 'inv-cap' -> 'sensor0': lacks CAP_HW_PASSTHROUGH
[hw     ] DENIED pid 5 'inv-cap' -> 'sensor0': lacks CAP_HW_PASSTHROUGH
[hw     ] DENIED pid 5 'inv-cap' -> 'sensor0': lacks CAP_HW_PASSTHROUGH
[hw     ] DENIED pid 5 'inv-cap' -> 'sensor0': lacks CAP_HW_PASSTHROUGH
[hw     ] DENIED pid 5 'inv-cap' -> 'sensor0': lacks CAP_HW_PASSTHROUGH
[hw     ] DENIED pid 5 'inv-cap' -> 'sensor0': lacks CAP_HW_PASSTHROUGH
[hw     ] DENIED pid 5 'inv-cap' -> 'sensor0': lacks CAP_HW_PASSTHROUGH
[hw     ] DENIED pid 5 'inv-cap' -> 'sensor0': lacks CAP_HW_PASSTHROUGH
[hw     ] DENIED pid 5 'inv-cap' -> 'sensor0': lacks CAP_HW_PASSTHROUGH
[hw     ] DENIED pid 5 'inv-cap' -> 'sensor0': lacks CAP_HW_PASSTHROUGH
[hw     ] DENIED pid 5 'inv-cap' -> 'sensor0': lacks CAP_HW_PASSTHROUGH
[hw     ] DENIED pid 5 'inv-cap' -> 'sensor0': lacks CAP_HW_PASSTHROUGH
[hw     ] DENIED pid 5 'inv-cap' -> 'sensor0': lacks CAP_HW_PASSTHROUGH
[hw     ] DENIED pid 5 'inv-cap' -> 'sensor0': lacks CAP_HW_PASSTHROUGH
[hw     ] DENIED pid 5 'inv-cap' -> 'sensor0': lacks CAP_HW_PASSTHROUGH
[hw     ] DENIED pid 5 'inv-cap' -> 'sensor0': lacks CAP_HW_PASSTHROUGH
[hw     ] DENIED pid 5 'inv-cap' -> 'sensor0': lacks CAP_HW_PASSTHROUGH
[hw     ] DENIED pid 5 'inv-cap' -> 'sensor0': lacks CAP_HW_PASSTHROUGH
[hw     ] DENIED pid 5 'inv-cap' -> 'sensor0': lacks CAP_HW_PASSTHROUGH
[hw     ] DENIED pid 5 'inv-cap' -> 'sensor0': lacks CAP_HW_PASSTHROUGH
[hw     ] DENIED pid 5 'inv-cap' -> 'sensor0': lacks CAP_HW_PASSTHROUGH
[hw     ] DENIED pid 5 'inv-cap' -> 'sensor0': lacks CAP_HW_PASSTHROUGH
[hw     ] DENIED pid 5 'inv-cap' -> 'sensor0': lacks CAP_HW_PASSTHROUGH
[invar  ]  PASS  no cap-mask escalates sys_hw_passthrough
[invar  ] capability space swept: 192/192 denial checks held
[kernel ] spawned pid 6 'inv-A' caps 0000000000000000 — private PML4 @ phys 0000000001025000
[kernel ] spawned pid 7 'inv-B' caps 0000000000000000 — private PML4 @ phys 0000000001026000
[invar  ]  PASS  same vaddr resolves to A's own frame in A
[invar  ]  PASS  same vaddr resolves to B's own frame in B
[invar  ]  PASS  processes get physically distinct frames
[invar  ]  PASS  A-private page is NOT visible in B
[invar  ]  PASS  user page PTE present + USER + WRITE
[invar  ]  PASS  kernel page reachable via shared identity
[invar  ]  PASS  kernel page is SUPERVISOR-only (ring3 blocked)
[invar  ]  PASS  processes SHARE identity PML4[0]
[invar  ]  PASS  processes SHARE device-MMIO PML4[0xC0]
[invar  ]  PASS  processes have PRIVATE user PML4[0xA0]
[kernel ] spawned pid 8 'inv-hw' caps 0000000000000003 — private PML4 @ phys 0000000001033000
[kernel ] spawned pid 9 'inv-hw2' caps 0000000000000001 — private PML4 @ phys 0000000001034000
[invar  ]  PASS  passthrough rejects invalid device handle
[hw     ] GRANT  pid 8 'inv-hw' -> 'sensor0': phys 0000000001003000 mapped at vaddr 0000400200000000 (1 pages)
[invar  ]  PASS  passthrough grants valid device w/ HW+device cap
[hw     ] DENIED pid 9 'inv-hw2' -> 'sensor0': missing device capability
[invar  ]  PASS  passthrough denies device w/o its device-cap (2-level gate)
[invar  ]  PASS  granted device page is USER + cache-disabled
[invar  ]  PASS  device mapping absent from an unrelated space
[invar  ] RESULT: 21 passed, 0 failed
[invar  ] CORE SECURITY BOUNDARY VERIFIED — isolation is airtight
-- done --
[kernel ] ring-3 enabled: GDT (8 TSS slots) + BSP TSS loaded, SYSCALL/SYSRET armed
[kernel ]   STAR kern=0x08 user=0x1B, LSTAR=00000000001012f0, TSS0.rsp0=0000000000282ec0
-- SMP GROUNDWORK: boot every core, prove the cross-core protocols --
[smp    ] MADT: 8 enabled cpu(s): apic0 apic1 apic2 apic3 apic4 apic5 apic6 apic7
[smp    ] BSP: apic id 0, LAPIC at 00000000fee00000 (virtual-wire kept: PIT/PIC unchanged)
[smp    ] trampoline staged: 166 bytes at 0000000000008000 (R+X), mailbox at 0000000000009000 (RW+NX)
[smp    ] cpu1 online: long mode, own TSS (sel 0000000000000040)+SYSCALL, LAPIC id 1, gs 00000000004cd9d0
[smp    ] cpu2 online: long mode, own TSS (sel 0000000000000050)+SYSCALL, LAPIC id 2, gs 00000000004cdb20
[smp    ] cpu3 online: long mode, own TSS (sel 0000000000000060)+SYSCALL, LAPIC id 3, gs 00000000004cdc70
[smp    ] cpu4 online: long mode, own TSS (sel 0000000000000070)+SYSCALL, LAPIC id 4, gs 00000000004cddc0
[smp    ] cpu5 online: long mode, own TSS (sel 0000000000000080)+SYSCALL, LAPIC id 5, gs 00000000004cdf10
[smp    ] cpu6 online: long mode, own TSS (sel 0000000000000090)+SYSCALL, LAPIC id 6, gs 00000000004ce060
[smp    ] cpu7 online: long mode, own TSS (sel 00000000000000a0)+SYSCALL, LAPIC id 7, gs 00000000004ce1b0
[smp    ] 8/8 cpus online — scheduler stays BSP-only BY POLICY (invariants preserved)
-- done --
-- STRESS & ENFORCEMENT (fault injection + TLB/CR3 + W^X/NX) --
[stress ]  PASS  kernel address space has ZERO writable+executable pages
[stress ] scanned 2058 kernel leaf pages, 0 W+X
[kernel ] spawned pid 10 'stress-wx' caps 0000000000000020 — private PML4 @ phys 000000000103a000
[stress ]  PASS  user address space has ZERO writable+executable pages
[stress ]  PASS  executing a data page traps (#PF, NX enforced)
[stress ]  PASS  writing to R+X kernel code traps (#PF, code immutable)
[stress ]  PASS  writing to R+NX kernel .rodata traps (#PF, constants immutable)
[stress ] .rodata window 0000000000157000..0000000000192000 (236 KiB), NX and write-protected
[stress ]  PASS  invlpg after remap: no stale TLB entry (sees new frame, all cores shot down)
[kernel ] spawned pid 11 'churn-A' caps 0000000000000000 — private PML4 @ phys 0000000001045000
[kernel ] spawned pid 12 'churn-B' caps 0000000000000000 — private PML4 @ phys 0000000001046000
[stress ]  PASS  20000 CR3 switches under preemption keep spaces isolated
[stress ]  PASS  page-table auditor detects a flipped reserved bit
[kernel ] spawned pid 13 'oom' caps 0000000000000020 — private PML4 @ phys 000000000104f000
[stress ]  PASS  allocator exhaustion returns failure cleanly (no panic)
[kernel ] spawned pid 14 'stack-bomb' caps 0000000000000000 — private PML4 @ phys 0000000001054000

[kernel ] --> RING 3 as pid 14 'stack-bomb' (entry 0000500000000000, caps 0000000000000000, cr3 0000000001054000)

[guard  ] STACK OVERFLOW: ring-3 pid 14 hit guard page @ 0000500000fefff8 — task terminated
[kernel ] <-- RING 0: 'stack-bomb' returned via SYS_EXIT
[stress ]  PASS  ring-3 stack overflow trapped by guard page
[stress ]  PASS  stack canary detects local buffer overflow
[stress ] RESULT: 11 passed, 0 failed
[stress ] STRESS & ENFORCEMENT CLEAN — no races, W^X/NX hold
-- done --
-- SYSCALL ARGUMENT FUZZING --
[kernel ] spawned pid 15 'fuzz' caps 0000000000000000 — private PML4 @ phys 000000000105e000
[fuzz   ]  PASS  SYS_OPEN valid user name pointer succeeds
[fuzz   ]  PASS  SYS_OPEN kernel-address name rejected (EFAULT)
[fuzz   ]  PASS  SYS_WRITE kernel-address string rejected (no kernel leak)
[fuzz   ]  PASS  SYS_WRITE unmapped user pointer rejected
[fuzz   ]  PASS  SYS_READ into kernel memory rejected (no kernel write)
[fuzz   ]  PASS  SYS_READ into valid user buffer succeeds
[fuzz   ] 20000 randomized calls: 12453 rejected, 7547 ok — kernel never faulted
[fuzz   ]  PASS  post-fuzz: kernel still has ZERO writable+executable pages
[fuzz   ]  PASS  post-fuzz: fuzz process isolation intact (private user PML4)
[fuzz   ] RESULT: 8 passed, 0 failed
[fuzz   ] SYSCALL BOUNDARY HARDENED — all adversarial pointers rejected
-- done --
-- DESCRIPTOR-TABLE INTEGRITY SWEEP (background, tick-driven) --
[sweep  ] armed=1  batch=64 entries/tick @ 100 Hz
[sweep  ] full passes completed: 83
[sweep  ] leaf entries audited:  171056
[sweep  ] violations found:      0
[sweep  ] injecting reserved-bit flip into live PD entry 3 ...
[sweep  ]  PASS  background sweep caught corruption at va 0000000000600000 after 18 ticks
[sweep  ] entry repaired; violations counter now 1
-- done --
-- SMP: per-CPU state, IPIs, TLB shootdown, cross-core atomics --
[smp    ] 8 cpu(s) in MADT, 8 online
[smp    ]  PASS  every MADT-enumerated cpu reached 64-bit kernel C (or single-cpu boot)
[smp    ]  PASS  per-CPU areas via GS: each cpu sees its own identity, APIC ids distinct
[smp    ]  PASS  targeted fixed-vector IPI delivered to and acknowledged by every AP
[smp    ] 8 cpus x 100000 lock-xadd -> counter 800000 (want 800000)
[smp    ]  PASS  concurrent lock-xadd from ALL cpus totals exactly (no lost increment)
[smp    ] shootdown of 0000500000050000: 7/7 remote acks; remote reads primed=1 fresh=1
[smp    ]  PASS  TLB shootdown acknowledged by every remote cpu
[smp    ]  PASS  after remap+shootdown every remote cpu reads the NEW frame (primed on the old one first)
[smp    ] RESULT: 6 passed, 0 failed
[smp    ] SMP GROUNDWORK VERIFIED — every core boots, IPIs and shootdowns are real
-- done --
-- PARALLEL WORK DISPATCH: work-stealing job runner across cores --
[par    ] 2048 units over 8 core(s): cpu0=533 cpu1=588 cpu2=163 cpu3=55 cpu4=234 cpu5=183 cpu6=215 cpu7=77 | result d522f943ba492800 vs serial d522f943ba492800
[par    ]  PASS  work conservation: every unit processed exactly once (sum of claims == units)
[par    ]  PASS  correctness: parallel reduction equals the serial reference bit-for-bit
[par    ]  PASS  distribution: the job was spread across multiple cores (or 1 on a uniprocessor)
[par    ]  PASS  sensitivity: a one-bit change to the data changes the parallel result
[par    ]  PASS  determinism: restoring the data reproduces the original result
[par    ] RESULT: 5 passed, 0 failed
[par    ] PARALLEL DISPATCH VERIFIED — all cores share the work, reduction is exact
-- done --
-- PARALLEL PAGE-TABLE INTEGRITY AUDIT (real workload on all cores) --
[audit  ] enumerated 515 PD-entry units across the kernel address space
[audit  ]  PASS  enumeration fit the audit table (no truncation)
[audit  ] 515 units over 8 core(s): cpu0=1 cpu1=1 cpu2=46 cpu3=1 cpu4=463 cpu5=1 cpu6=1 cpu7=1 | parallel viol 0 vs serial 0
[audit  ]  PASS  work conservation: every enumerated unit audited exactly once
[audit  ]  PASS  clean kernel: the parallel audit finds ZERO violations
[audit  ]  PASS  parallel verdict equals the serial auditor bit-for-bit
[audit  ]  PASS  distribution: the audit was spread across cores (or 1 on a uniprocessor)
[audit  ] injected 1 corruption at huge PDE 3 -> parallel audit saw 1 (want 1), after repair 0
[audit  ]  PASS  injected reserved-bit corruption is CAUGHT by the parallel audit
[audit  ]  PASS  after repair the parallel audit returns to a clean verdict
[audit  ] RESULT: 7 passed, 0 failed
[audit  ] PARALLEL INTEGRITY AUDIT VERIFIED — all cores, exact, corruption caught
-- done --
[cas    ] put len 512 hash 6404ff35e8dec725 -> DEDUP to block 1089 (no write)
[cas    ] put len 512 hash 6404ff35e8dec725 -> DEDUP to block 1089 (no write)
[cas    ] put len 512 hash 6404ff35e8dec725 -> DEDUP to block 1089 (no write)
[cas    ] put len 512 hash 6404ff35e8dec725 -> DEDUP to block 1089 (no write)
[cas    ] put len 512 hash 6404ff35e8dec725 -> DEDUP to block 1089 (no write)
[cas    ] put len 512 hash 6404ff35e8dec725 -> DEDUP to block 1089 (no write)
[cas    ] put len 512 hash 6404ff35e8dec725 -> DEDUP to block 1089 (no write)
[cas    ] put len 512 hash 6404ff35e8dec725 -> DEDUP to block 1089 (no write)
[cas    ] put len 512 hash 6404ff35e8dec725 -> DEDUP to block 1089 (no write)
[cas    ] put len 512 hash 6404ff35e8dec725 -> DEDUP to block 1089 (no write)
[cas    ] put len 512 hash 6404ff35e8dec725 -> DEDUP to block 1089 (no write)
[cas    ] put len 512 hash 6404ff35e8dec725 -> DEDUP to block 1089 (no write)
[cas    ] put len 512 hash 6404ff35e8dec725 -> DEDUP to block 1089 (no write)
[cas    ] put len 512 hash 6404ff35e8dec725 -> DEDUP to block 1089 (no write)
[cas    ] put len 512 hash 6404ff35e8dec725 -> DEDUP to block 1089 (no write)
[cas    ] put len 512 hash 6404ff35e8dec725 -> DEDUP to block 1089 (no write)
[cas    ] put len 512 hash 6404ff35e8dec725 -> DEDUP to block 1089 (no write)
[cas    ] put len 512 hash 6404ff35e8dec725 -> DEDUP to block 1089 (no write)
[cas    ] put len 512 hash 6404ff35e8dec725 -> DEDUP to block 1089 (no write)
[cas    ] put len 512 hash 6404ff35e8dec725 -> DEDUP to block 1089 (no write)
[cas    ] put len 512 hash 6404ff35e8dec725 -> DEDUP to block 1089 (no write)
[cas    ] put len 512 hash 6404ff35e8dec725 -> DEDUP to block 1089 (no write)
[cas    ] put len 512 hash 6404ff35e8dec725 -> DEDUP to block 1089 (no write)
[cas    ] put len 512 hash 6404ff35e8dec725 -> DEDUP to block 1089 (no write)
[cas    ] put len 512 hash 6404ff35e8dec725 -> DEDUP to block 1089 (no write)
[cas    ] put len 512 hash 6404ff35e8dec725 -> DEDUP to block 1089 (no write)
[cas    ] put len 512 hash 6404ff35e8dec725 -> DEDUP to block 1089 (no write)
[cas    ] put len 512 hash 6404ff35e8dec725 -> DEDUP to block 1089 (no write)
[cas    ] put len 512 hash 6404ff35e8dec725 -> DEDUP to block 1089 (no write)
[cas    ] put len 512 hash 6404ff35e8dec725 -> DEDUP to block 1089 (no write)
[cas    ] put len 512 hash 6404ff35e8dec725 -> DEDUP to block 1089 (no write)
[cas    ] put len 512 hash 6404ff35e8dec725 -> DEDUP to block 1089 (no write)
[cas    ] put len 512 hash 95855603ad6f2f65 -> block 1095 (stored)
-- MULTI-CORE SCHEDULING: an AP autonomously runs a ring-3 thread --
[kernel ] spawned pid 16 'mc-thread' caps 0000000000000000 — private PML4 @ phys 00000000011c3000
[elf    ] PT_LOAD vaddr 0000500000000000 filesz 000000000001b280 memsz 000000000001b280 (ro) -> mapped USER (bounds ok)
[elf    ] PT_LOAD vaddr 000050000001c000 filesz 0000000000003f1e memsz 0000000000003f1e (ro) -> mapped USER (bounds ok)
[elf    ] PT_LOAD vaddr 0000500000020000 filesz 0000000000000284 memsz 0000000000037fe0 (rw) -> mapped USER (bounds ok)
[mcsched] queued pid 16 on cpu1's run queue (apic 1); the AP pulls it itself
  [mc :r3] ring-3 thread executing on an APPLICATION PROCESSOR
  [mc :r3] SYS_GETPID via the AP's own SYSCALL path -> pid 0000000000000010
[mcsched]  PASS  an application processor executed the ring-3 thread and it returned
[mcsched]  PASS  the AP's capability gate resolved the thread's identity (exit code == pid)
[mcsched] cpu1 ran pid 16 -> exit code 16 (want 16) [ran_on mask 80]
[mcsched] RESULT: 2 passed, 0 failed
[mcsched] MULTI-CORE SCHEDULING VERIFIED — a ring-3 thread ran on an application processor
-- done --
-- CONCURRENT SCHEDULING: per-CPU queues, stealing, several cores in ring 3 at once --
[kernel ] spawned pid 17 'mcq-probe' caps 0000000000000000 — private PML4 @ phys 00000000011c3000
[elf    ] PT_LOAD vaddr 0000500000000000 filesz 000000000001b280 memsz 000000000001b280 (ro) -> mapped USER (bounds ok)
[elf    ] PT_LOAD vaddr 000050000001c000 filesz 0000000000003f1e memsz 0000000000003f1e (ro) -> mapped USER (bounds ok)
[elf    ] PT_LOAD vaddr 0000500000020000 filesz 0000000000000284 memsz 0000000000037fe0 (rw) -> mapped USER (bounds ok)
[kernel ] spawned pid 18 'mcq-probe' caps 0000000000000000 — private PML4 @ phys 0000000001224000
[elf    ] PT_LOAD vaddr 0000500000000000 filesz 000000000001b280 memsz 000000000001b280 (ro) -> mapped USER (bounds ok)
[elf    ] PT_LOAD vaddr 000050000001c000 filesz 0000000000003f1e memsz 0000000000003f1e (ro) -> mapped USER (bounds ok)
[elf    ] PT_LOAD vaddr 0000500000020000 filesz 0000000000000284 memsz 0000000000037fe0 (rw) -> mapped USER (bounds ok)
[kernel ] spawned pid 19 'mcq-probe' caps 0000000000000000 — private PML4 @ phys 0000000001285000
[elf    ] PT_LOAD vaddr 0000500000000000 filesz 000000000001b280 memsz 000000000001b280 (ro) -> mapped USER (bounds ok)
[elf    ] PT_LOAD vaddr 000050000001c000 filesz 0000000000003f1e memsz 0000000000003f1e (ro) -> mapped USER (bounds ok)
[elf    ] PT_LOAD vaddr 0000500000020000 filesz 0000000000000284 memsz 0000000000037fe0 (rw) -> mapped USER (bounds ok)
[kernel ] spawned pid 20 'mcq-probe' caps 0000000000000000 — private PML4 @ phys 00000000012e6000
[elf    ] PT_LOAD vaddr 0000500000000000 filesz 000000000001b280 memsz 000000000001b280 (ro) -> mapped USER (bounds ok)
[elf    ] PT_LOAD vaddr 000050000001c000 filesz 0000000000003f1e memsz 0000000000003f1e (ro) -> mapped USER (bounds ok)
[elf    ] PT_LOAD vaddr 0000500000020000 filesz 0000000000000284 memsz 0000000000037fe0 (rw) -> mapped USER (bounds ok)
[kernel ] spawned pid 21 'mcq-probe' caps 0000000000000000 — private PML4 @ phys 0000000001347000
[elf    ] PT_LOAD vaddr 0000500000000000 filesz 000000000001b280 memsz 000000000001b280 (ro) -> mapped USER (bounds ok)
[elf    ] PT_LOAD vaddr 000050000001c000 filesz 0000000000003f1e memsz 0000000000003f1e (ro) -> mapped USER (bounds ok)
[elf    ] PT_LOAD vaddr 0000500000020000 filesz 0000000000000284 memsz 0000000000037fe0 (rw) -> mapped USER (bounds ok)
[kernel ] spawned pid 22 'mcq-probe' caps 0000000000000000 — private PML4 @ phys 00000000013a8000
[elf    ] PT_LOAD vaddr 0000500000000000 filesz 000000000001b280 memsz 000000000001b280 (ro) -> mapped USER (bounds ok)
[elf    ] PT_LOAD vaddr 000050000001c000 filesz 0000000000003f1e memsz 0000000000003f1e (ro) -> mapped USER (bounds ok)
[elf    ] PT_LOAD vaddr 0000500000020000 filesz 0000000000000284 memsz 0000000000037fe0 (rw) -> mapped USER (bounds ok)
[kernel ] spawned pid 23 'mcq-probe' caps 0000000000000000 — private PML4 @ phys 0000000001409000
[elf    ] PT_LOAD vaddr 0000500000000000 filesz 000000000001b280 memsz 000000000001b280 (ro) -> mapped USER (bounds ok)
[elf    ] PT_LOAD vaddr 000050000001c000 filesz 0000000000003f1e memsz 0000000000003f1e (ro) -> mapped USER (bounds ok)
[elf    ] PT_LOAD vaddr 0000500000020000 filesz 0000000000000284 memsz 0000000000037fe0 (rw) -> mapped USER (bounds ok)
[kernel ] spawned pid 24 'mcq-probe' caps 0000000000000000 — private PML4 @ phys 000000000146a000
[elf    ] PT_LOAD vaddr 0000500000000000 filesz 000000000001b280 memsz 000000000001b280 (ro) -> mapped USER (bounds ok)
[elf    ] PT_LOAD vaddr 000050000001c000 filesz 0000000000003f1e memsz 0000000000003f1e (ro) -> mapped USER (bounds ok)
[elf    ] PT_LOAD vaddr 0000500000020000 filesz 0000000000000284 memsz 0000000000037fe0 (rw) -> mapped USER (bounds ok)
[mcq    ] 7 task(s) piled on cpu1's queue alone; waking every AP to pull/steal
[mcq    ] BSP entering ring 3 CONCURRENTLY with the APs...
[mcq    ]   pid 17: exit 17 (want 17)  ran_on mask 1  finish#9
[mcq    ]   pid 18: exit 18 (want 18)  ran_on mask 20  finish#2
[mcq    ]   pid 19: exit 19 (want 19)  ran_on mask 4  finish#3
[mcq    ]   pid 20: exit 20 (want 20)  ran_on mask 8  finish#5
[mcq    ]   pid 21: exit 21 (want 21)  ran_on mask 10  finish#8
[mcq    ]   pid 22: exit 22 (want 22)  ran_on mask 40  finish#6
[mcq    ]   pid 23: exit 23 (want 23)  ran_on mask 2  finish#7
[mcq    ]   pid 24: exit 24 (want 24)  ran_on mask 80  finish#4
[mcq    ]   cpu0 ran 1 task(s), stole 0
[mcq    ]   cpu1 ran 1 task(s), stole 0
[mcq    ]   cpu2 ran 1 task(s), stole 1
[mcq    ]   cpu3 ran 1 task(s), stole 1
[mcq    ]   cpu4 ran 1 task(s), stole 1
[mcq    ]   cpu5 ran 1 task(s), stole 1
[mcq    ]   cpu6 ran 1 task(s), stole 1
[mcq    ]   cpu7 ran 1 task(s), stole 1
[mcq    ] ring-3 concurrency high-water mark: 8 core(s) at once
[mcq    ]  PASS  every probe ran to completion
[mcq    ]  PASS  every exit code == its pid (no identity bleed across per-CPU entry paths)
[mcq    ]  PASS  the executed-task count matches the probes dispatched
[mcq    ]  PASS  two or more cores were IN RING 3 SIMULTANEOUSLY (the v0.39 headline)
[mcq    ]  PASS  idle APs STOLE work from cpu1's overloaded queue (dynamic balancing)
[mcq    ]  PASS  more than one AP executed tasks (the pile-up was spread out)
[mcq    ] RESULT: 6 passed, 0 failed
[mcq    ] CONCURRENT SCHEDULING VERIFIED — queues drained autonomously, ring 3 in parallel
-- done --
-- IPI PREEMPTION: force a ring-3 thread off its core mid-loop, resume it on ANOTHER --
[kernel ] spawned pid 25 'mcpre-long' caps 0000000000000000 — private PML4 @ phys 00000000011c3000
[elf    ] PT_LOAD vaddr 0000500000000000 filesz 000000000001b280 memsz 000000000001b280 (ro) -> mapped USER (bounds ok)
[elf    ] PT_LOAD vaddr 000050000001c000 filesz 0000000000003f1e memsz 0000000000003f1e (ro) -> mapped USER (bounds ok)
[elf    ] PT_LOAD vaddr 0000500000020000 filesz 0000000000000284 memsz 0000000000037fe0 (rw) -> mapped USER (bounds ok)
[kernel ] spawned pid 26 'mcpre-hi' caps 0000000000000000 — private PML4 @ phys 00000000013a8000
[elf    ] PT_LOAD vaddr 0000500000000000 filesz 000000000001b280 memsz 000000000001b280 (ro) -> mapped USER (bounds ok)
[elf    ] PT_LOAD vaddr 000050000001c000 filesz 0000000000003f1e memsz 0000000000003f1e (ro) -> mapped USER (bounds ok)
[elf    ] PT_LOAD vaddr 0000500000020000 filesz 0000000000000284 memsz 0000000000037fe0 (rw) -> mapped USER (bounds ok)
[mcpre  ] long probe reached ring 3 on cpu1 in 0 tick(s) (ceiling 6000)
[mcpre  ] pid 25 is mid-loop in ring 3 on cpu1; queueing pid 26 AT THE FRONT and firing IPI 50
[mcpre  ] cpu1 preempt_count +1 (deferred at CPL0: 0); long: exit 25 ran_on 6 finish#11 | hi: exit 26 ran_on 80 finish#10
[mcpre  ]  PASS  the cross-core IPI PREEMPTED the running ring-3 thread (context captured mid-loop)
[mcpre  ]  PASS  the high-priority thread ran on the freed core and completed (exit == pid)
[mcpre  ]  PASS  the preempted thread RESUMED and finished intact (registers/stack/identity: exit == pid)
[mcpre  ]  PASS  completion order inverted: the later, higher-priority thread finished FIRST
[mcpre  ]  PASS  the captured context MIGRATED CORES: started on cpu1, finished on cpu2
[mcpre  ] RESULT: 5 passed, 0 failed
[mcpre  ] IPI PREEMPTION VERIFIED — a ring-3 context was forced out, migrated, and resumed
-- done --
-- TIME-SLICING: one AP round-robins several ring-3 threads off its own LAPIC timer --
[kernel ] spawned pid 27 'slice-probe' caps 0000000000000000 — private PML4 @ phys 00000000011c3000
[elf    ] PT_LOAD vaddr 0000500000000000 filesz 000000000001b280 memsz 000000000001b280 (ro) -> mapped USER (bounds ok)
[elf    ] PT_LOAD vaddr 000050000001c000 filesz 0000000000003f1e memsz 0000000000003f1e (ro) -> mapped USER (bounds ok)
[elf    ] PT_LOAD vaddr 0000500000020000 filesz 0000000000000284 memsz 0000000000037fe0 (rw) -> mapped USER (bounds ok)
[kernel ] spawned pid 28 'slice-probe' caps 0000000000000000 — private PML4 @ phys 00000000013a8000
[elf    ] PT_LOAD vaddr 0000500000000000 filesz 000000000001b280 memsz 000000000001b280 (ro) -> mapped USER (bounds ok)
[elf    ] PT_LOAD vaddr 000050000001c000 filesz 0000000000003f1e memsz 0000000000003f1e (ro) -> mapped USER (bounds ok)
[elf    ] PT_LOAD vaddr 0000500000020000 filesz 0000000000000284 memsz 0000000000037fe0 (rw) -> mapped USER (bounds ok)
[kernel ] spawned pid 29 'slice-probe' caps 0000000000000000 — private PML4 @ phys 0000000001398000
[elf    ] PT_LOAD vaddr 0000500000000000 filesz 000000000001b280 memsz 000000000001b280 (ro) -> mapped USER (bounds ok)
[elf    ] PT_LOAD vaddr 000050000001c000 filesz 0000000000003f1e memsz 0000000000003f1e (ro) -> mapped USER (bounds ok)
[elf    ] PT_LOAD vaddr 0000500000020000 filesz 0000000000000284 memsz 0000000000037fe0 (rw) -> mapped USER (bounds ok)
[slice  ] 3 threads on cpu1's queue, slice gate OPEN — its timer takes it from here
[slice  ]   cpu1's timer sliced 7 context(s) out mid-loop
[slice  ]   cpu3's timer sliced 7 context(s) out mid-loop
[slice  ]   cpu5's timer sliced 7 context(s) out mid-loop
[slice  ] dispatch order (all cores): 27 28 29 28 27 29 28 27 29 28 27 29 28 27 29 28 27 29 28 27 29 28 27 29
[slice  ]   pid 27: exit 27 (want 27)  dispatched 8 time(s)  ran_on 8
[slice  ]   pid 28: exit 28 (want 28)  dispatched 8 time(s)  ran_on 2
[slice  ]   pid 29: exit 29 (want 29)  dispatched 8 time(s)  ran_on 20
[slice  ]  PASS  all three threads completed with intact checksums (exit == pid) despite slicing
[slice  ]  PASS  AP timers forced context switches (total slice count >= 2)
[slice  ]  PASS  every thread was set down and picked back up (each dispatched >= 2 times)
[slice  ]  PASS  the dispatch log shows ROUND-ROBIN interleaving (>= 4 alternations between threads)
[slice  ] RESULT: 4 passed, 0 failed
[slice  ] TIME-SLICING VERIFIED — an AP preemptively multitasks ring-3 threads on its own clock
-- done --
-- CONCURRENT IO: BSP + APs execute VFS/CAS/surface syscalls simultaneously --
[kernel ] spawned pid 30 'cio-file' caps 0000000000000020 — private PML4 @ phys 0000000001398000
[elf    ] PT_LOAD vaddr 0000500000000000 filesz 000000000001b280 memsz 000000000001b280 (ro) -> mapped USER (bounds ok)
[elf    ] PT_LOAD vaddr 000050000001c000 filesz 0000000000003f1e memsz 0000000000003f1e (ro) -> mapped USER (bounds ok)
[elf    ] PT_LOAD vaddr 0000500000020000 filesz 0000000000000284 memsz 0000000000037fe0 (rw) -> mapped USER (bounds ok)
[kernel ] spawned pid 31 'cio-file' caps 0000000000000020 — private PML4 @ phys 00000000013a8000
[elf    ] PT_LOAD vaddr 0000500000000000 filesz 000000000001b280 memsz 000000000001b280 (ro) -> mapped USER (bounds ok)
[elf    ] PT_LOAD vaddr 000050000001c000 filesz 0000000000003f1e memsz 0000000000003f1e (ro) -> mapped USER (bounds ok)
[elf    ] PT_LOAD vaddr 0000500000020000 filesz 0000000000000284 memsz 0000000000037fe0 (rw) -> mapped USER (bounds ok)
[kernel ] spawned pid 32 'cio-file' caps 0000000000000020 — private PML4 @ phys 00000000011c3000
[elf    ] PT_LOAD vaddr 0000500000000000 filesz 000000000001b280 memsz 000000000001b280 (ro) -> mapped USER (bounds ok)
[elf    ] PT_LOAD vaddr 000050000001c000 filesz 0000000000003f1e memsz 0000000000003f1e (ro) -> mapped USER (bounds ok)
[elf    ] PT_LOAD vaddr 0000500000020000 filesz 0000000000000284 memsz 0000000000037fe0 (rw) -> mapped USER (bounds ok)
[kernel ] spawned pid 33 'cio-file' caps 0000000000000020 — private PML4 @ phys 0000000001368000
[elf    ] PT_LOAD vaddr 0000500000000000 filesz 000000000001b280 memsz 000000000001b280 (ro) -> mapped USER (bounds ok)
[elf    ] PT_LOAD vaddr 000050000001c000 filesz 0000000000003f1e memsz 0000000000003f1e (ro) -> mapped USER (bounds ok)
[elf    ] PT_LOAD vaddr 0000500000020000 filesz 0000000000000284 memsz 0000000000037fe0 (rw) -> mapped USER (bounds ok)
[kernel ] spawned pid 34 'cio-surf' caps 0000000000000040 — private PML4 @ phys 00000000012e6000
[elf    ] PT_LOAD vaddr 0000500000000000 filesz 000000000001b280 memsz 000000000001b280 (ro) -> mapped USER (bounds ok)
[elf    ] PT_LOAD vaddr 000050000001c000 filesz 0000000000003f1e memsz 0000000000003f1e (ro) -> mapped USER (bounds ok)
[elf    ] PT_LOAD vaddr 0000500000020000 filesz 0000000000000284 memsz 0000000000037fe0 (rw) -> mapped USER (bounds ok)
[kernel ] spawned pid 35 'cio-surf' caps 0000000000000040 — private PML4 @ phys 000000000146a000
[elf    ] PT_LOAD vaddr 0000500000000000 filesz 000000000001b280 memsz 000000000001b280 (ro) -> mapped USER (bounds ok)
[elf    ] PT_LOAD vaddr 000050000001c000 filesz 0000000000003f1e memsz 0000000000003f1e (ro) -> mapped USER (bounds ok)
[elf    ] PT_LOAD vaddr 0000500000020000 filesz 0000000000000284 memsz 0000000000037fe0 (rw) -> mapped USER (bounds ok)
[cas    ] put len 512 hash 370603aabb317b25 -> block 1097 (stored)
[cas    ] put len 512 hash 370603aabb317b25 -> DEDUP to block 1097 (no write)
[cas    ] put len 512 hash 7894cd849b9b2525 -> block 1098 (stored)
[cas    ] put len 512 hash 7894cd849b9b2525 -> DEDUP to block 1098 (no write)
[cas    ] put len 512 hash cdf7286863384725 -> block 1099 (stored)
[cas    ] put len 512 hash cdf7286863384725 -> DEDUP to block 1099 (no write)
[cas    ] put len 512 hash 8abca46aaf9f1f25 -> block 1100 (stored)
[cas    ] put len 512 hash 8abca46aaf9f1f25 -> DEDUP to block 1100 (no write)
[cas    ] put len 512 hash 53c11ff5a77cc725 -> block 1101 (stored)
[cas    ] put len 512 hash 53c11ff5a77cc725 -> DEDUP to block 1101 (no write)
[cio    ] 5 workers queued on 7 APs; BSP entering ring 3 with its own file worker
[surface] pid 35 owns surface 7 (64x64) DOUBLE-BUFFERED at user vaddr 0000530000000000 (+4 pages back)
[surface] pid 34 owns surface 6 (64x64) DOUBLE-BUFFERED at user vaddr 0000530000000000 (+4 pages back)
[surface] slot 7 reclaimed on owner exit — 8 pages (phys 00000000014cb000) back on the free list
[cas    ] put len 512 hash 272ddbcff320d325 -> block 1102 (stored)
[surface] slot 6 reclaimed on owner exit — 8 pages (phys 00000000014d3000) back on the free list
[surface] pid 34 owns surface 6 (64x64) DOUBLE-BUFFERED at user vaddr 0000530000000000 (+4 pages back) (recycled pixel buffers)
[cas    ] put len 512 hash 272ddbcff320d325 -> DEDUP to block 1102 (no write)
[surface] pid 35 owns surface 7 (64x64) DOUBLE-BUFFERED at user vaddr 0000530000000000 (+4 pages back) (recycled pixel buffers)
[surface] slot 6 reclaimed on owner exit — 8 pages (phys 00000000014d3000) back on the free list
[surface] slot 7 reclaimed on owner exit — 8 pages (phys 00000000014cb000) back on the free list
[cas    ] put len 512 hash a07128370c7d1f25 -> block 1098 (stored)
[cas    ] put len 512 hash a07128370c7d1f25 -> DEDUP to block 1098 (no write)
[cas    ] put len 512 hash 8a1280b41448b925 -> block 1100 (stored)
[cas    ] put len 512 hash 8a1280b41448b925 -> DEDUP to block 1100 (no write)
[cas    ] put len 512 hash a07128370c7d1f25 -> DEDUP to block 1098 (no write)
[cas    ] put len 512 hash a07128370c7d1f25 -> DEDUP to block 1098 (no write)
[cas    ] put len 512 hash 272ddbcff320d325 -> DEDUP to block 1102 (no write)
[cas    ] put len 512 hash 272ddbcff320d325 -> DEDUP to block 1102 (no write)
[cas    ] put len 512 hash 8a1280b41448b925 -> DEDUP to block 1100 (no write)
[cas    ] put len 512 hash 8a1280b41448b925 -> DEDUP to block 1100 (no write)
[cas    ] put len 512 hash e9cbbcccf2da3725 -> block 1099 (stored)
[cas    ] put len 512 hash e9cbbcccf2da3725 -> DEDUP to block 1099 (no write)
[cas    ] put len 512 hash 2579f4ed19665d25 -> block 1101 (stored)
[cas    ] put len 512 hash 2579f4ed19665d25 -> DEDUP to block 1101 (no write)
[cas    ] put len 512 hash e9cbbcccf2da3725 -> DEDUP to block 1099 (no write)
[cas    ] put len 512 hash e9cbbcccf2da3725 -> DEDUP to block 1099 (no write)
[cas    ] put len 512 hash 01e22b7c9c58c725 -> block 1098 (stored)
[cas    ] put len 512 hash 01e22b7c9c58c725 -> DEDUP to block 1098 (no write)
[cas    ] put len 512 hash 2579f4ed19665d25 -> DEDUP to block 1101 (no write)
[cas    ] put len 512 hash 2579f4ed19665d25 -> DEDUP to block 1101 (no write)
[cas    ] put len 512 hash 6eccc59d4d908325 -> block 1099 (stored)
[cas    ] put len 512 hash 6eccc59d4d908325 -> DEDUP to block 1099 (no write)
[cas    ] put len 512 hash 6eccc59d4d908325 -> DEDUP to block 1099 (no write)
[cas    ] put len 512 hash 6eccc59d4d908325 -> DEDUP to block 1099 (no write)
[cas    ] put len 512 hash 01e22b7c9c58c725 -> DEDUP to block 1098 (no write)
[cas    ] put len 512 hash 01e22b7c9c58c725 -> DEDUP to block 1098 (no write)
[cas    ] put len 512 hash a9605fff40bfcb25 -> block 1100 (stored)
[cas    ] put len 512 hash a9605fff40bfcb25 -> DEDUP to block 1100 (no write)
[cas    ] put len 512 hash c038613e42da4325 -> block 1101 (stored)
[cas    ] put len 512 hash c038613e42da4325 -> DEDUP to block 1101 (no write)
[cas    ] put len 512 hash c038613e42da4325 -> DEDUP to block 1101 (no write)
[cas    ] put len 512 hash c038613e42da4325 -> DEDUP to block 1101 (no write)
[cas    ] put len 512 hash 5c86a6c62165cd25 -> block 1099 (stored)
[cas    ] put len 512 hash 5c86a6c62165cd25 -> DEDUP to block 1099 (no write)
[cas    ] put len 512 hash e3b46ca77dcc9725 -> block 1098 (stored)
[cas    ] put len 512 hash e3b46ca77dcc9725 -> DEDUP to block 1098 (no write)
[cas    ] put len 512 hash a9605fff40bfcb25 -> DEDUP to block 1100 (no write)
[cas    ] put len 512 hash a9605fff40bfcb25 -> DEDUP to block 1100 (no write)
[cas    ] put len 512 hash 5c86a6c62165cd25 -> DEDUP to block 1099 (no write)
[cas    ] put len 512 hash 5c86a6c62165cd25 -> DEDUP to block 1099 (no write)
[cas    ] put len 512 hash 4358f0abfc5e4325 -> block 1097 (stored)
[cas    ] put len 512 hash 4358f0abfc5e4325 -> DEDUP to block 1097 (no write)
[cas    ] put len 512 hash a7474a2bde2def25 -> block 1100 (stored)
[cas    ] put len 512 hash a7474a2bde2def25 -> DEDUP to block 1100 (no write)
[cas    ] put len 512 hash 4358f0abfc5e4325 -> DEDUP to block 1097 (no write)
[cas    ] put len 512 hash 4358f0abfc5e4325 -> DEDUP to block 1097 (no write)
[cas    ] put len 512 hash a7474a2bde2def25 -> DEDUP to block 1100 (no write)
[cas    ] put len 512 hash a7474a2bde2def25 -> DEDUP to block 1100 (no write)
[cas    ] put len 512 hash e3b46ca77dcc9725 -> DEDUP to block 1098 (no write)
[cas    ] put len 512 hash e3b46ca77dcc9725 -> DEDUP to block 1098 (no write)
[cas    ] put len 512 hash b2211707023fef25 -> block 1101 (stored)
[cas    ] put len 512 hash b2211707023fef25 -> DEDUP to block 1101 (no write)
[cas    ] put len 512 hash b2211707023fef25 -> DEDUP to block 1101 (no write)
[cas    ] put len 512 hash b2211707023fef25 -> DEDUP to block 1101 (no write)
[cas    ] put len 512 hash 11c55dc1fff7e925 -> block 1098 (stored)
[cas    ] put len 512 hash 11c55dc1fff7e925 -> DEDUP to block 1098 (no write)
[cas    ] put len 512 hash 11c55dc1fff7e925 -> DEDUP to block 1098 (no write)
[cas    ] put len 512 hash 11c55dc1fff7e925 -> DEDUP to block 1098 (no write)
[cas    ] put len 512 hash 59f0cd4c4265ff25 -> block 1101 (stored)
[cas    ] put len 512 hash 59f0cd4c4265ff25 -> DEDUP to block 1101 (no write)
[cas    ] put len 512 hash 59f0cd4c4265ff25 -> DEDUP to block 1101 (no write)
[cas    ] put len 512 hash 59f0cd4c4265ff25 -> DEDUP to block 1101 (no write)
[cio    ]  PASS  all six workers ran to completion (watchdog: no cross-core deadlock)
[cio    ]   pid 30 'cio-file': exit 30 (want 30)  ran_on 1
[cio    ]   pid 31 'cio-file': exit 31 (want 31)  ran_on 2
[cio    ]   pid 32 'cio-file': exit 32 (want 32)  ran_on 4
[cio    ]   pid 33 'cio-file': exit 33 (want 33)  ran_on 8
[cio    ]   pid 34 'cio-surf': exit 34 (want 34)  ran_on 80
[cio    ]   pid 35 'cio-surf': exit 35 (want 35)  ran_on 20
[cio    ]  PASS  every worker verified every byte it read back (exit == pid, no 6xx/7xx)
[cio    ]   cpu0 dispatched 32 file syscalls
[cio    ]   cpu1 dispatched 32 file syscalls
[cio    ]   cpu2 dispatched 32 file syscalls
[cio    ]   cpu3 dispatched 32 file syscalls
[cio    ]  PASS  file syscalls were dispatched by >= 2 distinct cores
[cio    ] file-syscall in-flight high-water: 47
[cio    ]  PASS  >= 2 cores were INSIDE file syscalls at the same instant
[cio    ]  PASS  each worker file holds EXACTLY its final-round pattern (no torn write)
[cio    ]  PASS  the shared file (16 racing writes) is ONE uniform image (whole-file writes atomic)
[cio    ]  PASS  directory: no duplicate names claimed by racing writers
[cio    ]  PASS  every live chunk hash resolves in the CAS index
[cio    ] allocation bitmap: 1101 bits set, superblock used_blocks 1101
[cio    ]  PASS  used_blocks == popcount(bitmap) (no double-allocated or leaked block)
[cio    ]  PASS  descriptor array fully released after the storm
[cio    ] surface free list: 2 chunk(s)
[cio    ]  PASS  both churn surfaces were reclaimed on exit (AP exit path reclaims now)
[cio    ]  PASS  free-list pixel chunks are pairwise disjoint (no double-free/overlap)
[cio    ]   lock ofile (rank 1): 1157 acquisitions, 9 contended
[cio    ]   lock vfs (rank 2): 209 acquisitions, 67 contended
[cio    ]   lock cas (rank 3): 4511 acquisitions, 0 contended
[cio    ]   lock vblk (rank 4): 13847 acquisitions, 0 contended
[cio    ]   lock surf (rank 5): 25 acquisitions, 2 contended
[cio    ]  PASS  no lock left held at quiescence
[cio    ]  PASS  ZERO rank violations across the whole run (lock order held everywhere)
[cio    ] RESULT: 14 passed, 0 failed
[cio    ] CONCURRENT IO VERIFIED — the VFS/CAS/surface stack is multi-core reentrant
-- done --
-- SMP STRESS: mixed workload + v0.49 TLB shootdown/affinity/migration, biased across every core --
[kernel ] spawned pid 36 'smp-stress' caps 0000000000000040 — private PML4 @ phys 0000000001398000
[elf    ] PT_LOAD vaddr 0000500000000000 filesz 000000000001b280 memsz 000000000001b280 (ro) -> mapped USER (bounds ok)
[elf    ] PT_LOAD vaddr 000050000001c000 filesz 0000000000003f1e memsz 0000000000003f1e (ro) -> mapped USER (bounds ok)
[elf    ] PT_LOAD vaddr 0000500000020000 filesz 0000000000000284 memsz 0000000000037fe0 (rw) -> mapped USER (bounds ok)
[kernel ] spawned pid 37 'smp-stress' caps 0000000000000040 — private PML4 @ phys 00000000011c3000
[elf    ] PT_LOAD vaddr 0000500000000000 filesz 000000000001b280 memsz 000000000001b280 (ro) -> mapped USER (bounds ok)
[elf    ] PT_LOAD vaddr 000050000001c000 filesz 0000000000003f1e memsz 0000000000003f1e (ro) -> mapped USER (bounds ok)
[elf    ] PT_LOAD vaddr 0000500000020000 filesz 0000000000000284 memsz 0000000000037fe0 (rw) -> mapped USER (bounds ok)
[kernel ] spawned pid 38 'smp-stress' caps 0000000000000020 — private PML4 @ phys 0000000001368000
[elf    ] PT_LOAD vaddr 0000500000000000 filesz 000000000001b280 memsz 000000000001b280 (ro) -> mapped USER (bounds ok)
[elf    ] PT_LOAD vaddr 000050000001c000 filesz 0000000000003f1e memsz 0000000000003f1e (ro) -> mapped USER (bounds ok)
[elf    ] PT_LOAD vaddr 0000500000020000 filesz 0000000000000284 memsz 0000000000037fe0 (rw) -> mapped USER (bounds ok)
[cas    ] put len 512 hash 53d94638c47def25 -> block 1098 (stored)
[cas    ] put len 512 hash 53d94638c47def25 -> DEDUP to block 1098 (no write)
[kernel ] spawned pid 39 'smp-stress' caps 0000000000000020 — private PML4 @ phys 00000000013a8000
[elf    ] PT_LOAD vaddr 0000500000000000 filesz 000000000001b280 memsz 000000000001b280 (ro) -> mapped USER (bounds ok)
[elf    ] PT_LOAD vaddr 000050000001c000 filesz 0000000000003f1e memsz 0000000000003f1e (ro) -> mapped USER (bounds ok)
[elf    ] PT_LOAD vaddr 0000500000020000 filesz 0000000000000284 memsz 0000000000037fe0 (rw) -> mapped USER (bounds ok)
[cas    ] put len 512 hash d87a1da6f2a68925 -> block 1102 (stored)
[cas    ] put len 512 hash d87a1da6f2a68925 -> DEDUP to block 1102 (no write)
[kernel ] spawned pid 40 'smp-stress' caps 0000000000000020 — private PML4 @ phys 000000000146a000
[elf    ] PT_LOAD vaddr 0000500000000000 filesz 000000000001b280 memsz 000000000001b280 (ro) -> mapped USER (bounds ok)
[elf    ] PT_LOAD vaddr 000050000001c000 filesz 0000000000003f1e memsz 0000000000003f1e (ro) -> mapped USER (bounds ok)
[elf    ] PT_LOAD vaddr 0000500000020000 filesz 0000000000000284 memsz 0000000000037fe0 (rw) -> mapped USER (bounds ok)
[cas    ] put len 512 hash 8cd7912382459f25 -> block 1103 (stored)
[cas    ] put len 512 hash 8cd7912382459f25 -> DEDUP to block 1103 (no write)
[kernel ] spawned pid 41 'smp-stress' caps 0000000000000020 — private PML4 @ phys 00000000014c8000
[elf    ] PT_LOAD vaddr 0000500000000000 filesz 000000000001b280 memsz 000000000001b280 (ro) -> mapped USER (bounds ok)
[elf    ] PT_LOAD vaddr 000050000001c000 filesz 0000000000003f1e memsz 0000000000003f1e (ro) -> mapped USER (bounds ok)
[elf    ] PT_LOAD vaddr 0000500000020000 filesz 0000000000000284 memsz 0000000000037fe0 (rw) -> mapped USER (bounds ok)
[cas    ] put len 512 hash e07e29ef654e6725 -> block 1104 (stored)
[cas    ] put len 512 hash e07e29ef654e6725 -> DEDUP to block 1104 (no write)
[kernel ] spawned pid 42 'smp-stress' caps 0000000000000000 — private PML4 @ phys 0000000001341000
[elf    ] PT_LOAD vaddr 0000500000000000 filesz 000000000001b280 memsz 000000000001b280 (ro) -> mapped USER (bounds ok)
[elf    ] PT_LOAD vaddr 000050000001c000 filesz 0000000000003f1e memsz 0000000000003f1e (ro) -> mapped USER (bounds ok)
[elf    ] PT_LOAD vaddr 0000500000020000 filesz 0000000000000284 memsz 0000000000037fe0 (rw) -> mapped USER (bounds ok)
[kernel ] spawned pid 43 'smp-stress' caps 0000000000000000 — private PML4 @ phys 0000000001224000
[elf    ] PT_LOAD vaddr 0000500000000000 filesz 000000000001b280 memsz 000000000001b280 (ro) -> mapped USER (bounds ok)
[elf    ] PT_LOAD vaddr 000050000001c000 filesz 0000000000003f1e memsz 0000000000003f1e (ro) -> mapped USER (bounds ok)
[elf    ] PT_LOAD vaddr 0000500000020000 filesz 0000000000000284 memsz 0000000000037fe0 (rw) -> mapped USER (bounds ok)
[kernel ] spawned pid 44 'smp-stress' caps 0000000000000000 — private PML4 @ phys 00000000014db000
[elf    ] PT_LOAD vaddr 0000500000000000 filesz 000000000001b280 memsz 000000000001b280 (ro) -> mapped USER (bounds ok)
[elf    ] PT_LOAD vaddr 000050000001c000 filesz 0000000000003f1e memsz 0000000000003f1e (ro) -> mapped USER (bounds ok)
[elf    ] PT_LOAD vaddr 0000500000020000 filesz 0000000000000284 memsz 0000000000037fe0 (rw) -> mapped USER (bounds ok)
[kernel ] spawned pid 45 'smp-stress' caps 0000000000000000 — private PML4 @ phys 000000000153c000
[elf    ] PT_LOAD vaddr 0000500000000000 filesz 000000000001b280 memsz 000000000001b280 (ro) -> mapped USER (bounds ok)
[elf    ] PT_LOAD vaddr 000050000001c000 filesz 0000000000003f1e memsz 0000000000003f1e (ro) -> mapped USER (bounds ok)
[elf    ] PT_LOAD vaddr 0000500000020000 filesz 0000000000000284 memsz 0000000000037fe0 (rw) -> mapped USER (bounds ok)
[cas    ] put len 512 hash dcf9aab778309f25 -> block 1105 (stored)
[cas    ] put len 512 hash dcf9aab778309f25 -> DEDUP to block 1105 (no write)
[smpstrs] 10 workers (2 surface + 4 VFS + 4 syscall) biased round-robin across    [mc :r3] ring-3 thread executing on an APPLICATION PROCESSOR [mc :r3] ring-3 thread executing on an APPLICATION PROCESSOR8 cores
  [mc :r3] SYS_GETPID via the AP's own SYSCALL path -> pid 
  [mc :r3] SYS_GETPI
000000000000002aD via the AP's own SYSCALL path -> pid 
  [mc :r3] ring-3 thread executing on an[surface] pid 37 owns surface 7 (64x64) DOUBLE-BUFFERED at user vaddr 0000530000 APPLICATION PROCESSOR000000 (+4 pages back) (recycled pixel buffers)
  [mc :r3] SYS_GETPID via the AP's own SYSCALL path -> pid 
000000000000002b
[surface] pid 36 owns surface 6 (64x64) DOUBLE-BUFFERED at user vaddr 0000530000000000 (+4 pages back) (recycled pixel buffers)
[surface] slot 7 reclaimed on owner exit — 8 pages (phys 00000000014cb000) back on the free list
[surface] pid 37 owns surface 7 (64x64) DOUBLE-BUFFERED at user vaddr 0  [mc :r3] ring-3 thread executing 0on an APPLICATION PROCESSOR00530000000000 (+4 pages back) (recycled pixel buffers)
  [mc :r3] SYS_GETPID via the AP's own SYSCALL path -> pid 
[cas    ] put len 512 hash 95486e158c3cef25 -> block 1106 (stored)
000000000000002c
[surface] slot 6 reclaimed on owner exit — 8 pages (phys 00000000014d3000) back on the free list
[surface] pid 36 owns surface 6 (64x64) DOUBLE-BUFFERED at user vaddr 0000530000000000 (+4 pages back) (recycled pixel buffers)
000000000000002d
[surface] slot 7 reclaimed on owner exit — 8 pages (phys 00000000014cb000) back on the free list
[cas    ] put len 512 hash 95486e158c3cef25 -> DEDUP to block 1106 (no write)
[surface] slot 6 reclaimed on owner exit — 8 pages (phys 00000000014d3000) back on the free list
[cas    ] put len 512 hash e2795bb1983dc725 -> block 1102 (stored)
[cas    ] put len 512 hash e2795bb1983dc725 -> DEDUP to block 1102 (no write)
[cas    ] put len 512 hash 2b02e22e379cbd25 -> block 1104 (stored)
[cas    ] put len 512 hash 2b02e22e379cbd25 -> DEDUP to block 1104 (no write)
[cas    ] put len 512 hash 5093e92d0a4dc325 -> block 1103 (stored)
[cas    ] put len 512 hash 5093e92d0a4dc325 -> DEDUP to block 1103 (no write)
[cas    ] put len 512 hash 95486e158c3cef25 -> DEDUP to block 1106 (no write)
[cas    ] put len 512 hash 95486e158c3cef25 -> DEDUP to block 1106 (no write)
[cas    ] put len 512 hash 5093e92d0a4dc325 -> DEDUP to block 1103 (no write)
[cas    ] put len 512 hash 5093e92d0a4dc325 -> DEDUP to block 1103 (no write)
[cas    ] put len 512 hash 2b02e22e379cbd25 -> DEDUP to block 1104 (no write)
[cas    ] put len 512 hash 2b02e22e379cbd25 -> DEDUP to block 1104 (no write)
[cas    ] put len 512 hash e2795bb1983dc725 -> DEDUP to block 1102 (no write)
[cas    ] put len 512 hash e2795bb1983dc725 -> DEDUP to block 1102 (no write)
[cas    ] put len 512 hash 5e3938d318ebef25 -> block 1098 (stored)
[cas    ] put len 512 hash 5e3938d318ebef25 -> DEDUP to block 1098 (no write)
[cas    ] put len 512 hash 92e8c96fc088d325 -> block 1104 (stored)
[cas    ] put len 512 hash 92e8c96fc088d325 -> DEDUP to block 1104 (no write)
[cas    ] put len 512 hash 064ea73e2cdd8925 -> block 1105 (stored)
[cas    ] put len 512 hash 064ea73e2cdd8925 -> DEDUP to block 1105 (no write)
[cas    ] put len 512 hash 390b627780573725 -> block 1106 (stored)
[cas    ] put len 512 hash 390b627780573725 -> DEDUP to block 1106 (no write)
[cas    ] put len 512 hash 5e3938d318ebef25 -> DEDUP to block 1098 (no write)
[cas    ] put len 512 hash 5e3938d318ebef25 -> DEDUP to block 1098 (no write)
[cas    ] put len 512 hash 92e8c96fc088d325 -> DEDUP to block 1104 (no write)
[cas    ] put len 512 hash 92e8c96fc088d325 -> DEDUP to block 1104 (no write)
[cas    ] put len 512 hash 8a7db3819b5af325 -> block 1102 (stored)
[cas    ] put len 512 hash 8a7db3819b5af325 -> DEDUP to block 1102 (no write)
[cas    ] put len 512 hash 064ea73e2cdd8925 -> DEDUP to block 1105 (no write)
[cas    ] put len 512 hash 064ea73e2cdd8925 -> DEDUP to block 1105 (no write)
[cas    ] put len 512 hash 2ed4a4169095f325 -> block 1098 (stored)
[cas    ] put len 512 hash 2ed4a4169095f325 -> DEDUP to block 1098 (no write)
[cas    ] put len 512 hash 8a7db3819b5af325 -> DEDUP to block 1102 (no write)
[cas    ] put len 512 hash 8a7db3819b5af325 -> DEDUP to block 1102 (no write)
[cas    ] put len 512 hash 627b9c55abcaef25 -> block 1103 (stored)
[cas    ] put len 512 hash 627b9c55abcaef25 -> DEDUP to block 1103 (no write)
[cas    ] put len 512 hash 390b627780573725 -> DEDUP to block 1106 (no write)
[cas    ] put len 512 hash 390b627780573725 -> DEDUP to block 1106 (no write)
[cas    ] put len 512 hash 2ed4a4169095f325 -> DEDUP to block 1098 (no write)
[cas    ] put len 512 hash 2ed4a4169095f325 -> DEDUP to block 1098 (no write)
[cas    ] put len 512 hash dcf9aab778309f25 -> block 1104 (stored)
[cas    ] put len 512 hash dcf9aab778309f25 -> DEDUP to block 1104 (no write)
[cas    ] put len 512 hash 627b9c55abcaef25 -> DEDUP to block 1103 (no write)
[cas    ] put len 512 hash 627b9c55abcaef25 -> DEDUP to block 1103 (no write)
[cas    ] put len 512 hash b00984f8f8569925 -> block 1102 (stored)
[cas    ] put len 512 hash b00984f8f8569925 -> DEDUP to block 1102 (no write)
[cas    ] put len 512 hash 8d7059e14a7f2d25 -> block 1098 (stored)
[cas    ] put len 512 hash 8d7059e14a7f2d25 -> DEDUP to block 1098 (no write)
[cas    ] put len 512 hash dcf9aab778309f25 -> DEDUP to block 1104 (no write)
[cas    ] put len 512 hash dcf9aab778309f25 -> DEDUP to block 1104 (no write)
[cas    ] put len 512 hash d2a6111f3926e725 -> block 1105 (stored)
[cas    ] put len 512 hash d2a6111f3926e725 -> DEDUP to block 1105 (no write)
[cas    ] put len 512 hash 8d7059e14a7f2d25 -> DEDUP to block 1098 (no write)
[cas    ] put len 512 hash 8d7059e14a7f2d25 -> DEDUP to block 1098 (no write)
[cas    ] put len 512 hash b00984f8f8569925 -> DEDUP to block 1102 (no write)
[cas    ] put len 512 hash b00984f8f8569925 -> DEDUP to block 1102 (no write)
[cas    ] put len 512 hash d2a6111f3926e725 -> DEDUP to block 1105 (no write)
[cas    ] put len 512 hash d2a6111f3926e725 -> DEDUP to block 1105 (no write)
[cas    ] put len 512 hash 258a67c62b1a5325 -> block 1103 (stored)
[cas    ] put len 512 hash 258a67c62b1a5325 -> DEDUP to block 1103 (no write)
[cas    ] put len 512 hash 258a67c62b1a5325 -> DEDUP to block 1103 (no write)
[cas    ] put len 512 hash 258a67c62b1a5325 -> DEDUP to block 1103 (no write)
[smpstrs]   pid 36 role 10: exit 36 (want 36) ran_on 1
[smpstrs]   pid 37 role 10: exit 37 (want 37) ran_on 2
[smpstrs]   pid 38 role 9: exit 38 (want 38) ran_on 4
[smpstrs]   pid 39 role 9: exit 39 (want 39) ran_on 8
[smpstrs]   pid 40 role 9: exit 40 (want 40) ran_on 10
[smpstrs]   pid 41 role 9: exit 41 (want 41) ran_on 20
[smpstrs]   pid 42 role 6: exit 42 (want 42) ran_on 40
[smpstrs]   pid 43 role 6: exit 43 (want 43) ran_on 80
[smpstrs]   pid 44 role 6: exit 44 (want 44) ran_on 40
[smpstrs]   pid 45 role 6: exit 45 (want 45) ran_on 80
[smpstrs]  PASS  no watchdog timeout — every worker reached a terminal state (no deadlock)
[smpstrs]  PASS  every worker's exit code == its pid (no 6xx/7xx: VFS/surface work was correct)
[smpstrs] 8 distinct core(s) executed part of this mixed workload
[smpstrs]  PASS  >= 2 distinct cores executed part of the mix (bias + stealing both worked)
[smpstrs]  PASS  ZERO cross-core lock-rank violations across the whole mixed run
[smpstrs] -- v0.49 phase 2: TLB shootdown + affinity + remap/unmap migration --
[kernel ] spawned pid 46 'smpstrs-noadmin' caps 0000000000000000 — private PML4 @ phys 0000000001368000
[smpstrs]  PASS  every v0.49 SMP syscall denied without PCAP_SMP_ADMIN
[kernel ] spawned pid 47 'smp-migrate' caps 0000000000000200 — private PML4 @ phys 0000000001365000
[elf    ] PT_LOAD vaddr 0000500000000000 filesz 000000000001b280 memsz 000000000001b280 (ro) -> mapped USER (bounds ok)
[elf    ] PT_LOAD vaddr 000050000001c000 filesz 0000000000003f1e memsz 0000000000003f1e (ro) -> mapped USER (bounds ok)
[elf    ] PT_LOAD vaddr 0000500000020000 filesz 0000000000000284 memsz 0000000000037fe0 (rw) -> mapped USER (bounds ok)
[kernel ] spawned pid 48 'smp-migrate' caps 0000000000000200 — private PML4 @ phys 000000000146c000
[elf    ] PT_LOAD vaddr 0000500000000000 filesz 000000000001b280 memsz 000000000001b280 (ro) -> mapped USER (bounds ok)
[elf    ] PT_LOAD vaddr 000050000001c000 filesz 0000000000003f1e memsz 0000000000003f1e (ro) -> mapped USER (bounds ok)
[elf    ] PT_LOAD vaddr 0000500000020000 filesz 0000000000000284 memsz 0000000000037fe0 (rw) -> mapped USER (bounds ok)
[kernel ] spawned pid 49 'smp-migrate' caps 0000000000000200 — private PML4 @ phys 0000000001404000
[elf    ] PT_LOAD vaddr 0000500000000000 filesz 000000000001b280 memsz 000000000001b280 (ro) -> mapped USER (bounds ok)
[elf    ] PT_LOAD vaddr 000050000001c000 filesz 0000000000003f1e memsz 0000000000003f1e (ro) -> mapped USER (bounds ok)
[elf    ] PT_LOAD vaddr 0000500000020000 filesz 0000000000000284 memsz 0000000000037fe0 (rw) -> mapped USER (bounds ok)
[kernel ] spawned pid 50 'smp-migrate' caps 0000000000000200 — private PML4 @ phys 0000000001287000
[elf    ] PT_LOAD vaddr 0000500000000000 filesz 000000000001b280 memsz 000000000001b280 (ro) -> mapped USER (bounds ok)
[elf    ] PT_LOAD vaddr 000050000001c000 filesz 0000000000003f1e memsz 0000000000003f1e (ro) -> mapped USER (bounds ok)
[elf    ] PT_LOAD vaddr 0000500000020000 filesz 0000000000000284 memsz 0000000000037fe0 (rw) -> mapped USER (bounds ok)
[kernel ] spawned pid 51 'smp-migrate' caps 0000000000000200 — private PML4 @ phys 00000000015a0000
[elf    ] PT_LOAD vaddr 0000500000000000 filesz 000000000001b280 memsz 000000000001b280 (ro) -> mapped USER (bounds ok)
[elf    ] PT_LOAD vaddr 000050000001c000 filesz 0000000000003f1e memsz 0000000000003f1e (ro) -> mapped USER (bounds ok)
[elf    ] PT_LOAD vaddr 0000500000020000 filesz 0000000000000284 memsz 0000000000037fe0 (rw) -> mapped USER (bounds ok)
[kernel ] spawned pid 52 'smp-migrate' caps 0000000000000200 — private PML4 @ phys 0000000001393000
[elf    ] PT_LOAD vaddr 0000500000000000 filesz 000000000001b280 memsz 000000000001b280 (ro) -> mapped USER (bounds ok)
[elf    ] PT_LOAD vaddr 000050000001c000 filesz 0000000000003f1e memsz 0000000000003f1e (ro) -> mapped USER (bounds ok)
[elf    ] PT_LOAD vaddr 0000500000020000 filesz 0000000000000284 memsz 0000000000037fe0 (rw) -> mapped USER (bounds ok)
[kernel ] spawned pid 53 'smp-migrate' caps 0000000000000200 — private PML4 @ phys 0000000001541000
[elf    ] PT_LOAD vaddr 0000500000000000 filesz 000000000001b280 memsz 000000000001b280 (ro) -> mapped USER (bounds ok)
[elf    ] PT_LOAD vaddr 000050000001c000 filesz 0000000000003f1e memsz 0000000000003f1e (ro) -> mapped USER (bounds ok)
[elf    ] PT_LOAD vaddr 0000500000020000 filesz 0000000000000284 memsz 0000000000037fe0 (rw) -> mapped USER (bounds ok)
[kernel ] spawned pid 54 'smp-migrate' caps 0000000000000200 — private PML4 @ phys 00000000011c6000
[elf    ] PT_LOAD vaddr 0000500000000000 filesz 000000000001b280 memsz 000000000001b280 (ro) -> mapped USER (bounds ok)
[elf    ] PT_LOAD vaddr 000050000001c000 filesz 0000000000003f1e memsz 0000000000003f1e (ro) -> mapped USER (bounds ok)
[elf    ] PT_LOAD vaddr 0000500000020000 filesz 0000000000000284 memsz 0000000000037fe0 (rw) -> mapped USER (bounds ok)
[smpstrs]   pid 47 (role 16): exit 47 (want 47) ran_on 1 affinity 1
[smpstrs]   pid 48 (role 16): exit 48 (want 48) ran_on 2 affinity 0
[smpstrs]   pid 49 (role 16): exit 49 (want 49) ran_on 1 affinity 1
[smpstrs]   pid 50 (role 16): exit 50 (want 50) ran_on 8 affinity 0
[smpstrs]   pid 51 (role 16): exit 51 (want 51) ran_on 1 affinity 1
[smpstrs]   pid 52 (role 16): exit 52 (want 52) ran_on 4 affinity 0
[smpstrs]   pid 53 (role 16): exit 53 (want 53) ran_on 1 affinity 1
[smpstrs]   pid 54 (role 16): exit 54 (want 54) ran_on 80 affinity 0
[smpstrs]  PASS  no watchdog timeout — every remap/unmap/migration worker finished (0 IPI deadlocks)
[smpstrs]  PASS  every worker's exit code == its pid (0 stale TLB reads across remap/unmap/migration)
[smpstrs]  PASS  every pid-pinned worker's ran_on stayed inside its affinity mask (cpu0 only)
[smpstrs] phase 2: 1 task(s) stolen, 3 non-blocking steal attempt(s) backed off busy
[smpstrs]  PASS  ZERO cross-core lock-rank violations across the migration phase
[smpstrs] RESULT: 9 passed, 0 failed
[smpstrs] SMP STRESS VERIFIED — mixed syscall/VFS/compositor workload survives across every core
-- done --
-- DMA STRESS: real passthrough/DMA grants held and revoked across genuine kproc exit --
[kernel ] spawned pid 55 'dma-stress' caps 0000000000000003 — private PML4 @ phys 0000000001541000
[elf    ] PT_LOAD vaddr 0000500000000000 filesz 000000000001b280 memsz 000000000001b280 (ro) -> mapped USER (bounds ok)
[elf    ] PT_LOAD vaddr 000050000001c000 filesz 0000000000003f1e memsz 0000000000003f1e (ro) -> mapped USER (bounds ok)
[elf    ] PT_LOAD vaddr 0000500000020000 filesz 0000000000000284 memsz 0000000000037fe0 (rw) -> mapped USER (bounds ok)
[kernel ] spawned pid 56 'dma-stress' caps 0000000000000003 — private PML4 @ phys 00000000011cb000
[elf    ] PT_LOAD vaddr 0000500000000000 filesz 000000000001b280 memsz 000000000001b280 (ro) -> mapped USER (bounds ok)
[elf    ] PT_LOAD vaddr 000050000001c000 filesz 0000000000003f1e memsz 0000000000003f1e (ro) -> mapped USER (bounds ok)
[elf    ] PT_LOAD vaddr 0000500000020000 filesz 0000000000000284 memsz 0000000000037fe0 (rw) -> mapped USER (bounds ok)
[kernel ] spawned pid 57 'dma-stress' caps 0000000000000003 — private PML4 @ phys 0000000001396000
[elf    ] PT_LOAD vaddr 0000500000000000 filesz 000000000001b280 memsz 000000000001b280 (ro) -> mapped USER (bounds ok)
[elf    ] PT_LOAD vaddr 000050000001c000 filesz 0000000000003f1e memsz 0000000000003f1e (ro) -> mapped USER (bounds ok)
[elf    ] PT_LOAD vaddr 0000500000020000 filesz 0000000000000284 memsz 0000000000037fe0 (rw) -> mapped USER (bounds ok)
[kernel ] spawned pid 58 'dma-stress' caps 0000000000000003 — private PML4 @ phys 0000000001399000
[elf    ] PT_LOAD vaddr 0000500000000000 filesz 000000000001b280 memsz 000000000001b280 (ro) -> mapped USER (bounds ok)
[elf    ] PT_LOAD vaddr 000050000001c000 filesz 0000000000003f1e memsz 0000000000003f1e (ro) -> mapped USER (bounds ok)
[elf    ] PT_LOAD vaddr 0000500000020000 filesz 0000000000000284 memsz 0000000000037fe0 (rw) -> mapped USER (bounds ok)
[kernel ] spawned pid 59 'dma-stress' caps 0000000000000020 — private PML4 @ phys 00000000014c3000
[elf    ] PT_LOAD vaddr 0000500000000000 filesz 000000000001b280 memsz 000000000001b280 (ro) -> mapped USER (bounds ok)
[elf    ] PT_LOAD vaddr 000050000001c000 filesz 0000000000003f1e memsz 0000000000003f1e (ro) -> mapped USER (bounds ok)
[elf    ] PT_LOAD vaddr 0000500000020000 filesz 0000000000000284 memsz 0000000000037fe0 (rw) -> mapped USER (bounds ok)
[cas    ] put len 512 hash 0aa774b9baee8925 -> block 1098 (stored)
[cas    ] put len 512 hash 0aa774b9baee8925 -> DEDUP to block 1098 (no write)
[kernel ] spawned pid 60 'dma-stress' caps 0000000000000020 — private PML4 @ phys 0000000001364000
[elf    ] PT_LOAD vaddr 0000500000000000 filesz 000000000001b280 memsz 000000000001b280 (ro) -> mapped USER (bounds ok)
[elf    ] PT_LOAD vaddr 000050000001c000 filesz 0000000000003f1e memsz 0000000000003f1e (ro) -> mapped USER (bounds ok)
[elf    ] PT_LOAD vaddr 0000500000020000 filesz 0000000000000284 memsz 0000000000037fe0 (rw) -> mapped USER (bounds ok)
[cas    ] put len 512 hash 3082feee2d37ef25 -> block 1106 (stored)
[cas    ] put len 512 hash 3082feee2d37ef25 -> DEDUP to block 1106 (no write)
[kernel ] spawned pid 61 'dma-stress' caps 0000000000000020 — private PML4 @ phys 0000000001336000
[elf    ] PT_LOAD vaddr 0000500000000000 filesz 000000000001b280 memsz 000000000001b280 (ro) -> mapped USER (bounds ok)
[elf    ] PT_LOAD vaddr 000050000001c000 filesz 0000000000003f1e memsz 0000000000003f1e (ro) -> mapped USER (bounds ok)
[elf    ] PT_LOAD vaddr 0000500000020000 filesz 0000000000000284 memsz 0000000000037fe0 (rw) -> mapped USER (bounds ok)
[cas    ] put len 512 hash 2da272ce52794f25 -> block 1107 (stored)
[cas    ] put len 512 hash 2da272ce52794f25 -> DEDUP to block 1107 (no write)
[kernel ] spawned pid 62 'dma-stress' caps 0000000000000020 — private PML4 @ phys 0000000001590000
[elf    ] PT_LOAD vaddr 0000500000000000 filesz 000000000001b280 memsz 000000000001b280 (ro) -> mapped USER (bounds ok)
[elf    ] PT_LOAD vaddr 000050000001c000 filesz 0000000000003f1e memsz 0000000000003f1e (ro) -> mapped USER (bounds ok)
[elf    ] PT_LOAD vaddr 0000500000020000 filesz 0000000000000284 memsz 0000000000037fe0 (rw) -> mapped USER (bounds ok)
[cas    ] put len 512 hash 9d912f4bed808325 -> block 1108 (stored)
[cas    ] put len 512 hash 9d912f4bed808325 -> DEDUP to block 1108 (no write)
[kernel ] spawned pid 63 'dma-stress' caps 0000000000000040 — private PML4 @ phys 000000000152f000
[elf    ] PT_LOAD vaddr 0000500000000000 filesz 000000000001b280 memsz 000000000001b280 (ro) -> mapped USER (bounds ok)
[elf    ] PT_LOAD vaddr 000050000001c000 filesz 0000000000003f1e memsz 0000000000003f1e (ro) -> mapped USER (bounds ok)
[elf    ] PT_LOAD vaddr 0000500000020000 filesz 0000000000000284 memsz 0000000000037fe0 (rw) -> mapped USER (bounds ok)
[kernel ] spawned pid 64 'dma-stress' caps 0000000000000040 — private PML4 @ phys 0000000001228000
[elf    ] PT_LOAD vaddr 0000500000000000 filesz 000000000001b280 memsz 000000000001b280 (ro) -> mapped USER (bounds ok)
[elf    ] PT_LOAD vaddr 000050000001c000 filesz 0000000000003f1e memsz 0000000000003f1e (ro) -> mapped USER (bounds ok)
[elf    ] PT_LOAD vaddr 0000500000020000 filesz 0000000000000284 memsz 0000000000037fe0 (rw) -> mapped USER (bounds ok)
[cas    ] put len 512 hash 476bec07673a5325 -> block 1109 (stored)
[cas    ] put len 512 hash 476bec07673a5325 -> DEDUP to block 1109 (no write)
[dmastrs] 10 workers (4 DMA-churn + 4 VFS + 2 surface) biased round-robin across 8 cores
[hw     ] GRANT  pid 58 'dma-stress' -> 'sensor0': phys 0000000001003000 mapped at vaddr 0000400e80000000 (1 pages)
[hw     ] GRANT  pid 57 'dma-stress' -> 'sensor0': phys 0000000001003000 mapped at vaddr 0000400e40000000 (1 pages)
[surface] pid 63 owns surface 7 (64x64) DOUBLE-BUFFERED at user vaddr 0000530000000000 (+4 pages back) (recycled pixel buffers)
[hw     ] GRANT  pid 55 'dma-stress' -> 'sensor0': phys 0000000001003000 mapped at vaddr 0000400dc0000000 (1 pages)
[surface] slot 7 reclaimed on owner exit — 8 pages (phys 00000000014d3000) back on the free list
[surface] pid 63 owns surface 7 (64x64) DOUBLE-BUFFERED at user vaddr 0000530000000000 (+4 pages back) (recycled pixel buffers)
[cas    ] put len 512 hash fa2b007045bc5f25 -> block 1110 (stored)
[surface] pid 64 owns surface 6 (64x64) DOUBLE-BUFFERED at user vaddr 0000530000000000 (+4 pages back) (recycled pixel buffers)
[cas    ] put len 512 hash fa2b007045bc5f25 -> DEDUP to block 1110 (no write)
[hw     ] GRANT  pid 56 'dma-stress' -> 'sensor0': phys 0000000001003000 mapped at vaddr 0000400e00000000 (1 pages)
[surface] slot 7 reclaimed on owner exit — 8 pages (phys 00000000014d3000) back on the free list
[surface] slot 6 reclaimed on owner exit — 8 pages (phys 00000000014cb000) back on the free list
[surface] pid 64 owns surface 6 (64x64) DOUBLE-BUFFERED at user vaddr 0000530000000000 (+4 pages back) (recycled pixel buffers)
[cas    ] put len 512 hash 1a6784569260c725 -> block 1098 (stored)
[surface] slot 6 reclaimed on owner exit — 8 pages (phys 00000000014cb000) back on the free list
[cas    ] put len 512 hash 1a6784569260c725 -> DEDUP to block 1098 (no write)
[cas    ] put len 512 hash 47d27526fac81325 -> block 1107 (stored)
[cas    ] put len 512 hash 47d27526fac81325 -> DEDUP to block 1107 (no write)
[cas    ] put len 512 hash 8a7af8824c8be925 -> block 1108 (stored)
[cas    ] put len 512 hash 8a7af8824c8be925 -> DEDUP to block 1108 (no write)
[cas    ] put len 512 hash 1a6784569260c725 -> DEDUP to block 1098 (no write)
[cas    ] put len 512 hash 1a6784569260c725 -> DEDUP to block 1098 (no write)
[cas    ] put len 512 hash 47d27526fac81325 -> DEDUP to block 1107 (no write)
[cas    ] put len 512 hash 47d27526fac81325 -> DEDUP to block 1107 (no write)
[cas    ] put len 512 hash fa2b007045bc5f25 -> DEDUP to block 1110 (no write)
[cas    ] put len 512 hash fa2b007045bc5f25 -> DEDUP to block 1110 (no write)
[cas    ] put len 512 hash 8db2da7618d9cd25 -> block 1106 (stored)
[cas    ] put len 512 hash 8db2da7618d9cd25 -> DEDUP to block 1106 (no write)
[cas    ] put len 512 hash ad85e61a604def25 -> block 1098 (stored)
[cas    ] put len 512 hash ad85e61a604def25 -> DEDUP to block 1098 (no write)
[cas    ] put len 512 hash 6174223c2d858325 -> block 1107 (stored)
[cas    ] put len 512 hash 6174223c2d858325 -> DEDUP to block 1107 (no write)
[cas    ] put len 512 hash ad85e61a604def25 -> DEDUP to block 1098 (no write)
[cas    ] put len 512 hash ad85e61a604def25 -> DEDUP to block 1098 (no write)
[cas    ] put len 512 hash 8a7af8824c8be925 -> DEDUP to block 1108 (no write)
[cas    ] put len 512 hash 8a7af8824c8be925 -> DEDUP to block 1108 (no write)
[cas    ] put len 512 hash 6174223c2d858325 -> DEDUP to block 1107 (no write)
[cas    ] put len 512 hash 6174223c2d858325 -> DEDUP to block 1107 (no write)
[cas    ] put len 512 hash 8db2da7618d9cd25 -> DEDUP to block 1106 (no write)
[cas    ] put len 512 hash 8db2da7618d9cd25 -> DEDUP to block 1106 (no write)
[cas    ] put len 512 hash 43a6da90a1fdff25 -> block 1109 (stored)
[cas    ] put len 512 hash 43a6da90a1fdff25 -> DEDUP to block 1109 (no write)
[cas    ] put len 512 hash 80895235b027dd25 -> block 1108 (stored)
[cas    ] put len 512 hash 80895235b027dd25 -> DEDUP to block 1108 (no write)
[cas    ] put len 512 hash 80895235b027dd25 -> DEDUP to block 1108 (no write)
[cas    ] put len 512 hash 80895235b027dd25 -> DEDUP to block 1108 (no write)
[cas    ] put len 512 hash 06a5a0eb7e259f25 -> block 1098 (stored)
[cas    ] put len 512 hash 06a5a0eb7e259f25 -> DEDUP to block 1098 (no write)
[cas    ] put len 512 hash 3d8dc6b066d39f25 -> block 1107 (stored)
[cas    ] put len 512 hash 3d8dc6b066d39f25 -> DEDUP to block 1107 (no write)
[cas    ] put len 512 hash bc6ac16bce843325 -> block 1106 (stored)
[cas    ] put len 512 hash bc6ac16bce843325 -> DEDUP to block 1106 (no write)
[cas    ] put len 512 hash 3d8dc6b066d39f25 -> DEDUP to block 1107 (no write)
[cas    ] put len 512 hash 3d8dc6b066d39f25 -> DEDUP to block 1107 (no write)
[cas    ] put len 512 hash 43a6da90a1fdff25 -> DEDUP to block 1109 (no write)
[cas    ] put len 512 hash 43a6da90a1fdff25 -> DEDUP to block 1109 (no write)
[cas    ] put len 512 hash 06a5a0eb7e259f25 -> DEDUP to block 1098 (no write)
[cas    ] put len 512 hash 06a5a0eb7e259f25 -> DEDUP to block 1098 (no write)
[cas    ] put len 512 hash 07adc12a538c1f25 -> block 1108 (stored)
[cas    ] put len 512 hash 07adc12a538c1f25 -> DEDUP to block 1108 (no write)
[cas    ] put len 512 hash 87047bca5d38bd25 -> block 1107 (stored)
[cas    ] put len 512 hash 87047bca5d38bd25 -> DEDUP to block 1107 (no write)
[cas    ] put len 512 hash bc6ac16bce843325 -> DEDUP to block 1106 (no write)
[cas    ] put len 512 hash bc6ac16bce843325 -> DEDUP to block 1106 (no write)
[cas    ] put len 512 hash 9d32e7a742540f25 -> block 1098 (stored)
[cas    ] put len 512 hash 9d32e7a742540f25 -> DEDUP to block 1098 (no write)
[cas    ] put len 512 hash 07adc12a538c1f25 -> DEDUP to block 1108 (no write)
[cas    ] put len 512 hash 07adc12a538c1f25 -> DEDUP to block 1108 (no write)
[cas    ] put len 512 hash 9d32e7a742540f25 -> DEDUP to block 1098 (no write)
[cas    ] put len 512 hash 9d32e7a742540f25 -> DEDUP to block 1098 (no write)
[cas    ] put len 512 hash 87047bca5d38bd25 -> DEDUP to block 1107 (no write)
[cas    ] put len 512 hash 87047bca5d38bd25 -> DEDUP to block 1107 (no write)
[cas    ] put len 512 hash 6b1c2f56519dc725 -> block 1109 (stored)
[cas    ] put len 512 hash 6b1c2f56519dc725 -> DEDUP to block 1109 (no write)
[cas    ] put len 512 hash 6b1c2f56519dc725 -> DEDUP to block 1109 (no write)
[cas    ] put len 512 hash 6b1c2f56519dc725 -> DEDUP to block 1109 (no write)
[dmastrs]   pid 55 role 11: exit 55 (want 55) grants=0 slpt=0000000000000000 finish#41
[dmastrs]   pid 56 role 11: exit 56 (want 56) grants=0 slpt=0000000000000000 finish#43
[dmastrs]   pid 57 role 11: exit 57 (want 57) grants=0 slpt=0000000000000000 finish#40
[dmastrs]   pid 58 role 11: exit 58 (want 58) grants=0 slpt=0000000000000000 finish#39
[dmastrs]   pid 59 role 9: exit 59 (want 59) grants=0 slpt=0000000000000000 finish#46
[dmastrs]   pid 60 role 9: exit 60 (want 60) grants=0 slpt=0000000000000000 finish#48
[dmastrs]   pid 61 role 9: exit 61 (want 61) grants=0 slpt=0000000000000000 finish#47
[dmastrs]   pid 62 role 9: exit 62 (want 62) grants=0 slpt=0000000000000000 finish#45
[dmastrs]   pid 63 role 10: exit 63 (want 63) grants=0 slpt=0000000000000000 finish#42
[dmastrs]   pid 64 role 10: exit 64 (want 64) grants=0 slpt=0000000000000000 finish#44
[dmastrs]  PASS  no watchdog timeout — every worker reached a terminal state
[dmastrs]  PASS  every worker's exit code == its pid (DMA/passthrough work was correct)
[dmastrs]  PASS  every worker's DMA grant table is empty after exit (all revoked)
[dmastrs]  PASS  every worker's IOMMU domain (g_proc_slpt) was freed and zeroed on exit
[dmastrs]  PASS  no descriptor leaks (open-file table fully released)
[dmastrs] this run: +1008 freed, +20 reused; global depth 993 reconciles: freed=4778 reused=3785
[dmastrs]  PASS  free-frame count reconciles (g_frame_free_depth == lifetime freed - reused)
[dmastrs] RESULT: 6 passed, 0 failed
[dmastrs] DMA STRESS VERIFIED — every grant revoked, every domain freed, no leaks, no contamination
-- done --
-- LEAK CHECK: heavy spawn/destroy loop proves 100% physical-frame reclamation --
[kernel ] spawned pid 65 'leak-probe' caps 0000000000000000 — private PML4 @ phys 0000000001364000
[elf    ] PT_LOAD vaddr 0000500000000000 filesz 000000000001b280 memsz 000000000001b280 (ro) -> mapped USER (bounds ok)
[elf    ] PT_LOAD vaddr 000050000001c000 filesz 0000000000003f1e memsz 0000000000003f1e (ro) -> mapped USER (bounds ok)
[elf    ] PT_LOAD vaddr 0000500000020000 filesz 0000000000000284 memsz 0000000000037fe0 (rw) -> mapped USER (bounds ok)
  [mc :r3] ring-3 thread executing on an APPLICATION PROCESSOR
  [mc :r3] SYS_GETPID via the AP's own SYSCALL path -> pid 0000000000000041
[elf    ] PT_LOAD vaddr 0000500000000000 filesz 000000000001b280 memsz 000000000001b280 (ro) -> mapped USER (bounds ok)
[elf    ] PT_LOAD vaddr 000050000001c000 filesz 0000000000003f1e memsz 0000000000003f1e (ro) -> mapped USER (bounds ok)
[elf    ] PT_LOAD vaddr 0000500000020000 filesz 0000000000000284 memsz 0000000000037fe0 (rw) -> mapped USER (bounds ok)
  [mc :r3] ring-3 thread executing on an APPLICATION PROCESSOR
  [mc :r3] SYS_GETPID via the AP's own SYSCALL path -> pid 0000000000000041
[elf    ] PT_LOAD vaddr 0000500000000000 filesz 000000000001b280 memsz 000000000001b280 (ro) -> mapped USER (bounds ok)
[elf    ] PT_LOAD vaddr 000050000001c000 filesz 0000000000003f1e memsz 0000000000003f1e (ro) -> mapped USER (bounds ok)
[elf    ] PT_LOAD vaddr 0000500000020000 filesz 0000000000000284 memsz 0000000000037fe0 (rw) -> mapped USER (bounds ok)
  [mc :r3] ring-3 thread executing on an APPLICATION PROCESSOR
  [mc :r3] SYS_GETPID via the AP's own SYSCALL path -> pid 0000000000000041
[elf    ] PT_LOAD vaddr 0000500000000000 filesz 000000000001b280 memsz 000000000001b280 (ro) -> mapped USER (bounds ok)
[elf    ] PT_LOAD vaddr 000050000001c000 filesz 0000000000003f1e memsz 0000000000003f1e (ro) -> mapped USER (bounds ok)
[elf    ] PT_LOAD vaddr 0000500000020000 filesz 0000000000000284 memsz 0000000000037fe0 (rw) -> mapped USER (bounds ok)
  [mc :r3] ring-3 thread executing on an APPLICATION PROCESSOR
  [mc :r3] SYS_GETPID via the AP's own SYSCALL path -> pid 0000000000000041
[elf    ] PT_LOAD vaddr 0000500000000000 filesz 000000000001b280 memsz 000000000001b280 (ro) -> mapped USER (bounds ok)
[elf    ] PT_LOAD vaddr 000050000001c000 filesz 0000000000003f1e memsz 0000000000003f1e (ro) -> mapped USER (bounds ok)
[elf    ] PT_LOAD vaddr 0000500000020000 filesz 0000000000000284 memsz 0000000000037fe0 (rw) -> mapped USER (bounds ok)
  [mc :r3] ring-3 thread executing on an APPLICATION PROCESSOR
  [mc :r3] SYS_GETPID via the AP's own SYSCALL path -> pid 0000000000000041
[elf    ] PT_LOAD vaddr 0000500000000000 filesz 000000000001b280 memsz 000000000001b280 (ro) -> mapped USER (bounds ok)
[elf    ] PT_LOAD vaddr 000050000001c000 filesz 0000000000003f1e memsz 0000000000003f1e (ro) -> mapped USER (bounds ok)
[elf    ] PT_LOAD vaddr 0000500000020000 filesz 0000000000000284 memsz 0000000000037fe0 (rw) -> mapped USER (bounds ok)
  [mc :r3] ring-3 thread executing on an APPLICATION PROCESSOR
  [mc :r3] SYS_GETPID via the AP's own SYSCALL path -> pid 0000000000000041
[elf    ] PT_LOAD vaddr 0000500000000000 filesz 000000000001b280 memsz 000000000001b280 (ro) -> mapped USER (bounds ok)
[elf    ] PT_LOAD vaddr 000050000001c000 filesz 0000000000003f1e memsz 0000000000003f1e (ro) -> mapped USER (bounds ok)
[elf    ] PT_LOAD vaddr 0000500000020000 filesz 0000000000000284 memsz 0000000000037fe0 (rw) -> mapped USER (bounds ok)
  [mc :r3] ring-3 thread executing on an APPLICATION PROCESSOR
  [mc :r3] SYS_GETPID via the AP's own SYSCALL path -> pid 0000000000000041
[elf    ] PT_LOAD vaddr 0000500000000000 filesz 000000000001b280 memsz 000000000001b280 (ro) -> mapped USER (bounds ok)
[elf    ] PT_LOAD vaddr 000050000001c000 filesz 0000000000003f1e memsz 0000000000003f1e (ro) -> mapped USER (bounds ok)
[elf    ] PT_LOAD vaddr 0000500000020000 filesz 0000000000000284 memsz 0000000000037fe0 (rw) -> mapped USER (bounds ok)
  [mc :r3] ring-3 thread executing on an APPLICATION PROCESSOR
  [mc :r3] SYS_GETPID via the AP's own SYSCALL path -> pid 0000000000000041
[elf    ] PT_LOAD vaddr 0000500000000000 filesz 000000000001b280 memsz 000000000001b280 (ro) -> mapped USER (bounds ok)
[elf    ] PT_LOAD vaddr 000050000001c000 filesz 0000000000003f1e memsz 0000000000003f1e (ro) -> mapped USER (bounds ok)
[elf    ] PT_LOAD vaddr 0000500000020000 filesz 0000000000000284 memsz 0000000000037fe0 (rw) -> mapped USER (bounds ok)
  [mc :r3] ring-3 thread executing on an APPLICATION PROCESSOR
  [mc :r3] SYS_GETPID via the AP's own SYSCALL path -> pid 0000000000000041
[elf    ] PT_LOAD vaddr 0000500000000000 filesz 000000000001b280 memsz 000000000001b280 (ro) -> mapped USER (bounds ok)
[elf    ] PT_LOAD vaddr 000050000001c000 filesz 0000000000003f1e memsz 0000000000003f1e (ro) -> mapped USER (bounds ok)
[elf    ] PT_LOAD vaddr 0000500000020000 filesz 0000000000000284 memsz 0000000000037fe0 (rw) -> mapped USER (bounds ok)
  [mc :r3] ring-3 thread executing on an APPLICATION PROCESSOR
  [mc :r3] SYS_GETPID via the AP's own SYSCALL path -> pid 0000000000000041
[elf    ] PT_LOAD vaddr 0000500000000000 filesz 000000000001b280 memsz 000000000001b280 (ro) -> mapped USER (bounds ok)
[elf    ] PT_LOAD vaddr 000050000001c000 filesz 0000000000003f1e memsz 0000000000003f1e (ro) -> mapped USER (bounds ok)
[elf    ] PT_LOAD vaddr 0000500000020000 filesz 0000000000000284 memsz 0000000000037fe0 (rw) -> mapped USER (bounds ok)
  [mc :r3] ring-3 thread executing on an APPLICATION PROCESSOR
  [mc :r3] SYS_GETPID via the AP's own SYSCALL path -> pid 0000000000000041
[elf    ] PT_LOAD vaddr 0000500000000000 filesz 000000000001b280 memsz 000000000001b280 (ro) -> mapped USER (bounds ok)
[elf    ] PT_LOAD vaddr 000050000001c000 filesz 0000000000003f1e memsz 0000000000003f1e (ro) -> mapped USER (bounds ok)
[elf    ] PT_LOAD vaddr 0000500000020000 filesz 0000000000000284 memsz 0000000000037fe0 (rw) -> mapped USER (bounds ok)
  [mc :r3] ring-3 thread executing on an APPLICATION PROCESSOR
  [mc :r3] SYS_GETPID via the AP's own SYSCALL path -> pid 0000000000000041
[elf    ] PT_LOAD vaddr 0000500000000000 filesz 000000000001b280 memsz 000000000001b280 (ro) -> mapped USER (bounds ok)
[elf    ] PT_LOAD vaddr 000050000001c000 filesz 0000000000003f1e memsz 0000000000003f1e (ro) -> mapped USER (bounds ok)
[elf    ] PT_LOAD vaddr 0000500000020000 filesz 0000000000000284 memsz 0000000000037fe0 (rw) -> mapped USER (bounds ok)
  [mc :r3] ring-3 thread executing on an APPLICATION PROCESSOR
  [mc :r3] SYS_GETPID via the AP's own SYSCALL path -> pid 0000000000000041
[elf    ] PT_LOAD vaddr 0000500000000000 filesz 000000000001b280 memsz 000000000001b280 (ro) -> mapped USER (bounds ok)
[elf    ] PT_LOAD vaddr 000050000001c000 filesz 0000000000003f1e memsz 0000000000003f1e (ro) -> mapped USER (bounds ok)
[elf    ] PT_LOAD vaddr 0000500000020000 filesz 0000000000000284 memsz 0000000000037fe0 (rw) -> mapped USER (bounds ok)
  [mc :r3] ring-3 thread executing on an APPLICATION PROCESSOR
  [mc :r3] SYS_GETPID via the AP's own SYSCALL path -> pid 0000000000000041
[elf    ] PT_LOAD vaddr 0000500000000000 filesz 000000000001b280 memsz 000000000001b280 (ro) -> mapped USER (bounds ok)
[elf    ] PT_LOAD vaddr 000050000001c000 filesz 0000000000003f1e memsz 0000000000003f1e (ro) -> mapped USER (bounds ok)
[elf    ] PT_LOAD vaddr 0000500000020000 filesz 0000000000000284 memsz 0000000000037fe0 (rw) -> mapped USER (bounds ok)
  [mc :r3] ring-3 thread executing on an APPLICATION PROCESSOR
  [mc :r3] SYS_GETPID via the AP's own SYSCALL path -> pid 0000000000000041
[elf    ] PT_LOAD vaddr 0000500000000000 filesz 000000000001b280 memsz 000000000001b280 (ro) -> mapped USER (bounds ok)
[elf    ] PT_LOAD vaddr 000050000001c000 filesz 0000000000003f1e memsz 0000000000003f1e (ro) -> mapped USER (bounds ok)
[elf    ] PT_LOAD vaddr 0000500000020000 filesz 0000000000000284 memsz 0000000000037fe0 (rw) -> mapped USER (bounds ok)
  [mc :r3] ring-3 thread executing on an APPLICATION PROCESSOR
  [mc :r3] SYS_GETPID via the AP's own SYSCALL path -> pid 0000000000000041
[elf    ] PT_LOAD vaddr 0000500000000000 filesz 000000000001b280 memsz 000000000001b280 (ro) -> mapped USER (bounds ok)
[elf    ] PT_LOAD vaddr 000050000001c000 filesz 0000000000003f1e memsz 0000000000003f1e (ro) -> mapped USER (bounds ok)
[elf    ] PT_LOAD vaddr 0000500000020000 filesz 0000000000000284 memsz 0000000000037fe0 (rw) -> mapped USER (bounds ok)
  [mc :r3] ring-3 thread executing on an APPLICATION PROCESSOR
  [mc :r3] SYS_GETPID via the AP's own SYSCALL path -> pid 0000000000000041
[elf    ] PT_LOAD vaddr 0000500000000000 filesz 000000000001b280 memsz 000000000001b280 (ro) -> mapped USER (bounds ok)
[elf    ] PT_LOAD vaddr 000050000001c000 filesz 0000000000003f1e memsz 0000000000003f1e (ro) -> mapped USER (bounds ok)
[elf    ] PT_LOAD vaddr 0000500000020000 filesz 0000000000000284 memsz 0000000000037fe0 (rw) -> mapped USER (bounds ok)
  [mc :r3] ring-3 thread executing on an APPLICATION PROCESSOR
  [mc :r3] SYS_GETPID via the AP's own SYSCALL path -> pid 0000000000000041
[elf    ] PT_LOAD vaddr 0000500000000000 filesz 000000000001b280 memsz 000000000001b280 (ro) -> mapped USER (bounds ok)
[elf    ] PT_LOAD vaddr 000050000001c000 filesz 0000000000003f1e memsz 0000000000003f1e (ro) -> mapped USER (bounds ok)
[elf    ] PT_LOAD vaddr 0000500000020000 filesz 0000000000000284 memsz 0000000000037fe0 (rw) -> mapped USER (bounds ok)
  [mc :r3] ring-3 thread executing on an APPLICATION PROCESSOR
  [mc :r3] SYS_GETPID via the AP's own SYSCALL path -> pid 0000000000000041
[elf    ] PT_LOAD vaddr 0000500000000000 filesz 000000000001b280 memsz 000000000001b280 (ro) -> mapped USER (bounds ok)
[elf    ] PT_LOAD vaddr 000050000001c000 filesz 0000000000003f1e memsz 0000000000003f1e (ro) -> mapped USER (bounds ok)
[elf    ] PT_LOAD vaddr 0000500000020000 filesz 0000000000000284 memsz 0000000000037fe0 (rw) -> mapped USER (bounds ok)
  [mc :r3] ring-3 thread executing on an APPLICATION PROCESSOR
  [mc :r3] SYS_GETPID via the AP's own SYSCALL path -> pid 0000000000000041
[elf    ] PT_LOAD vaddr 0000500000000000 filesz 000000000001b280 memsz 000000000001b280 (ro) -> mapped USER (bounds ok)
[elf    ] PT_LOAD vaddr 000050000001c000 filesz 0000000000003f1e memsz 0000000000003f1e (ro) -> mapped USER (bounds ok)
[elf    ] PT_LOAD vaddr 0000500000020000 filesz 0000000000000284 memsz 0000000000037fe0 (rw) -> mapped USER (bounds ok)
  [mc :r3] ring-3 thread executing on an APPLICATION PROCESSOR
  [mc :r3] SYS_GETPID via the AP's own SYSCALL path -> pid 0000000000000041
[elf    ] PT_LOAD vaddr 0000500000000000 filesz 000000000001b280 memsz 000000000001b280 (ro) -> mapped USER (bounds ok)
[elf    ] PT_LOAD vaddr 000050000001c000 filesz 0000000000003f1e memsz 0000000000003f1e (ro) -> mapped USER (bounds ok)
[elf    ] PT_LOAD vaddr 0000500000020000 filesz 0000000000000284 memsz 0000000000037fe0 (rw) -> mapped USER (bounds ok)
  [mc :r3] ring-3 thread executing on an APPLICATION PROCESSOR
  [mc :r3] SYS_GETPID via the AP's own SYSCALL path -> pid 0000000000000041
[elf    ] PT_LOAD vaddr 0000500000000000 filesz 000000000001b280 memsz 000000000001b280 (ro) -> mapped USER (bounds ok)
[elf    ] PT_LOAD vaddr 000050000001c000 filesz 0000000000003f1e memsz 0000000000003f1e (ro) -> mapped USER (bounds ok)
[elf    ] PT_LOAD vaddr 0000500000020000 filesz 0000000000000284 memsz 0000000000037fe0 (rw) -> mapped USER (bounds ok)
  [mc :r3] ring-3 thread executing on an APPLICATION PROCESSOR
  [mc :r3] SYS_GETPID via the AP's own SYSCALL path -> pid 0000000000000041
[elf    ] PT_LOAD vaddr 0000500000000000 filesz 000000000001b280 memsz 000000000001b280 (ro) -> mapped USER (bounds ok)
[elf    ] PT_LOAD vaddr 000050000001c000 filesz 0000000000003f1e memsz 0000000000003f1e (ro) -> mapped USER (bounds ok)
[elf    ] PT_LOAD vaddr 0000500000020000 filesz 0000000000000284 memsz 0000000000037fe0 (rw) -> mapped USER (bounds ok)
  [mc :r3] ring-3 thread executing on an APPLICATION PROCESSOR
  [mc :r3] SYS_GETPID via the AP's own SYSCALL path -> pid 0000000000000041
[elf    ] PT_LOAD vaddr 0000500000000000 filesz 000000000001b280 memsz 000000000001b280 (ro) -> mapped USER (bounds ok)
[elf    ] PT_LOAD vaddr 000050000001c000 filesz 0000000000003f1e memsz 0000000000003f1e (ro) -> mapped USER (bounds ok)
[elf    ] PT_LOAD vaddr 0000500000020000 filesz 0000000000000284 memsz 0000000000037fe0 (rw) -> mapped USER (bounds ok)
  [mc :r3] ring-3 thread executing on an APPLICATION PROCESSOR
  [mc :r3] SYS_GETPID via the AP's own SYSCALL path -> pid 0000000000000041
[elf    ] PT_LOAD vaddr 0000500000000000 filesz 000000000001b280 memsz 000000000001b280 (ro) -> mapped USER (bounds ok)
[elf    ] PT_LOAD vaddr 000050000001c000 filesz 0000000000003f1e memsz 0000000000003f1e (ro) -> mapped USER (bounds ok)
[elf    ] PT_LOAD vaddr 0000500000020000 filesz 0000000000000284 memsz 0000000000037fe0 (rw) -> mapped USER (bounds ok)
  [mc :r3] ring-3 thread executing on an APPLICATION PROCESSOR
  [mc :r3] SYS_GETPID via the AP's own SYSCALL path -> pid 0000000000000041
[elf    ] PT_LOAD vaddr 0000500000000000 filesz 000000000001b280 memsz 000000000001b280 (ro) -> mapped USER (bounds ok)
[elf    ] PT_LOAD vaddr 000050000001c000 filesz 0000000000003f1e memsz 0000000000003f1e (ro) -> mapped USER (bounds ok)
[elf    ] PT_LOAD vaddr 0000500000020000 filesz 0000000000000284 memsz 0000000000037fe0 (rw) -> mapped USER (bounds ok)
  [mc :r3] ring-3 thread executing on an APPLICATION PROCESSOR
  [mc :r3] SYS_GETPID via the AP's own SYSCALL path -> pid 0000000000000041
[elf    ] PT_LOAD vaddr 0000500000000000 filesz 000000000001b280 memsz 000000000001b280 (ro) -> mapped USER (bounds ok)
[elf    ] PT_LOAD vaddr 000050000001c000 filesz 0000000000003f1e memsz 0000000000003f1e (ro) -> mapped USER (bounds ok)
[elf    ] PT_LOAD vaddr 0000500000020000 filesz 0000000000000284 memsz 0000000000037fe0 (rw) -> mapped USER (bounds ok)
  [mc :r3] ring-3 thread executing on an APPLICATION PROCESSOR
  [mc :r3] SYS_GETPID via the AP's own SYSCALL path -> pid 0000000000000041
[elf    ] PT_LOAD vaddr 0000500000000000 filesz 000000000001b280 memsz 000000000001b280 (ro) -> mapped USER (bounds ok)
[elf    ] PT_LOAD vaddr 000050000001c000 filesz 0000000000003f1e memsz 0000000000003f1e (ro) -> mapped USER (bounds ok)
[elf    ] PT_LOAD vaddr 0000500000020000 filesz 0000000000000284 memsz 0000000000037fe0 (rw) -> mapped USER (bounds ok)
  [mc :r3] ring-3 thread executing on an APPLICATION PROCESSOR
  [mc :r3] SYS_GETPID via the AP's own SYSCALL path -> pid 0000000000000041
[elf    ] PT_LOAD vaddr 0000500000000000 filesz 000000000001b280 memsz 000000000001b280 (ro) -> mapped USER (bounds ok)
[elf    ] PT_LOAD vaddr 000050000001c000 filesz 0000000000003f1e memsz 0000000000003f1e (ro) -> mapped USER (bounds ok)
[elf    ] PT_LOAD vaddr 0000500000020000 filesz 0000000000000284 memsz 0000000000037fe0 (rw) -> mapped USER (bounds ok)
  [mc :r3] ring-3 thread executing on an APPLICATION PROCESSOR
  [mc :r3] SYS_GETPID via the AP's own SYSCALL path -> pid 0000000000000041
[elf    ] PT_LOAD vaddr 0000500000000000 filesz 000000000001b280 memsz 000000000001b280 (ro) -> mapped USER (bounds ok)
[elf    ] PT_LOAD vaddr 000050000001c000 filesz 0000000000003f1e memsz 0000000000003f1e (ro) -> mapped USER (bounds ok)
[elf    ] PT_LOAD vaddr 0000500000020000 filesz 0000000000000284 memsz 0000000000037fe0 (rw) -> mapped USER (bounds ok)
  [mc :r3] ring-3 thread executing on an APPLICATION PROCESSOR
  [mc :r3] SYS_GETPID via the AP's own SYSCALL path -> pid 0000000000000041
[elf    ] PT_LOAD vaddr 0000500000000000 filesz 000000000001b280 memsz 000000000001b280 (ro) -> mapped USER (bounds ok)
[elf    ] PT_LOAD vaddr 000050000001c000 filesz 0000000000003f1e memsz 0000000000003f1e (ro) -> mapped USER (bounds ok)
[elf    ] PT_LOAD vaddr 0000500000020000 filesz 0000000000000284 memsz 0000000000037fe0 (rw) -> mapped USER (bounds ok)
  [mc :r3] ring-3 thread executing on an APPLICATION PROCESSOR
  [mc :r3] SYS_GETPID via the AP's own SYSCALL path -> pid 0000000000000041
[elf    ] PT_LOAD vaddr 0000500000000000 filesz 000000000001b280 memsz 000000000001b280 (ro) -> mapped USER (bounds ok)
[elf    ] PT_LOAD vaddr 000050000001c000 filesz 0000000000003f1e memsz 0000000000003f1e (ro) -> mapped USER (bounds ok)
[elf    ] PT_LOAD vaddr 0000500000020000 filesz 0000000000000284 memsz 0000000000037fe0 (rw) -> mapped USER (bounds ok)
  [mc :r3] ring-3 thread executing on an APPLICATION PROCESSOR
  [mc :r3] SYS_GETPID via the AP's own SYSCALL path -> pid 0000000000000041
[elf    ] PT_LOAD vaddr 0000500000000000 filesz 000000000001b280 memsz 000000000001b280 (ro) -> mapped USER (bounds ok)
[elf    ] PT_LOAD vaddr 000050000001c000 filesz 0000000000003f1e memsz 0000000000003f1e (ro) -> mapped USER (bounds ok)
[elf    ] PT_LOAD vaddr 0000500000020000 filesz 0000000000000284 memsz 0000000000037fe0 (rw) -> mapped USER (bounds ok)
  [mc :r3] ring-3 thread executing on an APPLICATION PROCESSOR
  [mc :r3] SYS_GETPID via the AP's own SYSCALL path -> pid 0000000000000041
[elf    ] PT_LOAD vaddr 0000500000000000 filesz 000000000001b280 memsz 000000000001b280 (ro) -> mapped USER (bounds ok)
[elf    ] PT_LOAD vaddr 000050000001c000 filesz 0000000000003f1e memsz 0000000000003f1e (ro) -> mapped USER (bounds ok)
[elf    ] PT_LOAD vaddr 0000500000020000 filesz 0000000000000284 memsz 0000000000037fe0 (rw) -> mapped USER (bounds ok)
  [mc :r3] ring-3 thread executing on an APPLICATION PROCESSOR
  [mc :r3] SYS_GETPID via the AP's own SYSCALL path -> pid 0000000000000041
[elf    ] PT_LOAD vaddr 0000500000000000 filesz 000000000001b280 memsz 000000000001b280 (ro) -> mapped USER (bounds ok)
[elf    ] PT_LOAD vaddr 000050000001c000 filesz 0000000000003f1e memsz 0000000000003f1e (ro) -> mapped USER (bounds ok)
[elf    ] PT_LOAD vaddr 0000500000020000 filesz 0000000000000284 memsz 0000000000037fe0 (rw) -> mapped USER (bounds ok)
  [mc :r3] ring-3 thread executing on an APPLICATION PROCESSOR
  [mc :r3] SYS_GETPID via the AP's own SYSCALL path -> pid 0000000000000041
[elf    ] PT_LOAD vaddr 0000500000000000 filesz 000000000001b280 memsz 000000000001b280 (ro) -> mapped USER (bounds ok)
[elf    ] PT_LOAD vaddr 000050000001c000 filesz 0000000000003f1e memsz 0000000000003f1e (ro) -> mapped USER (bounds ok)
[elf    ] PT_LOAD vaddr 0000500000020000 filesz 0000000000000284 memsz 0000000000037fe0 (rw) -> mapped USER (bounds ok)
  [mc :r3] ring-3 thread executing on an APPLICATION PROCESSOR
  [mc :r3] SYS_GETPID via the AP's own SYSCALL path -> pid 0000000000000041
[elf    ] PT_LOAD vaddr 0000500000000000 filesz 000000000001b280 memsz 000000000001b280 (ro) -> mapped USER (bounds ok)
[elf    ] PT_LOAD vaddr 000050000001c000 filesz 0000000000003f1e memsz 0000000000003f1e (ro) -> mapped USER (bounds ok)
[elf    ] PT_LOAD vaddr 0000500000020000 filesz 0000000000000284 memsz 0000000000037fe0 (rw) -> mapped USER (bounds ok)
  [mc :r3] ring-3 thread executing on an APPLICATION PROCESSOR
  [mc :r3] SYS_GETPID via the AP's own SYSCALL path -> pid 0000000000000041
[elf    ] PT_LOAD vaddr 0000500000000000 filesz 000000000001b280 memsz 000000000001b280 (ro) -> mapped USER (bounds ok)
[elf    ] PT_LOAD vaddr 000050000001c000 filesz 0000000000003f1e memsz 0000000000003f1e (ro) -> mapped USER (bounds ok)
[elf    ] PT_LOAD vaddr 0000500000020000 filesz 0000000000000284 memsz 0000000000037fe0 (rw) -> mapped USER (bounds ok)
  [mc :r3] ring-3 thread executing on an APPLICATION PROCESSOR
  [mc :r3] SYS_GETPID via the AP's own SYSCALL path -> pid 0000000000000041
[elf    ] PT_LOAD vaddr 0000500000000000 filesz 000000000001b280 memsz 000000000001b280 (ro) -> mapped USER (bounds ok)
[elf    ] PT_LOAD vaddr 000050000001c000 filesz 0000000000003f1e memsz 0000000000003f1e (ro) -> mapped USER (bounds ok)
[elf    ] PT_LOAD vaddr 0000500000020000 filesz 0000000000000284 memsz 0000000000037fe0 (rw) -> mapped USER (bounds ok)
  [mc :r3] ring-3 thread executing on an APPLICATION PROCESSOR
  [mc :r3] SYS_GETPID via the AP's own SYSCALL path -> pid 0000000000000041
[leakchk] 40 iterations of spawn -> elf_load -> run -> exit on ONE kproc slot (pid 65)
[leakchk] 97 frame(s) reclaimed per iteration; high-water after iter 0: 00000000015b5000, after iter 39: 00000000015b5000
[leakchk] this run: +3880 freed, +3881 reused-from-list; global depth 992, freed 8658, reused 7666
[leakchk]  PASS  every iteration ran to completion and exited cleanly (exit == pid)
[leakchk]  PASS  every iteration reclaimed the SAME nonzero frame count (deterministic teardown, no drift)
[leakchk]  PASS  the bump high-water mark did NOT move after iteration 0 (steady state: fully satisfied from the free list)
[leakchk]  PASS  free-list depth exactly reconciles with the allocator's lifetime counters (no phantom/lost frames)
[leakchk]  PASS  later iterations were satisfied from the free list, not fresh RAM (reuse actually happened)
[leakchk]  PASS  the frame allocator's leaf lock never triggered a rank violation
[leakchk] RESULT: 6 passed, 0 failed
[leakchk] LEAK CHECK VERIFIED — page_free_tree returns every private frame, every time
-- done --
-- KPROC STRESS: 200 spawn/run/exit cycles across surface/DMA roles (+ cio/VFS for the first few) --
[kernel ] spawned pid 66 'kp-stress' caps 0000000000000020 — private PML4 @ phys 000000000143e000
[elf    ] PT_LOAD vaddr 0000500000000000 filesz 000000000001b280 memsz 000000000001b280 (ro) -> mapped USER (bounds ok)
[elf    ] PT_LOAD vaddr 000050000001c000 filesz 0000000000003f1e memsz 0000000000003f1e (ro) -> mapped USER (bounds ok)
[elf    ] PT_LOAD vaddr 0000500000020000 filesz 0000000000000284 memsz 0000000000037fe0 (rw) -> mapped USER (bounds ok)
[cas    ] put len 512 hash e795825d5a188725 -> block 1098 (stored)
[cas    ] put len 512 hash e795825d5a188725 -> DEDUP to block 1098 (no write)
[kernel ] spawned pid 67 'kp-stress' caps 0000000000000040 — private PML4 @ phys 0000000001338000
[elf    ] PT_LOAD vaddr 0000500000000000 filesz 000000000001b280 memsz 000000000001b280 (ro) -> mapped USER (bounds ok)
[elf    ] PT_LOAD vaddr 000050000001c000 filesz 0000000000003f1e memsz 0000000000003f1e (ro) -> mapped USER (bounds ok)
[elf    ] PT_LOAD vaddr 0000500000020000 filesz 0000000000000284 memsz 0000000000037fe0 (rw) -> mapped USER (bounds ok)
[kernel ] spawned pid 68 'kp-stress' caps 0000000000000003 — private PML4 @ phys 0000000001288000
[elf    ] PT_LOAD vaddr 0000500000000000 filesz 000000000001b280 memsz 000000000001b280 (ro) -> mapped USER (bounds ok)
[elf    ] PT_LOAD vaddr 000050000001c000 filesz 0000000000003f1e memsz 0000000000003f1e (ro) -> mapped USER (bounds ok)
[elf    ] PT_LOAD vaddr 0000500000020000 filesz 0000000000000284 memsz 0000000000037fe0 (rw) -> mapped USER (bounds ok)
[hw     ] GRANT  pid 68 'kp-stress' -> 'sensor0': phys 0000000001003000 mapped at vaddr 0000401100000000 (1 pages)
[surface] pid 67 owns surface 7 (64x64) DOUBLE-BUFFERED at user vaddr 0000530000000000 (+4 pages back) (recycled pixel buffers)
[surface] slot 7 reclaimed on owner exit — 8 pages (phys 00000000014cb000) back on the free list
[surface] pid 67 owns surface 7 (64x64) DOUBLE-BUFFERED at user vaddr 0000530000000000 (+4 pages back) (recycled pixel buffers)
[surface] slot 7 reclaimed on owner exit — 8 pages (phys 00000000014cb000) back on the free list
[cas    ] put len 512 hash 1c619eea71cdc325 -> block 1110 (stored)
[cas    ] put len 512 hash 1c619eea71cdc325 -> DEDUP to block 1110 (no write)
[cas    ] put len 512 hash 1c619eea71cdc325 -> DEDUP to block 1110 (no write)
[cas    ] put len 512 hash 1c619eea71cdc325 -> DEDUP to block 1110 (no write)
[cas    ] put len 512 hash a60bd668410c4725 -> block 1098 (stored)
[cas    ] put len 512 hash a60bd668410c4725 -> DEDUP to block 1098 (no write)
[cas    ] put len 512 hash a60bd668410c4725 -> DEDUP to block 1098 (no write)
[cas    ] put len 512 hash a60bd668410c4725 -> DEDUP to block 1098 (no write)
[cas    ] put len 512 hash 38fef34e93e2c925 -> block 1110 (stored)
[cas    ] put len 512 hash 38fef34e93e2c925 -> DEDUP to block 1110 (no write)
[cas    ] put len 512 hash 38fef34e93e2c925 -> DEDUP to block 1110 (no write)
[cas    ] put len 512 hash 38fef34e93e2c925 -> DEDUP to block 1110 (no write)
[cas    ] put len 512 hash 9912759dcf008325 -> block 1098 (stored)
[cas    ] put len 512 hash 9912759dcf008325 -> DEDUP to block 1098 (no write)
[cas    ] put len 512 hash 9912759dcf008325 -> DEDUP to block 1098 (no write)
[cas    ] put len 512 hash 9912759dcf008325 -> DEDUP to block 1098 (no write)
[kernel ] spawned pid 69 'kp-stress' caps 0000000000000020 — private PML4 @ phys 000000000143e000
[elf    ] PT_LOAD vaddr 0000500000000000 filesz 000000000001b280 memsz 000000000001b280 (ro) -> mapped USER (bounds ok)
[elf    ] PT_LOAD vaddr 000050000001c000 filesz 0000000000003f1e memsz 0000000000003f1e (ro) -> mapped USER (bounds ok)
[elf    ] PT_LOAD vaddr 0000500000020000 filesz 0000000000000284 memsz 0000000000037fe0 (rw) -> mapped USER (bounds ok)
[cas    ] put len 512 hash 83b7e2b21280cb25 -> block 1110 (stored)
[cas    ] put len 512 hash 83b7e2b21280cb25 -> DEDUP to block 1110 (no write)
[kernel ] spawned pid 70 'kp-stress' caps 0000000000000040 — private PML4 @ phys 0000000001338000
[elf    ] PT_LOAD vaddr 0000500000000000 filesz 000000000001b280 memsz 000000000001b280 (ro) -> mapped USER (bounds ok)
[elf    ] PT_LOAD vaddr 000050000001c000 filesz 0000000000003f1e memsz 0000000000003f1e (ro) -> mapped USER (bounds ok)
[elf    ] PT_LOAD vaddr 0000500000020000 filesz 0000000000000284 memsz 0000000000037fe0 (rw) -> mapped USER (bounds ok)
[kernel ] spawned pid 71 'kp-stress' caps 0000000000000003 — private PML4 @ phys 000000000158b000
[elf    ] PT_LOAD vaddr 0000500000000000 filesz 000000000001b280 memsz 000000000001b280 (ro) -> mapped USER (bounds ok)
[elf    ] PT_LOAD vaddr 000050000001c000 filesz 0000000000003f1e memsz 0000000000003f1e (ro) -> mapped USER (bounds ok)
[elf    ] PT_LOAD vaddr 0000500000020000 filesz 0000000000000284 memsz 0000000000037fe0 (rw) -> mapped USER (bounds ok)
[surface] pid 70 owns surface 6 (64x64) DOUBLE-BUFFERED at user vaddr 0000530000000000 (+4 pages back) (recycled pixel buffers)
[hw     ] GRANT  pid 71 'kp-stress' -> 'sensor0': phys 0000000001003000 mapped at vaddr 00004011c0000000 (1 pages)
[surface] slot 6 reclaimed on owner exit — 8 pages (phys 00000000014cb000) back on the free list
[surface] pid 70 owns surface 6 (64x64) DOUBLE-BUFFERED at user vaddr 0000530000000000 (+4 pages back) (recycled pixel buffers)
[cas    ] put len 512 hash b517969ca0b5f325 -> block 1111 (stored)
[surface] slot 6 reclaimed on owner exit — 8 pages (phys 00000000014cb000) back on the free list
[cas    ] put len 512 hash b517969ca0b5f325 -> DEDUP to block 1111 (no write)
[cas    ] put len 512 hash b517969ca0b5f325 -> DEDUP to block 1111 (no write)
[cas    ] put len 512 hash b517969ca0b5f325 -> DEDUP to block 1111 (no write)
[cas    ] put len 512 hash 3416bbcbe25a9925 -> block 1110 (stored)
[cas    ] put len 512 hash 3416bbcbe25a9925 -> DEDUP to block 1110 (no write)
[cas    ] put len 512 hash 3416bbcbe25a9925 -> DEDUP to block 1110 (no write)
[cas    ] put len 512 hash 3416bbcbe25a9925 -> DEDUP to block 1110 (no write)
[cas    ] put len 512 hash 64b86c358c729325 -> block 1111 (stored)
[cas    ] put len 512 hash 64b86c358c729325 -> DEDUP to block 1111 (no write)
[cas    ] put len 512 hash 64b86c358c729325 -> DEDUP to block 1111 (no write)
[cas    ] put len 512 hash 64b86c358c729325 -> DEDUP to block 1111 (no write)
[cas    ] put len 512 hash 6c7dda3608f0e325 -> block 1110 (stored)
[cas    ] put len 512 hash 6c7dda3608f0e325 -> DEDUP to block 1110 (no write)
[cas    ] put len 512 hash 6c7dda3608f0e325 -> DEDUP to block 1110 (no write)
[cas    ] put len 512 hash 6c7dda3608f0e325 -> DEDUP to block 1110 (no write)
[kernel ] spawned pid 72 'kp-stress' caps 0000000000000020 — private PML4 @ phys 000000000143e000
[elf    ] PT_LOAD vaddr 0000500000000000 filesz 000000000001b280 memsz 000000000001b280 (ro) -> mapped USER (bounds ok)
[elf    ] PT_LOAD vaddr 000050000001c000 filesz 0000000000003f1e memsz 0000000000003f1e (ro) -> mapped USER (bounds ok)
[elf    ] PT_LOAD vaddr 0000500000020000 filesz 0000000000000284 memsz 0000000000037fe0 (rw) -> mapped USER (bounds ok)
[cas    ] put len 512 hash ce5ad7a6948beb25 -> block 1111 (stored)
[cas    ] put len 512 hash ce5ad7a6948beb25 -> DEDUP to block 1111 (no write)
[kernel ] spawned pid 73 'kp-stress' caps 0000000000000040 — private PML4 @ phys 0000000001338000
[elf    ] PT_LOAD vaddr 0000500000000000 filesz 000000000001b280 memsz 000000000001b280 (ro) -> mapped USER (bounds ok)
[elf    ] PT_LOAD vaddr 000050000001c000 filesz 0000000000003f1e memsz 0000000000003f1e (ro) -> mapped USER (bounds ok)
[elf    ] PT_LOAD vaddr 0000500000020000 filesz 0000000000000284 memsz 0000000000037fe0 (rw) -> mapped USER (bounds ok)
[kernel ] spawned pid 74 'kp-stress' caps 0000000000000003 — private PML4 @ phys 00000000012e2000
[elf    ] PT_LOAD vaddr 0000500000000000 filesz 000000000001b280 memsz 000000000001b280 (ro) -> mapped USER (bounds ok)
[elf    ] PT_LOAD vaddr 000050000001c000 filesz 0000000000003f1e memsz 0000000000003f1e (ro) -> mapped USER (bounds ok)
[elf    ] PT_LOAD vaddr 0000500000020000 filesz 0000000000000284 memsz 0000000000037fe0 (rw) -> mapped USER (bounds ok)
[surface] pid 73 owns surface 7 (64x64) DOUBLE-BUFFERED at user vaddr 0000530000000000 (+4 pages back) (recycled pixel buffers)
[hw     ] GRANT  pid 74 'kp-stress' -> 'sensor0': phys 0000000001003000 mapped at vaddr 0000401280000000 (1 pages)
[surface] slot 7 reclaimed on owner exit — 8 pages (phys 00000000014cb000) back on the free list
[surface] pid 73 owns surface 7 (64x64) DOUBLE-BUFFERED at user vaddr 0000530000000000 (+4 pages back) (recycled pixel buffers)
[cas    ] put len 512 hash 3ed84856fcd13525 -> block 1112 (stored)
[surface] slot 7 reclaimed on owner exit — 8 pages (phys 00000000014cb000) back on the free list
[cas    ] put len 512 hash 3ed84856fcd13525 -> DEDUP to block 1112 (no write)
[cas    ] put len 512 hash 3ed84856fcd13525 -> DEDUP to block 1112 (no write)
[cas    ] put len 512 hash 3ed84856fcd13525 -> DEDUP to block 1112 (no write)
[cas    ] put len 512 hash f652b7668481ef25 -> block 1111 (stored)
[cas    ] put len 512 hash f652b7668481ef25 -> DEDUP to block 1111 (no write)
[cas    ] put len 512 hash f652b7668481ef25 -> DEDUP to block 1111 (no write)
[cas    ] put len 512 hash f652b7668481ef25 -> DEDUP to block 1111 (no write)
[cas    ] put len 512 hash 117e3e9b1a626f25 -> block 1112 (stored)
[cas    ] put len 512 hash 117e3e9b1a626f25 -> DEDUP to block 1112 (no write)
[cas    ] put len 512 hash 117e3e9b1a626f25 -> DEDUP to block 1112 (no write)
[cas    ] put len 512 hash 117e3e9b1a626f25 -> DEDUP to block 1112 (no write)
[cas    ] put len 512 hash 69ec03f362033725 -> block 1111 (stored)
[cas    ] put len 512 hash 69ec03f362033725 -> DEDUP to block 1111 (no write)
[cas    ] put len 512 hash 69ec03f362033725 -> DEDUP to block 1111 (no write)
[cas    ] put len 512 hash 69ec03f362033725 -> DEDUP to block 1111 (no write)
[kernel ] spawned pid 75 'kp-stress' caps 0000000000000020 — private PML4 @ phys 000000000143e000
[elf    ] PT_LOAD vaddr 0000500000000000 filesz 000000000001b280 memsz 000000000001b280 (ro) -> mapped USER (bounds ok)
[elf    ] PT_LOAD vaddr 000050000001c000 filesz 0000000000003f1e memsz 0000000000003f1e (ro) -> mapped USER (bounds ok)
[elf    ] PT_LOAD vaddr 0000500000020000 filesz 0000000000000284 memsz 0000000000037fe0 (rw) -> mapped USER (bounds ok)
[cas    ] put len 512 hash 828ac2b7f2ba0925 -> block 1112 (stored)
[cas    ] put len 512 hash 828ac2b7f2ba0925 -> DEDUP to block 1112 (no write)
[kernel ] spawned pid 76 'kp-stress' caps 0000000000000040 — private PML4 @ phys 0000000001338000
[elf    ] PT_LOAD vaddr 0000500000000000 filesz 000000000001b280 memsz 000000000001b280 (ro) -> mapped USER (bounds ok)
[elf    ] PT_LOAD vaddr 000050000001c000 filesz 0000000000003f1e memsz 0000000000003f1e (ro) -> mapped USER (bounds ok)
[elf    ] PT_LOAD vaddr 0000500000020000 filesz 0000000000000284 memsz 0000000000037fe0 (rw) -> mapped USER (bounds ok)
[kernel ] spawned pid 77 'kp-stress' caps 0000000000000003 — private PML4 @ phys 0000000001588000
[elf    ] PT_LOAD vaddr 0000500000000000 filesz 000000000001b280 memsz 000000000001b280 (ro) -> mapped USER (bounds ok)
[elf    ] PT_LOAD vaddr 000050000001c000 filesz 0000000000003f1e memsz 0000000000003f1e (ro) -> mapped USER (bounds ok)
[elf    ] PT_LOAD vaddr 0000500000020000 filesz 0000000000000284 memsz 0000000000037fe0 (rw) -> mapped USER (bounds ok)
[hw     ] GRANT  pid 77 'kp-stress' -> 'sensor0': phys 0000000001003000 mapped at vaddr 0000401340000000 (1 pages)
[surface] pid 76 owns surface 6 (64x64) DOUBLE-BUFFERED at user vaddr 0000530000000000 (+4 pages back) (recycled pixel buffers)
[surface] slot 6 reclaimed on owner exit — 8 pages (phys 00000000014cb000) back on the free list
[surface] pid 76 owns surface 6 (64x64) DOUBLE-BUFFERED at user vaddr 0000530000000000 (+4 pages back) (recycled pixel buffers)
[surface] slot 6 reclaimed on owner exit — 8 pages (phys 00000000014cb000) back on the free list
[cas    ] put len 512 hash 16c88502da606f25 -> block 1113 (stored)
[cas    ] put len 512 hash 16c88502da606f25 -> DEDUP to block 1113 (no write)
[cas    ] put len 512 hash 16c88502da606f25 -> DEDUP to block 1113 (no write)
[cas    ] put len 512 hash 16c88502da606f25 -> DEDUP to block 1113 (no write)
[cas    ] put len 512 hash 6b5e3055140e6325 -> block 1112 (stored)
[cas    ] put len 512 hash 6b5e3055140e6325 -> DEDUP to block 1112 (no write)
[cas    ] put len 512 hash 6b5e3055140e6325 -> DEDUP to block 1112 (no write)
[cas    ] put len 512 hash 6b5e3055140e6325 -> DEDUP to block 1112 (no write)
[cas    ] put len 512 hash b687b3ba465c9f25 -> block 1113 (stored)
[cas    ] put len 512 hash b687b3ba465c9f25 -> DEDUP to block 1113 (no write)
[cas    ] put len 512 hash b687b3ba465c9f25 -> DEDUP to block 1113 (no write)
[cas    ] put len 512 hash b687b3ba465c9f25 -> DEDUP to block 1113 (no write)
[cas    ] put len 512 hash 6c6cd45d24dda925 -> block 1112 (stored)
[cas    ] put len 512 hash 6c6cd45d24dda925 -> DEDUP to block 1112 (no write)
[cas    ] put len 512 hash 6c6cd45d24dda925 -> DEDUP to block 1112 (no write)
[cas    ] put len 512 hash 6c6cd45d24dda925 -> DEDUP to block 1112 (no write)
[kernel ] spawned pid 78 'kp-stress' caps 0000000000000020 — private PML4 @ phys 000000000143e000
[elf    ] PT_LOAD vaddr 0000500000000000 filesz 000000000001b280 memsz 000000000001b280 (ro) -> mapped USER (bounds ok)
[elf    ] PT_LOAD vaddr 000050000001c000 filesz 0000000000003f1e memsz 0000000000003f1e (ro) -> mapped USER (bounds ok)
[elf    ] PT_LOAD vaddr 0000500000020000 filesz 0000000000000284 memsz 0000000000037fe0 (rw) -> mapped USER (bounds ok)
[cas    ] put len 512 hash 507a52bb9a5fcb25 -> block 1113 (stored)
[cas    ] put len 512 hash 507a52bb9a5fcb25 -> DEDUP to block 1113 (no write)
[kernel ] spawned pid 79 'kp-stress' caps 0000000000000040 — private PML4 @ phys 0000000001338000
[elf    ] PT_LOAD vaddr 0000500000000000 filesz 000000000001b280 memsz 000000000001b280 (ro) -> mapped USER (bounds ok)
[elf    ] PT_LOAD vaddr 000050000001c000 filesz 0000000000003f1e memsz 0000000000003f1e (ro) -> mapped USER (bounds ok)
[elf    ] PT_LOAD vaddr 0000500000020000 filesz 0000000000000284 memsz 0000000000037fe0 (rw) -> mapped USER (bounds ok)
[kernel ] spawned pid 80 'kp-stress' caps 0000000000000003 — private PML4 @ phys 000000000133c000
[elf    ] PT_LOAD vaddr 0000500000000000 filesz 000000000001b280 memsz 000000000001b280 (ro) -> mapped USER (bounds ok)
[elf    ] PT_LOAD vaddr 000050000001c000 filesz 0000000000003f1e memsz 0000000000003f1e (ro) -> mapped USER (bounds ok)
[elf    ] PT_LOAD vaddr 0000500000020000 filesz 0000000000000284 memsz 0000000000037fe0 (rw) -> mapped USER (bounds ok)
[surface] pid 79 owns surface 7 (64x64) DOUBLE-BUFFERED at user vaddr 0000530000000000 (+4 pages back) (recycled pixel buffers)
[hw     ] GRANT  pid 80 'kp-stress' -> 'sensor0': phys 0000000001003000 mapped at vaddr 0000401400000000 (1 pages)
[surface] slot 7 reclaimed on owner exit — 8 pages (phys 00000000014cb000) back on the free list
[surface] pid 79 owns surface 7 (64x64) DOUBLE-BUFFERED at user vaddr 0000530000000000 (+4 pages back) (recycled pixel buffers)
[cas    ] put len 512 hash 683dff86887ab325 -> block 1114 (stored)
[surface] slot 7 reclaimed on owner exit — 8 pages (phys 00000000014cb000) back on the free list
[cas    ] put len 512 hash 683dff86887ab325 -> DEDUP to block 1114 (no write)
[cas    ] put len 512 hash 683dff86887ab325 -> DEDUP to block 1114 (no write)
[cas    ] put len 512 hash 683dff86887ab325 -> DEDUP to block 1114 (no write)
[cas    ] put len 512 hash eca08411bb16c725 -> block 1113 (stored)
[cas    ] put len 512 hash eca08411bb16c725 -> DEDUP to block 1113 (no write)
[cas    ] put len 512 hash eca08411bb16c725 -> DEDUP to block 1113 (no write)
[cas    ] put len 512 hash eca08411bb16c725 -> DEDUP to block 1113 (no write)
[cas    ] put len 512 hash 1ca318f360da8925 -> block 1114 (stored)
[cas    ] put len 512 hash 1ca318f360da8925 -> DEDUP to block 1114 (no write)
[cas    ] put len 512 hash 1ca318f360da8925 -> DEDUP to block 1114 (no write)
[cas    ] put len 512 hash 1ca318f360da8925 -> DEDUP to block 1114 (no write)
[cas    ] put len 512 hash 60a5faf6856c5f25 -> block 1113 (stored)
[cas    ] put len 512 hash 60a5faf6856c5f25 -> DEDUP to block 1113 (no write)
[cas    ] put len 512 hash 60a5faf6856c5f25 -> DEDUP to block 1113 (no write)
[cas    ] put len 512 hash 60a5faf6856c5f25 -> DEDUP to block 1113 (no write)
[kernel ] spawned pid 81 'kp-stress' caps 0000000000000020 — private PML4 @ phys 000000000143e000
[elf    ] PT_LOAD vaddr 0000500000000000 filesz 000000000001b280 memsz 000000000001b280 (ro) -> mapped USER (bounds ok)
[elf    ] PT_LOAD vaddr 000050000001c000 filesz 0000000000003f1e memsz 0000000000003f1e (ro) -> mapped USER (bounds ok)
[elf    ] PT_LOAD vaddr 0000500000020000 filesz 0000000000000284 memsz 0000000000037fe0 (rw) -> mapped USER (bounds ok)
[cas    ] put len 512 hash 81db348cbaf49725 -> block 1114 (stored)
[cas    ] put len 512 hash 81db348cbaf49725 -> DEDUP to block 1114 (no write)
[kernel ] spawned pid 82 'kp-stress' caps 0000000000000040 — private PML4 @ phys 0000000001338000
[elf    ] PT_LOAD vaddr 0000500000000000 filesz 000000000001b280 memsz 000000000001b280 (ro) -> mapped USER (bounds ok)
[elf    ] PT_LOAD vaddr 000050000001c000 filesz 0000000000003f1e memsz 0000000000003f1e (ro) -> mapped USER (bounds ok)
[elf    ] PT_LOAD vaddr 0000500000020000 filesz 0000000000000284 memsz 0000000000037fe0 (rw) -> mapped USER (bounds ok)
[kernel ] spawned pid 83 'kp-stress' caps 0000000000000003 — private PML4 @ phys 0000000001587000
[elf    ] PT_LOAD vaddr 0000500000000000 filesz 000000000001b280 memsz 000000000001b280 (ro) -> mapped USER (bounds ok)
[elf    ] PT_LOAD vaddr 000050000001c000 filesz 0000000000003f1e memsz 0000000000003f1e (ro) -> mapped USER (bounds ok)
[elf    ] PT_LOAD vaddr 0000500000020000 filesz 0000000000000284 memsz 0000000000037fe0 (rw) -> mapped USER (bounds ok)
[hw     ] GRANT  pid 83 'kp-stress' -> 'sensor0': phys 0000000001003000 mapped at vaddr 00004014c0000000 (1 pages)
[surface] pid 82 owns surface 6 (64x64) DOUBLE-BUFFERED at user vaddr 0000530000000000 (+4 pages back) (recycled pixel buffers)
[surface] slot 6 reclaimed on owner exit — 8 pages (phys 00000000014cb000) back on the free list
[surface] pid 82 owns surface 6 (64x64) DOUBLE-BUFFERED at user vaddr 0000530000000000 (+4 pages back) (recycled pixel buffers)
[surface] slot 6 reclaimed on owner exit — 8 pages (phys 00000000014cb000) back on the free list
[cas    ] put len 512 hash cdf7286863384725 -> block 1115 (stored)
[cas    ] put len 512 hash cdf7286863384725 -> DEDUP to block 1115 (no write)
[cas    ] put len 512 hash cdf7286863384725 -> DEDUP to block 1115 (no write)
[cas    ] put len 512 hash cdf7286863384725 -> DEDUP to block 1115 (no write)
[cas    ] put len 512 hash 8a1280b41448b925 -> block 1114 (stored)
[cas    ] put len 512 hash 8a1280b41448b925 -> DEDUP to block 1114 (no write)
[cas    ] put len 512 hash 8a1280b41448b925 -> DEDUP to block 1114 (no write)
[cas    ] put len 512 hash 8a1280b41448b925 -> DEDUP to block 1114 (no write)
[cas    ] put len 512 hash 6eccc59d4d908325 -> block 1115 (stored)
[cas    ] put len 512 hash 6eccc59d4d908325 -> DEDUP to block 1115 (no write)
[cas    ] put len 512 hash 6eccc59d4d908325 -> DEDUP to block 1115 (no write)
[cas    ] put len 512 hash 6eccc59d4d908325 -> DEDUP to block 1115 (no write)
[cas    ] put len 512 hash c038613e42da4325 -> block 1114 (stored)
[cas    ] put len 512 hash c038613e42da4325 -> DEDUP to block 1114 (no write)
[cas    ] put len 512 hash c038613e42da4325 -> DEDUP to block 1114 (no write)
[cas    ] put len 512 hash c038613e42da4325 -> DEDUP to block 1114 (no write)
[kernel ] spawned pid 84 'kp-stress' caps 0000000000000040 — private PML4 @ phys 000000000143e000
[elf    ] PT_LOAD vaddr 0000500000000000 filesz 000000000001b280 memsz 000000000001b280 (ro) -> mapped USER (bounds ok)
[elf    ] PT_LOAD vaddr 000050000001c000 filesz 0000000000003f1e memsz 0000000000003f1e (ro) -> mapped USER (bounds ok)
[elf    ] PT_LOAD vaddr 0000500000020000 filesz 0000000000000284 memsz 0000000000037fe0 (rw) -> mapped USER (bounds ok)
[kernel ] spawned pid 85 'kp-stress' caps 0000000000000003 — private PML4 @ phys 0000000001338000
[elf    ] PT_LOAD vaddr 0000500000000000 filesz 000000000001b280 memsz 000000000001b280 (ro) -> mapped USER (bounds ok)
[elf    ] PT_LOAD vaddr 000050000001c000 filesz 0000000000003f1e memsz 0000000000003f1e (ro) -> mapped USER (bounds ok)
[elf    ] PT_LOAD vaddr 0000500000020000 filesz 0000000000000284 memsz 0000000000037fe0 (rw) -> mapped USER (bounds ok)
[hw     ] GRANT  pid 85 'kp-stress' -> 'sensor0': phys 0000000001003000 mapped at vaddr 0000401540000000 (1 pages)
[surface] pid 84 owns surface 6 (64x64) DOUBLE-BUFFERED at user vaddr 0000530000000000 (+4 pages back) (recycled pixel buffers)
[surface] slot 6 reclaimed on owner exit — 8 pages (phys 00000000014cb000) back on the free list
[surface] pid 84 owns surface 6 (64x64) DOUBLE-BUFFERED at user vaddr 0000530000000000 (+4 pages back) (recycled pixel buffers)
[surface] slot 6 reclaimed on owner exit — 8 pages (phys 00000000014cb000) back on the free list
[kernel ] spawned pid 86 'kp-stress' caps 0000000000000040 — private PML4 @ phys 000000000143e000
[elf    ] PT_LOAD vaddr 0000500000000000 filesz 000000000001b280 memsz 000000000001b280 (ro) -> mapped USER (bounds ok)
[elf    ] PT_LOAD vaddr 000050000001c000 filesz 0000000000003f1e memsz 0000000000003f1e (ro) -> mapped USER (bounds ok)
[elf    ] PT_LOAD vaddr 0000500000020000 filesz 0000000000000284 memsz 0000000000037fe0 (rw) -> mapped USER (bounds ok)
[kernel ] spawned pid 87 'kp-stress' caps 0000000000000003 — private PML4 @ phys 0000000001331000
[elf    ] PT_LOAD vaddr 0000500000000000 filesz 000000000001b280 memsz 000000000001b280 (ro) -> mapped USER (bounds ok)
[elf    ] PT_LOAD vaddr 000050000001c000 filesz 0000000000003f1e memsz 0000000000003f1e (ro) -> mapped USER (bounds ok)
[elf    ] PT_LOAD vaddr 0000500000020000 filesz 0000000000000284 memsz 0000000000037fe0 (rw) -> mapped USER (bounds ok)
[surface] pid 86 owns surface 6 (64x64) DOUBLE-BUFFERED at user vaddr 0000530000000000 (+4 pages back) (recycled pixel buffers)
[hw     ] GRANT  pid 87 'kp-stress' -> 'sensor0': phys 0000000001003000 mapped at vaddr 00004015c0000000 (1 pages)
[surface] slot 6 reclaimed on owner exit — 8 pages (phys 00000000014cb000) back on the free list
[surface] pid 86 owns surface 6 (64x64) DOUBLE-BUFFERED at user vaddr 0000530000000000 (+4 pages back) (recycled pixel buffers)
[surface] slot 6 reclaimed on owner exit — 8 pages (phys 00000000014cb000) back on the free list
[kernel ] spawned pid 88 'kp-stress' caps 0000000000000040 — private PML4 @ phys 000000000143e000
[elf    ] PT_LOAD vaddr 0000500000000000 filesz 000000000001b280 memsz 000000000001b280 (ro) -> mapped USER (bounds ok)
[elf    ] PT_LOAD vaddr 000050000001c000 filesz 0000000000003f1e memsz 0000000000003f1e (ro) -> mapped USER (bounds ok)
[elf    ] PT_LOAD vaddr 0000500000020000 filesz 0000000000000284 memsz 0000000000037fe0 (rw) -> mapped USER (bounds ok)
[kernel ] spawned pid 89 'kp-stress' caps 0000000000000003 — private PML4 @ phys 00000000013b7000
[elf    ] PT_LOAD vaddr 0000500000000000 filesz 000000000001b280 memsz 000000000001b280 (ro) -> mapped USER (bounds ok)
[elf    ] PT_LOAD vaddr 000050000001c000 filesz 0000000000003f1e memsz 0000000000003f1e (ro) -> mapped USER (bounds ok)
[elf    ] PT_LOAD vaddr 0000500000020000 filesz 0000000000000284 memsz 0000000000037fe0 (rw) -> mapped USER (bounds ok)
[hw     ] GRANT  pid 89 'kp-stress' -> 'sensor0': phys 0000000001003000 mapped at vaddr 0000401640000000 (1 pages)
[surface] pid 88 owns surface 6 (64x64) DOUBLE-BUFFERED at user vaddr 0000530000000000 (+4 pages back) (recycled pixel buffers)
[surface] slot 6 reclaimed on owner exit — 8 pages (phys 00000000014cb000) back on the free list
[surface] pid 88 owns surface 6 (64x64) DOUBLE-BUFFERED at user vaddr 0000530000000000 (+4 pages back) (recycled pixel buffers)
[surface] slot 6 reclaimed on owner exit — 8 pages (phys 00000000014cb000) back on the free list
[kernel ] spawned pid 90 'kp-stress' caps 0000000000000040 — private PML4 @ phys 000000000143e000
[elf    ] PT_LOAD vaddr 0000500000000000 filesz 000000000001b280 memsz 000000000001b280 (ro) -> mapped USER (bounds ok)
[elf    ] PT_LOAD vaddr 000050000001c000 filesz 0000000000003f1e memsz 0000000000003f1e (ro) -> mapped USER (bounds ok)
[elf    ] PT_LOAD vaddr 0000500000020000 filesz 0000000000000284 memsz 0000000000037fe0 (rw) -> mapped USER (bounds ok)
[kernel ] spawned pid 91 'kp-stress' caps 0000000000000003 — private PML4 @ phys 000000000132e000
[elf    ] PT_LOAD vaddr 0000500000000000 filesz 000000000001b280 memsz 000000000001b280 (ro) -> mapped USER (bounds ok)
[elf    ] PT_LOAD vaddr 000050000001c000 filesz 0000000000003f1e memsz 0000000000003f1e (ro) -> mapped USER (bounds ok)
[elf    ] PT_LOAD vaddr 0000500000020000 filesz 0000000000000284 memsz 0000000000037fe0 (rw) -> mapped USER (bounds ok)
[hw     ] GRANT  pid 91 'kp-stress' -> 'sensor0': phys 0000000001003000 mapped at vaddr 00004016c0000000 (1 pages)
[surface] pid 90 owns surface 6 (64x64) DOUBLE-BUFFERED at user vaddr 0000530000000000 (+4 pages back) (recycled pixel buffers)
[surface] slot 6 reclaimed on owner exit — 8 pages (phys 00000000014cb000) back on the free list
[surface] pid 90 owns surface 6 (64x64) DOUBLE-BUFFERED at user vaddr 0000530000000000 (+4 pages back) (recycled pixel buffers)
[surface] slot 6 reclaimed on owner exit — 8 pages (phys 00000000014cb000) back on the free list
[kernel ] spawned pid 92 'kp-stress' caps 0000000000000040 — private PML4 @ phys 000000000143e000
[elf    ] PT_LOAD vaddr 0000500000000000 filesz 000000000001b280 memsz 000000000001b280 (ro) -> mapped USER (bounds ok)
[elf    ] PT_LOAD vaddr 000050000001c000 filesz 0000000000003f1e memsz 0000000000003f1e (ro) -> mapped USER (bounds ok)
[elf    ] PT_LOAD vaddr 0000500000020000 filesz 0000000000000284 memsz 0000000000037fe0 (rw) -> mapped USER (bounds ok)
[kernel ] spawned pid 93 'kp-stress' caps 0000000000000003 — private PML4 @ phys 0000000001330000
[elf    ] PT_LOAD vaddr 0000500000000000 filesz 000000000001b280 memsz 000000000001b280 (ro) -> mapped USER (bounds ok)
[elf    ] PT_LOAD vaddr 000050000001c000 filesz 0000000000003f1e memsz 0000000000003f1e (ro) -> mapped USER (bounds ok)
[elf    ] PT_LOAD vaddr 0000500000020000 filesz 0000000000000284 memsz 0000000000037fe0 (rw) -> mapped USER (bounds ok)
[hw     ] GRANT  pid 93 'kp-stress' -> 'sensor0': phys 0000000001003000 mapped at vaddr 0000401740000000 (1 pages)
[surface] pid 92 owns surface 6 (64x64) DOUBLE-BUFFERED at user vaddr 0000530000000000 (+4 pages back) (recycled pixel buffers)
[surface] slot 6 reclaimed on owner exit — 8 pages (phys 00000000014cb000) back on the free list
[surface] pid 92 owns surface 6 (64x64) DOUBLE-BUFFERED at user vaddr 0000530000000000 (+4 pages back) (recycled pixel buffers)
[surface] slot 6 reclaimed on owner exit — 8 pages (phys 00000000014cb000) back on the free list
[kernel ] spawned pid 94 'kp-stress' caps 0000000000000040 — private PML4 @ phys 000000000143e000
[elf    ] PT_LOAD vaddr 0000500000000000 filesz 000000000001b280 memsz 000000000001b280 (ro) -> mapped USER (bounds ok)
[elf    ] PT_LOAD vaddr 000050000001c000 filesz 0000000000003f1e memsz 0000000000003f1e (ro) -> mapped USER (bounds ok)
[elf    ] PT_LOAD vaddr 0000500000020000 filesz 0000000000000284 memsz 0000000000037fe0 (rw) -> mapped USER (bounds ok)
[kernel ] spawned pid 95 'kp-stress' caps 0000000000000003 — private PML4 @ phys 000000000132d000
[elf    ] PT_LOAD vaddr 0000500000000000 filesz 000000000001b280 memsz 000000000001b280 (ro) -> mapped USER (bounds ok)
[elf    ] PT_LOAD vaddr 000050000001c000 filesz 0000000000003f1e memsz 0000000000003f1e (ro) -> mapped USER (bounds ok)
[elf    ] PT_LOAD vaddr 0000500000020000 filesz 0000000000000284 memsz 0000000000037fe0 (rw) -> mapped USER (bounds ok)
[hw     ] GRANT  pid 95 'kp-stress' -> 'sensor0': phys 0000000001003000 mapped at vaddr 00004017c0000000 (1 pages)
[surface] pid 94 owns surface 6 (64x64) DOUBLE-BUFFERED at user vaddr 0000530000000000 (+4 pages back) (recycled pixel buffers)
[surface] slot 6 reclaimed on owner exit — 8 pages (phys 00000000014cb000) back on the free list
[surface] pid 94 owns surface 6 (64x64) DOUBLE-BUFFERED at user vaddr 0000530000000000 (+4 pages back) (recycled pixel buffers)
[surface] slot 6 reclaimed on owner exit — 8 pages (phys 00000000014cb000) back on the free list
[kernel ] spawned pid 96 'kp-stress' caps 0000000000000040 — private PML4 @ phys 000000000143e000
[elf    ] PT_LOAD vaddr 0000500000000000 filesz 000000000001b280 memsz 000000000001b280 (ro) -> mapped USER (bounds ok)
[elf    ] PT_LOAD vaddr 000050000001c000 filesz 0000000000003f1e memsz 0000000000003f1e (ro) -> mapped USER (bounds ok)
[elf    ] PT_LOAD vaddr 0000500000020000 filesz 0000000000000284 memsz 0000000000037fe0 (rw) -> mapped USER (bounds ok)
[kernel ] spawned pid 97 'kp-stress' caps 0000000000000003 — private PML4 @ phys 0000000001336000
[elf    ] PT_LOAD vaddr 0000500000000000 filesz 000000000001b280 memsz 000000000001b280 (ro) -> mapped USER (bounds ok)
[elf    ] PT_LOAD vaddr 000050000001c000 filesz 0000000000003f1e memsz 0000000000003f1e (ro) -> mapped USER (bounds ok)
[elf    ] PT_LOAD vaddr 0000500000020000 filesz 0000000000000284 memsz 0000000000037fe0 (rw) -> mapped USER (bounds ok)
[surface] pid 96 owns surface 6 (64x64) DOUBLE-BUFFERED at user vaddr 0000530000000000 (+4 pages back) (recycled pixel buffers)
[hw     ] GRANT  pid 97 'kp-stress' -> 'sensor0': phys 0000000001003000 mapped at vaddr 0000401840000000 (1 pages)
[surface] slot 6 reclaimed on owner exit — 8 pages (phys 00000000014cb000) back on the free list
[surface] pid 96 owns surface 6 (64x64) DOUBLE-BUFFERED at user vaddr 0000530000000000 (+4 pages back) (recycled pixel buffers)
[surface] slot 6 reclaimed on owner exit — 8 pages (phys 00000000014cb000) back on the free list
[kernel ] spawned pid 98 'kp-stress' caps 0000000000000040 — private PML4 @ phys 000000000143e000
[elf    ] PT_LOAD vaddr 0000500000000000 filesz 000000000001b280 memsz 000000000001b280 (ro) -> mapped USER (bounds ok)
[elf    ] PT_LOAD vaddr 000050000001c000 filesz 0000000000003f1e memsz 0000000000003f1e (ro) -> mapped USER (bounds ok)
[elf    ] PT_LOAD vaddr 0000500000020000 filesz 0000000000000284 memsz 0000000000037fe0 (rw) -> mapped USER (bounds ok)
[kernel ] spawned pid 99 'kp-stress' caps 0000000000000003 — private PML4 @ phys 0000000001335000
[elf    ] PT_LOAD vaddr 0000500000000000 filesz 000000000001b280 memsz 000000000001b280 (ro) -> mapped USER (bounds ok)
[elf    ] PT_LOAD vaddr 000050000001c000 filesz 0000000000003f1e memsz 0000000000003f1e (ro) -> mapped USER (bounds ok)
[elf    ] PT_LOAD vaddr 0000500000020000 filesz 0000000000000284 memsz 0000000000037fe0 (rw) -> mapped USER (bounds ok)
[hw     ] GRANT  pid 99 'kp-stress' -> 'sensor0': phys 0000000001003000 mapped at vaddr 00004018c0000000 (1 pages)
[surface] pid 98 owns surface 6 (64x64) DOUBLE-BUFFERED at user vaddr 0000530000000000 (+4 pages back) (recycled pixel buffers)
[surface] slot 6 reclaimed on owner exit — 8 pages (phys 00000000014cb000) back on the free list
[surface] pid 98 owns surface 6 (64x64) DOUBLE-BUFFERED at user vaddr 0000530000000000 (+4 pages back) (recycled pixel buffers)
[surface] slot 6 reclaimed on owner exit — 8 pages (phys 00000000014cb000) back on the free list
[kernel ] spawned pid 100 'kp-stress' caps 0000000000000040 — private PML4 @ phys 000000000143e000
[elf    ] PT_LOAD vaddr 0000500000000000 filesz 000000000001b280 memsz 000000000001b280 (ro) -> mapped USER (bounds ok)
[elf    ] PT_LOAD vaddr 000050000001c000 filesz 0000000000003f1e memsz 0000000000003f1e (ro) -> mapped USER (bounds ok)
[elf    ] PT_LOAD vaddr 0000500000020000 filesz 0000000000000284 memsz 0000000000037fe0 (rw) -> mapped USER (bounds ok)
[kernel ] spawned pid 101 'kp-stress' caps 0000000000000003 — private PML4 @ phys 000000000158f000
[elf    ] PT_LOAD vaddr 0000500000000000 filesz 000000000001b280 memsz 000000000001b280 (ro) -> mapped USER (bounds ok)
[elf    ] PT_LOAD vaddr 000050000001c000 filesz 0000000000003f1e memsz 0000000000003f1e (ro) -> mapped USER (bounds ok)
[elf    ] PT_LOAD vaddr 0000500000020000 filesz 0000000000000284 memsz 0000000000037fe0 (rw) -> mapped USER (bounds ok)
[hw     ] GRANT  pid 101 'kp-stress' -> 'sensor0': phys 0000000001003000 mapped at vaddr 0000401940000000 (1 pages)
[surface] pid 100 owns surface 6 (64x64) DOUBLE-BUFFERED at user vaddr 0000530000000000 (+4 pages back) (recycled pixel buffers)
[surface] slot 6 reclaimed on owner exit — 8 pages (phys 00000000014cb000) back on the free list
[surface] pid 100 owns surface 6 (64x64) DOUBLE-BUFFERED at user vaddr 0000530000000000 (+4 pages back) (recycled pixel buffers)
[surface] slot 6 reclaimed on owner exit — 8 pages (phys 00000000014cb000) back on the free list
[kernel ] spawned pid 102 'kp-stress' caps 0000000000000040 — private PML4 @ phys 000000000143e000
[elf    ] PT_LOAD vaddr 0000500000000000 filesz 000000000001b280 memsz 000000000001b280 (ro) -> mapped USER (bounds ok)
[elf    ] PT_LOAD vaddr 000050000001c000 filesz 0000000000003f1e memsz 0000000000003f1e (ro) -> mapped USER (bounds ok)
[elf    ] PT_LOAD vaddr 0000500000020000 filesz 0000000000000284 memsz 0000000000037fe0 (rw) -> mapped USER (bounds ok)
[kernel ] spawned pid 103 'kp-stress' caps 0000000000000003 — private PML4 @ phys 0000000001361000
[elf    ] PT_LOAD vaddr 0000500000000000 filesz 000000000001b280 memsz 000000000001b280 (ro) -> mapped USER (bounds ok)
[elf    ] PT_LOAD vaddr 000050000001c000 filesz 0000000000003f1e memsz 0000000000003f1e (ro) -> mapped USER (bounds ok)
[elf    ] PT_LOAD vaddr 0000500000020000 filesz 0000000000000284 memsz 0000000000037fe0 (rw) -> mapped USER (bounds ok)
[surface] pid 102 owns surface 6 (64x64) DOUBLE-BUFFERED at user vaddr 0000530000000000 (+4 pages back) (recycled pixel buffers)
[hw     ] GRANT  pid 103 'kp-stress' -> 'sensor0': phys 0000000001003000 mapped at vaddr 00004019c0000000 (1 pages)
[surface] slot 6 reclaimed on owner exit — 8 pages (phys 00000000014cb000) back on the free list
[surface] pid 102 owns surface 6 (64x64) DOUBLE-BUFFERED at user vaddr 0000530000000000 (+4 pages back) (recycled pixel buffers)
[surface] slot 6 reclaimed on owner exit — 8 pages (phys 00000000014cb000) back on the free list
[kernel ] spawned pid 104 'kp-stress' caps 0000000000000040 — private PML4 @ phys 000000000143e000
[elf    ] PT_LOAD vaddr 0000500000000000 filesz 000000000001b280 memsz 000000000001b280 (ro) -> mapped USER (bounds ok)
[elf    ] PT_LOAD vaddr 000050000001c000 filesz 0000000000003f1e memsz 0000000000003f1e (ro) -> mapped USER (bounds ok)
[elf    ] PT_LOAD vaddr 0000500000020000 filesz 0000000000000284 memsz 0000000000037fe0 (rw) -> mapped USER (bounds ok)
[kernel ] spawned pid 105 'kp-stress' caps 0000000000000003 — private PML4 @ phys 00000000015c2000
[elf    ] PT_LOAD vaddr 0000500000000000 filesz 000000000001b280 memsz 000000000001b280 (ro) -> mapped USER (bounds ok)
[elf    ] PT_LOAD vaddr 000050000001c000 filesz 0000000000003f1e memsz 0000000000003f1e (ro) -> mapped USER (bounds ok)
[elf    ] PT_LOAD vaddr 0000500000020000 filesz 0000000000000284 memsz 0000000000037fe0 (rw) -> mapped USER (bounds ok)
[hw     ] GRANT  pid 105 'kp-stress' -> 'sensor0': phys 0000000001003000 mapped at vaddr 0000401a40000000 (1 pages)
[surface] pid 104 owns surface 6 (64x64) DOUBLE-BUFFERED at user vaddr 0000530000000000 (+4 pages back) (recycled pixel buffers)
[surface] slot 6 reclaimed on owner exit — 8 pages (phys 00000000014cb000) back on the free list
[surface] pid 104 owns surface 6 (64x64) DOUBLE-BUFFERED at user vaddr 0000530000000000 (+4 pages back) (recycled pixel buffers)
[surface] slot 6 reclaimed on owner exit — 8 pages (phys 00000000014cb000) back on the free list
[kernel ] spawned pid 106 'kp-stress' caps 0000000000000040 — private PML4 @ phys 000000000143e000
[elf    ] PT_LOAD vaddr 0000500000000000 filesz 000000000001b280 memsz 000000000001b280 (ro) -> mapped USER (bounds ok)
[elf    ] PT_LOAD vaddr 000050000001c000 filesz 0000000000003f1e memsz 0000000000003f1e (ro) -> mapped USER (bounds ok)
[elf    ] PT_LOAD vaddr 0000500000020000 filesz 0000000000000284 memsz 0000000000037fe0 (rw) -> mapped USER (bounds ok)
[kernel ] spawned pid 107 'kp-stress' caps 0000000000000003 — private PML4 @ phys 00000000015c4000
[elf    ] PT_LOAD vaddr 0000500000000000 filesz 000000000001b280 memsz 000000000001b280 (ro) -> mapped USER (bounds ok)
[elf    ] PT_LOAD vaddr 000050000001c000 filesz 0000000000003f1e memsz 0000000000003f1e (ro) -> mapped USER (bounds ok)
[elf    ] PT_LOAD vaddr 0000500000020000 filesz 0000000000000284 memsz 0000000000037fe0 (rw) -> mapped USER (bounds ok)
[surface] pid 106 owns surface 6 (64x64) DOUBLE-BUFFERED at user vaddr 0000530000000000 (+4 pages back) (recycled pixel buffers)
[hw     ] GRANT  pid 107 'kp-stress' -> 'sensor0': phys 0000000001003000 mapped at vaddr 0000401ac0000000 (1 pages)
[surface] slot 6 reclaimed on owner exit — 8 pages (phys 00000000014cb000) back on the free list
[surface] pid 106 owns surface 6 (64x64) DOUBLE-BUFFERED at user vaddr 0000530000000000 (+4 pages back) (recycled pixel buffers)
[surface] slot 6 reclaimed on owner exit — 8 pages (phys 00000000014cb000) back on the free list
[kernel ] spawned pid 108 'kp-stress' caps 0000000000000040 — private PML4 @ phys 000000000143e000
[elf    ] PT_LOAD vaddr 0000500000000000 filesz 000000000001b280 memsz 000000000001b280 (ro) -> mapped USER (bounds ok)
[elf    ] PT_LOAD vaddr 000050000001c000 filesz 0000000000003f1e memsz 0000000000003f1e (ro) -> mapped USER (bounds ok)
[elf    ] PT_LOAD vaddr 0000500000020000 filesz 0000000000000284 memsz 0000000000037fe0 (rw) -> mapped USER (bounds ok)
[kernel ] spawned pid 109 'kp-stress' caps 0000000000000003 — private PML4 @ phys 00000000015c6000
[elf    ] PT_LOAD vaddr 0000500000000000 filesz 000000000001b280 memsz 000000000001b280 (ro) -> mapped USER (bounds ok)
[elf    ] PT_LOAD vaddr 000050000001c000 filesz 0000000000003f1e memsz 0000000000003f1e (ro) -> mapped USER (bounds ok)
[elf    ] PT_LOAD vaddr 0000500000020000 filesz 0000000000000284 memsz 0000000000037fe0 (rw) -> mapped USER (bounds ok)
[surface] pid 108 owns surface 6 (64x64) DOUBLE-BUFFERED at user vaddr 0000530000000000 (+4 pages back) (recycled pixel buffers)
[hw     ] GRANT  pid 109 'kp-stress' -> 'sensor0': phys 0000000001003000 mapped at vaddr 0000401b40000000 (1 pages)
[surface] slot 6 reclaimed on owner exit — 8 pages (phys 00000000014cb000) back on the free list
[surface] pid 108 owns surface 6 (64x64) DOUBLE-BUFFERED at user vaddr 0000530000000000 (+4 pages back) (recycled pixel buffers)
[surface] slot 6 reclaimed on owner exit — 8 pages (phys 00000000014cb000) back on the free list
[kernel ] spawned pid 110 'kp-stress' caps 0000000000000040 — private PML4 @ phys 000000000143e000
[elf    ] PT_LOAD vaddr 0000500000000000 filesz 000000000001b280 memsz 000000000001b280 (ro) -> mapped USER (bounds ok)
[elf    ] PT_LOAD vaddr 000050000001c000 filesz 0000000000003f1e memsz 0000000000003f1e (ro) -> mapped USER (bounds ok)
[elf    ] PT_LOAD vaddr 0000500000020000 filesz 0000000000000284 memsz 0000000000037fe0 (rw) -> mapped USER (bounds ok)
[kernel ] spawned pid 111 'kp-stress' caps 0000000000000003 — private PML4 @ phys 00000000015c8000
[elf    ] PT_LOAD vaddr 0000500000000000 filesz 000000000001b280 memsz 000000000001b280 (ro) -> mapped USER (bounds ok)
[elf    ] PT_LOAD vaddr 000050000001c000 filesz 0000000000003f1e memsz 0000000000003f1e (ro) -> mapped USER (bounds ok)
[elf    ] PT_LOAD vaddr 0000500000020000 filesz 0000000000000284 memsz 0000000000037fe0 (rw) -> mapped USER (bounds ok)
[surface] pid 110 owns surface 6 (64x64) DOUBLE-BUFFERED at user vaddr 0000530000000000 (+4 pages back) (recycled pixel buffers)
[hw     ] GRANT  pid 111 'kp-stress' -> 'sensor0': phys 0000000001003000 mapped at vaddr 0000401bc0000000 (1 pages)
[surface] slot 6 reclaimed on owner exit — 8 pages (phys 00000000014cb000) back on the free list
[surface] pid 110 owns surface 6 (64x64) DOUBLE-BUFFERED at user vaddr 0000530000000000 (+4 pages back) (recycled pixel buffers)
[surface] slot 6 reclaimed on owner exit — 8 pages (phys 00000000014cb000) back on the free list
[kernel ] spawned pid 112 'kp-stress' caps 0000000000000040 — private PML4 @ phys 000000000143e000
[elf    ] PT_LOAD vaddr 0000500000000000 filesz 000000000001b280 memsz 000000000001b280 (ro) -> mapped USER (bounds ok)
[elf    ] PT_LOAD vaddr 000050000001c000 filesz 0000000000003f1e memsz 0000000000003f1e (ro) -> mapped USER (bounds ok)
[elf    ] PT_LOAD vaddr 0000500000020000 filesz 0000000000000284 memsz 0000000000037fe0 (rw) -> mapped USER (bounds ok)
[kernel ] spawned pid 113 'kp-stress' caps 0000000000000003 — private PML4 @ phys 000000000132e000
[elf    ] PT_LOAD vaddr 0000500000000000 filesz 000000000001b280 memsz 000000000001b280 (ro) -> mapped USER (bounds ok)
[elf    ] PT_LOAD vaddr 000050000001c000 filesz 0000000000003f1e memsz 0000000000003f1e (ro) -> mapped USER (bounds ok)
[elf    ] PT_LOAD vaddr 0000500000020000 filesz 0000000000000284 memsz 0000000000037fe0 (rw) -> mapped USER (bounds ok)
[surface] pid 112 owns surface 6 (64x64) DOUBLE-BUFFERED at user vaddr 0000530000000000 (+4 pages back) (recycled pixel buffers)
[hw     ] GRANT  pid 113 'kp-stress' -> 'sensor0': phys 0000000001003000 mapped at vaddr 0000401c40000000 (1 pages)
[surface] slot 6 reclaimed on owner exit — 8 pages (phys 00000000014cb000) back on the free list
[surface] pid 112 owns surface 6 (64x64) DOUBLE-BUFFERED at user vaddr 0000530000000000 (+4 pages back) (recycled pixel buffers)
[surface] slot 6 reclaimed on owner exit — 8 pages (phys 00000000014cb000) back on the free list
[kernel ] spawned pid 114 'kp-stress' caps 0000000000000040 — private PML4 @ phys 000000000143e000
[elf    ] PT_LOAD vaddr 0000500000000000 filesz 000000000001b280 memsz 000000000001b280 (ro) -> mapped USER (bounds ok)
[elf    ] PT_LOAD vaddr 000050000001c000 filesz 0000000000003f1e memsz 0000000000003f1e (ro) -> mapped USER (bounds ok)
[elf    ] PT_LOAD vaddr 0000500000020000 filesz 0000000000000284 memsz 0000000000037fe0 (rw) -> mapped USER (bounds ok)
[kernel ] spawned pid 115 'kp-stress' caps 0000000000000003 — private PML4 @ phys 00000000015cc000
[elf    ] PT_LOAD vaddr 0000500000000000 filesz 000000000001b280 memsz 000000000001b280 (ro) -> mapped USER (bounds ok)
[elf    ] PT_LOAD vaddr 000050000001c000 filesz 0000000000003f1e memsz 0000000000003f1e (ro) -> mapped USER (bounds ok)
[elf    ] PT_LOAD vaddr 0000500000020000 filesz 0000000000000284 memsz 0000000000037fe0 (rw) -> mapped USER (bounds ok)
[surface] pid 114 owns surface 6 (64x64) DOUBLE-BUFFERED at user vaddr 0000530000000000 (+4 pages back) (recycled pixel buffers)
[hw     ] GRANT  pid 115 'kp-stress' -> 'sensor0': phys 0000000001003000 mapped at vaddr 0000401cc0000000 (1 pages)
[surface] slot 6 reclaimed on owner exit — 8 pages (phys 00000000014cb000) back on the free list
[surface] pid 114 owns surface 6 (64x64) DOUBLE-BUFFERED at user vaddr 0000530000000000 (+4 pages back) (recycled pixel buffers)
[surface] slot 6 reclaimed on owner exit — 8 pages (phys 00000000014cb000) back on the free list
[kernel ] spawned pid 116 'kp-stress' caps 0000000000000040 — private PML4 @ phys 000000000143e000
[elf    ] PT_LOAD vaddr 0000500000000000 filesz 000000000001b280 memsz 000000000001b280 (ro) -> mapped USER (bounds ok)
[elf    ] PT_LOAD vaddr 000050000001c000 filesz 0000000000003f1e memsz 0000000000003f1e (ro) -> mapped USER (bounds ok)
[elf    ] PT_LOAD vaddr 0000500000020000 filesz 0000000000000284 memsz 0000000000037fe0 (rw) -> mapped USER (bounds ok)
[kernel ] spawned pid 117 'kp-stress' caps 0000000000000003 — private PML4 @ phys 00000000015ce000
[elf    ] PT_LOAD vaddr 0000500000000000 filesz 000000000001b280 memsz 000000000001b280 (ro) -> mapped USER (bounds ok)
[elf    ] PT_LOAD vaddr 000050000001c000 filesz 0000000000003f1e memsz 0000000000003f1e (ro) -> mapped USER (bounds ok)
[elf    ] PT_LOAD vaddr 0000500000020000 filesz 0000000000000284 memsz 0000000000037fe0 (rw) -> mapped USER (bounds ok)
[surface] pid 116 owns surface 6 (64x64) DOUBLE-BUFFERED at user vaddr 0000530000000000 (+4 pages back) (recycled pixel buffers)
[hw     ] GRANT  pid 117 'kp-stress' -> 'sensor0': phys 0000000001003000 mapped at vaddr 0000401d40000000 (1 pages)
[surface] slot 6 reclaimed on owner exit — 8 pages (phys 00000000014cb000) back on the free list
[surface] pid 116 owns surface 6 (64x64) DOUBLE-BUFFERED at user vaddr 0000530000000000 (+4 pages back) (recycled pixel buffers)
[surface] slot 6 reclaimed on owner exit — 8 pages (phys 00000000014cb000) back on the free list
[kernel ] spawned pid 118 'kp-stress' caps 0000000000000040 — private PML4 @ phys 000000000143e000
[elf    ] PT_LOAD vaddr 0000500000000000 filesz 000000000001b280 memsz 000000000001b280 (ro) -> mapped USER (bounds ok)
[elf    ] PT_LOAD vaddr 000050000001c000 filesz 0000000000003f1e memsz 0000000000003f1e (ro) -> mapped USER (bounds ok)
[elf    ] PT_LOAD vaddr 0000500000020000 filesz 0000000000000284 memsz 0000000000037fe0 (rw) -> mapped USER (bounds ok)
[kernel ] spawned pid 119 'kp-stress' caps 0000000000000003 — private PML4 @ phys 0000000001336000
[elf    ] PT_LOAD vaddr 0000500000000000 filesz 000000000001b280 memsz 000000000001b280 (ro) -> mapped USER (bounds ok)
[elf    ] PT_LOAD vaddr 000050000001c000 filesz 0000000000003f1e memsz 0000000000003f1e (ro) -> mapped USER (bounds ok)
[elf    ] PT_LOAD vaddr 0000500000020000 filesz 0000000000000284 memsz 0000000000037fe0 (rw) -> mapped USER (bounds ok)
[hw     ] GRANT  pid 119 'kp-stress' -> 'sensor0': phys 0000000001003000 mapped at vaddr 0000401dc0000000 (1 pages)
[surface] pid 118 owns surface 6 (64x64) DOUBLE-BUFFERED at user vaddr 0000530000000000 (+4 pages back) (recycled pixel buffers)
[surface] slot 6 reclaimed on owner exit — 8 pages (phys 00000000014cb000) back on the free list
[surface] pid 118 owns surface 6 (64x64) DOUBLE-BUFFERED at user vaddr 0000530000000000 (+4 pages back) (recycled pixel buffers)
[surface] slot 6 reclaimed on owner exit — 8 pages (phys 00000000014cb000) back on the free list
[kernel ] spawned pid 120 'kp-stress' caps 0000000000000040 — private PML4 @ phys 000000000143e000
[elf    ] PT_LOAD vaddr 0000500000000000 filesz 000000000001b280 memsz 000000000001b280 (ro) -> mapped USER (bounds ok)
[elf    ] PT_LOAD vaddr 000050000001c000 filesz 0000000000003f1e memsz 0000000000003f1e (ro) -> mapped USER (bounds ok)
[elf    ] PT_LOAD vaddr 0000500000020000 filesz 0000000000000284 memsz 0000000000037fe0 (rw) -> mapped USER (bounds ok)
[kernel ] spawned pid 121 'kp-stress' caps 0000000000000003 — private PML4 @ phys 00000000015d2000
[elf    ] PT_LOAD vaddr 0000500000000000 filesz 000000000001b280 memsz 000000000001b280 (ro) -> mapped USER (bounds ok)
[elf    ] PT_LOAD vaddr 000050000001c000 filesz 0000000000003f1e memsz 0000000000003f1e (ro) -> mapped USER (bounds ok)
[elf    ] PT_LOAD vaddr 0000500000020000 filesz 0000000000000284 memsz 0000000000037fe0 (rw) -> mapped USER (bounds ok)
[surface] pid 120 owns surface 6 (64x64) DOUBLE-BUFFERED at user vaddr 0000530000000000 (+4 pages back) (recycled pixel buffers)
[hw     ] GRANT  pid 121 'kp-stress' -> 'sensor0': phys 0000000001003000 mapped at vaddr 0000401e40000000 (1 pages)
[surface] slot 6 reclaimed on owner exit — 8 pages (phys 00000000014cb000) back on the free list
[surface] pid 120 owns surface 6 (64x64) DOUBLE-BUFFERED at user vaddr 0000530000000000 (+4 pages back) (recycled pixel buffers)
[surface] slot 6 reclaimed on owner exit — 8 pages (phys 00000000014cb000) back on the free list
[kernel ] spawned pid 122 'kp-stress' caps 0000000000000040 — private PML4 @ phys 000000000143e000
[elf    ] PT_LOAD vaddr 0000500000000000 filesz 000000000001b280 memsz 000000000001b280 (ro) -> mapped USER (bounds ok)
[elf    ] PT_LOAD vaddr 000050000001c000 filesz 0000000000003f1e memsz 0000000000003f1e (ro) -> mapped USER (bounds ok)
[elf    ] PT_LOAD vaddr 0000500000020000 filesz 0000000000000284 memsz 0000000000037fe0 (rw) -> mapped USER (bounds ok)
[kernel ] spawned pid 123 'kp-stress' caps 0000000000000003 — private PML4 @ phys 000000000158f000
[elf    ] PT_LOAD vaddr 0000500000000000 filesz 000000000001b280 memsz 000000000001b280 (ro) -> mapped USER (bounds ok)
[elf    ] PT_LOAD vaddr 000050000001c000 filesz 0000000000003f1e memsz 0000000000003f1e (ro) -> mapped USER (bounds ok)
[elf    ] PT_LOAD vaddr 0000500000020000 filesz 0000000000000284 memsz 0000000000037fe0 (rw) -> mapped USER (bounds ok)
[surface] pid 122 owns surface 6 (64x64) DOUBLE-BUFFERED at user vaddr 0000530000000000 (+4 pages back) (recycled pixel buffers)
[hw     ] GRANT  pid 123 'kp-stress' -> 'sensor0': phys 0000000001003000 mapped at vaddr 0000401ec0000000 (1 pages)
[surface] slot 6 reclaimed on owner exit — 8 pages (phys 00000000014cb000) back on the free list
[surface] pid 122 owns surface 6 (64x64) DOUBLE-BUFFERED at user vaddr 0000530000000000 (+4 pages back) (recycled pixel buffers)
[surface] slot 6 reclaimed on owner exit — 8 pages (phys 00000000014cb000) back on the free list
[kernel ] spawned pid 124 'kp-stress' caps 0000000000000040 — private PML4 @ phys 000000000143e000
[elf    ] PT_LOAD vaddr 0000500000000000 filesz 000000000001b280 memsz 000000000001b280 (ro) -> mapped USER (bounds ok)
[elf    ] PT_LOAD vaddr 000050000001c000 filesz 0000000000003f1e memsz 0000000000003f1e (ro) -> mapped USER (bounds ok)
[elf    ] PT_LOAD vaddr 0000500000020000 filesz 0000000000000284 memsz 0000000000037fe0 (rw) -> mapped USER (bounds ok)
[kernel ] spawned pid 125 'kp-stress' caps 0000000000000003 — private PML4 @ phys 0000000001361000
[elf    ] PT_LOAD vaddr 0000500000000000 filesz 000000000001b280 memsz 000000000001b280 (ro) -> mapped USER (bounds ok)
[elf    ] PT_LOAD vaddr 000050000001c000 filesz 0000000000003f1e memsz 0000000000003f1e (ro) -> mapped USER (bounds ok)
[elf    ] PT_LOAD vaddr 0000500000020000 filesz 0000000000000284 memsz 0000000000037fe0 (rw) -> mapped USER (bounds ok)
[surface] pid 124 owns surface 6 (64x64) DOUBLE-BUFFERED at user vaddr 0000530000000000 (+4 pages back) (recycled pixel buffers)
[hw     ] GRANT  pid 125 'kp-stress' -> 'sensor0': phys 0000000001003000 mapped at vaddr 0000401f40000000 (1 pages)
[surface] slot 6 reclaimed on owner exit — 8 pages (phys 00000000014cb000) back on the free list
[surface] pid 124 owns surface 6 (64x64) DOUBLE-BUFFERED at user vaddr 0000530000000000 (+4 pages back) (recycled pixel buffers)
[surface] slot 6 reclaimed on owner exit — 8 pages (phys 00000000014cb000) back on the free list
[kernel ] spawned pid 126 'kp-stress' caps 0000000000000040 — private PML4 @ phys 000000000143e000
[elf    ] PT_LOAD vaddr 0000500000000000 filesz 000000000001b280 memsz 000000000001b280 (ro) -> mapped USER (bounds ok)
[elf    ] PT_LOAD vaddr 000050000001c000 filesz 0000000000003f1e memsz 0000000000003f1e (ro) -> mapped USER (bounds ok)
[elf    ] PT_LOAD vaddr 0000500000020000 filesz 0000000000000284 memsz 0000000000037fe0 (rw) -> mapped USER (bounds ok)
[kernel ] spawned pid 127 'kp-stress' caps 0000000000000003 — private PML4 @ phys 00000000015c2000
[elf    ] PT_LOAD vaddr 0000500000000000 filesz 000000000001b280 memsz 000000000001b280 (ro) -> mapped USER (bounds ok)
[elf    ] PT_LOAD vaddr 000050000001c000 filesz 0000000000003f1e memsz 0000000000003f1e (ro) -> mapped USER (bounds ok)
[elf    ] PT_LOAD vaddr 0000500000020000 filesz 0000000000000284 memsz 0000000000037fe0 (rw) -> mapped USER (bounds ok)
[surface] pid 126 owns surface 6 (64x64) DOUBLE-BUFFERED at user vaddr 0000530000000000 (+4 pages back) (recycled pixel buffers)
[hw     ] GRANT  pid 127 'kp-stress' -> 'sensor0': phys 0000000001003000 mapped at vaddr 0000401fc0000000 (1 pages)
[surface] slot 6 reclaimed on owner exit — 8 pages (phys 00000000014cb000) back on the free list
[surface] pid 126 owns surface 6 (64x64) DOUBLE-BUFFERED at user vaddr 0000530000000000 (+4 pages back) (recycled pixel buffers)
[surface] slot 6 reclaimed on owner exit — 8 pages (phys 00000000014cb000) back on the free list
[kernel ] spawned pid 128 'kp-stress' caps 0000000000000040 — private PML4 @ phys 000000000143e000
[elf    ] PT_LOAD vaddr 0000500000000000 filesz 000000000001b280 memsz 000000000001b280 (ro) -> mapped USER (bounds ok)
[elf    ] PT_LOAD vaddr 000050000001c000 filesz 0000000000003f1e memsz 0000000000003f1e (ro) -> mapped USER (bounds ok)
[elf    ] PT_LOAD vaddr 0000500000020000 filesz 0000000000000284 memsz 0000000000037fe0 (rw) -> mapped USER (bounds ok)
[kernel ] spawned pid 129 'kp-stress' caps 0000000000000003 — private PML4 @ phys 00000000015c4000
[elf    ] PT_LOAD vaddr 0000500000000000 filesz 000000000001b280 memsz 000000000001b280 (ro) -> mapped USER (bounds ok)
[elf    ] PT_LOAD vaddr 000050000001c000 filesz 0000000000003f1e memsz 0000000000003f1e (ro) -> mapped USER (bounds ok)
[elf    ] PT_LOAD vaddr 0000500000020000 filesz 0000000000000284 memsz 0000000000037fe0 (rw) -> mapped USER (bounds ok)
[surface] pid 128 owns surface 6 (64x64) DOUBLE-BUFFERED at user vaddr 0000530000000000 (+4 pages back) (recycled pixel buffers)
[hw     ] GRANT  pid 129 'kp-stress' -> 'sensor0': phys 0000000001003000 mapped at vaddr 0000402040000000 (1 pages)
[surface] slot 6 reclaimed on owner exit — 8 pages (phys 00000000014cb000) back on the free list
[surface] pid 128 owns surface 6 (64x64) DOUBLE-BUFFERED at user vaddr 0000530000000000 (+4 pages back) (recycled pixel buffers)
[surface] slot 6 reclaimed on owner exit — 8 pages (phys 00000000014cb000) back on the free list
[kernel ] spawned pid 130 'kp-stress' caps 0000000000000040 — private PML4 @ phys 000000000143e000
[elf    ] PT_LOAD vaddr 0000500000000000 filesz 000000000001b280 memsz 000000000001b280 (ro) -> mapped USER (bounds ok)
[elf    ] PT_LOAD vaddr 000050000001c000 filesz 0000000000003f1e memsz 0000000000003f1e (ro) -> mapped USER (bounds ok)
[elf    ] PT_LOAD vaddr 0000500000020000 filesz 0000000000000284 memsz 0000000000037fe0 (rw) -> mapped USER (bounds ok)
[kernel ] spawned pid 131 'kp-stress' caps 0000000000000003 — private PML4 @ phys 00000000015c6000
[elf    ] PT_LOAD vaddr 0000500000000000 filesz 000000000001b280 memsz 000000000001b280 (ro) -> mapped USER (bounds ok)
[elf    ] PT_LOAD vaddr 000050000001c000 filesz 0000000000003f1e memsz 0000000000003f1e (ro) -> mapped USER (bounds ok)
[elf    ] PT_LOAD vaddr 0000500000020000 filesz 0000000000000284 memsz 0000000000037fe0 (rw) -> mapped USER (bounds ok)
[surface] pid 130 owns surface 6 (64x64) DOUBLE-BUFFERED at user vaddr 0000530000000000 (+4 pages back) (recycled pixel buffers)
[hw     ] GRANT  pid 131 'kp-stress' -> 'sensor0': phys 0000000001003000 mapped at vaddr 00004020c0000000 (1 pages)
[surface] slot 6 reclaimed on owner exit — 8 pages (phys 00000000014cb000) back on the free list
[surface] pid 130 owns surface 6 (64x64) DOUBLE-BUFFERED at user vaddr 0000530000000000 (+4 pages back) (recycled pixel buffers)
[surface] slot 6 reclaimed on owner exit — 8 pages (phys 00000000014cb000) back on the free list
[kernel ] spawned pid 132 'kp-stress' caps 0000000000000040 — private PML4 @ phys 000000000143e000
[elf    ] PT_LOAD vaddr 0000500000000000 filesz 000000000001b280 memsz 000000000001b280 (ro) -> mapped USER (bounds ok)
[elf    ] PT_LOAD vaddr 000050000001c000 filesz 0000000000003f1e memsz 0000000000003f1e (ro) -> mapped USER (bounds ok)
[elf    ] PT_LOAD vaddr 0000500000020000 filesz 0000000000000284 memsz 0000000000037fe0 (rw) -> mapped USER (bounds ok)
[kernel ] spawned pid 133 'kp-stress' caps 0000000000000003 — private PML4 @ phys 00000000015c8000
[elf    ] PT_LOAD vaddr 0000500000000000 filesz 000000000001b280 memsz 000000000001b280 (ro) -> mapped USER (bounds ok)
[elf    ] PT_LOAD vaddr 000050000001c000 filesz 0000000000003f1e memsz 0000000000003f1e (ro) -> mapped USER (bounds ok)
[elf    ] PT_LOAD vaddr 0000500000020000 filesz 0000000000000284 memsz 0000000000037fe0 (rw) -> mapped USER (bounds ok)
[surface] pid 132 owns surface 6 (64x64) DOUBLE-BUFFERED at user vaddr 0000530000000000 (+4 pages back) (recycled pixel buffers)
[hw     ] GRANT  pid 133 'kp-stress' -> 'sensor0': phys 0000000001003000 mapped at vaddr 0000402140000000 (1 pages)
[surface] slot 6 reclaimed on owner exit — 8 pages (phys 00000000014cb000) back on the free list
[surface] pid 132 owns surface 6 (64x64) DOUBLE-BUFFERED at user vaddr 0000530000000000 (+4 pages back) (recycled pixel buffers)
[surface] slot 6 reclaimed on owner exit — 8 pages (phys 00000000014cb000) back on the free list
[kernel ] spawned pid 134 'kp-stress' caps 0000000000000040 — private PML4 @ phys 000000000143e000
[elf    ] PT_LOAD vaddr 0000500000000000 filesz 000000000001b280 memsz 000000000001b280 (ro) -> mapped USER (bounds ok)
[elf    ] PT_LOAD vaddr 000050000001c000 filesz 0000000000003f1e memsz 0000000000003f1e (ro) -> mapped USER (bounds ok)
[elf    ] PT_LOAD vaddr 0000500000020000 filesz 0000000000000284 memsz 0000000000037fe0 (rw) -> mapped USER (bounds ok)
[kernel ] spawned pid 135 'kp-stress' caps 0000000000000003 — private PML4 @ phys 00000000015e0000
[elf    ] PT_LOAD vaddr 0000500000000000 filesz 000000000001b280 memsz 000000000001b280 (ro) -> mapped USER (bounds ok)
[elf    ] PT_LOAD vaddr 000050000001c000 filesz 0000000000003f1e memsz 0000000000003f1e (ro) -> mapped USER (bounds ok)
[elf    ] PT_LOAD vaddr 0000500000020000 filesz 0000000000000284 memsz 0000000000037fe0 (rw) -> mapped USER (bounds ok)
[surface] pid 134 owns surface 6 (64x64) DOUBLE-BUFFERED at user vaddr 0000530000000000 (+4 pages back) (recycled pixel buffers)
[hw     ] GRANT  pid 135 'kp-stress' -> 'sensor0': phys 0000000001003000 mapped at vaddr 00004021c0000000 (1 pages)
[surface] slot 6 reclaimed on owner exit — 8 pages (phys 00000000014cb000) back on the free list
[surface] pid 134 owns surface 6 (64x64) DOUBLE-BUFFERED at user vaddr 0000530000000000 (+4 pages back) (recycled pixel buffers)
[surface] slot 6 reclaimed on owner exit — 8 pages (phys 00000000014cb000) back on the free list
[kernel ] spawned pid 136 'kp-stress' caps 0000000000000040 — private PML4 @ phys 000000000143e000
[elf    ] PT_LOAD vaddr 0000500000000000 filesz 000000000001b280 memsz 000000000001b280 (ro) -> mapped USER (bounds ok)
[elf    ] PT_LOAD vaddr 000050000001c000 filesz 0000000000003f1e memsz 0000000000003f1e (ro) -> mapped USER (bounds ok)
[elf    ] PT_LOAD vaddr 0000500000020000 filesz 0000000000000284 memsz 0000000000037fe0 (rw) -> mapped USER (bounds ok)
[kernel ] spawned pid 137 'kp-stress' caps 0000000000000003 — private PML4 @ phys 00000000015cc000
[elf    ] PT_LOAD vaddr 0000500000000000 filesz 000000000001b280 memsz 000000000001b280 (ro) -> mapped USER (bounds ok)
[elf    ] PT_LOAD vaddr 000050000001c000 filesz 0000000000003f1e memsz 0000000000003f1e (ro) -> mapped USER (bounds ok)
[elf    ] PT_LOAD vaddr 0000500000020000 filesz 0000000000000284 memsz 0000000000037fe0 (rw) -> mapped USER (bounds ok)
[surface] pid 136 owns surface 6 (64x64) DOUBLE-BUFFERED at user vaddr 0000530000000000 (+4 pages back) (recycled pixel buffers)
[hw     ] GRANT  pid 137 'kp-stress' -> 'sensor0': phys 0000000001003000 mapped at vaddr 0000402240000000 (1 pages)
[surface] slot 6 reclaimed on owner exit — 8 pages (phys 00000000014cb000) back on the free list
[surface] pid 136 owns surface 6 (64x64) DOUBLE-BUFFERED at user vaddr 0000530000000000 (+4 pages back) (recycled pixel buffers)
[surface] slot 6 reclaimed on owner exit — 8 pages (phys 00000000014cb000) back on the free list
[kernel ] spawned pid 138 'kp-stress' caps 0000000000000040 — private PML4 @ phys 000000000143e000
[elf    ] PT_LOAD vaddr 0000500000000000 filesz 000000000001b280 memsz 000000000001b280 (ro) -> mapped USER (bounds ok)
[elf    ] PT_LOAD vaddr 000050000001c000 filesz 0000000000003f1e memsz 0000000000003f1e (ro) -> mapped USER (bounds ok)
[elf    ] PT_LOAD vaddr 0000500000020000 filesz 0000000000000284 memsz 0000000000037fe0 (rw) -> mapped USER (bounds ok)
[kernel ] spawned pid 139 'kp-stress' caps 0000000000000003 — private PML4 @ phys 00000000015ce000
[elf    ] PT_LOAD vaddr 0000500000000000 filesz 000000000001b280 memsz 000000000001b280 (ro) -> mapped USER (bounds ok)
[elf    ] PT_LOAD vaddr 000050000001c000 filesz 0000000000003f1e memsz 0000000000003f1e (ro) -> mapped USER (bounds ok)
[elf    ] PT_LOAD vaddr 0000500000020000 filesz 0000000000000284 memsz 0000000000037fe0 (rw) -> mapped USER (bounds ok)
[hw     ] GRANT  pid 139 'kp-stress' -> 'sensor0': phys 0000000001003000 mapped at vaddr 00004022c0000000 (1 pages)
[surface] pid 138 owns surface 6 (64x64) DOUBLE-BUFFERED at user vaddr 0000530000000000 (+4 pages back) (recycled pixel buffers)
[surface] slot 6 reclaimed on owner exit — 8 pages (phys 00000000014cb000) back on the free list
[surface] pid 138 owns surface 6 (64x64) DOUBLE-BUFFERED at user vaddr 0000530000000000 (+4 pages back) (recycled pixel buffers)
[surface] slot 6 reclaimed on owner exit — 8 pages (phys 00000000014cb000) back on the free list
[kernel ] spawned pid 140 'kp-stress' caps 0000000000000040 — private PML4 @ phys 000000000143e000
[elf    ] PT_LOAD vaddr 0000500000000000 filesz 000000000001b280 memsz 000000000001b280 (ro) -> mapped USER (bounds ok)
[elf    ] PT_LOAD vaddr 000050000001c000 filesz 0000000000003f1e memsz 0000000000003f1e (ro) -> mapped USER (bounds ok)
[elf    ] PT_LOAD vaddr 0000500000020000 filesz 0000000000000284 memsz 0000000000037fe0 (rw) -> mapped USER (bounds ok)
[kernel ] spawned pid 141 'kp-stress' caps 0000000000000003 — private PML4 @ phys 0000000001336000
[elf    ] PT_LOAD vaddr 0000500000000000 filesz 000000000001b280 memsz 000000000001b280 (ro) -> mapped USER (bounds ok)
[elf    ] PT_LOAD vaddr 000050000001c000 filesz 0000000000003f1e memsz 0000000000003f1e (ro) -> mapped USER (bounds ok)
[elf    ] PT_LOAD vaddr 0000500000020000 filesz 0000000000000284 memsz 0000000000037fe0 (rw) -> mapped USER (bounds ok)
[surface] pid 140 owns surface 6 (64x64) DOUBLE-BUFFERED at user vaddr 0000530000000000 (+4 pages back) (recycled pixel buffers)
[hw     ] GRANT  pid 141 'kp-stress' -> 'sensor0': phys 0000000001003000 mapped at vaddr 0000402340000000 (1 pages)
[surface] slot 6 reclaimed on owner exit — 8 pages (phys 00000000014cb000) back on the free list
[surface] pid 140 owns surface 6 (64x64) DOUBLE-BUFFERED at user vaddr 0000530000000000 (+4 pages back) (recycled pixel buffers)
[surface] slot 6 reclaimed on owner exit — 8 pages (phys 00000000014cb000) back on the free list
[kernel ] spawned pid 142 'kp-stress' caps 0000000000000040 — private PML4 @ phys 000000000143e000
[elf    ] PT_LOAD vaddr 0000500000000000 filesz 000000000001b280 memsz 000000000001b280 (ro) -> mapped USER (bounds ok)
[elf    ] PT_LOAD vaddr 000050000001c000 filesz 0000000000003f1e memsz 0000000000003f1e (ro) -> mapped USER (bounds ok)
[elf    ] PT_LOAD vaddr 0000500000020000 filesz 0000000000000284 memsz 0000000000037fe0 (rw) -> mapped USER (bounds ok)
[kernel ] spawned pid 143 'kp-stress' caps 0000000000000003 — private PML4 @ phys 00000000015d2000
[elf    ] PT_LOAD vaddr 0000500000000000 filesz 000000000001b280 memsz 000000000001b280 (ro) -> mapped USER (bounds ok)
[elf    ] PT_LOAD vaddr 000050000001c000 filesz 0000000000003f1e memsz 0000000000003f1e (ro) -> mapped USER (bounds ok)
[elf    ] PT_LOAD vaddr 0000500000020000 filesz 0000000000000284 memsz 0000000000037fe0 (rw) -> mapped USER (bounds ok)
[hw     ] GRANT  pid 143 'kp-stress' -> 'sensor0': phys 0000000001003000 mapped at vaddr 00004023c0000000 (1 pages)
[surface] pid 142 owns surface 6 (64x64) DOUBLE-BUFFERED at user vaddr 0000530000000000 (+4 pages back) (recycled pixel buffers)
[surface] slot 6 reclaimed on owner exit — 8 pages (phys 00000000014cb000) back on the free list
[surface] pid 142 owns surface 6 (64x64) DOUBLE-BUFFERED at user vaddr 0000530000000000 (+4 pages back) (recycled pixel buffers)
[surface] slot 6 reclaimed on owner exit — 8 pages (phys 00000000014cb000) back on the free list
[kernel ] spawned pid 144 'kp-stress' caps 0000000000000040 — private PML4 @ phys 000000000143e000
[elf    ] PT_LOAD vaddr 0000500000000000 filesz 000000000001b280 memsz 000000000001b280 (ro) -> mapped USER (bounds ok)
[elf    ] PT_LOAD vaddr 000050000001c000 filesz 0000000000003f1e memsz 0000000000003f1e (ro) -> mapped USER (bounds ok)
[elf    ] PT_LOAD vaddr 0000500000020000 filesz 0000000000000284 memsz 0000000000037fe0 (rw) -> mapped USER (bounds ok)
[kernel ] spawned pid 145 'kp-stress' caps 0000000000000003 — private PML4 @ phys 000000000158f000
[elf    ] PT_LOAD vaddr 0000500000000000 filesz 000000000001b280 memsz 000000000001b280 (ro) -> mapped USER (bounds ok)
[elf    ] PT_LOAD vaddr 000050000001c000 filesz 0000000000003f1e memsz 0000000000003f1e (ro) -> mapped USER (bounds ok)
[elf    ] PT_LOAD vaddr 0000500000020000 filesz 0000000000000284 memsz 0000000000037fe0 (rw) -> mapped USER (bounds ok)
[surface] pid 144 owns surface 6 (64x64) DOUBLE-BUFFERED at user vaddr 0000530000000000 (+4 pages back) (recycled pixel buffers)
[hw     ] GRANT  pid 145 'kp-stress' -> 'sensor0': phys 0000000001003000 mapped at vaddr 0000402440000000 (1 pages)
[surface] slot 6 reclaimed on owner exit — 8 pages (phys 00000000014cb000) back on the free list
[surface] pid 144 owns surface 6 (64x64) DOUBLE-BUFFERED at user vaddr 0000530000000000 (+4 pages back) (recycled pixel buffers)
[surface] slot 6 reclaimed on owner exit — 8 pages (phys 00000000014cb000) back on the free list
[kernel ] spawned pid 146 'kp-stress' caps 0000000000000040 — private PML4 @ phys 000000000143e000
[elf    ] PT_LOAD vaddr 0000500000000000 filesz 000000000001b280 memsz 000000000001b280 (ro) -> mapped USER (bounds ok)
[elf    ] PT_LOAD vaddr 000050000001c000 filesz 0000000000003f1e memsz 0000000000003f1e (ro) -> mapped USER (bounds ok)
[elf    ] PT_LOAD vaddr 0000500000020000 filesz 0000000000000284 memsz 0000000000037fe0 (rw) -> mapped USER (bounds ok)
[kernel ] spawned pid 147 'kp-stress' caps 0000000000000003 — private PML4 @ phys 0000000001361000
[elf    ] PT_LOAD vaddr 0000500000000000 filesz 000000000001b280 memsz 000000000001b280 (ro) -> mapped USER (bounds ok)
[elf    ] PT_LOAD vaddr 000050000001c000 filesz 0000000000003f1e memsz 0000000000003f1e (ro) -> mapped USER (bounds ok)
[elf    ] PT_LOAD vaddr 0000500000020000 filesz 0000000000000284 memsz 0000000000037fe0 (rw) -> mapped USER (bounds ok)
[hw     ] GRANT  pid 147 'kp-stress' -> 'sensor0': phys 0000000001003000 mapped at vaddr 00004024c0000000 (1 pages)
[surface] pid 146 owns surface 6 (64x64) DOUBLE-BUFFERED at user vaddr 0000530000000000 (+4 pages back) (recycled pixel buffers)
[surface] slot 6 reclaimed on owner exit — 8 pages (phys 00000000014cb000) back on the free list
[surface] pid 146 owns surface 6 (64x64) DOUBLE-BUFFERED at user vaddr 0000530000000000 (+4 pages back) (recycled pixel buffers)
[surface] slot 6 reclaimed on owner exit — 8 pages (phys 00000000014cb000) back on the free list
[kernel ] spawned pid 148 'kp-stress' caps 0000000000000040 — private PML4 @ phys 000000000143e000
[elf    ] PT_LOAD vaddr 0000500000000000 filesz 000000000001b280 memsz 000000000001b280 (ro) -> mapped USER (bounds ok)
[elf    ] PT_LOAD vaddr 000050000001c000 filesz 0000000000003f1e memsz 0000000000003f1e (ro) -> mapped USER (bounds ok)
[elf    ] PT_LOAD vaddr 0000500000020000 filesz 0000000000000284 memsz 0000000000037fe0 (rw) -> mapped USER (bounds ok)
[kernel ] spawned pid 149 'kp-stress' caps 0000000000000003 — private PML4 @ phys 00000000015c2000
[elf    ] PT_LOAD vaddr 0000500000000000 filesz 000000000001b280 memsz 000000000001b280 (ro) -> mapped USER (bounds ok)
[elf    ] PT_LOAD vaddr 000050000001c000 filesz 0000000000003f1e memsz 0000000000003f1e (ro) -> mapped USER (bounds ok)
[elf    ] PT_LOAD vaddr 0000500000020000 filesz 0000000000000284 memsz 0000000000037fe0 (rw) -> mapped USER (bounds ok)
[hw     ] GRANT  pid 149 'kp-stress' -> 'sensor0': phys 0000000001003000 mapped at vaddr 0000402540000000 (1 pages)
[surface] pid 148 owns surface 6 (64x64) DOUBLE-BUFFERED at user vaddr 0000530000000000 (+4 pages back) (recycled pixel buffers)
[surface] slot 6 reclaimed on owner exit — 8 pages (phys 00000000014cb000) back on the free list
[surface] pid 148 owns surface 6 (64x64) DOUBLE-BUFFERED at user vaddr 0000530000000000 (+4 pages back) (recycled pixel buffers)
[surface] slot 6 reclaimed on owner exit — 8 pages (phys 00000000014cb000) back on the free list
[kernel ] spawned pid 150 'kp-stress' caps 0000000000000040 — private PML4 @ phys 000000000143e000
[elf    ] PT_LOAD vaddr 0000500000000000 filesz 000000000001b280 memsz 000000000001b280 (ro) -> mapped USER (bounds ok)
[elf    ] PT_LOAD vaddr 000050000001c000 filesz 0000000000003f1e memsz 0000000000003f1e (ro) -> mapped USER (bounds ok)
[elf    ] PT_LOAD vaddr 0000500000020000 filesz 0000000000000284 memsz 0000000000037fe0 (rw) -> mapped USER (bounds ok)
[kernel ] spawned pid 151 'kp-stress' caps 0000000000000003 — private PML4 @ phys 00000000015c4000
[elf    ] PT_LOAD vaddr 0000500000000000 filesz 000000000001b280 memsz 000000000001b280 (ro) -> mapped USER (bounds ok)
[elf    ] PT_LOAD vaddr 000050000001c000 filesz 0000000000003f1e memsz 0000000000003f1e (ro) -> mapped USER (bounds ok)
[elf    ] PT_LOAD vaddr 0000500000020000 filesz 0000000000000284 memsz 0000000000037fe0 (rw) -> mapped USER (bounds ok)
[surface] pid 150 owns surface 6 (64x64) DOUBLE-BUFFERED at user vaddr 0000530000000000 (+4 pages back) (recycled pixel buffers)
[hw     ] GRANT  pid 151 'kp-stress' -> 'sensor0': phys 0000000001003000 mapped at vaddr 00004025c0000000 (1 pages)
[surface] slot 6 reclaimed on owner exit — 8 pages (phys 00000000014cb000) back on the free list
[surface] pid 150 owns surface 6 (64x64) DOUBLE-BUFFERED at user vaddr 0000530000000000 (+4 pages back) (recycled pixel buffers)
[surface] slot 6 reclaimed on owner exit — 8 pages (phys 00000000014cb000) back on the free list
[kernel ] spawned pid 152 'kp-stress' caps 0000000000000040 — private PML4 @ phys 000000000143e000
[elf    ] PT_LOAD vaddr 0000500000000000 filesz 000000000001b280 memsz 000000000001b280 (ro) -> mapped USER (bounds ok)
[elf    ] PT_LOAD vaddr 000050000001c000 filesz 0000000000003f1e memsz 0000000000003f1e (ro) -> mapped USER (bounds ok)
[elf    ] PT_LOAD vaddr 0000500000020000 filesz 0000000000000284 memsz 0000000000037fe0 (rw) -> mapped USER (bounds ok)
[kernel ] spawned pid 153 'kp-stress' caps 0000000000000003 — private PML4 @ phys 00000000015c6000
[elf    ] PT_LOAD vaddr 0000500000000000 filesz 000000000001b280 memsz 000000000001b280 (ro) -> mapped USER (bounds ok)
[elf    ] PT_LOAD vaddr 000050000001c000 filesz 0000000000003f1e memsz 0000000000003f1e (ro) -> mapped USER (bounds ok)
[elf    ] PT_LOAD vaddr 0000500000020000 filesz 0000000000000284 memsz 0000000000037fe0 (rw) -> mapped USER (bounds ok)
[surface] pid 152 owns surface 6 (64x64) DOUBLE-BUFFERED at user vaddr 0000530000000000 (+4 pages back) (recycled pixel buffers)
[hw     ] GRANT  pid 153 'kp-stress' -> 'sensor0': phys 0000000001003000 mapped at vaddr 0000402640000000 (1 pages)
[surface] slot 6 reclaimed on owner exit — 8 pages (phys 00000000014cb000) back on the free list
[surface] pid 152 owns surface 6 (64x64) DOUBLE-BUFFERED at user vaddr 0000530000000000 (+4 pages back) (recycled pixel buffers)
[surface] slot 6 reclaimed on owner exit — 8 pages (phys 00000000014cb000) back on the free list
[kernel ] spawned pid 154 'kp-stress' caps 0000000000000040 — private PML4 @ phys 000000000143e000
[elf    ] PT_LOAD vaddr 0000500000000000 filesz 000000000001b280 memsz 000000000001b280 (ro) -> mapped USER (bounds ok)
[elf    ] PT_LOAD vaddr 000050000001c000 filesz 0000000000003f1e memsz 0000000000003f1e (ro) -> mapped USER (bounds ok)
[elf    ] PT_LOAD vaddr 0000500000020000 filesz 0000000000000284 memsz 0000000000037fe0 (rw) -> mapped USER (bounds ok)
[kernel ] spawned pid 155 'kp-stress' caps 0000000000000003 — private PML4 @ phys 00000000015f4000
[elf    ] PT_LOAD vaddr 0000500000000000 filesz 000000000001b280 memsz 000000000001b280 (ro) -> mapped USER (bounds ok)
[elf    ] PT_LOAD vaddr 000050000001c000 filesz 0000000000003f1e memsz 0000000000003f1e (ro) -> mapped USER (bounds ok)
[elf    ] PT_LOAD vaddr 0000500000020000 filesz 0000000000000284 memsz 0000000000037fe0 (rw) -> mapped USER (bounds ok)
[surface] pid 154 owns surface 6 (64x64) DOUBLE-BUFFERED at user vaddr 0000530000000000 (+4 pages back) (recycled pixel buffers)
[hw     ] GRANT  pid 155 'kp-stress' -> 'sensor0': phys 0000000001003000 mapped at vaddr 00004026c0000000 (1 pages)
[surface] slot 6 reclaimed on owner exit — 8 pages (phys 00000000014cb000) back on the free list
[surface] pid 154 owns surface 6 (64x64) DOUBLE-BUFFERED at user vaddr 0000530000000000 (+4 pages back) (recycled pixel buffers)
[surface] slot 6 reclaimed on owner exit — 8 pages (phys 00000000014cb000) back on the free list
[kernel ] spawned pid 156 'kp-stress' caps 0000000000000040 — private PML4 @ phys 000000000143e000
[elf    ] PT_LOAD vaddr 0000500000000000 filesz 000000000001b280 memsz 000000000001b280 (ro) -> mapped USER (bounds ok)
[elf    ] PT_LOAD vaddr 000050000001c000 filesz 0000000000003f1e memsz 0000000000003f1e (ro) -> mapped USER (bounds ok)
[elf    ] PT_LOAD vaddr 0000500000020000 filesz 0000000000000284 memsz 0000000000037fe0 (rw) -> mapped USER (bounds ok)
[kernel ] spawned pid 157 'kp-stress' caps 0000000000000003 — private PML4 @ phys 00000000015e0000
[elf    ] PT_LOAD vaddr 0000500000000000 filesz 000000000001b280 memsz 000000000001b280 (ro) -> mapped USER (bounds ok)
[elf    ] PT_LOAD vaddr 000050000001c000 filesz 0000000000003f1e memsz 0000000000003f1e (ro) -> mapped USER (bounds ok)
[elf    ] PT_LOAD vaddr 0000500000020000 filesz 0000000000000284 memsz 0000000000037fe0 (rw) -> mapped USER (bounds ok)
[surface] pid 156 owns surface 6 (64x64) DOUBLE-BUFFERED at user vaddr 0000530000000000 (+4 pages back) (recycled pixel buffers)
[hw     ] GRANT  pid 157 'kp-stress' -> 'sensor0': phys 0000000001003000 mapped at vaddr 0000402740000000 (1 pages)
[surface] slot 6 reclaimed on owner exit — 8 pages (phys 00000000014cb000) back on the free list
[surface] pid 156 owns surface 6 (64x64) DOUBLE-BUFFERED at user vaddr 0000530000000000 (+4 pages back) (recycled pixel buffers)
[surface] slot 6 reclaimed on owner exit — 8 pages (phys 00000000014cb000) back on the free list
[kernel ] spawned pid 158 'kp-stress' caps 0000000000000040 — private PML4 @ phys 000000000143e000
[elf    ] PT_LOAD vaddr 0000500000000000 filesz 000000000001b280 memsz 000000000001b280 (ro) -> mapped USER (bounds ok)
[elf    ] PT_LOAD vaddr 000050000001c000 filesz 0000000000003f1e memsz 0000000000003f1e (ro) -> mapped USER (bounds ok)
[elf    ] PT_LOAD vaddr 0000500000020000 filesz 0000000000000284 memsz 0000000000037fe0 (rw) -> mapped USER (bounds ok)
[kernel ] spawned pid 159 'kp-stress' caps 0000000000000003 — private PML4 @ phys 00000000015f8000
[elf    ] PT_LOAD vaddr 0000500000000000 filesz 000000000001b280 memsz 000000000001b280 (ro) -> mapped USER (bounds ok)
[elf    ] PT_LOAD vaddr 000050000001c000 filesz 0000000000003f1e memsz 0000000000003f1e (ro) -> mapped USER (bounds ok)
[elf    ] PT_LOAD vaddr 0000500000020000 filesz 0000000000000284 memsz 0000000000037fe0 (rw) -> mapped USER (bounds ok)
[surface] pid 158 owns surface 6 (64x64) DOUBLE-BUFFERED at user vaddr 0000530000000000 (+4 pages back) (recycled pixel buffers)
[hw     ] GRANT  pid 159 'kp-stress' -> 'sensor0': phys 0000000001003000 mapped at vaddr 00004027c0000000 (1 pages)
[surface] slot 6 reclaimed on owner exit — 8 pages (phys 00000000014cb000) back on the free list
[surface] pid 158 owns surface 6 (64x64) DOUBLE-BUFFERED at user vaddr 0000530000000000 (+4 pages back) (recycled pixel buffers)
[surface] slot 6 reclaimed on owner exit — 8 pages (phys 00000000014cb000) back on the free list
[kernel ] spawned pid 160 'kp-stress' caps 0000000000000040 — private PML4 @ phys 000000000143e000
[elf    ] PT_LOAD vaddr 0000500000000000 filesz 000000000001b280 memsz 000000000001b280 (ro) -> mapped USER (bounds ok)
[elf    ] PT_LOAD vaddr 000050000001c000 filesz 0000000000003f1e memsz 0000000000003f1e (ro) -> mapped USER (bounds ok)
[elf    ] PT_LOAD vaddr 0000500000020000 filesz 0000000000000284 memsz 0000000000037fe0 (rw) -> mapped USER (bounds ok)
[kernel ] spawned pid 161 'kp-stress' caps 0000000000000003 — private PML4 @ phys 00000000015ce000
[elf    ] PT_LOAD vaddr 0000500000000000 filesz 000000000001b280 memsz 000000000001b280 (ro) -> mapped USER (bounds ok)
[elf    ] PT_LOAD vaddr 000050000001c000 filesz 0000000000003f1e memsz 0000000000003f1e (ro) -> mapped USER (bounds ok)
[elf    ] PT_LOAD vaddr 0000500000020000 filesz 0000000000000284 memsz 0000000000037fe0 (rw) -> mapped USER (bounds ok)
[surface] pid 160 owns surface 6 (64x64) DOUBLE-BUFFERED at user vaddr 0000530000000000 (+4 pages back) (recycled pixel buffers)
[hw     ] GRANT  pid 161 'kp-stress' -> 'sensor0': phys 0000000001003000 mapped at vaddr 0000402840000000 (1 pages)
[surface] slot 6 reclaimed on owner exit — 8 pages (phys 00000000014cb000) back on the free list
[surface] pid 160 owns surface 6 (64x64) DOUBLE-BUFFERED at user vaddr 0000530000000000 (+4 pages back) (recycled pixel buffers)
[surface] slot 6 reclaimed on owner exit — 8 pages (phys 00000000014cb000) back on the free list
[kernel ] spawned pid 162 'kp-stress' caps 0000000000000040 — private PML4 @ phys 000000000143e000
[elf    ] PT_LOAD vaddr 0000500000000000 filesz 000000000001b280 memsz 000000000001b280 (ro) -> mapped USER (bounds ok)
[elf    ] PT_LOAD vaddr 000050000001c000 filesz 0000000000003f1e memsz 0000000000003f1e (ro) -> mapped USER (bounds ok)
[elf    ] PT_LOAD vaddr 0000500000020000 filesz 0000000000000284 memsz 0000000000037fe0 (rw) -> mapped USER (bounds ok)
[kernel ] spawned pid 163 'kp-stress' caps 0000000000000003 — private PML4 @ phys 00000000015fc000
[elf    ] PT_LOAD vaddr 0000500000000000 filesz 000000000001b280 memsz 000000000001b280 (ro) -> mapped USER (bounds ok)
[elf    ] PT_LOAD vaddr 000050000001c000 filesz 0000000000003f1e memsz 0000000000003f1e (ro) -> mapped USER (bounds ok)
[elf    ] PT_LOAD vaddr 0000500000020000 filesz 0000000000000284 memsz 0000000000037fe0 (rw) -> mapped USER (bounds ok)
[surface] pid 162 owns surface 6 (64x64) DOUBLE-BUFFERED at user vaddr 0000530000000000 (+4 pages back) (recycled pixel buffers)
[hw     ] GRANT  pid 163 'kp-stress' -> 'sensor0': phys 0000000001003000 mapped at vaddr 00004028c0000000 (1 pages)
[surface] slot 6 reclaimed on owner exit — 8 pages (phys 00000000014cb000) back on the free list
[surface] pid 162 owns surface 6 (64x64) DOUBLE-BUFFERED at user vaddr 0000530000000000 (+4 pages back) (recycled pixel buffers)
[surface] slot 6 reclaimed on owner exit — 8 pages (phys 00000000014cb000) back on the free list
[kernel ] spawned pid 164 'kp-stress' caps 0000000000000040 — private PML4 @ phys 000000000143e000
[elf    ] PT_LOAD vaddr 0000500000000000 filesz 000000000001b280 memsz 000000000001b280 (ro) -> mapped USER (bounds ok)
[elf    ] PT_LOAD vaddr 000050000001c000 filesz 0000000000003f1e memsz 0000000000003f1e (ro) -> mapped USER (bounds ok)
[elf    ] PT_LOAD vaddr 0000500000020000 filesz 0000000000000284 memsz 0000000000037fe0 (rw) -> mapped USER (bounds ok)
[kernel ] spawned pid 165 'kp-stress' caps 0000000000000003 — private PML4 @ phys 00000000015fe000
[elf    ] PT_LOAD vaddr 0000500000000000 filesz 000000000001b280 memsz 000000000001b280 (ro) -> mapped USER (bounds ok)
[elf    ] PT_LOAD vaddr 000050000001c000 filesz 0000000000003f1e memsz 0000000000003f1e (ro) -> mapped USER (bounds ok)
[elf    ] PT_LOAD vaddr 0000500000020000 filesz 0000000000000284 memsz 0000000000037fe0 (rw) -> mapped USER (bounds ok)
[surface] pid 164 owns surface 6 (64x64) DOUBLE-BUFFERED at user vaddr 0000530000000000 (+4 pages back) (recycled pixel buffers)
[hw     ] GRANT  pid 165 'kp-stress' -> 'sensor0': phys 0000000001003000 mapped at vaddr 0000402940000000 (1 pages)
[surface] slot 6 reclaimed on owner exit — 8 pages (phys 00000000014cb000) back on the free list
[surface] pid 164 owns surface 6 (64x64) DOUBLE-BUFFERED at user vaddr 0000530000000000 (+4 pages back) (recycled pixel buffers)
[surface] slot 6 reclaimed on owner exit — 8 pages (phys 00000000014cb000) back on the free list
[kernel ] spawned pid 166 'kp-stress' caps 0000000000000040 — private PML4 @ phys 000000000143e000
[elf    ] PT_LOAD vaddr 0000500000000000 filesz 000000000001b280 memsz 000000000001b280 (ro) -> mapped USER (bounds ok)
[elf    ] PT_LOAD vaddr 000050000001c000 filesz 0000000000003f1e memsz 0000000000003f1e (ro) -> mapped USER (bounds ok)
[elf    ] PT_LOAD vaddr 0000500000020000 filesz 0000000000000284 memsz 0000000000037fe0 (rw) -> mapped USER (bounds ok)
[kernel ] spawned pid 167 'kp-stress' caps 0000000000000003 — private PML4 @ phys 000000000158f000
[elf    ] PT_LOAD vaddr 0000500000000000 filesz 000000000001b280 memsz 000000000001b280 (ro) -> mapped USER (bounds ok)
[elf    ] PT_LOAD vaddr 000050000001c000 filesz 0000000000003f1e memsz 0000000000003f1e (ro) -> mapped USER (bounds ok)
[elf    ] PT_LOAD vaddr 0000500000020000 filesz 0000000000000284 memsz 0000000000037fe0 (rw) -> mapped USER (bounds ok)
[hw     ] GRANT  pid 167 'kp-stress' -> 'sensor0': phys 0000000001003000 mapped at vaddr 00004029c0000000 (1 pages)
[surface] pid 166 owns surface 6 (64x64) DOUBLE-BUFFERED at user vaddr 0000530000000000 (+4 pages back) (recycled pixel buffers)
[surface] slot 6 reclaimed on owner exit — 8 pages (phys 00000000014cb000) back on the free list
[surface] pid 166 owns surface 6 (64x64) DOUBLE-BUFFERED at user vaddr 0000530000000000 (+4 pages back) (recycled pixel buffers)
[surface] slot 6 reclaimed on owner exit — 8 pages (phys 00000000014cb000) back on the free list
[kernel ] spawned pid 168 'kp-stress' caps 0000000000000040 — private PML4 @ phys 000000000143e000
[elf    ] PT_LOAD vaddr 0000500000000000 filesz 000000000001b280 memsz 000000000001b280 (ro) -> mapped USER (bounds ok)
[elf    ] PT_LOAD vaddr 000050000001c000 filesz 0000000000003f1e memsz 0000000000003f1e (ro) -> mapped USER (bounds ok)
[elf    ] PT_LOAD vaddr 0000500000020000 filesz 0000000000000284 memsz 0000000000037fe0 (rw) -> mapped USER (bounds ok)
[kernel ] spawned pid 169 'kp-stress' caps 0000000000000003 — private PML4 @ phys 0000000001361000
[elf    ] PT_LOAD vaddr 0000500000000000 filesz 000000000001b280 memsz 000000000001b280 (ro) -> mapped USER (bounds ok)
[elf    ] PT_LOAD vaddr 000050000001c000 filesz 0000000000003f1e memsz 0000000000003f1e (ro) -> mapped USER (bounds ok)
[elf    ] PT_LOAD vaddr 0000500000020000 filesz 0000000000000284 memsz 0000000000037fe0 (rw) -> mapped USER (bounds ok)
[hw     ] GRANT  pid 169 'kp-stress' -> 'sensor0': phys 0000000001003000 mapped at vaddr 0000402a40000000 (1 pages)
[surface] pid 168 owns surface 6 (64x64) DOUBLE-BUFFERED at user vaddr 0000530000000000 (+4 pages back) (recycled pixel buffers)
[surface] slot 6 reclaimed on owner exit — 8 pages (phys 00000000014cb000) back on the free list
[surface] pid 168 owns surface 6 (64x64) DOUBLE-BUFFERED at user vaddr 0000530000000000 (+4 pages back) (recycled pixel buffers)
[surface] slot 6 reclaimed on owner exit — 8 pages (phys 00000000014cb000) back on the free list
[kernel ] spawned pid 170 'kp-stress' caps 0000000000000040 — private PML4 @ phys 000000000143e000
[elf    ] PT_LOAD vaddr 0000500000000000 filesz 000000000001b280 memsz 000000000001b280 (ro) -> mapped USER (bounds ok)
[elf    ] PT_LOAD vaddr 000050000001c000 filesz 0000000000003f1e memsz 0000000000003f1e (ro) -> mapped USER (bounds ok)
[elf    ] PT_LOAD vaddr 0000500000020000 filesz 0000000000000284 memsz 0000000000037fe0 (rw) -> mapped USER (bounds ok)
[kernel ] spawned pid 171 'kp-stress' caps 0000000000000003 — private PML4 @ phys 00000000015c2000
[elf    ] PT_LOAD vaddr 0000500000000000 filesz 000000000001b280 memsz 000000000001b280 (ro) -> mapped USER (bounds ok)
[elf    ] PT_LOAD vaddr 000050000001c000 filesz 0000000000003f1e memsz 0000000000003f1e (ro) -> mapped USER (bounds ok)
[elf    ] PT_LOAD vaddr 0000500000020000 filesz 0000000000000284 memsz 0000000000037fe0 (rw) -> mapped USER (bounds ok)
[surface] pid 170 owns surface 6 (64x64) DOUBLE-BUFFERED at user vaddr 0000530000000000 (+4 pages back) (recycled pixel buffers)
[hw     ] GRANT  pid 171 'kp-stress' -> 'sensor0': phys 0000000001003000 mapped at vaddr 0000402ac0000000 (1 pages)
[surface] slot 6 reclaimed on owner exit — 8 pages (phys 00000000014cb000) back on the free list
[surface] pid 170 owns surface 6 (64x64) DOUBLE-BUFFERED at user vaddr 0000530000000000 (+4 pages back) (recycled pixel buffers)
[surface] slot 6 reclaimed on owner exit — 8 pages (phys 00000000014cb000) back on the free list
[kpstrs] cycle 50/200 clean (slots seen so far: 3, recycled spawns: 103)
[kernel ] spawned pid 172 'kp-stress' caps 0000000000000040 — private PML4 @ phys 000000000143e000
[elf    ] PT_LOAD vaddr 0000500000000000 filesz 000000000001b280 memsz 000000000001b280 (ro) -> mapped USER (bounds ok)
[elf    ] PT_LOAD vaddr 000050000001c000 filesz 0000000000003f1e memsz 0000000000003f1e (ro) -> mapped USER (bounds ok)
[elf    ] PT_LOAD vaddr 0000500000020000 filesz 0000000000000284 memsz 0000000000037fe0 (rw) -> mapped USER (bounds ok)
[kernel ] spawned pid 173 'kp-stress' caps 0000000000000003 — private PML4 @ phys 00000000015c4000
[elf    ] PT_LOAD vaddr 0000500000000000 filesz 000000000001b280 memsz 000000000001b280 (ro) -> mapped USER (bounds ok)
[elf    ] PT_LOAD vaddr 000050000001c000 filesz 0000000000003f1e memsz 0000000000003f1e (ro) -> mapped USER (bounds ok)
[elf    ] PT_LOAD vaddr 0000500000020000 filesz 0000000000000284 memsz 0000000000037fe0 (rw) -> mapped USER (bounds ok)
[surface] pid 172 owns surface 6 (64x64) DOUBLE-BUFFERED at user vaddr 0000530000000000 (+4 pages back) (recycled pixel buffers)
[hw     ] GRANT  pid 173 'kp-stress' -> 'sensor0': phys 0000000001003000 mapped at vaddr 0000402b40000000 (1 pages)
[surface] slot 6 reclaimed on owner exit — 8 pages (phys 00000000014cb000) back on the free list
[surface] pid 172 owns surface 6 (64x64) DOUBLE-BUFFERED at user vaddr 0000530000000000 (+4 pages back) (recycled pixel buffers)
[surface] slot 6 reclaimed on owner exit — 8 pages (phys 00000000014cb000) back on the free list
[kernel ] spawned pid 174 'kp-stress' caps 0000000000000040 — private PML4 @ phys 000000000143e000
[elf    ] PT_LOAD vaddr 0000500000000000 filesz 000000000001b280 memsz 000000000001b280 (ro) -> mapped USER (bounds ok)
[elf    ] PT_LOAD vaddr 000050000001c000 filesz 0000000000003f1e memsz 0000000000003f1e (ro) -> mapped USER (bounds ok)
[elf    ] PT_LOAD vaddr 0000500000020000 filesz 0000000000000284 memsz 0000000000037fe0 (rw) -> mapped USER (bounds ok)
[kernel ] spawned pid 175 'kp-stress' caps 0000000000000003 — private PML4 @ phys 00000000015c6000
[elf    ] PT_LOAD vaddr 0000500000000000 filesz 000000000001b280 memsz 000000000001b280 (ro) -> mapped USER (bounds ok)
[elf    ] PT_LOAD vaddr 000050000001c000 filesz 0000000000003f1e memsz 0000000000003f1e (ro) -> mapped USER (bounds ok)
[elf    ] PT_LOAD vaddr 0000500000020000 filesz 0000000000000284 memsz 0000000000037fe0 (rw) -> mapped USER (bounds ok)
[surface] pid 174 owns surface 6 (64x64) DOUBLE-BUFFERED at user vaddr 0000530000000000 (+4 pages back) (recycled pixel buffers)
[hw     ] GRANT  pid 175 'kp-stress' -> 'sensor0': phys 0000000001003000 mapped at vaddr 0000402bc0000000 (1 pages)
[surface] slot 6 reclaimed on owner exit — 8 pages (phys 00000000014cb000) back on the free list
[surface] pid 174 owns surface 6 (64x64) DOUBLE-BUFFERED at user vaddr 0000530000000000 (+4 pages back) (recycled pixel buffers)
[surface] slot 6 reclaimed on owner exit — 8 pages (phys 00000000014cb000) back on the free list
[kernel ] spawned pid 176 'kp-stress' caps 0000000000000040 — private PML4 @ phys 000000000143e000
[elf    ] PT_LOAD vaddr 0000500000000000 filesz 000000000001b280 memsz 000000000001b280 (ro) -> mapped USER (bounds ok)
[elf    ] PT_LOAD vaddr 000050000001c000 filesz 0000000000003f1e memsz 0000000000003f1e (ro) -> mapped USER (bounds ok)
[elf    ] PT_LOAD vaddr 0000500000020000 filesz 0000000000000284 memsz 0000000000037fe0 (rw) -> mapped USER (bounds ok)
[kernel ] spawned pid 177 'kp-stress' caps 0000000000000003 — private PML4 @ phys 00000000015f4000
[elf    ] PT_LOAD vaddr 0000500000000000 filesz 000000000001b280 memsz 000000000001b280 (ro) -> mapped USER (bounds ok)
[elf    ] PT_LOAD vaddr 000050000001c000 filesz 0000000000003f1e memsz 0000000000003f1e (ro) -> mapped USER (bounds ok)
[elf    ] PT_LOAD vaddr 0000500000020000 filesz 0000000000000284 memsz 0000000000037fe0 (rw) -> mapped USER (bounds ok)
[surface] pid 176 owns surface 6 (64x64) DOUBLE-BUFFERED at user vaddr 0000530000000000 (+4 pages back) (recycled pixel buffers)
[hw     ] GRANT  pid 177 'kp-stress' -> 'sensor0': phys 0000000001003000 mapped at vaddr 0000402c40000000 (1 pages)
[surface] slot 6 reclaimed on owner exit — 8 pages (phys 00000000014cb000) back on the free list
[surface] pid 176 owns surface 6 (64x64) DOUBLE-BUFFERED at user vaddr 0000530000000000 (+4 pages back) (recycled pixel buffers)
[surface] slot 6 reclaimed on owner exit — 8 pages (phys 00000000014cb000) back on the free list
[kernel ] spawned pid 178 'kp-stress' caps 0000000000000040 — private PML4 @ phys 000000000143e000
[elf    ] PT_LOAD vaddr 0000500000000000 filesz 000000000001b280 memsz 000000000001b280 (ro) -> mapped USER (bounds ok)
[elf    ] PT_LOAD vaddr 000050000001c000 filesz 0000000000003f1e memsz 0000000000003f1e (ro) -> mapped USER (bounds ok)
[elf    ] PT_LOAD vaddr 0000500000020000 filesz 0000000000000284 memsz 0000000000037fe0 (rw) -> mapped USER (bounds ok)
[kernel ] spawned pid 179 'kp-stress' caps 0000000000000003 — private PML4 @ phys 00000000015e0000
[elf    ] PT_LOAD vaddr 0000500000000000 filesz 000000000001b280 memsz 000000000001b280 (ro) -> mapped USER (bounds ok)
[elf    ] PT_LOAD vaddr 000050000001c000 filesz 0000000000003f1e memsz 0000000000003f1e (ro) -> mapped USER (bounds ok)
[elf    ] PT_LOAD vaddr 0000500000020000 filesz 0000000000000284 memsz 0000000000037fe0 (rw) -> mapped USER (bounds ok)
[surface] pid 178 owns surface 6 (64x64) DOUBLE-BUFFERED at user vaddr 0000530000000000 (+4 pages back) (recycled pixel buffers)
[hw     ] GRANT  pid 179 'kp-stress' -> 'sensor0': phys 0000000001003000 mapped at vaddr 0000402cc0000000 (1 pages)
[surface] slot 6 reclaimed on owner exit — 8 pages (phys 00000000014cb000) back on the free list
[surface] pid 178 owns surface 6 (64x64) DOUBLE-BUFFERED at user vaddr 0000530000000000 (+4 pages back) (recycled pixel buffers)
[surface] slot 6 reclaimed on owner exit — 8 pages (phys 00000000014cb000) back on the free list
[kernel ] spawned pid 180 'kp-stress' caps 0000000000000040 — private PML4 @ phys 000000000143e000
[elf    ] PT_LOAD vaddr 0000500000000000 filesz 000000000001b280 memsz 000000000001b280 (ro) -> mapped USER (bounds ok)
[elf    ] PT_LOAD vaddr 000050000001c000 filesz 0000000000003f1e memsz 0000000000003f1e (ro) -> mapped USER (bounds ok)
[elf    ] PT_LOAD vaddr 0000500000020000 filesz 0000000000000284 memsz 0000000000037fe0 (rw) -> mapped USER (bounds ok)
[kernel ] spawned pid 181 'kp-stress' caps 0000000000000003 — private PML4 @ phys 00000000015f8000
[elf    ] PT_LOAD vaddr 0000500000000000 filesz 000000000001b280 memsz 000000000001b280 (ro) -> mapped USER (bounds ok)
[elf    ] PT_LOAD vaddr 000050000001c000 filesz 0000000000003f1e memsz 0000000000003f1e (ro) -> mapped USER (bounds ok)
[elf    ] PT_LOAD vaddr 0000500000020000 filesz 0000000000000284 memsz 0000000000037fe0 (rw) -> mapped USER (bounds ok)
[hw     ] GRANT  pid 181 'kp-stress' -> 'sensor0': phys 0000000001003000 mapped at vaddr 0000402d40000000 (1 pages)
[surface] pid 180 owns surface 6 (64x64) DOUBLE-BUFFERED at user vaddr 0000530000000000 (+4 pages back) (recycled pixel buffers)
[surface] slot 6 reclaimed on owner exit — 8 pages (phys 00000000014cb000) back on the free list
[surface] pid 180 owns surface 6 (64x64) DOUBLE-BUFFERED at user vaddr 0000530000000000 (+4 pages back) (recycled pixel buffers)
[surface] slot 6 reclaimed on owner exit — 8 pages (phys 00000000014cb000) back on the free list
[kernel ] spawned pid 182 'kp-stress' caps 0000000000000040 — private PML4 @ phys 000000000143e000
[elf    ] PT_LOAD vaddr 0000500000000000 filesz 000000000001b280 memsz 000000000001b280 (ro) -> mapped USER (bounds ok)
[elf    ] PT_LOAD vaddr 000050000001c000 filesz 0000000000003f1e memsz 0000000000003f1e (ro) -> mapped USER (bounds ok)
[elf    ] PT_LOAD vaddr 0000500000020000 filesz 0000000000000284 memsz 0000000000037fe0 (rw) -> mapped USER (bounds ok)
[kernel ] spawned pid 183 'kp-stress' caps 0000000000000003 — private PML4 @ phys 0000000001610000
[elf    ] PT_LOAD vaddr 0000500000000000 filesz 000000000001b280 memsz 000000000001b280 (ro) -> mapped USER (bounds ok)
[elf    ] PT_LOAD vaddr 000050000001c000 filesz 0000000000003f1e memsz 0000000000003f1e (ro) -> mapped USER (bounds ok)
[elf    ] PT_LOAD vaddr 0000500000020000 filesz 0000000000000284 memsz 0000000000037fe0 (rw) -> mapped USER (bounds ok)
[hw     ] GRANT  pid 183 'kp-stress' -> 'sensor0': phys 0000000001003000 mapped at vaddr 0000402dc0000000 (1 pages)
[surface] pid 182 owns surface 6 (64x64) DOUBLE-BUFFERED at user vaddr 0000530000000000 (+4 pages back) (recycled pixel buffers)
[surface] slot 6 reclaimed on owner exit — 8 pages (phys 00000000014cb000) back on the free list
[surface] pid 182 owns surface 6 (64x64) DOUBLE-BUFFERED at user vaddr 0000530000000000 (+4 pages back) (recycled pixel buffers)
[surface] slot 6 reclaimed on owner exit — 8 pages (phys 00000000014cb000) back on the free list
[kernel ] spawned pid 184 'kp-stress' caps 0000000000000040 — private PML4 @ phys 000000000143e000
[elf    ] PT_LOAD vaddr 0000500000000000 filesz 000000000001b280 memsz 000000000001b280 (ro) -> mapped USER (bounds ok)
[elf    ] PT_LOAD vaddr 000050000001c000 filesz 0000000000003f1e memsz 0000000000003f1e (ro) -> mapped USER (bounds ok)
[elf    ] PT_LOAD vaddr 0000500000020000 filesz 0000000000000284 memsz 0000000000037fe0 (rw) -> mapped USER (bounds ok)
[kernel ] spawned pid 185 'kp-stress' caps 0000000000000003 — private PML4 @ phys 0000000001612000
[elf    ] PT_LOAD vaddr 0000500000000000 filesz 000000000001b280 memsz 000000000001b280 (ro) -> mapped USER (bounds ok)
[elf    ] PT_LOAD vaddr 000050000001c000 filesz 0000000000003f1e memsz 0000000000003f1e (ro) -> mapped USER (bounds ok)
[elf    ] PT_LOAD vaddr 0000500000020000 filesz 0000000000000284 memsz 0000000000037fe0 (rw) -> mapped USER (bounds ok)
[hw     ] GRANT  pid 185 'kp-stress' -> 'sensor0': phys 0000000001003000 mapped at vaddr 0000402e40000000 (1 pages)
[surface] pid 184 owns surface 6 (64x64) DOUBLE-BUFFERED at user vaddr 0000530000000000 (+4 pages back) (recycled pixel buffers)
[surface] slot 6 reclaimed on owner exit — 8 pages (phys 00000000014cb000) back on the free list
[surface] pid 184 owns surface 6 (64x64) DOUBLE-BUFFERED at user vaddr 0000530000000000 (+4 pages back) (recycled pixel buffers)
[surface] slot 6 reclaimed on owner exit — 8 pages (phys 00000000014cb000) back on the free list
[kernel ] spawned pid 186 'kp-stress' caps 0000000000000040 — private PML4 @ phys 000000000143e000
[elf    ] PT_LOAD vaddr 0000500000000000 filesz 000000000001b280 memsz 000000000001b280 (ro) -> mapped USER (bounds ok)
[elf    ] PT_LOAD vaddr 000050000001c000 filesz 0000000000003f1e memsz 0000000000003f1e (ro) -> mapped USER (bounds ok)
[elf    ] PT_LOAD vaddr 0000500000020000 filesz 0000000000000284 memsz 0000000000037fe0 (rw) -> mapped USER (bounds ok)
[kernel ] spawned pid 187 'kp-stress' caps 0000000000000003 — private PML4 @ phys 00000000015fe000
[elf    ] PT_LOAD vaddr 0000500000000000 filesz 000000000001b280 memsz 000000000001b280 (ro) -> mapped USER (bounds ok)
[elf    ] PT_LOAD vaddr 000050000001c000 filesz 0000000000003f1e memsz 0000000000003f1e (ro) -> mapped USER (bounds ok)
[elf    ] PT_LOAD vaddr 0000500000020000 filesz 0000000000000284 memsz 0000000000037fe0 (rw) -> mapped USER (bounds ok)
[hw     ] GRANT  pid 187 'kp-stress' -> 'sensor0': phys 0000000001003000 mapped at vaddr 0000402ec0000000 (1 pages)
[surface] pid 186 owns surface 6 (64x64) DOUBLE-BUFFERED at user vaddr 0000530000000000 (+4 pages back) (recycled pixel buffers)
[surface] slot 6 reclaimed on owner exit — 8 pages (phys 00000000014cb000) back on the free list
[surface] pid 186 owns surface 6 (64x64) DOUBLE-BUFFERED at user vaddr 0000530000000000 (+4 pages back) (recycled pixel buffers)
[surface] slot 6 reclaimed on owner exit — 8 pages (phys 00000000014cb000) back on the free list
[kernel ] spawned pid 188 'kp-stress' caps 0000000000000040 — private PML4 @ phys 000000000143e000
[elf    ] PT_LOAD vaddr 0000500000000000 filesz 000000000001b280 memsz 000000000001b280 (ro) -> mapped USER (bounds ok)
[elf    ] PT_LOAD vaddr 000050000001c000 filesz 0000000000003f1e memsz 0000000000003f1e (ro) -> mapped USER (bounds ok)
[elf    ] PT_LOAD vaddr 0000500000020000 filesz 0000000000000284 memsz 0000000000037fe0 (rw) -> mapped USER (bounds ok)
[kernel ] spawned pid 189 'kp-stress' caps 0000000000000003 — private PML4 @ phys 000000000158f000
[elf    ] PT_LOAD vaddr 0000500000000000 filesz 000000000001b280 memsz 000000000001b280 (ro) -> mapped USER (bounds ok)
[elf    ] PT_LOAD vaddr 000050000001c000 filesz 0000000000003f1e memsz 0000000000003f1e (ro) -> mapped USER (bounds ok)
[elf    ] PT_LOAD vaddr 0000500000020000 filesz 0000000000000284 memsz 0000000000037fe0 (rw) -> mapped USER (bounds ok)
[surface] pid 188 owns surface 6 (64x64) DOUBLE-BUFFERED at user vaddr 0000530000000000 (+4 pages back) (recycled pixel buffers)
[hw     ] GRANT  pid 189 'kp-stress' -> 'sensor0': phys 0000000001003000 mapped at vaddr 0000402f40000000 (1 pages)
[surface] slot 6 reclaimed on owner exit — 8 pages (phys 00000000014cb000) back on the free list
[surface] pid 188 owns surface 6 (64x64) DOUBLE-BUFFERED at user vaddr 0000530000000000 (+4 pages back) (recycled pixel buffers)
[surface] slot 6 reclaimed on owner exit — 8 pages (phys 00000000014cb000) back on the free list
[kernel ] spawned pid 190 'kp-stress' caps 0000000000000040 — private PML4 @ phys 000000000143e000
[elf    ] PT_LOAD vaddr 0000500000000000 filesz 000000000001b280 memsz 000000000001b280 (ro) -> mapped USER (bounds ok)
[elf    ] PT_LOAD vaddr 000050000001c000 filesz 0000000000003f1e memsz 0000000000003f1e (ro) -> mapped USER (bounds ok)
[elf    ] PT_LOAD vaddr 0000500000020000 filesz 0000000000000284 memsz 0000000000037fe0 (rw) -> mapped USER (bounds ok)
[kernel ] spawned pid 191 'kp-stress' caps 0000000000000003 — private PML4 @ phys 0000000001361000
[elf    ] PT_LOAD vaddr 0000500000000000 filesz 000000000001b280 memsz 000000000001b280 (ro) -> mapped USER (bounds ok)
[elf    ] PT_LOAD vaddr 000050000001c000 filesz 0000000000003f1e memsz 0000000000003f1e (ro) -> mapped USER (bounds ok)
[elf    ] PT_LOAD vaddr 0000500000020000 filesz 0000000000000284 memsz 0000000000037fe0 (rw) -> mapped USER (bounds ok)
[hw     ] GRANT  pid 191 'kp-stress' -> 'sensor0': phys 0000000001003000 mapped at vaddr 0000402fc0000000 (1 pages)
[surface] pid 190 owns surface 6 (64x64) DOUBLE-BUFFERED at user vaddr 0000530000000000 (+4 pages back) (recycled pixel buffers)
[surface] slot 6 reclaimed on owner exit — 8 pages (phys 00000000014cb000) back on the free list
[surface] pid 190 owns surface 6 (64x64) DOUBLE-BUFFERED at user vaddr 0000530000000000 (+4 pages back) (recycled pixel buffers)
[surface] slot 6 reclaimed on owner exit — 8 pages (phys 00000000014cb000) back on the free list
[kernel ] spawned pid 192 'kp-stress' caps 0000000000000040 — private PML4 @ phys 000000000143e000
[elf    ] PT_LOAD vaddr 0000500000000000 filesz 000000000001b280 memsz 000000000001b280 (ro) -> mapped USER (bounds ok)
[elf    ] PT_LOAD vaddr 000050000001c000 filesz 0000000000003f1e memsz 0000000000003f1e (ro) -> mapped USER (bounds ok)
[elf    ] PT_LOAD vaddr 0000500000020000 filesz 0000000000000284 memsz 0000000000037fe0 (rw) -> mapped USER (bounds ok)
[kernel ] spawned pid 193 'kp-stress' caps 0000000000000003 — private PML4 @ phys 00000000015c2000
[elf    ] PT_LOAD vaddr 0000500000000000 filesz 000000000001b280 memsz 000000000001b280 (ro) -> mapped USER (bounds ok)
[elf    ] PT_LOAD vaddr 000050000001c000 filesz 0000000000003f1e memsz 0000000000003f1e (ro) -> mapped USER (bounds ok)
[elf    ] PT_LOAD vaddr 0000500000020000 filesz 0000000000000284 memsz 0000000000037fe0 (rw) -> mapped USER (bounds ok)
[surface] pid 192 owns surface 6 (64x64) DOUBLE-BUFFERED at user vaddr 0000530000000000 (+4 pages back) (recycled pixel buffers)
[hw     ] GRANT  pid 193 'kp-stress' -> 'sensor0': phys 0000000001003000 mapped at vaddr 0000403040000000 (1 pages)
[surface] slot 6 reclaimed on owner exit — 8 pages (phys 00000000014cb000) back on the free list
[surface] pid 192 owns surface 6 (64x64) DOUBLE-BUFFERED at user vaddr 0000530000000000 (+4 pages back) (recycled pixel buffers)
[surface] slot 6 reclaimed on owner exit — 8 pages (phys 00000000014cb000) back on the free list
[kernel ] spawned pid 194 'kp-stress' caps 0000000000000040 — private PML4 @ phys 000000000143e000
[elf    ] PT_LOAD vaddr 0000500000000000 filesz 000000000001b280 memsz 000000000001b280 (ro) -> mapped USER (bounds ok)
[elf    ] PT_LOAD vaddr 000050000001c000 filesz 0000000000003f1e memsz 0000000000003f1e (ro) -> mapped USER (bounds ok)
[elf    ] PT_LOAD vaddr 0000500000020000 filesz 0000000000000284 memsz 0000000000037fe0 (rw) -> mapped USER (bounds ok)
[kernel ] spawned pid 195 'kp-stress' caps 0000000000000003 — private PML4 @ phys 00000000015c4000
[elf    ] PT_LOAD vaddr 0000500000000000 filesz 000000000001b280 memsz 000000000001b280 (ro) -> mapped USER (bounds ok)
[elf    ] PT_LOAD vaddr 000050000001c000 filesz 0000000000003f1e memsz 0000000000003f1e (ro) -> mapped USER (bounds ok)
[elf    ] PT_LOAD vaddr 0000500000020000 filesz 0000000000000284 memsz 0000000000037fe0 (rw) -> mapped USER (bounds ok)
[hw     ] GRANT  pid 195 'kp-stress' -> 'sensor0': phys 0000000001003000 mapped at vaddr 00004030c0000000 (1 pages)
[surface] pid 194 owns surface 6 (64x64) DOUBLE-BUFFERED at user vaddr 0000530000000000 (+4 pages back) (recycled pixel buffers)
[surface] slot 6 reclaimed on owner exit — 8 pages (phys 00000000014cb000) back on the free list
[surface] pid 194 owns surface 6 (64x64) DOUBLE-BUFFERED at user vaddr 0000530000000000 (+4 pages back) (recycled pixel buffers)
[surface] slot 6 reclaimed on owner exit — 8 pages (phys 00000000014cb000) back on the free list
[kernel ] spawned pid 196 'kp-stress' caps 0000000000000040 — private PML4 @ phys 000000000143e000
[elf    ] PT_LOAD vaddr 0000500000000000 filesz 000000000001b280 memsz 000000000001b280 (ro) -> mapped USER (bounds ok)
[elf    ] PT_LOAD vaddr 000050000001c000 filesz 0000000000003f1e memsz 0000000000003f1e (ro) -> mapped USER (bounds ok)
[elf    ] PT_LOAD vaddr 0000500000020000 filesz 0000000000000284 memsz 0000000000037fe0 (rw) -> mapped USER (bounds ok)
[kernel ] spawned pid 197 'kp-stress' caps 0000000000000003 — private PML4 @ phys 000000000161e000
[elf    ] PT_LOAD vaddr 0000500000000000 filesz 000000000001b280 memsz 000000000001b280 (ro) -> mapped USER (bounds ok)
[elf    ] PT_LOAD vaddr 000050000001c000 filesz 0000000000003f1e memsz 0000000000003f1e (ro) -> mapped USER (bounds ok)
[elf    ] PT_LOAD vaddr 0000500000020000 filesz 0000000000000284 memsz 0000000000037fe0 (rw) -> mapped USER (bounds ok)
[surface] pid 196 owns surface 6 (64x64) DOUBLE-BUFFERED at user vaddr 0000530000000000 (+4 pages back) (recycled pixel buffers)
[hw     ] GRANT  pid 197 'kp-stress' -> 'sensor0': phys 0000000001003000 mapped at vaddr 0000403140000000 (1 pages)
[surface] slot 6 reclaimed on owner exit — 8 pages (phys 00000000014cb000) back on the free list
[surface] pid 196 owns surface 6 (64x64) DOUBLE-BUFFERED at user vaddr 0000530000000000 (+4 pages back) (recycled pixel buffers)
[surface] slot 6 reclaimed on owner exit — 8 pages (phys 00000000014cb000) back on the free list
[kernel ] spawned pid 198 'kp-stress' caps 0000000000000040 — private PML4 @ phys 000000000143e000
[elf    ] PT_LOAD vaddr 0000500000000000 filesz 000000000001b280 memsz 000000000001b280 (ro) -> mapped USER (bounds ok)
[elf    ] PT_LOAD vaddr 000050000001c000 filesz 0000000000003f1e memsz 0000000000003f1e (ro) -> mapped USER (bounds ok)
[elf    ] PT_LOAD vaddr 0000500000020000 filesz 0000000000000284 memsz 0000000000037fe0 (rw) -> mapped USER (bounds ok)
[kernel ] spawned pid 199 'kp-stress' caps 0000000000000003 — private PML4 @ phys 0000000001620000
[elf    ] PT_LOAD vaddr 0000500000000000 filesz 000000000001b280 memsz 000000000001b280 (ro) -> mapped USER (bounds ok)
[elf    ] PT_LOAD vaddr 000050000001c000 filesz 0000000000003f1e memsz 0000000000003f1e (ro) -> mapped USER (bounds ok)
[elf    ] PT_LOAD vaddr 0000500000020000 filesz 0000000000000284 memsz 0000000000037fe0 (rw) -> mapped USER (bounds ok)
[surface] pid 198 owns surface 6 (64x64) DOUBLE-BUFFERED at user vaddr 0000530000000000 (+4 pages back) (recycled pixel buffers)
[hw     ] GRANT  pid 199 'kp-stress' -> 'sensor0': phys 0000000001003000 mapped at vaddr 00004031c0000000 (1 pages)
[surface] slot 6 reclaimed on owner exit — 8 pages (phys 00000000014cb000) back on the free list
[surface] pid 198 owns surface 6 (64x64) DOUBLE-BUFFERED at user vaddr 0000530000000000 (+4 pages back) (recycled pixel buffers)
[surface] slot 6 reclaimed on owner exit — 8 pages (phys 00000000014cb000) back on the free list
[kernel ] spawned pid 200 'kp-stress' caps 0000000000000040 — private PML4 @ phys 000000000143e000
[elf    ] PT_LOAD vaddr 0000500000000000 filesz 000000000001b280 memsz 000000000001b280 (ro) -> mapped USER (bounds ok)
[elf    ] PT_LOAD vaddr 000050000001c000 filesz 0000000000003f1e memsz 0000000000003f1e (ro) -> mapped USER (bounds ok)
[elf    ] PT_LOAD vaddr 0000500000020000 filesz 0000000000000284 memsz 0000000000037fe0 (rw) -> mapped USER (bounds ok)
[kernel ] spawned pid 201 'kp-stress' caps 0000000000000003 — private PML4 @ phys 0000000001622000
[elf    ] PT_LOAD vaddr 0000500000000000 filesz 000000000001b280 memsz 000000000001b280 (ro) -> mapped USER (bounds ok)
[elf    ] PT_LOAD vaddr 000050000001c000 filesz 0000000000003f1e memsz 0000000000003f1e (ro) -> mapped USER (bounds ok)
[elf    ] PT_LOAD vaddr 0000500000020000 filesz 0000000000000284 memsz 0000000000037fe0 (rw) -> mapped USER (bounds ok)
[surface] pid 200 owns surface 6 (64x64) DOUBLE-BUFFERED at user vaddr 0000530000000000 (+4 pages back) (recycled pixel buffers)
[hw     ] GRANT  pid 201 'kp-stress' -> 'sensor0': phys 0000000001003000 mapped at vaddr 0000403240000000 (1 pages)
[surface] slot 6 reclaimed on owner exit — 8 pages (phys 00000000014cb000) back on the free list
[surface] pid 200 owns surface 6 (64x64) DOUBLE-BUFFERED at user vaddr 0000530000000000 (+4 pages back) (recycled pixel buffers)
[surface] slot 6 reclaimed on owner exit — 8 pages (phys 00000000014cb000) back on the free list
[kernel ] spawned pid 202 'kp-stress' caps 0000000000000040 — private PML4 @ phys 000000000143e000
[elf    ] PT_LOAD vaddr 0000500000000000 filesz 000000000001b280 memsz 000000000001b280 (ro) -> mapped USER (bounds ok)
[elf    ] PT_LOAD vaddr 000050000001c000 filesz 0000000000003f1e memsz 0000000000003f1e (ro) -> mapped USER (bounds ok)
[elf    ] PT_LOAD vaddr 0000500000020000 filesz 0000000000000284 memsz 0000000000037fe0 (rw) -> mapped USER (bounds ok)
[kernel ] spawned pid 203 'kp-stress' caps 0000000000000003 — private PML4 @ phys 0000000001624000
[elf    ] PT_LOAD vaddr 0000500000000000 filesz 000000000001b280 memsz 000000000001b280 (ro) -> mapped USER (bounds ok)
[elf    ] PT_LOAD vaddr 000050000001c000 filesz 0000000000003f1e memsz 0000000000003f1e (ro) -> mapped USER (bounds ok)
[elf    ] PT_LOAD vaddr 0000500000020000 filesz 0000000000000284 memsz 0000000000037fe0 (rw) -> mapped USER (bounds ok)
[hw     ] GRANT  pid 203 'kp-stress' -> 'sensor0': phys 0000000001003000 mapped at vaddr 00004032c0000000 (1 pages)
[surface] pid 202 owns surface 6 (64x64) DOUBLE-BUFFERED at user vaddr 0000530000000000 (+4 pages back) (recycled pixel buffers)
[surface] slot 6 reclaimed on owner exit — 8 pages (phys 00000000014cb000) back on the free list
[surface] pid 202 owns surface 6 (64x64) DOUBLE-BUFFERED at user vaddr 0000530000000000 (+4 pages back) (recycled pixel buffers)
[surface] slot 6 reclaimed on owner exit — 8 pages (phys 00000000014cb000) back on the free list
[kernel ] spawned pid 204 'kp-stress' caps 0000000000000040 — private PML4 @ phys 000000000143e000
[elf    ] PT_LOAD vaddr 0000500000000000 filesz 000000000001b280 memsz 000000000001b280 (ro) -> mapped USER (bounds ok)
[elf    ] PT_LOAD vaddr 000050000001c000 filesz 0000000000003f1e memsz 0000000000003f1e (ro) -> mapped USER (bounds ok)
[elf    ] PT_LOAD vaddr 0000500000020000 filesz 0000000000000284 memsz 0000000000037fe0 (rw) -> mapped USER (bounds ok)
[kernel ] spawned pid 205 'kp-stress' caps 0000000000000003 — private PML4 @ phys 0000000001610000
[elf    ] PT_LOAD vaddr 0000500000000000 filesz 000000000001b280 memsz 000000000001b280 (ro) -> mapped USER (bounds ok)
[elf    ] PT_LOAD vaddr 000050000001c000 filesz 0000000000003f1e memsz 0000000000003f1e (ro) -> mapped USER (bounds ok)
[elf    ] PT_LOAD vaddr 0000500000020000 filesz 0000000000000284 memsz 0000000000037fe0 (rw) -> mapped USER (bounds ok)
[hw     ] GRANT  pid 205 'kp-stress' -> 'sensor0': phys 0000000001003000 mapped at vaddr 0000403340000000 (1 pages)
[surface] pid 204 owns surface 6 (64x64) DOUBLE-BUFFERED at user vaddr 0000530000000000 (+4 pages back) (recycled pixel buffers)
[surface] slot 6 reclaimed on owner exit — 8 pages (phys 00000000014cb000) back on the free list
[surface] pid 204 owns surface 6 (64x64) DOUBLE-BUFFERED at user vaddr 0000530000000000 (+4 pages back) (recycled pixel buffers)
[surface] slot 6 reclaimed on owner exit — 8 pages (phys 00000000014cb000) back on the free list
[kernel ] spawned pid 206 'kp-stress' caps 0000000000000040 — private PML4 @ phys 000000000143e000
[elf    ] PT_LOAD vaddr 0000500000000000 filesz 000000000001b280 memsz 000000000001b280 (ro) -> mapped USER (bounds ok)
[elf    ] PT_LOAD vaddr 000050000001c000 filesz 0000000000003f1e memsz 0000000000003f1e (ro) -> mapped USER (bounds ok)
[elf    ] PT_LOAD vaddr 0000500000020000 filesz 0000000000000284 memsz 0000000000037fe0 (rw) -> mapped USER (bounds ok)
[kernel ] spawned pid 207 'kp-stress' caps 0000000000000003 — private PML4 @ phys 0000000001612000
[elf    ] PT_LOAD vaddr 0000500000000000 filesz 000000000001b280 memsz 000000000001b280 (ro) -> mapped USER (bounds ok)
[elf    ] PT_LOAD vaddr 000050000001c000 filesz 0000000000003f1e memsz 0000000000003f1e (ro) -> mapped USER (bounds ok)
[elf    ] PT_LOAD vaddr 0000500000020000 filesz 0000000000000284 memsz 0000000000037fe0 (rw) -> mapped USER (bounds ok)
[surface] pid 206 owns surface 6 (64x64) DOUBLE-BUFFERED at user vaddr 0000530000000000 (+4 pages back) (recycled pixel buffers)
[hw     ] GRANT  pid 207 'kp-stress' -> 'sensor0': phys 0000000001003000 mapped at vaddr 00004033c0000000 (1 pages)
[surface] slot 6 reclaimed on owner exit — 8 pages (phys 00000000014cb000) back on the free list
[surface] pid 206 owns surface 6 (64x64) DOUBLE-BUFFERED at user vaddr 0000530000000000 (+4 pages back) (recycled pixel buffers)
[surface] slot 6 reclaimed on owner exit — 8 pages (phys 00000000014cb000) back on the free list
[kernel ] spawned pid 208 'kp-stress' caps 0000000000000040 — private PML4 @ phys 000000000143e000
[elf    ] PT_LOAD vaddr 0000500000000000 filesz 000000000001b280 memsz 000000000001b280 (ro) -> mapped USER (bounds ok)
[elf    ] PT_LOAD vaddr 000050000001c000 filesz 0000000000003f1e memsz 0000000000003f1e (ro) -> mapped USER (bounds ok)
[elf    ] PT_LOAD vaddr 0000500000020000 filesz 0000000000000284 memsz 0000000000037fe0 (rw) -> mapped USER (bounds ok)
[kernel ] spawned pid 209 'kp-stress' caps 0000000000000003 — private PML4 @ phys 00000000015fe000
[elf    ] PT_LOAD vaddr 0000500000000000 filesz 000000000001b280 memsz 000000000001b280 (ro) -> mapped USER (bounds ok)
[elf    ] PT_LOAD vaddr 000050000001c000 filesz 0000000000003f1e memsz 0000000000003f1e (ro) -> mapped USER (bounds ok)
[elf    ] PT_LOAD vaddr 0000500000020000 filesz 0000000000000284 memsz 0000000000037fe0 (rw) -> mapped USER (bounds ok)
[surface] pid 208 owns surface 6 (64x64) DOUBLE-BUFFERED at user vaddr 0000530000000000 (+4 pages back) (recycled pixel buffers)
[hw     ] GRANT  pid 209 'kp-stress' -> 'sensor0': phys 0000000001003000 mapped at vaddr 0000403440000000 (1 pages)
[surface] slot 6 reclaimed on owner exit — 8 pages (phys 00000000014cb000) back on the free list
[surface] pid 208 owns surface 6 (64x64) DOUBLE-BUFFERED at user vaddr 0000530000000000 (+4 pages back) (recycled pixel buffers)
[surface] slot 6 reclaimed on owner exit — 8 pages (phys 00000000014cb000) back on the free list
[kernel ] spawned pid 210 'kp-stress' caps 0000000000000040 — private PML4 @ phys 000000000143e000
[elf    ] PT_LOAD vaddr 0000500000000000 filesz 000000000001b280 memsz 000000000001b280 (ro) -> mapped USER (bounds ok)
[elf    ] PT_LOAD vaddr 000050000001c000 filesz 0000000000003f1e memsz 0000000000003f1e (ro) -> mapped USER (bounds ok)
[elf    ] PT_LOAD vaddr 0000500000020000 filesz 0000000000000284 memsz 0000000000037fe0 (rw) -> mapped USER (bounds ok)
[kernel ] spawned pid 211 'kp-stress' caps 0000000000000003 — private PML4 @ phys 000000000162b000
[elf    ] PT_LOAD vaddr 0000500000000000 filesz 000000000001b280 memsz 000000000001b280 (ro) -> mapped USER (bounds ok)
[elf    ] PT_LOAD vaddr 000050000001c000 filesz 0000000000003f1e memsz 0000000000003f1e (ro) -> mapped USER (bounds ok)
[elf    ] PT_LOAD vaddr 0000500000020000 filesz 0000000000000284 memsz 0000000000037fe0 (rw) -> mapped USER (bounds ok)
[hw     ] GRANT  pid 211 'kp-stress' -> 'sensor0': phys 0000000001003000 mapped at vaddr 00004034c0000000 (1 pages)
[surface] pid 210 owns surface 6 (64x64) DOUBLE-BUFFERED at user vaddr 0000530000000000 (+4 pages back) (recycled pixel buffers)
[surface] slot 6 reclaimed on owner exit — 8 pages (phys 00000000014cb000) back on the free list
[surface] pid 210 owns surface 6 (64x64) DOUBLE-BUFFERED at user vaddr 0000530000000000 (+4 pages back) (recycled pixel buffers)
[surface] slot 6 reclaimed on owner exit — 8 pages (phys 00000000014cb000) back on the free list
[kernel ] spawned pid 212 'kp-stress' caps 0000000000000040 — private PML4 @ phys 000000000143e000
[elf    ] PT_LOAD vaddr 0000500000000000 filesz 000000000001b280 memsz 000000000001b280 (ro) -> mapped USER (bounds ok)
[elf    ] PT_LOAD vaddr 000050000001c000 filesz 0000000000003f1e memsz 0000000000003f1e (ro) -> mapped USER (bounds ok)
[elf    ] PT_LOAD vaddr 0000500000020000 filesz 0000000000000284 memsz 0000000000037fe0 (rw) -> mapped USER (bounds ok)
[kernel ] spawned pid 213 'kp-stress' caps 0000000000000003 — private PML4 @ phys 0000000001361000
[elf    ] PT_LOAD vaddr 0000500000000000 filesz 000000000001b280 memsz 000000000001b280 (ro) -> mapped USER (bounds ok)
[elf    ] PT_LOAD vaddr 000050000001c000 filesz 0000000000003f1e memsz 0000000000003f1e (ro) -> mapped USER (bounds ok)
[elf    ] PT_LOAD vaddr 0000500000020000 filesz 0000000000000284 memsz 0000000000037fe0 (rw) -> mapped USER (bounds ok)
[hw     ] GRANT  pid 213 'kp-stress' -> 'sensor0': phys 0000000001003000 mapped at vaddr 0000403540000000 (1 pages)
[surface] pid 212 owns surface 6 (64x64) DOUBLE-BUFFERED at user vaddr 0000530000000000 (+4 pages back) (recycled pixel buffers)
[surface] slot 6 reclaimed on owner exit — 8 pages (phys 00000000014cb000) back on the free list
[surface] pid 212 owns surface 6 (64x64) DOUBLE-BUFFERED at user vaddr 0000530000000000 (+4 pages back) (recycled pixel buffers)
[surface] slot 6 reclaimed on owner exit — 8 pages (phys 00000000014cb000) back on the free list
[kernel ] spawned pid 214 'kp-stress' caps 0000000000000040 — private PML4 @ phys 000000000143e000
[elf    ] PT_LOAD vaddr 0000500000000000 filesz 000000000001b280 memsz 000000000001b280 (ro) -> mapped USER (bounds ok)
[elf    ] PT_LOAD vaddr 000050000001c000 filesz 0000000000003f1e memsz 0000000000003f1e (ro) -> mapped USER (bounds ok)
[elf    ] PT_LOAD vaddr 0000500000020000 filesz 0000000000000284 memsz 0000000000037fe0 (rw) -> mapped USER (bounds ok)
[kernel ] spawned pid 215 'kp-stress' caps 0000000000000003 — private PML4 @ phys 00000000015c2000
[elf    ] PT_LOAD vaddr 0000500000000000 filesz 000000000001b280 memsz 000000000001b280 (ro) -> mapped USER (bounds ok)
[elf    ] PT_LOAD vaddr 000050000001c000 filesz 0000000000003f1e memsz 0000000000003f1e (ro) -> mapped USER (bounds ok)
[elf    ] PT_LOAD vaddr 0000500000020000 filesz 0000000000000284 memsz 0000000000037fe0 (rw) -> mapped USER (bounds ok)
[surface] pid 214 owns surface 6 (64x64) DOUBLE-BUFFERED at user vaddr 0000530000000000 (+4 pages back) (recycled pixel buffers)
[hw     ] GRANT  pid 215 'kp-stress' -> 'sensor0': phys 0000000001003000 mapped at vaddr 00004035c0000000 (1 pages)
[surface] slot 6 reclaimed on owner exit — 8 pages (phys 00000000014cb000) back on the free list
[surface] pid 214 owns surface 6 (64x64) DOUBLE-BUFFERED at user vaddr 0000530000000000 (+4 pages back) (recycled pixel buffers)
[surface] slot 6 reclaimed on owner exit — 8 pages (phys 00000000014cb000) back on the free list
[kernel ] spawned pid 216 'kp-stress' caps 0000000000000040 — private PML4 @ phys 000000000143e000
[elf    ] PT_LOAD vaddr 0000500000000000 filesz 000000000001b280 memsz 000000000001b280 (ro) -> mapped USER (bounds ok)
[elf    ] PT_LOAD vaddr 000050000001c000 filesz 0000000000003f1e memsz 0000000000003f1e (ro) -> mapped USER (bounds ok)
[elf    ] PT_LOAD vaddr 0000500000020000 filesz 0000000000000284 memsz 0000000000037fe0 (rw) -> mapped USER (bounds ok)
[kernel ] spawned pid 217 'kp-stress' caps 0000000000000003 — private PML4 @ phys 00000000015c4000
[elf    ] PT_LOAD vaddr 0000500000000000 filesz 000000000001b280 memsz 000000000001b280 (ro) -> mapped USER (bounds ok)
[elf    ] PT_LOAD vaddr 000050000001c000 filesz 0000000000003f1e memsz 0000000000003f1e (ro) -> mapped USER (bounds ok)
[elf    ] PT_LOAD vaddr 0000500000020000 filesz 0000000000000284 memsz 0000000000037fe0 (rw) -> mapped USER (bounds ok)
[surface] pid 216 owns surface 6 (64x64) DOUBLE-BUFFERED at user vaddr 0000530000000000 (+4 pages back) (recycled pixel buffers)
[hw     ] GRANT  pid 217 'kp-stress' -> 'sensor0': phys 0000000001003000 mapped at vaddr 0000403640000000 (1 pages)
[surface] slot 6 reclaimed on owner exit — 8 pages (phys 00000000014cb000) back on the free list
[surface] pid 216 owns surface 6 (64x64) DOUBLE-BUFFERED at user vaddr 0000530000000000 (+4 pages back) (recycled pixel buffers)
[surface] slot 6 reclaimed on owner exit — 8 pages (phys 00000000014cb000) back on the free list
[kernel ] spawned pid 218 'kp-stress' caps 0000000000000040 — private PML4 @ phys 000000000143e000
[elf    ] PT_LOAD vaddr 0000500000000000 filesz 000000000001b280 memsz 000000000001b280 (ro) -> mapped USER (bounds ok)
[elf    ] PT_LOAD vaddr 000050000001c000 filesz 0000000000003f1e memsz 0000000000003f1e (ro) -> mapped USER (bounds ok)
[elf    ] PT_LOAD vaddr 0000500000020000 filesz 0000000000000284 memsz 0000000000037fe0 (rw) -> mapped USER (bounds ok)
[kernel ] spawned pid 219 'kp-stress' caps 0000000000000003 — private PML4 @ phys 000000000161e000
[elf    ] PT_LOAD vaddr 0000500000000000 filesz 000000000001b280 memsz 000000000001b280 (ro) -> mapped USER (bounds ok)
[elf    ] PT_LOAD vaddr 000050000001c000 filesz 0000000000003f1e memsz 0000000000003f1e (ro) -> mapped USER (bounds ok)
[elf    ] PT_LOAD vaddr 0000500000020000 filesz 0000000000000284 memsz 0000000000037fe0 (rw) -> mapped USER (bounds ok)
[hw     ] GRANT  pid 219 'kp-stress' -> 'sensor0': phys 0000000001003000 mapped at vaddr 00004036c0000000 (1 pages)
[surface] pid 218 owns surface 6 (64x64) DOUBLE-BUFFERED at user vaddr 0000530000000000 (+4 pages back) (recycled pixel buffers)
[surface] slot 6 reclaimed on owner exit — 8 pages (phys 00000000014cb000) back on the free list
[surface] pid 218 owns surface 6 (64x64) DOUBLE-BUFFERED at user vaddr 0000530000000000 (+4 pages back) (recycled pixel buffers)
[surface] slot 6 reclaimed on owner exit — 8 pages (phys 00000000014cb000) back on the free list
[kernel ] spawned pid 220 'kp-stress' caps 0000000000000040 — private PML4 @ phys 000000000143e000
[elf    ] PT_LOAD vaddr 0000500000000000 filesz 000000000001b280 memsz 000000000001b280 (ro) -> mapped USER (bounds ok)
[elf    ] PT_LOAD vaddr 000050000001c000 filesz 0000000000003f1e memsz 0000000000003f1e (ro) -> mapped USER (bounds ok)
[elf    ] PT_LOAD vaddr 0000500000020000 filesz 0000000000000284 memsz 0000000000037fe0 (rw) -> mapped USER (bounds ok)
[kernel ] spawned pid 221 'kp-stress' caps 0000000000000003 — private PML4 @ phys 0000000001636000
[elf    ] PT_LOAD vaddr 0000500000000000 filesz 000000000001b280 memsz 000000000001b280 (ro) -> mapped USER (bounds ok)
[elf    ] PT_LOAD vaddr 000050000001c000 filesz 0000000000003f1e memsz 0000000000003f1e (ro) -> mapped USER (bounds ok)
[elf    ] PT_LOAD vaddr 0000500000020000 filesz 0000000000000284 memsz 0000000000037fe0 (rw) -> mapped USER (bounds ok)
[surface] pid 220 owns surface 6 (64x64) DOUBLE-BUFFERED at user vaddr 0000530000000000 (+4 pages back) (recycled pixel buffers)
[hw     ] GRANT  pid 221 'kp-stress' -> 'sensor0': phys 0000000001003000 mapped at vaddr 0000403740000000 (1 pages)
[surface] slot 6 reclaimed on owner exit — 8 pages (phys 00000000014cb000) back on the free list
[surface] pid 220 owns surface 6 (64x64) DOUBLE-BUFFERED at user vaddr 0000530000000000 (+4 pages back) (recycled pixel buffers)
[surface] slot 6 reclaimed on owner exit — 8 pages (phys 00000000014cb000) back on the free list
[kernel ] spawned pid 222 'kp-stress' caps 0000000000000040 — private PML4 @ phys 000000000143e000
[elf    ] PT_LOAD vaddr 0000500000000000 filesz 000000000001b280 memsz 000000000001b280 (ro) -> mapped USER (bounds ok)
[elf    ] PT_LOAD vaddr 000050000001c000 filesz 0000000000003f1e memsz 0000000000003f1e (ro) -> mapped USER (bounds ok)
[elf    ] PT_LOAD vaddr 0000500000020000 filesz 0000000000000284 memsz 0000000000037fe0 (rw) -> mapped USER (bounds ok)
[kernel ] spawned pid 223 'kp-stress' caps 0000000000000003 — private PML4 @ phys 0000000001622000
[elf    ] PT_LOAD vaddr 0000500000000000 filesz 000000000001b280 memsz 000000000001b280 (ro) -> mapped USER (bounds ok)
[elf    ] PT_LOAD vaddr 000050000001c000 filesz 0000000000003f1e memsz 0000000000003f1e (ro) -> mapped USER (bounds ok)
[elf    ] PT_LOAD vaddr 0000500000020000 filesz 0000000000000284 memsz 0000000000037fe0 (rw) -> mapped USER (bounds ok)
[surface] pid 222 owns surface 6 (64x64) DOUBLE-BUFFERED at user vaddr 0000530000000000 (+4 pages back) (recycled pixel buffers)
[hw     ] GRANT  pid 223 'kp-stress' -> 'sensor0': phys 0000000001003000 mapped at vaddr 00004037c0000000 (1 pages)
[surface] slot 6 reclaimed on owner exit — 8 pages (phys 00000000014cb000) back on the free list
[surface] pid 222 owns surface 6 (64x64) DOUBLE-BUFFERED at user vaddr 0000530000000000 (+4 pages back) (recycled pixel buffers)
[surface] slot 6 reclaimed on owner exit — 8 pages (phys 00000000014cb000) back on the free list
[kernel ] spawned pid 224 'kp-stress' caps 0000000000000040 — private PML4 @ phys 000000000143e000
[elf    ] PT_LOAD vaddr 0000500000000000 filesz 000000000001b280 memsz 000000000001b280 (ro) -> mapped USER (bounds ok)
[elf    ] PT_LOAD vaddr 000050000001c000 filesz 0000000000003f1e memsz 0000000000003f1e (ro) -> mapped USER (bounds ok)
[elf    ] PT_LOAD vaddr 0000500000020000 filesz 0000000000000284 memsz 0000000000037fe0 (rw) -> mapped USER (bounds ok)
[kernel ] spawned pid 225 'kp-stress' caps 0000000000000003 — private PML4 @ phys 0000000001624000
[elf    ] PT_LOAD vaddr 0000500000000000 filesz 000000000001b280 memsz 000000000001b280 (ro) -> mapped USER (bounds ok)
[elf    ] PT_LOAD vaddr 000050000001c000 filesz 0000000000003f1e memsz 0000000000003f1e (ro) -> mapped USER (bounds ok)
[elf    ] PT_LOAD vaddr 0000500000020000 filesz 0000000000000284 memsz 0000000000037fe0 (rw) -> mapped USER (bounds ok)
[surface] pid 224 owns surface 6 (64x64) DOUBLE-BUFFERED at user vaddr 0000530000000000 (+4 pages back) (recycled pixel buffers)
[hw     ] GRANT  pid 225 'kp-stress' -> 'sensor0': phys 0000000001003000 mapped at vaddr 0000403840000000 (1 pages)
[surface] slot 6 reclaimed on owner exit — 8 pages (phys 00000000014cb000) back on the free list
[surface] pid 224 owns surface 6 (64x64) DOUBLE-BUFFERED at user vaddr 0000530000000000 (+4 pages back) (recycled pixel buffers)
[surface] slot 6 reclaimed on owner exit — 8 pages (phys 00000000014cb000) back on the free list
[kernel ] spawned pid 226 'kp-stress' caps 0000000000000040 — private PML4 @ phys 000000000143e000
[elf    ] PT_LOAD vaddr 0000500000000000 filesz 000000000001b280 memsz 000000000001b280 (ro) -> mapped USER (bounds ok)
[elf    ] PT_LOAD vaddr 000050000001c000 filesz 0000000000003f1e memsz 0000000000003f1e (ro) -> mapped USER (bounds ok)
[elf    ] PT_LOAD vaddr 0000500000020000 filesz 0000000000000284 memsz 0000000000037fe0 (rw) -> mapped USER (bounds ok)
[kernel ] spawned pid 227 'kp-stress' caps 0000000000000003 — private PML4 @ phys 000000000163c000
[elf    ] PT_LOAD vaddr 0000500000000000 filesz 000000000001b280 memsz 000000000001b280 (ro) -> mapped USER (bounds ok)
[elf    ] PT_LOAD vaddr 000050000001c000 filesz 0000000000003f1e memsz 0000000000003f1e (ro) -> mapped USER (bounds ok)
[elf    ] PT_LOAD vaddr 0000500000020000 filesz 0000000000000284 memsz 0000000000037fe0 (rw) -> mapped USER (bounds ok)
[surface] pid 226 owns surface 6 (64x64) DOUBLE-BUFFERED at user vaddr 0000530000000000 (+4 pages back) (recycled pixel buffers)
[hw     ] GRANT  pid 227 'kp-stress' -> 'sensor0': phys 0000000001003000 mapped at vaddr 00004038c0000000 (1 pages)
[surface] slot 6 reclaimed on owner exit — 8 pages (phys 00000000014cb000) back on the free list
[surface] pid 226 owns surface 6 (64x64) DOUBLE-BUFFERED at user vaddr 0000530000000000 (+4 pages back) (recycled pixel buffers)
[surface] slot 6 reclaimed on owner exit — 8 pages (phys 00000000014cb000) back on the free list
[kernel ] spawned pid 228 'kp-stress' caps 0000000000000040 — private PML4 @ phys 000000000143e000
[elf    ] PT_LOAD vaddr 0000500000000000 filesz 000000000001b280 memsz 000000000001b280 (ro) -> mapped USER (bounds ok)
[elf    ] PT_LOAD vaddr 000050000001c000 filesz 0000000000003f1e memsz 0000000000003f1e (ro) -> mapped USER (bounds ok)
[elf    ] PT_LOAD vaddr 0000500000020000 filesz 0000000000000284 memsz 0000000000037fe0 (rw) -> mapped USER (bounds ok)
[kernel ] spawned pid 229 'kp-stress' caps 0000000000000003 — private PML4 @ phys 000000000163e000
[elf    ] PT_LOAD vaddr 0000500000000000 filesz 000000000001b280 memsz 000000000001b280 (ro) -> mapped USER (bounds ok)
[elf    ] PT_LOAD vaddr 000050000001c000 filesz 0000000000003f1e memsz 0000000000003f1e (ro) -> mapped USER (bounds ok)
[elf    ] PT_LOAD vaddr 0000500000020000 filesz 0000000000000284 memsz 0000000000037fe0 (rw) -> mapped USER (bounds ok)
[surface] pid 228 owns surface 6 (64x64) DOUBLE-BUFFERED at user vaddr 0000530000000000 (+4 pages back) (recycled pixel buffers)
[hw     ] GRANT  pid 229 'kp-stress' -> 'sensor0': phys 0000000001003000 mapped at vaddr 0000403940000000 (1 pages)
[surface] slot 6 reclaimed on owner exit — 8 pages (phys 00000000014cb000) back on the free list
[surface] pid 228 owns surface 6 (64x64) DOUBLE-BUFFERED at user vaddr 0000530000000000 (+4 pages back) (recycled pixel buffers)
[surface] slot 6 reclaimed on owner exit — 8 pages (phys 00000000014cb000) back on the free list
[kernel ] spawned pid 230 'kp-stress' caps 0000000000000040 — private PML4 @ phys 000000000143e000
[elf    ] PT_LOAD vaddr 0000500000000000 filesz 000000000001b280 memsz 000000000001b280 (ro) -> mapped USER (bounds ok)
[elf    ] PT_LOAD vaddr 000050000001c000 filesz 0000000000003f1e memsz 0000000000003f1e (ro) -> mapped USER (bounds ok)
[elf    ] PT_LOAD vaddr 0000500000020000 filesz 0000000000000284 memsz 0000000000037fe0 (rw) -> mapped USER (bounds ok)
[kernel ] spawned pid 231 'kp-stress' caps 0000000000000003 — private PML4 @ phys 00000000015fe000
[elf    ] PT_LOAD vaddr 0000500000000000 filesz 000000000001b280 memsz 000000000001b280 (ro) -> mapped USER (bounds ok)
[elf    ] PT_LOAD vaddr 000050000001c000 filesz 0000000000003f1e memsz 0000000000003f1e (ro) -> mapped USER (bounds ok)
[elf    ] PT_LOAD vaddr 0000500000020000 filesz 0000000000000284 memsz 0000000000037fe0 (rw) -> mapped USER (bounds ok)
[surface] pid 230 owns surface 6 (64x64) DOUBLE-BUFFERED at user vaddr 0000530000000000 (+4 pages back) (recycled pixel buffers)
[hw     ] GRANT  pid 231 'kp-stress' -> 'sensor0': phys 0000000001003000 mapped at vaddr 00004039c0000000 (1 pages)
[surface] slot 6 reclaimed on owner exit — 8 pages (phys 00000000014cb000) back on the free list
[surface] pid 230 owns surface 6 (64x64) DOUBLE-BUFFERED at user vaddr 0000530000000000 (+4 pages back) (recycled pixel buffers)
[surface] slot 6 reclaimed on owner exit — 8 pages (phys 00000000014cb000) back on the free list
[kernel ] spawned pid 232 'kp-stress' caps 0000000000000040 — private PML4 @ phys 000000000143e000
[elf    ] PT_LOAD vaddr 0000500000000000 filesz 000000000001b280 memsz 000000000001b280 (ro) -> mapped USER (bounds ok)
[elf    ] PT_LOAD vaddr 000050000001c000 filesz 0000000000003f1e memsz 0000000000003f1e (ro) -> mapped USER (bounds ok)
[elf    ] PT_LOAD vaddr 0000500000020000 filesz 0000000000000284 memsz 0000000000037fe0 (rw) -> mapped USER (bounds ok)
[kernel ] spawned pid 233 'kp-stress' caps 0000000000000003 — private PML4 @ phys 000000000162b000
[elf    ] PT_LOAD vaddr 0000500000000000 filesz 000000000001b280 memsz 000000000001b280 (ro) -> mapped USER (bounds ok)
[elf    ] PT_LOAD vaddr 000050000001c000 filesz 0000000000003f1e memsz 0000000000003f1e (ro) -> mapped USER (bounds ok)
[elf    ] PT_LOAD vaddr 0000500000020000 filesz 0000000000000284 memsz 0000000000037fe0 (rw) -> mapped USER (bounds ok)
[surface] pid 232 owns surface 6 (64x64) DOUBLE-BUFFERED at user vaddr 0000530000000000 (+4 pages back) (recycled pixel buffers)
[hw     ] GRANT  pid 233 'kp-stress' -> 'sensor0': phys 0000000001003000 mapped at vaddr 0000403a40000000 (1 pages)
[surface] slot 6 reclaimed on owner exit — 8 pages (phys 00000000014cb000) back on the free list
[surface] pid 232 owns surface 6 (64x64) DOUBLE-BUFFERED at user vaddr 0000530000000000 (+4 pages back) (recycled pixel buffers)
[surface] slot 6 reclaimed on owner exit — 8 pages (phys 00000000014cb000) back on the free list
[kernel ] spawned pid 234 'kp-stress' caps 0000000000000040 — private PML4 @ phys 000000000143e000
[elf    ] PT_LOAD vaddr 0000500000000000 filesz 000000000001b280 memsz 000000000001b280 (ro) -> mapped USER (bounds ok)
[elf    ] PT_LOAD vaddr 000050000001c000 filesz 0000000000003f1e memsz 0000000000003f1e (ro) -> mapped USER (bounds ok)
[elf    ] PT_LOAD vaddr 0000500000020000 filesz 0000000000000284 memsz 0000000000037fe0 (rw) -> mapped USER (bounds ok)
[kernel ] spawned pid 235 'kp-stress' caps 0000000000000003 — private PML4 @ phys 0000000001644000
[elf    ] PT_LOAD vaddr 0000500000000000 filesz 000000000001b280 memsz 000000000001b280 (ro) -> mapped USER (bounds ok)
[elf    ] PT_LOAD vaddr 000050000001c000 filesz 0000000000003f1e memsz 0000000000003f1e (ro) -> mapped USER (bounds ok)
[elf    ] PT_LOAD vaddr 0000500000020000 filesz 0000000000000284 memsz 0000000000037fe0 (rw) -> mapped USER (bounds ok)
[surface] pid 234 owns surface 6 (64x64) DOUBLE-BUFFERED at user vaddr 0000530000000000 (+4 pages back) (recycled pixel buffers)
[hw     ] GRANT  pid 235 'kp-stress' -> 'sensor0': phys 0000000001003000 mapped at vaddr 0000403ac0000000 (1 pages)
[surface] slot 6 reclaimed on owner exit — 8 pages (phys 00000000014cb000) back on the free list
[surface] pid 234 owns surface 6 (64x64) DOUBLE-BUFFERED at user vaddr 0000530000000000 (+4 pages back) (recycled pixel buffers)
[surface] slot 6 reclaimed on owner exit — 8 pages (phys 00000000014cb000) back on the free list
[kernel ] spawned pid 236 'kp-stress' caps 0000000000000040 — private PML4 @ phys 000000000143e000
[elf    ] PT_LOAD vaddr 0000500000000000 filesz 000000000001b280 memsz 000000000001b280 (ro) -> mapped USER (bounds ok)
[elf    ] PT_LOAD vaddr 000050000001c000 filesz 0000000000003f1e memsz 0000000000003f1e (ro) -> mapped USER (bounds ok)
[elf    ] PT_LOAD vaddr 0000500000020000 filesz 0000000000000284 memsz 0000000000037fe0 (rw) -> mapped USER (bounds ok)
[kernel ] spawned pid 237 'kp-stress' caps 0000000000000003 — private PML4 @ phys 00000000015c2000
[elf    ] PT_LOAD vaddr 0000500000000000 filesz 000000000001b280 memsz 000000000001b280 (ro) -> mapped USER (bounds ok)
[elf    ] PT_LOAD vaddr 000050000001c000 filesz 0000000000003f1e memsz 0000000000003f1e (ro) -> mapped USER (bounds ok)
[elf    ] PT_LOAD vaddr 0000500000020000 filesz 0000000000000284 memsz 0000000000037fe0 (rw) -> mapped USER (bounds ok)
[hw     ] GRANT  pid 237 'kp-stress' -> 'sensor0': phys 0000000001003000 mapped at vaddr 0000403b40000000 (1 pages)
[surface] pid 236 owns surface 6 (64x64) DOUBLE-BUFFERED at user vaddr 0000530000000000 (+4 pages back) (recycled pixel buffers)
[surface] slot 6 reclaimed on owner exit — 8 pages (phys 00000000014cb000) back on the free list
[surface] pid 236 owns surface 6 (64x64) DOUBLE-BUFFERED at user vaddr 0000530000000000 (+4 pages back) (recycled pixel buffers)
[surface] slot 6 reclaimed on owner exit — 8 pages (phys 00000000014cb000) back on the free list
[kernel ] spawned pid 238 'kp-stress' caps 0000000000000040 — private PML4 @ phys 000000000143e000
[elf    ] PT_LOAD vaddr 0000500000000000 filesz 000000000001b280 memsz 000000000001b280 (ro) -> mapped USER (bounds ok)
[elf    ] PT_LOAD vaddr 000050000001c000 filesz 0000000000003f1e memsz 0000000000003f1e (ro) -> mapped USER (bounds ok)
[elf    ] PT_LOAD vaddr 0000500000020000 filesz 0000000000000284 memsz 0000000000037fe0 (rw) -> mapped USER (bounds ok)
[kernel ] spawned pid 239 'kp-stress' caps 0000000000000003 — private PML4 @ phys 00000000015c4000
[elf    ] PT_LOAD vaddr 0000500000000000 filesz 000000000001b280 memsz 000000000001b280 (ro) -> mapped USER (bounds ok)
[elf    ] PT_LOAD vaddr 000050000001c000 filesz 0000000000003f1e memsz 0000000000003f1e (ro) -> mapped USER (bounds ok)
[elf    ] PT_LOAD vaddr 0000500000020000 filesz 0000000000000284 memsz 0000000000037fe0 (rw) -> mapped USER (bounds ok)
[hw     ] GRANT  pid 239 'kp-stress' -> 'sensor0': phys 0000000001003000 mapped at vaddr 0000403bc0000000 (1 pages)
[surface] pid 238 owns surface 6 (64x64) DOUBLE-BUFFERED at user vaddr 0000530000000000 (+4 pages back) (recycled pixel buffers)
[surface] slot 6 reclaimed on owner exit — 8 pages (phys 00000000014cb000) back on the free list
[surface] pid 238 owns surface 6 (64x64) DOUBLE-BUFFERED at user vaddr 0000530000000000 (+4 pages back) (recycled pixel buffers)
[surface] slot 6 reclaimed on owner exit — 8 pages (phys 00000000014cb000) back on the free list
[kernel ] spawned pid 240 'kp-stress' caps 0000000000000040 — private PML4 @ phys 000000000143e000
[elf    ] PT_LOAD vaddr 0000500000000000 filesz 000000000001b280 memsz 000000000001b280 (ro) -> mapped USER (bounds ok)
[elf    ] PT_LOAD vaddr 000050000001c000 filesz 0000000000003f1e memsz 0000000000003f1e (ro) -> mapped USER (bounds ok)
[elf    ] PT_LOAD vaddr 0000500000020000 filesz 0000000000000284 memsz 0000000000037fe0 (rw) -> mapped USER (bounds ok)
[kernel ] spawned pid 241 'kp-stress' caps 0000000000000003 — private PML4 @ phys 000000000161e000
[elf    ] PT_LOAD vaddr 0000500000000000 filesz 000000000001b280 memsz 000000000001b280 (ro) -> mapped USER (bounds ok)
[elf    ] PT_LOAD vaddr 000050000001c000 filesz 0000000000003f1e memsz 0000000000003f1e (ro) -> mapped USER (bounds ok)
[elf    ] PT_LOAD vaddr 0000500000020000 filesz 0000000000000284 memsz 0000000000037fe0 (rw) -> mapped USER (bounds ok)
[surface] pid 240 owns surface 6 (64x64) DOUBLE-BUFFERED at user vaddr 0000530000000000 (+4 pages back) (recycled pixel buffers)
[hw     ] GRANT  pid 241 'kp-stress' -> 'sensor0': phys 0000000001003000 mapped at vaddr 0000403c40000000 (1 pages)
[surface] slot 6 reclaimed on owner exit — 8 pages (phys 00000000014cb000) back on the free list
[surface] pid 240 owns surface 6 (64x64) DOUBLE-BUFFERED at user vaddr 0000530000000000 (+4 pages back) (recycled pixel buffers)
[surface] slot 6 reclaimed on owner exit — 8 pages (phys 00000000014cb000) back on the free list
[kernel ] spawned pid 242 'kp-stress' caps 0000000000000040 — private PML4 @ phys 000000000143e000
[elf    ] PT_LOAD vaddr 0000500000000000 filesz 000000000001b280 memsz 000000000001b280 (ro) -> mapped USER (bounds ok)
[elf    ] PT_LOAD vaddr 000050000001c000 filesz 0000000000003f1e memsz 0000000000003f1e (ro) -> mapped USER (bounds ok)
[elf    ] PT_LOAD vaddr 0000500000020000 filesz 0000000000000284 memsz 0000000000037fe0 (rw) -> mapped USER (bounds ok)
[kernel ] spawned pid 243 'kp-stress' caps 0000000000000003 — private PML4 @ phys 0000000001636000
[elf    ] PT_LOAD vaddr 0000500000000000 filesz 000000000001b280 memsz 000000000001b280 (ro) -> mapped USER (bounds ok)
[elf    ] PT_LOAD vaddr 000050000001c000 filesz 0000000000003f1e memsz 0000000000003f1e (ro) -> mapped USER (bounds ok)
[elf    ] PT_LOAD vaddr 0000500000020000 filesz 0000000000000284 memsz 0000000000037fe0 (rw) -> mapped USER (bounds ok)
[surface] pid 242 owns surface 6 (64x64) DOUBLE-BUFFERED at user vaddr 0000530000000000 (+4 pages back) (recycled pixel buffers)
[hw     ] GRANT  pid 243 'kp-stress' -> 'sensor0': phys 0000000001003000 mapped at vaddr 0000403cc0000000 (1 pages)
[surface] slot 6 reclaimed on owner exit — 8 pages (phys 00000000014cb000) back on the free list
[surface] pid 242 owns surface 6 (64x64) DOUBLE-BUFFERED at user vaddr 0000530000000000 (+4 pages back) (recycled pixel buffers)
[surface] slot 6 reclaimed on owner exit — 8 pages (phys 00000000014cb000) back on the free list
[kernel ] spawned pid 244 'kp-stress' caps 0000000000000040 — private PML4 @ phys 000000000143e000
[elf    ] PT_LOAD vaddr 0000500000000000 filesz 000000000001b280 memsz 000000000001b280 (ro) -> mapped USER (bounds ok)
[elf    ] PT_LOAD vaddr 000050000001c000 filesz 0000000000003f1e memsz 0000000000003f1e (ro) -> mapped USER (bounds ok)
[elf    ] PT_LOAD vaddr 0000500000020000 filesz 0000000000000284 memsz 0000000000037fe0 (rw) -> mapped USER (bounds ok)
[kernel ] spawned pid 245 'kp-stress' caps 0000000000000003 — private PML4 @ phys 0000000001622000
[elf    ] PT_LOAD vaddr 0000500000000000 filesz 000000000001b280 memsz 000000000001b280 (ro) -> mapped USER (bounds ok)
[elf    ] PT_LOAD vaddr 000050000001c000 filesz 0000000000003f1e memsz 0000000000003f1e (ro) -> mapped USER (bounds ok)
[elf    ] PT_LOAD vaddr 0000500000020000 filesz 0000000000000284 memsz 0000000000037fe0 (rw) -> mapped USER (bounds ok)
[hw     ] GRANT  pid 245 'kp-stress' -> 'sensor0': phys 0000000001003000 mapped at vaddr 0000403d40000000 (1 pages)
[surface] pid 244 owns surface 6 (64x64) DOUBLE-BUFFERED at user vaddr 0000530000000000 (+4 pages back) (recycled pixel buffers)
[surface] slot 6 reclaimed on owner exit — 8 pages (phys 00000000014cb000) back on the free list
[surface] pid 244 owns surface 6 (64x64) DOUBLE-BUFFERED at user vaddr 0000530000000000 (+4 pages back) (recycled pixel buffers)
[surface] slot 6 reclaimed on owner exit — 8 pages (phys 00000000014cb000) back on the free list
[kernel ] spawned pid 246 'kp-stress' caps 0000000000000040 — private PML4 @ phys 000000000143e000
[elf    ] PT_LOAD vaddr 0000500000000000 filesz 000000000001b280 memsz 000000000001b280 (ro) -> mapped USER (bounds ok)
[elf    ] PT_LOAD vaddr 000050000001c000 filesz 0000000000003f1e memsz 0000000000003f1e (ro) -> mapped USER (bounds ok)
[elf    ] PT_LOAD vaddr 0000500000020000 filesz 0000000000000284 memsz 0000000000037fe0 (rw) -> mapped USER (bounds ok)
[kernel ] spawned pid 247 'kp-stress' caps 0000000000000003 — private PML4 @ phys 0000000001624000
[elf    ] PT_LOAD vaddr 0000500000000000 filesz 000000000001b280 memsz 000000000001b280 (ro) -> mapped USER (bounds ok)
[elf    ] PT_LOAD vaddr 000050000001c000 filesz 0000000000003f1e memsz 0000000000003f1e (ro) -> mapped USER (bounds ok)
[elf    ] PT_LOAD vaddr 0000500000020000 filesz 0000000000000284 memsz 0000000000037fe0 (rw) -> mapped USER (bounds ok)
[surface] pid 246 owns surface 6 (64x64) DOUBLE-BUFFERED at user vaddr 0000530000000000 (+4 pages back) (recycled pixel buffers)
[hw     ] GRANT  pid 247 'kp-stress' -> 'sensor0': phys 0000000001003000 mapped at vaddr 0000403dc0000000 (1 pages)
[surface] slot 6 reclaimed on owner exit — 8 pages (phys 00000000014cb000) back on the free list
[surface] pid 246 owns surface 6 (64x64) DOUBLE-BUFFERED at user vaddr 0000530000000000 (+4 pages back) (recycled pixel buffers)
[surface] slot 6 reclaimed on owner exit — 8 pages (phys 00000000014cb000) back on the free list
[kernel ] spawned pid 248 'kp-stress' caps 0000000000000040 — private PML4 @ phys 000000000143e000
[elf    ] PT_LOAD vaddr 0000500000000000 filesz 000000000001b280 memsz 000000000001b280 (ro) -> mapped USER (bounds ok)
[elf    ] PT_LOAD vaddr 000050000001c000 filesz 0000000000003f1e memsz 0000000000003f1e (ro) -> mapped USER (bounds ok)
[elf    ] PT_LOAD vaddr 0000500000020000 filesz 0000000000000284 memsz 0000000000037fe0 (rw) -> mapped USER (bounds ok)
[kernel ] spawned pid 249 'kp-stress' caps 0000000000000003 — private PML4 @ phys 000000000163c000
[elf    ] PT_LOAD vaddr 0000500000000000 filesz 000000000001b280 memsz 000000000001b280 (ro) -> mapped USER (bounds ok)
[elf    ] PT_LOAD vaddr 000050000001c000 filesz 0000000000003f1e memsz 0000000000003f1e (ro) -> mapped USER (bounds ok)
[elf    ] PT_LOAD vaddr 0000500000020000 filesz 0000000000000284 memsz 0000000000037fe0 (rw) -> mapped USER (bounds ok)
[hw     ] GRANT  pid 249 'kp-stress' -> 'sensor0': phys 0000000001003000 mapped at vaddr 0000403e40000000 (1 pages)
[surface] pid 248 owns surface 6 (64x64) DOUBLE-BUFFERED at user vaddr 0000530000000000 (+4 pages back) (recycled pixel buffers)
[surface] slot 6 reclaimed on owner exit — 8 pages (phys 00000000014cb000) back on the free list
[surface] pid 248 owns surface 6 (64x64) DOUBLE-BUFFERED at user vaddr 0000530000000000 (+4 pages back) (recycled pixel buffers)
[surface] slot 6 reclaimed on owner exit — 8 pages (phys 00000000014cb000) back on the free list
[kernel ] spawned pid 250 'kp-stress' caps 0000000000000040 — private PML4 @ phys 000000000143e000
[elf    ] PT_LOAD vaddr 0000500000000000 filesz 000000000001b280 memsz 000000000001b280 (ro) -> mapped USER (bounds ok)
[elf    ] PT_LOAD vaddr 000050000001c000 filesz 0000000000003f1e memsz 0000000000003f1e (ro) -> mapped USER (bounds ok)
[elf    ] PT_LOAD vaddr 0000500000020000 filesz 0000000000000284 memsz 0000000000037fe0 (rw) -> mapped USER (bounds ok)
[kernel ] spawned pid 251 'kp-stress' caps 0000000000000003 — private PML4 @ phys 000000000163e000
[elf    ] PT_LOAD vaddr 0000500000000000 filesz 000000000001b280 memsz 000000000001b280 (ro) -> mapped USER (bounds ok)
[elf    ] PT_LOAD vaddr 000050000001c000 filesz 0000000000003f1e memsz 0000000000003f1e (ro) -> mapped USER (bounds ok)
[elf    ] PT_LOAD vaddr 0000500000020000 filesz 0000000000000284 memsz 0000000000037fe0 (rw) -> mapped USER (bounds ok)
[surface] pid 250 owns surface 6 (64x64) DOUBLE-BUFFERED at user vaddr 0000530000000000 (+4 pages back) (recycled pixel buffers)
[hw     ] GRANT  pid 251 'kp-stress' -> 'sensor0': phys 0000000001003000 mapped at vaddr 0000403ec0000000 (1 pages)
[surface] slot 6 reclaimed on owner exit — 8 pages (phys 00000000014cb000) back on the free list
[surface] pid 250 owns surface 6 (64x64) DOUBLE-BUFFERED at user vaddr 0000530000000000 (+4 pages back) (recycled pixel buffers)
[surface] slot 6 reclaimed on owner exit — 8 pages (phys 00000000014cb000) back on the free list
[kernel ] spawned pid 252 'kp-stress' caps 0000000000000040 — private PML4 @ phys 000000000143e000
[elf    ] PT_LOAD vaddr 0000500000000000 filesz 000000000001b280 memsz 000000000001b280 (ro) -> mapped USER (bounds ok)
[elf    ] PT_LOAD vaddr 000050000001c000 filesz 0000000000003f1e memsz 0000000000003f1e (ro) -> mapped USER (bounds ok)
[elf    ] PT_LOAD vaddr 0000500000020000 filesz 0000000000000284 memsz 0000000000037fe0 (rw) -> mapped USER (bounds ok)
[kernel ] spawned pid 253 'kp-stress' caps 0000000000000003 — private PML4 @ phys 0000000001656000
[elf    ] PT_LOAD vaddr 0000500000000000 filesz 000000000001b280 memsz 000000000001b280 (ro) -> mapped USER (bounds ok)
[elf    ] PT_LOAD vaddr 000050000001c000 filesz 0000000000003f1e memsz 0000000000003f1e (ro) -> mapped USER (bounds ok)
[elf    ] PT_LOAD vaddr 0000500000020000 filesz 0000000000000284 memsz 0000000000037fe0 (rw) -> mapped USER (bounds ok)
[surface] pid 252 owns surface 6 (64x64) DOUBLE-BUFFERED at user vaddr 0000530000000000 (+4 pages back) (recycled pixel buffers)
[hw     ] GRANT  pid 253 'kp-stress' -> 'sensor0': phys 0000000001003000 mapped at vaddr 0000403f40000000 (1 pages)
[surface] slot 6 reclaimed on owner exit — 8 pages (phys 00000000014cb000) back on the free list
[surface] pid 252 owns surface 6 (64x64) DOUBLE-BUFFERED at user vaddr 0000530000000000 (+4 pages back) (recycled pixel buffers)
[surface] slot 6 reclaimed on owner exit — 8 pages (phys 00000000014cb000) back on the free list
[kernel ] spawned pid 254 'kp-stress' caps 0000000000000040 — private PML4 @ phys 000000000143e000
[elf    ] PT_LOAD vaddr 0000500000000000 filesz 000000000001b280 memsz 000000000001b280 (ro) -> mapped USER (bounds ok)
[elf    ] PT_LOAD vaddr 000050000001c000 filesz 0000000000003f1e memsz 0000000000003f1e (ro) -> mapped USER (bounds ok)
[elf    ] PT_LOAD vaddr 0000500000020000 filesz 0000000000000284 memsz 0000000000037fe0 (rw) -> mapped USER (bounds ok)
[kernel ] spawned pid 255 'kp-stress' caps 0000000000000003 — private PML4 @ phys 000000000162b000
[elf    ] PT_LOAD vaddr 0000500000000000 filesz 000000000001b280 memsz 000000000001b280 (ro) -> mapped USER (bounds ok)
[elf    ] PT_LOAD vaddr 000050000001c000 filesz 0000000000003f1e memsz 0000000000003f1e (ro) -> mapped USER (bounds ok)
[elf    ] PT_LOAD vaddr 0000500000020000 filesz 0000000000000284 memsz 0000000000037fe0 (rw) -> mapped USER (bounds ok)
[hw     ] GRANT  pid 255 'kp-stress' -> 'sensor0': phys 0000000001003000 mapped at vaddr 0000403fc0000000 (1 pages)
[surface] pid 254 owns surface 6 (64x64) DOUBLE-BUFFERED at user vaddr 0000530000000000 (+4 pages back) (recycled pixel buffers)
[surface] slot 6 reclaimed on owner exit — 8 pages (phys 00000000014cb000) back on the free list
[surface] pid 254 owns surface 6 (64x64) DOUBLE-BUFFERED at user vaddr 0000530000000000 (+4 pages back) (recycled pixel buffers)
[surface] slot 6 reclaimed on owner exit — 8 pages (phys 00000000014cb000) back on the free list
[kernel ] spawned pid 256 'kp-stress' caps 0000000000000040 — private PML4 @ phys 000000000143e000
[elf    ] PT_LOAD vaddr 0000500000000000 filesz 000000000001b280 memsz 000000000001b280 (ro) -> mapped USER (bounds ok)
[elf    ] PT_LOAD vaddr 000050000001c000 filesz 0000000000003f1e memsz 0000000000003f1e (ro) -> mapped USER (bounds ok)
[elf    ] PT_LOAD vaddr 0000500000020000 filesz 0000000000000284 memsz 0000000000037fe0 (rw) -> mapped USER (bounds ok)
[kernel ] spawned pid 257 'kp-stress' caps 0000000000000003 — private PML4 @ phys 0000000001644000
[elf    ] PT_LOAD vaddr 0000500000000000 filesz 000000000001b280 memsz 000000000001b280 (ro) -> mapped USER (bounds ok)
[elf    ] PT_LOAD vaddr 000050000001c000 filesz 0000000000003f1e memsz 0000000000003f1e (ro) -> mapped USER (bounds ok)
[elf    ] PT_LOAD vaddr 0000500000020000 filesz 0000000000000284 memsz 0000000000037fe0 (rw) -> mapped USER (bounds ok)
[surface] pid 256 owns surface 6 (64x64) DOUBLE-BUFFERED at user vaddr 0000530000000000 (+4 pages back) (recycled pixel buffers)
[hw     ] GRANT  pid 257 'kp-stress' -> 'sensor0': phys 0000000001003000 mapped at vaddr 0000404040000000 (1 pages)
[surface] slot 6 reclaimed on owner exit — 8 pages (phys 00000000014cb000) back on the free list
[surface] pid 256 owns surface 6 (64x64) DOUBLE-BUFFERED at user vaddr 0000530000000000 (+4 pages back) (recycled pixel buffers)
[surface] slot 6 reclaimed on owner exit — 8 pages (phys 00000000014cb000) back on the free list
[kernel ] spawned pid 258 'kp-stress' caps 0000000000000040 — private PML4 @ phys 000000000143e000
[elf    ] PT_LOAD vaddr 0000500000000000 filesz 000000000001b280 memsz 000000000001b280 (ro) -> mapped USER (bounds ok)
[elf    ] PT_LOAD vaddr 000050000001c000 filesz 0000000000003f1e memsz 0000000000003f1e (ro) -> mapped USER (bounds ok)
[elf    ] PT_LOAD vaddr 0000500000020000 filesz 0000000000000284 memsz 0000000000037fe0 (rw) -> mapped USER (bounds ok)
[kernel ] spawned pid 259 'kp-stress' caps 0000000000000003 — private PML4 @ phys 00000000015c2000
[elf    ] PT_LOAD vaddr 0000500000000000 filesz 000000000001b280 memsz 000000000001b280 (ro) -> mapped USER (bounds ok)
[elf    ] PT_LOAD vaddr 000050000001c000 filesz 0000000000003f1e memsz 0000000000003f1e (ro) -> mapped USER (bounds ok)
[elf    ] PT_LOAD vaddr 0000500000020000 filesz 0000000000000284 memsz 0000000000037fe0 (rw) -> mapped USER (bounds ok)
[surface] pid 258 owns surface 6 (64x64) DOUBLE-BUFFERED at user vaddr 0000530000000000 (+4 pages back) (recycled pixel buffers)
[hw     ] GRANT  pid 259 'kp-stress' -> 'sensor0': phys 0000000001003000 mapped at vaddr 00004040c0000000 (1 pages)
[surface] slot 6 reclaimed on owner exit — 8 pages (phys 00000000014cb000) back on the free list
[surface] pid 258 owns surface 6 (64x64) DOUBLE-BUFFERED at user vaddr 0000530000000000 (+4 pages back) (recycled pixel buffers)
[surface] slot 6 reclaimed on owner exit — 8 pages (phys 00000000014cb000) back on the free list
[kernel ] spawned pid 260 'kp-stress' caps 0000000000000040 — private PML4 @ phys 000000000143e000
[elf    ] PT_LOAD vaddr 0000500000000000 filesz 000000000001b280 memsz 000000000001b280 (ro) -> mapped USER (bounds ok)
[elf    ] PT_LOAD vaddr 000050000001c000 filesz 0000000000003f1e memsz 0000000000003f1e (ro) -> mapped USER (bounds ok)
[elf    ] PT_LOAD vaddr 0000500000020000 filesz 0000000000000284 memsz 0000000000037fe0 (rw) -> mapped USER (bounds ok)
[kernel ] spawned pid 261 'kp-stress' caps 0000000000000003 — private PML4 @ phys 000000000165e000
[elf    ] PT_LOAD vaddr 0000500000000000 filesz 000000000001b280 memsz 000000000001b280 (ro) -> mapped USER (bounds ok)
[elf    ] PT_LOAD vaddr 000050000001c000 filesz 0000000000003f1e memsz 0000000000003f1e (ro) -> mapped USER (bounds ok)
[elf    ] PT_LOAD vaddr 0000500000020000 filesz 0000000000000284 memsz 0000000000037fe0 (rw) -> mapped USER (bounds ok)
[surface] pid 260 owns surface 6 (64x64) DOUBLE-BUFFERED at user vaddr 0000530000000000 (+4 pages back) (recycled pixel buffers)
[hw     ] GRANT  pid 261 'kp-stress' -> 'sensor0': phys 0000000001003000 mapped at vaddr 0000404140000000 (1 pages)
[surface] slot 6 reclaimed on owner exit — 8 pages (phys 00000000014cb000) back on the free list
[surface] pid 260 owns surface 6 (64x64) DOUBLE-BUFFERED at user vaddr 0000530000000000 (+4 pages back) (recycled pixel buffers)
[surface] slot 6 reclaimed on owner exit — 8 pages (phys 00000000014cb000) back on the free list
[kernel ] spawned pid 262 'kp-stress' caps 0000000000000040 — private PML4 @ phys 000000000143e000
[elf    ] PT_LOAD vaddr 0000500000000000 filesz 000000000001b280 memsz 000000000001b280 (ro) -> mapped USER (bounds ok)
[elf    ] PT_LOAD vaddr 000050000001c000 filesz 0000000000003f1e memsz 0000000000003f1e (ro) -> mapped USER (bounds ok)
[elf    ] PT_LOAD vaddr 0000500000020000 filesz 0000000000000284 memsz 0000000000037fe0 (rw) -> mapped USER (bounds ok)
[kernel ] spawned pid 263 'kp-stress' caps 0000000000000003 — private PML4 @ phys 000000000161e000
[elf    ] PT_LOAD vaddr 0000500000000000 filesz 000000000001b280 memsz 000000000001b280 (ro) -> mapped USER (bounds ok)
[elf    ] PT_LOAD vaddr 000050000001c000 filesz 0000000000003f1e memsz 0000000000003f1e (ro) -> mapped USER (bounds ok)
[elf    ] PT_LOAD vaddr 0000500000020000 filesz 0000000000000284 memsz 0000000000037fe0 (rw) -> mapped USER (bounds ok)
[surface] pid 262 owns surface 6 (64x64) DOUBLE-BUFFERED at user vaddr 0000530000000000 (+4 pages back) (recycled pixel buffers)
[hw     ] GRANT  pid 263 'kp-stress' -> 'sensor0': phys 0000000001003000 mapped at vaddr 00004041c0000000 (1 pages)
[surface] slot 6 reclaimed on owner exit — 8 pages (phys 00000000014cb000) back on the free list
[surface] pid 262 owns surface 6 (64x64) DOUBLE-BUFFERED at user vaddr 0000530000000000 (+4 pages back) (recycled pixel buffers)
[surface] slot 6 reclaimed on owner exit — 8 pages (phys 00000000014cb000) back on the free list
[kernel ] spawned pid 264 'kp-stress' caps 0000000000000040 — private PML4 @ phys 000000000143e000
[elf    ] PT_LOAD vaddr 0000500000000000 filesz 000000000001b280 memsz 000000000001b280 (ro) -> mapped USER (bounds ok)
[elf    ] PT_LOAD vaddr 000050000001c000 filesz 0000000000003f1e memsz 0000000000003f1e (ro) -> mapped USER (bounds ok)
[elf    ] PT_LOAD vaddr 0000500000020000 filesz 0000000000000284 memsz 0000000000037fe0 (rw) -> mapped USER (bounds ok)
[kernel ] spawned pid 265 'kp-stress' caps 0000000000000003 — private PML4 @ phys 0000000001662000
[elf    ] PT_LOAD vaddr 0000500000000000 filesz 000000000001b280 memsz 000000000001b280 (ro) -> mapped USER (bounds ok)
[elf    ] PT_LOAD vaddr 000050000001c000 filesz 0000000000003f1e memsz 0000000000003f1e (ro) -> mapped USER (bounds ok)
[elf    ] PT_LOAD vaddr 0000500000020000 filesz 0000000000000284 memsz 0000000000037fe0 (rw) -> mapped USER (bounds ok)
[hw     ] GRANT  pid 265 'kp-stress' -> 'sensor0': phys 0000000001003000 mapped at vaddr 0000404240000000 (1 pages)
[surface] pid 264 owns surface 6 (64x64) DOUBLE-BUFFERED at user vaddr 0000530000000000 (+4 pages back) (recycled pixel buffers)
[surface] slot 6 reclaimed on owner exit — 8 pages (phys 00000000014cb000) back on the free list
[surface] pid 264 owns surface 6 (64x64) DOUBLE-BUFFERED at user vaddr 0000530000000000 (+4 pages back) (recycled pixel buffers)
[surface] slot 6 reclaimed on owner exit — 8 pages (phys 00000000014cb000) back on the free list
[kernel ] spawned pid 266 'kp-stress' caps 0000000000000040 — private PML4 @ phys 000000000143e000
[elf    ] PT_LOAD vaddr 0000500000000000 filesz 000000000001b280 memsz 000000000001b280 (ro) -> mapped USER (bounds ok)
[elf    ] PT_LOAD vaddr 000050000001c000 filesz 0000000000003f1e memsz 0000000000003f1e (ro) -> mapped USER (bounds ok)
[elf    ] PT_LOAD vaddr 0000500000020000 filesz 0000000000000284 memsz 0000000000037fe0 (rw) -> mapped USER (bounds ok)
[kernel ] spawned pid 267 'kp-stress' caps 0000000000000003 — private PML4 @ phys 0000000001622000
[elf    ] PT_LOAD vaddr 0000500000000000 filesz 000000000001b280 memsz 000000000001b280 (ro) -> mapped USER (bounds ok)
[elf    ] PT_LOAD vaddr 000050000001c000 filesz 0000000000003f1e memsz 0000000000003f1e (ro) -> mapped USER (bounds ok)
[elf    ] PT_LOAD vaddr 0000500000020000 filesz 0000000000000284 memsz 0000000000037fe0 (rw) -> mapped USER (bounds ok)
[surface] pid 266 owns surface 6 (64x64) DOUBLE-BUFFERED at user vaddr 0000530000000000 (+4 pages back) (recycled pixel buffers)
[hw     ] GRANT  pid 267 'kp-stress' -> 'sensor0': phys 0000000001003000 mapped at vaddr 00004042c0000000 (1 pages)
[surface] slot 6 reclaimed on owner exit — 8 pages (phys 00000000014cb000) back on the free list
[surface] pid 266 owns surface 6 (64x64) DOUBLE-BUFFERED at user vaddr 0000530000000000 (+4 pages back) (recycled pixel buffers)
[surface] slot 6 reclaimed on owner exit — 8 pages (phys 00000000014cb000) back on the free list
[kernel ] spawned pid 268 'kp-stress' caps 0000000000000040 — private PML4 @ phys 000000000143e000
[elf    ] PT_LOAD vaddr 0000500000000000 filesz 000000000001b280 memsz 000000000001b280 (ro) -> mapped USER (bounds ok)
[elf    ] PT_LOAD vaddr 000050000001c000 filesz 0000000000003f1e memsz 0000000000003f1e (ro) -> mapped USER (bounds ok)
[elf    ] PT_LOAD vaddr 0000500000020000 filesz 0000000000000284 memsz 0000000000037fe0 (rw) -> mapped USER (bounds ok)
[kernel ] spawned pid 269 'kp-stress' caps 0000000000000003 — private PML4 @ phys 0000000001624000
[elf    ] PT_LOAD vaddr 0000500000000000 filesz 000000000001b280 memsz 000000000001b280 (ro) -> mapped USER (bounds ok)
[elf    ] PT_LOAD vaddr 000050000001c000 filesz 0000000000003f1e memsz 0000000000003f1e (ro) -> mapped USER (bounds ok)
[elf    ] PT_LOAD vaddr 0000500000020000 filesz 0000000000000284 memsz 0000000000037fe0 (rw) -> mapped USER (bounds ok)
[surface] pid 268 owns surface 6 (64x64) DOUBLE-BUFFERED at user vaddr 0000530000000000 (+4 pages back) (recycled pixel buffers)
[hw     ] GRANT  pid 269 'kp-stress' -> 'sensor0': phys 0000000001003000 mapped at vaddr 0000404340000000 (1 pages)
[surface] slot 6 reclaimed on owner exit — 8 pages (phys 00000000014cb000) back on the free list
[surface] pid 268 owns surface 6 (64x64) DOUBLE-BUFFERED at user vaddr 0000530000000000 (+4 pages back) (recycled pixel buffers)
[surface] slot 6 reclaimed on owner exit — 8 pages (phys 00000000014cb000) back on the free list
[kernel ] spawned pid 270 'kp-stress' caps 0000000000000040 — private PML4 @ phys 000000000143e000
[elf    ] PT_LOAD vaddr 0000500000000000 filesz 000000000001b280 memsz 000000000001b280 (ro) -> mapped USER (bounds ok)
[elf    ] PT_LOAD vaddr 000050000001c000 filesz 0000000000003f1e memsz 0000000000003f1e (ro) -> mapped USER (bounds ok)
[elf    ] PT_LOAD vaddr 0000500000020000 filesz 0000000000000284 memsz 0000000000037fe0 (rw) -> mapped USER (bounds ok)
[kernel ] spawned pid 271 'kp-stress' caps 0000000000000003 — private PML4 @ phys 0000000001668000
[elf    ] PT_LOAD vaddr 0000500000000000 filesz 000000000001b280 memsz 000000000001b280 (ro) -> mapped USER (bounds ok)
[elf    ] PT_LOAD vaddr 000050000001c000 filesz 0000000000003f1e memsz 0000000000003f1e (ro) -> mapped USER (bounds ok)
[elf    ] PT_LOAD vaddr 0000500000020000 filesz 0000000000000284 memsz 0000000000037fe0 (rw) -> mapped USER (bounds ok)
[hw     ] GRANT  pid 271 'kp-stress' -> 'sensor0': phys 0000000001003000 mapped at vaddr 00004043c0000000 (1 pages)
[surface] pid 270 owns surface 6 (64x64) DOUBLE-BUFFERED at user vaddr 0000530000000000 (+4 pages back) (recycled pixel buffers)
[surface] slot 6 reclaimed on owner exit — 8 pages (phys 00000000014cb000) back on the free list
[surface] pid 270 owns surface 6 (64x64) DOUBLE-BUFFERED at user vaddr 0000530000000000 (+4 pages back) (recycled pixel buffers)
[surface] slot 6 reclaimed on owner exit — 8 pages (phys 00000000014cb000) back on the free list
[kpstrs] cycle 100/200 clean (slots seen so far: 3, recycled spawns: 203)
[kernel ] spawned pid 272 'kp-stress' caps 0000000000000040 — private PML4 @ phys 000000000143e000
[elf    ] PT_LOAD vaddr 0000500000000000 filesz 000000000001b280 memsz 000000000001b280 (ro) -> mapped USER (bounds ok)
[elf    ] PT_LOAD vaddr 000050000001c000 filesz 0000000000003f1e memsz 0000000000003f1e (ro) -> mapped USER (bounds ok)
[elf    ] PT_LOAD vaddr 0000500000020000 filesz 0000000000000284 memsz 0000000000037fe0 (rw) -> mapped USER (bounds ok)
[kernel ] spawned pid 273 'kp-stress' caps 0000000000000003 — private PML4 @ phys 000000000163e000
[elf    ] PT_LOAD vaddr 0000500000000000 filesz 000000000001b280 memsz 000000000001b280 (ro) -> mapped USER (bounds ok)
[elf    ] PT_LOAD vaddr 000050000001c000 filesz 0000000000003f1e memsz 0000000000003f1e (ro) -> mapped USER (bounds ok)
[elf    ] PT_LOAD vaddr 0000500000020000 filesz 0000000000000284 memsz 0000000000037fe0 (rw) -> mapped USER (bounds ok)
[surface] pid 272 owns surface 6 (64x64) DOUBLE-BUFFERED at user vaddr 0000530000000000 (+4 pages back) (recycled pixel buffers)
[hw     ] GRANT  pid 273 'kp-stress' -> 'sensor0': phys 0000000001003000 mapped at vaddr 0000404440000000 (1 pages)
[surface] slot 6 reclaimed on owner exit — 8 pages (phys 00000000014cb000) back on the free list
[surface] pid 272 owns surface 6 (64x64) DOUBLE-BUFFERED at user vaddr 0000530000000000 (+4 pages back) (recycled pixel buffers)
[surface] slot 6 reclaimed on owner exit — 8 pages (phys 00000000014cb000) back on the free list
[kernel ] spawned pid 274 'kp-stress' caps 0000000000000040 — private PML4 @ phys 000000000143e000
[elf    ] PT_LOAD vaddr 0000500000000000 filesz 000000000001b280 memsz 000000000001b280 (ro) -> mapped USER (bounds ok)
[elf    ] PT_LOAD vaddr 000050000001c000 filesz 0000000000003f1e memsz 0000000000003f1e (ro) -> mapped USER (bounds ok)
[elf    ] PT_LOAD vaddr 0000500000020000 filesz 0000000000000284 memsz 0000000000037fe0 (rw) -> mapped USER (bounds ok)
[kernel ] spawned pid 275 'kp-stress' caps 0000000000000003 — private PML4 @ phys 0000000001656000
[elf    ] PT_LOAD vaddr 0000500000000000 filesz 000000000001b280 memsz 000000000001b280 (ro) -> mapped USER (bounds ok)
[elf    ] PT_LOAD vaddr 000050000001c000 filesz 0000000000003f1e memsz 0000000000003f1e (ro) -> mapped USER (bounds ok)
[elf    ] PT_LOAD vaddr 0000500000020000 filesz 0000000000000284 memsz 0000000000037fe0 (rw) -> mapped USER (bounds ok)
[surface] pid 274 owns surface 6 (64x64) DOUBLE-BUFFERED at user vaddr 0000530000000000 (+4 pages back) (recycled pixel buffers)
[hw     ] GRANT  pid 275 'kp-stress' -> 'sensor0': phys 0000000001003000 mapped at vaddr 00004044c0000000 (1 pages)
[surface] slot 6 reclaimed on owner exit — 8 pages (phys 00000000014cb000) back on the free list
[surface] pid 274 owns surface 6 (64x64) DOUBLE-BUFFERED at user vaddr 0000530000000000 (+4 pages back) (recycled pixel buffers)
[surface] slot 6 reclaimed on owner exit — 8 pages (phys 00000000014cb000) back on the free list
[kernel ] spawned pid 276 'kp-stress' caps 0000000000000040 — private PML4 @ phys 000000000143e000
[elf    ] PT_LOAD vaddr 0000500000000000 filesz 000000000001b280 memsz 000000000001b280 (ro) -> mapped USER (bounds ok)
[elf    ] PT_LOAD vaddr 000050000001c000 filesz 0000000000003f1e memsz 0000000000003f1e (ro) -> mapped USER (bounds ok)
[elf    ] PT_LOAD vaddr 0000500000020000 filesz 0000000000000284 memsz 0000000000037fe0 (rw) -> mapped USER (bounds ok)
[kernel ] spawned pid 277 'kp-stress' caps 0000000000000003 — private PML4 @ phys 000000000162b000
[elf    ] PT_LOAD vaddr 0000500000000000 filesz 000000000001b280 memsz 000000000001b280 (ro) -> mapped USER (bounds ok)
[elf    ] PT_LOAD vaddr 000050000001c000 filesz 0000000000003f1e memsz 0000000000003f1e (ro) -> mapped USER (bounds ok)
[elf    ] PT_LOAD vaddr 0000500000020000 filesz 0000000000000284 memsz 0000000000037fe0 (rw) -> mapped USER (bounds ok)
[surface] pid 276 owns surface 6 (64x64) DOUBLE-BUFFERED at user vaddr 0000530000000000 (+4 pages back) (recycled pixel buffers)
[hw     ] GRANT  pid 277 'kp-stress' -> 'sensor0': phys 0000000001003000 mapped at vaddr 0000404540000000 (1 pages)
[surface] slot 6 reclaimed on owner exit — 8 pages (phys 00000000014cb000) back on the free list
[surface] pid 276 owns surface 6 (64x64) DOUBLE-BUFFERED at user vaddr 0000530000000000 (+4 pages back) (recycled pixel buffers)
[surface] slot 6 reclaimed on owner exit — 8 pages (phys 00000000014cb000) back on the free list
[kernel ] spawned pid 278 'kp-stress' caps 0000000000000040 — private PML4 @ phys 000000000143e000
[elf    ] PT_LOAD vaddr 0000500000000000 filesz 000000000001b280 memsz 000000000001b280 (ro) -> mapped USER (bounds ok)
[elf    ] PT_LOAD vaddr 000050000001c000 filesz 0000000000003f1e memsz 0000000000003f1e (ro) -> mapped USER (bounds ok)
[elf    ] PT_LOAD vaddr 0000500000020000 filesz 0000000000000284 memsz 0000000000037fe0 (rw) -> mapped USER (bounds ok)
[kernel ] spawned pid 279 'kp-stress' caps 0000000000000003 — private PML4 @ phys 0000000001644000
[elf    ] PT_LOAD vaddr 0000500000000000 filesz 000000000001b280 memsz 000000000001b280 (ro) -> mapped USER (bounds ok)
[elf    ] PT_LOAD vaddr 000050000001c000 filesz 0000000000003f1e memsz 0000000000003f1e (ro) -> mapped USER (bounds ok)
[elf    ] PT_LOAD vaddr 0000500000020000 filesz 0000000000000284 memsz 0000000000037fe0 (rw) -> mapped USER (bounds ok)
[surface] pid 278 owns surface 6 (64x64) DOUBLE-BUFFERED at user vaddr 0000530000000000 (+4 pages back) (recycled pixel buffers)
[hw     ] GRANT  pid 279 'kp-stress' -> 'sensor0': phys 0000000001003000 mapped at vaddr 00004045c0000000 (1 pages)
[surface] slot 6 reclaimed on owner exit — 8 pages (phys 00000000014cb000) back on the free list
[surface] pid 278 owns surface 6 (64x64) DOUBLE-BUFFERED at user vaddr 0000530000000000 (+4 pages back) (recycled pixel buffers)
[surface] slot 6 reclaimed on owner exit — 8 pages (phys 00000000014cb000) back on the free list
[kernel ] spawned pid 280 'kp-stress' caps 0000000000000040 — private PML4 @ phys 000000000143e000
[elf    ] PT_LOAD vaddr 0000500000000000 filesz 000000000001b280 memsz 000000000001b280 (ro) -> mapped USER (bounds ok)
[elf    ] PT_LOAD vaddr 000050000001c000 filesz 0000000000003f1e memsz 0000000000003f1e (ro) -> mapped USER (bounds ok)
[elf    ] PT_LOAD vaddr 0000500000020000 filesz 0000000000000284 memsz 0000000000037fe0 (rw) -> mapped USER (bounds ok)
[kernel ] spawned pid 281 'kp-stress' caps 0000000000000003 — private PML4 @ phys 00000000015c2000
[elf    ] PT_LOAD vaddr 0000500000000000 filesz 000000000001b280 memsz 000000000001b280 (ro) -> mapped USER (bounds ok)
[elf    ] PT_LOAD vaddr 000050000001c000 filesz 0000000000003f1e memsz 0000000000003f1e (ro) -> mapped USER (bounds ok)
[elf    ] PT_LOAD vaddr 0000500000020000 filesz 0000000000000284 memsz 0000000000037fe0 (rw) -> mapped USER (bounds ok)
[hw     ] GRANT  pid 281 'kp-stress' -> 'sensor0': phys 0000000001003000 mapped at vaddr 0000404640000000 (1 pages)
[surface] pid 280 owns surface 6 (64x64) DOUBLE-BUFFERED at user vaddr 0000530000000000 (+4 pages back) (recycled pixel buffers)
[surface] slot 6 reclaimed on owner exit — 8 pages (phys 00000000014cb000) back on the free list
[surface] pid 280 owns surface 6 (64x64) DOUBLE-BUFFERED at user vaddr 0000530000000000 (+4 pages back) (recycled pixel buffers)
[surface] slot 6 reclaimed on owner exit — 8 pages (phys 00000000014cb000) back on the free list
[kernel ] spawned pid 282 'kp-stress' caps 0000000000000040 — private PML4 @ phys 000000000143e000
[elf    ] PT_LOAD vaddr 0000500000000000 filesz 000000000001b280 memsz 000000000001b280 (ro) -> mapped USER (bounds ok)
[elf    ] PT_LOAD vaddr 000050000001c000 filesz 0000000000003f1e memsz 0000000000003f1e (ro) -> mapped USER (bounds ok)
[elf    ] PT_LOAD vaddr 0000500000020000 filesz 0000000000000284 memsz 0000000000037fe0 (rw) -> mapped USER (bounds ok)
[kernel ] spawned pid 283 'kp-stress' caps 0000000000000003 — private PML4 @ phys 000000000165e000
[elf    ] PT_LOAD vaddr 0000500000000000 filesz 000000000001b280 memsz 000000000001b280 (ro) -> mapped USER (bounds ok)
[elf    ] PT_LOAD vaddr 000050000001c000 filesz 0000000000003f1e memsz 0000000000003f1e (ro) -> mapped USER (bounds ok)
[elf    ] PT_LOAD vaddr 0000500000020000 filesz 0000000000000284 memsz 0000000000037fe0 (rw) -> mapped USER (bounds ok)
[surface] pid 282 owns surface 6 (64x64) DOUBLE-BUFFERED at user vaddr 0000530000000000 (+4 pages back) (recycled pixel buffers)
[hw     ] GRANT  pid 283 'kp-stress' -> 'sensor0': phys 0000000001003000 mapped at vaddr 00004046c0000000 (1 pages)
[surface] slot 6 reclaimed on owner exit — 8 pages (phys 00000000014cb000) back on the free list
[surface] pid 282 owns surface 6 (64x64) DOUBLE-BUFFERED at user vaddr 0000530000000000 (+4 pages back) (recycled pixel buffers)
[surface] slot 6 reclaimed on owner exit — 8 pages (phys 00000000014cb000) back on the free list
[kernel ] spawned pid 284 'kp-stress' caps 0000000000000040 — private PML4 @ phys 000000000143e000
[elf    ] PT_LOAD vaddr 0000500000000000 filesz 000000000001b280 memsz 000000000001b280 (ro) -> mapped USER (bounds ok)
[elf    ] PT_LOAD vaddr 000050000001c000 filesz 0000000000003f1e memsz 0000000000003f1e (ro) -> mapped USER (bounds ok)
[elf    ] PT_LOAD vaddr 0000500000020000 filesz 0000000000000284 memsz 0000000000037fe0 (rw) -> mapped USER (bounds ok)
[kernel ] spawned pid 285 'kp-stress' caps 0000000000000003 — private PML4 @ phys 000000000161e000
[elf    ] PT_LOAD vaddr 0000500000000000 filesz 000000000001b280 memsz 000000000001b280 (ro) -> mapped USER (bounds ok)
[elf    ] PT_LOAD vaddr 000050000001c000 filesz 0000000000003f1e memsz 0000000000003f1e (ro) -> mapped USER (bounds ok)
[elf    ] PT_LOAD vaddr 0000500000020000 filesz 0000000000000284 memsz 0000000000037fe0 (rw) -> mapped USER (bounds ok)
[hw     ] GRANT  pid 285 'kp-stress' -> 'sensor0': phys 0000000001003000 mapped at vaddr 0000404740000000 (1 pages)
[surface] pid 284 owns surface 6 (64x64) DOUBLE-BUFFERED at user vaddr 0000530000000000 (+4 pages back) (recycled pixel buffers)
[surface] slot 6 reclaimed on owner exit — 8 pages (phys 00000000014cb000) back on the free list
[surface] pid 284 owns surface 6 (64x64) DOUBLE-BUFFERED at user vaddr 0000530000000000 (+4 pages back) (recycled pixel buffers)
[surface] slot 6 reclaimed on owner exit — 8 pages (phys 00000000014cb000) back on the free list
[kernel ] spawned pid 286 'kp-stress' caps 0000000000000040 — private PML4 @ phys 000000000143e000
[elf    ] PT_LOAD vaddr 0000500000000000 filesz 000000000001b280 memsz 000000000001b280 (ro) -> mapped USER (bounds ok)
[elf    ] PT_LOAD vaddr 000050000001c000 filesz 0000000000003f1e memsz 0000000000003f1e (ro) -> mapped USER (bounds ok)
[elf    ] PT_LOAD vaddr 0000500000020000 filesz 0000000000000284 memsz 0000000000037fe0 (rw) -> mapped USER (bounds ok)
[kernel ] spawned pid 287 'kp-stress' caps 0000000000000003 — private PML4 @ phys 0000000001678000
[elf    ] PT_LOAD vaddr 0000500000000000 filesz 000000000001b280 memsz 000000000001b280 (ro) -> mapped USER (bounds ok)
[elf    ] PT_LOAD vaddr 000050000001c000 filesz 0000000000003f1e memsz 0000000000003f1e (ro) -> mapped USER (bounds ok)
[elf    ] PT_LOAD vaddr 0000500000020000 filesz 0000000000000284 memsz 0000000000037fe0 (rw) -> mapped USER (bounds ok)
[surface] pid 286 owns surface 6 (64x64) DOUBLE-BUFFERED at user vaddr 0000530000000000 (+4 pages back) (recycled pixel buffers)
[hw     ] GRANT  pid 287 'kp-stress' -> 'sensor0': phys 0000000001003000 mapped at vaddr 00004047c0000000 (1 pages)
[surface] slot 6 reclaimed on owner exit — 8 pages (phys 00000000014cb000) back on the free list
[surface] pid 286 owns surface 6 (64x64) DOUBLE-BUFFERED at user vaddr 0000530000000000 (+4 pages back) (recycled pixel buffers)
[surface] slot 6 reclaimed on owner exit — 8 pages (phys 00000000014cb000) back on the free list
[kernel ] spawned pid 288 'kp-stress' caps 0000000000000040 — private PML4 @ phys 000000000143e000
[elf    ] PT_LOAD vaddr 0000500000000000 filesz 000000000001b280 memsz 000000000001b280 (ro) -> mapped USER (bounds ok)
[elf    ] PT_LOAD vaddr 000050000001c000 filesz 0000000000003f1e memsz 0000000000003f1e (ro) -> mapped USER (bounds ok)
[elf    ] PT_LOAD vaddr 0000500000020000 filesz 0000000000000284 memsz 0000000000037fe0 (rw) -> mapped USER (bounds ok)
[kernel ] spawned pid 289 'kp-stress' caps 0000000000000003 — private PML4 @ phys 0000000001622000
[elf    ] PT_LOAD vaddr 0000500000000000 filesz 000000000001b280 memsz 000000000001b280 (ro) -> mapped USER (bounds ok)
[elf    ] PT_LOAD vaddr 000050000001c000 filesz 0000000000003f1e memsz 0000000000003f1e (ro) -> mapped USER (bounds ok)
[elf    ] PT_LOAD vaddr 0000500000020000 filesz 0000000000000284 memsz 0000000000037fe0 (rw) -> mapped USER (bounds ok)
[hw     ] GRANT  pid 289 'kp-stress' -> 'sensor0': phys 0000000001003000 mapped at vaddr 0000404840000000 (1 pages)
[surface] pid 288 owns surface 6 (64x64) DOUBLE-BUFFERED at user vaddr 0000530000000000 (+4 pages back) (recycled pixel buffers)
[surface] slot 6 reclaimed on owner exit — 8 pages (phys 00000000014cb000) back on the free list
[surface] pid 288 owns surface 6 (64x64) DOUBLE-BUFFERED at user vaddr 0000530000000000 (+4 pages back) (recycled pixel buffers)
[surface] slot 6 reclaimed on owner exit — 8 pages (phys 00000000014cb000) back on the free list
[kernel ] spawned pid 290 'kp-stress' caps 0000000000000040 — private PML4 @ phys 000000000143e000
[elf    ] PT_LOAD vaddr 0000500000000000 filesz 000000000001b280 memsz 000000000001b280 (ro) -> mapped USER (bounds ok)
[elf    ] PT_LOAD vaddr 000050000001c000 filesz 0000000000003f1e memsz 0000000000003f1e (ro) -> mapped USER (bounds ok)
[elf    ] PT_LOAD vaddr 0000500000020000 filesz 0000000000000284 memsz 0000000000037fe0 (rw) -> mapped USER (bounds ok)
[kernel ] spawned pid 291 'kp-stress' caps 0000000000000003 — private PML4 @ phys 0000000001624000
[elf    ] PT_LOAD vaddr 0000500000000000 filesz 000000000001b280 memsz 000000000001b280 (ro) -> mapped USER (bounds ok)
[elf    ] PT_LOAD vaddr 000050000001c000 filesz 0000000000003f1e memsz 0000000000003f1e (ro) -> mapped USER (bounds ok)
[elf    ] PT_LOAD vaddr 0000500000020000 filesz 0000000000000284 memsz 0000000000037fe0 (rw) -> mapped USER (bounds ok)
[surface] pid 290 owns surface 6 (64x64) DOUBLE-BUFFERED at user vaddr 0000530000000000 (+4 pages back) (recycled pixel buffers)
[hw     ] GRANT  pid 291 'kp-stress' -> 'sensor0': phys 0000000001003000 mapped at vaddr 00004048c0000000 (1 pages)
[surface] slot 6 reclaimed on owner exit — 8 pages (phys 00000000014cb000) back on the free list
[surface] pid 290 owns surface 6 (64x64) DOUBLE-BUFFERED at user vaddr 0000530000000000 (+4 pages back) (recycled pixel buffers)
[surface] slot 6 reclaimed on owner exit — 8 pages (phys 00000000014cb000) back on the free list
[kernel ] spawned pid 292 'kp-stress' caps 0000000000000040 — private PML4 @ phys 000000000143e000
[elf    ] PT_LOAD vaddr 0000500000000000 filesz 000000000001b280 memsz 000000000001b280 (ro) -> mapped USER (bounds ok)
[elf    ] PT_LOAD vaddr 000050000001c000 filesz 0000000000003f1e memsz 0000000000003f1e (ro) -> mapped USER (bounds ok)
[elf    ] PT_LOAD vaddr 0000500000020000 filesz 0000000000000284 memsz 0000000000037fe0 (rw) -> mapped USER (bounds ok)
[kernel ] spawned pid 293 'kp-stress' caps 0000000000000003 — private PML4 @ phys 0000000001668000
[elf    ] PT_LOAD vaddr 0000500000000000 filesz 000000000001b280 memsz 000000000001b280 (ro) -> mapped USER (bounds ok)
[elf    ] PT_LOAD vaddr 000050000001c000 filesz 0000000000003f1e memsz 0000000000003f1e (ro) -> mapped USER (bounds ok)
[elf    ] PT_LOAD vaddr 0000500000020000 filesz 0000000000000284 memsz 0000000000037fe0 (rw) -> mapped USER (bounds ok)
[hw     ] GRANT  pid 293 'kp-stress' -> 'sensor0': phys 0000000001003000 mapped at vaddr 0000404940000000 (1 pages)
[surface] pid 292 owns surface 6 (64x64) DOUBLE-BUFFERED at user vaddr 0000530000000000 (+4 pages back) (recycled pixel buffers)
[surface] slot 6 reclaimed on owner exit — 8 pages (phys 00000000014cb000) back on the free list
[surface] pid 292 owns surface 6 (64x64) DOUBLE-BUFFERED at user vaddr 0000530000000000 (+4 pages back) (recycled pixel buffers)
[surface] slot 6 reclaimed on owner exit — 8 pages (phys 00000000014cb000) back on the free list
[kernel ] spawned pid 294 'kp-stress' caps 0000000000000040 — private PML4 @ phys 000000000143e000
[elf    ] PT_LOAD vaddr 0000500000000000 filesz 000000000001b280 memsz 000000000001b280 (ro) -> mapped USER (bounds ok)
[elf    ] PT_LOAD vaddr 000050000001c000 filesz 0000000000003f1e memsz 0000000000003f1e (ro) -> mapped USER (bounds ok)
[elf    ] PT_LOAD vaddr 0000500000020000 filesz 0000000000000284 memsz 0000000000037fe0 (rw) -> mapped USER (bounds ok)
[kernel ] spawned pid 295 'kp-stress' caps 0000000000000003 — private PML4 @ phys 000000000163e000
[elf    ] PT_LOAD vaddr 0000500000000000 filesz 000000000001b280 memsz 000000000001b280 (ro) -> mapped USER (bounds ok)
[elf    ] PT_LOAD vaddr 000050000001c000 filesz 0000000000003f1e memsz 0000000000003f1e (ro) -> mapped USER (bounds ok)
[elf    ] PT_LOAD vaddr 0000500000020000 filesz 0000000000000284 memsz 0000000000037fe0 (rw) -> mapped USER (bounds ok)
[surface] pid 294 owns surface 6 (64x64) DOUBLE-BUFFERED at user vaddr 0000530000000000 (+4 pages back) (recycled pixel buffers)
[hw     ] GRANT  pid 295 'kp-stress' -> 'sensor0': phys 0000000001003000 mapped at vaddr 00004049c0000000 (1 pages)
[surface] slot 6 reclaimed on owner exit — 8 pages (phys 00000000014cb000) back on the free list
[surface] pid 294 owns surface 6 (64x64) DOUBLE-BUFFERED at user vaddr 0000530000000000 (+4 pages back) (recycled pixel buffers)
[surface] slot 6 reclaimed on owner exit — 8 pages (phys 00000000014cb000) back on the free list
[kernel ] spawned pid 296 'kp-stress' caps 0000000000000040 — private PML4 @ phys 000000000143e000
[elf    ] PT_LOAD vaddr 0000500000000000 filesz 000000000001b280 memsz 000000000001b280 (ro) -> mapped USER (bounds ok)
[elf    ] PT_LOAD vaddr 000050000001c000 filesz 0000000000003f1e memsz 0000000000003f1e (ro) -> mapped USER (bounds ok)
[elf    ] PT_LOAD vaddr 0000500000020000 filesz 0000000000000284 memsz 0000000000037fe0 (rw) -> mapped USER (bounds ok)
[kernel ] spawned pid 297 'kp-stress' caps 0000000000000003 — private PML4 @ phys 0000000001682000
[elf    ] PT_LOAD vaddr 0000500000000000 filesz 000000000001b280 memsz 000000000001b280 (ro) -> mapped USER (bounds ok)
[elf    ] PT_LOAD vaddr 000050000001c000 filesz 0000000000003f1e memsz 0000000000003f1e (ro) -> mapped USER (bounds ok)
[elf    ] PT_LOAD vaddr 0000500000020000 filesz 0000000000000284 memsz 0000000000037fe0 (rw) -> mapped USER (bounds ok)
[surface] pid 296 owns surface 6 (64x64) DOUBLE-BUFFERED at user vaddr 0000530000000000 (+4 pages back) (recycled pixel buffers)
[hw     ] GRANT  pid 297 'kp-stress' -> 'sensor0': phys 0000000001003000 mapped at vaddr 0000404a40000000 (1 pages)
[surface] slot 6 reclaimed on owner exit — 8 pages (phys 00000000014cb000) back on the free list
[surface] pid 296 owns surface 6 (64x64) DOUBLE-BUFFERED at user vaddr 0000530000000000 (+4 pages back) (recycled pixel buffers)
[surface] slot 6 reclaimed on owner exit — 8 pages (phys 00000000014cb000) back on the free list
[kernel ] spawned pid 298 'kp-stress' caps 0000000000000040 — private PML4 @ phys 000000000143e000
[elf    ] PT_LOAD vaddr 0000500000000000 filesz 000000000001b280 memsz 000000000001b280 (ro) -> mapped USER (bounds ok)
[elf    ] PT_LOAD vaddr 000050000001c000 filesz 0000000000003f1e memsz 0000000000003f1e (ro) -> mapped USER (bounds ok)
[elf    ] PT_LOAD vaddr 0000500000020000 filesz 0000000000000284 memsz 0000000000037fe0 (rw) -> mapped USER (bounds ok)
[kernel ] spawned pid 299 'kp-stress' caps 0000000000000003 — private PML4 @ phys 000000000162b000
[elf    ] PT_LOAD vaddr 0000500000000000 filesz 000000000001b280 memsz 000000000001b280 (ro) -> mapped USER (bounds ok)
[elf    ] PT_LOAD vaddr 000050000001c000 filesz 0000000000003f1e memsz 0000000000003f1e (ro) -> mapped USER (bounds ok)
[elf    ] PT_LOAD vaddr 0000500000020000 filesz 0000000000000284 memsz 0000000000037fe0 (rw) -> mapped USER (bounds ok)
[surface] pid 298 owns surface 6 (64x64) DOUBLE-BUFFERED at user vaddr 0000530000000000 (+4 pages back) (recycled pixel buffers)
[hw     ] GRANT  pid 299 'kp-stress' -> 'sensor0': phys 0000000001003000 mapped at vaddr 0000404ac0000000 (1 pages)
[surface] slot 6 reclaimed on owner exit — 8 pages (phys 00000000014cb000) back on the free list
[surface] pid 298 owns surface 6 (64x64) DOUBLE-BUFFERED at user vaddr 0000530000000000 (+4 pages back) (recycled pixel buffers)
[surface] slot 6 reclaimed on owner exit — 8 pages (phys 00000000014cb000) back on the free list
[kernel ] spawned pid 300 'kp-stress' caps 0000000000000040 — private PML4 @ phys 000000000143e000
[elf    ] PT_LOAD vaddr 0000500000000000 filesz 000000000001b280 memsz 000000000001b280 (ro) -> mapped USER (bounds ok)
[elf    ] PT_LOAD vaddr 000050000001c000 filesz 0000000000003f1e memsz 0000000000003f1e (ro) -> mapped USER (bounds ok)
[elf    ] PT_LOAD vaddr 0000500000020000 filesz 0000000000000284 memsz 0000000000037fe0 (rw) -> mapped USER (bounds ok)
[kernel ] spawned pid 301 'kp-stress' caps 0000000000000003 — private PML4 @ phys 0000000001686000
[elf    ] PT_LOAD vaddr 0000500000000000 filesz 000000000001b280 memsz 000000000001b280 (ro) -> mapped USER (bounds ok)
[elf    ] PT_LOAD vaddr 000050000001c000 filesz 0000000000003f1e memsz 0000000000003f1e (ro) -> mapped USER (bounds ok)
[elf    ] PT_LOAD vaddr 0000500000020000 filesz 0000000000000284 memsz 0000000000037fe0 (rw) -> mapped USER (bounds ok)
[hw     ] GRANT  pid 301 'kp-stress' -> 'sensor0': phys 0000000001003000 mapped at vaddr 0000404b40000000 (1 pages)
[surface] pid 300 owns surface 6 (64x64) DOUBLE-BUFFERED at user vaddr 0000530000000000 (+4 pages back) (recycled pixel buffers)
[surface] slot 6 reclaimed on owner exit — 8 pages (phys 00000000014cb000) back on the free list
[surface] pid 300 owns surface 6 (64x64) DOUBLE-BUFFERED at user vaddr 0000530000000000 (+4 pages back) (recycled pixel buffers)
[surface] slot 6 reclaimed on owner exit — 8 pages (phys 00000000014cb000) back on the free list
[kernel ] spawned pid 302 'kp-stress' caps 0000000000000040 — private PML4 @ phys 000000000143e000
[elf    ] PT_LOAD vaddr 0000500000000000 filesz 000000000001b280 memsz 000000000001b280 (ro) -> mapped USER (bounds ok)
[elf    ] PT_LOAD vaddr 000050000001c000 filesz 0000000000003f1e memsz 0000000000003f1e (ro) -> mapped USER (bounds ok)
[elf    ] PT_LOAD vaddr 0000500000020000 filesz 0000000000000284 memsz 0000000000037fe0 (rw) -> mapped USER (bounds ok)
[kernel ] spawned pid 303 'kp-stress' caps 0000000000000003 — private PML4 @ phys 00000000015c2000
[elf    ] PT_LOAD vaddr 0000500000000000 filesz 000000000001b280 memsz 000000000001b280 (ro) -> mapped USER (bounds ok)
[elf    ] PT_LOAD vaddr 000050000001c000 filesz 0000000000003f1e memsz 0000000000003f1e (ro) -> mapped USER (bounds ok)
[elf    ] PT_LOAD vaddr 0000500000020000 filesz 0000000000000284 memsz 0000000000037fe0 (rw) -> mapped USER (bounds ok)
[surface] pid 302 owns surface 6 (64x64) DOUBLE-BUFFERED at user vaddr 0000530000000000 (+4 pages back) (recycled pixel buffers)
[hw     ] GRANT  pid 303 'kp-stress' -> 'sensor0': phys 0000000001003000 mapped at vaddr 0000404bc0000000 (1 pages)
[surface] slot 6 reclaimed on owner exit — 8 pages (phys 00000000014cb000) back on the free list
[surface] pid 302 owns surface 6 (64x64) DOUBLE-BUFFERED at user vaddr 0000530000000000 (+4 pages back) (recycled pixel buffers)
[surface] slot 6 reclaimed on owner exit — 8 pages (phys 00000000014cb000) back on the free list
[kernel ] spawned pid 304 'kp-stress' caps 0000000000000040 — private PML4 @ phys 000000000143e000
[elf    ] PT_LOAD vaddr 0000500000000000 filesz 000000000001b280 memsz 000000000001b280 (ro) -> mapped USER (bounds ok)
[elf    ] PT_LOAD vaddr 000050000001c000 filesz 0000000000003f1e memsz 0000000000003f1e (ro) -> mapped USER (bounds ok)
[elf    ] PT_LOAD vaddr 0000500000020000 filesz 0000000000000284 memsz 0000000000037fe0 (rw) -> mapped USER (bounds ok)
[kernel ] spawned pid 305 'kp-stress' caps 0000000000000003 — private PML4 @ phys 000000000168a000
[elf    ] PT_LOAD vaddr 0000500000000000 filesz 000000000001b280 memsz 000000000001b280 (ro) -> mapped USER (bounds ok)
[elf    ] PT_LOAD vaddr 000050000001c000 filesz 0000000000003f1e memsz 0000000000003f1e (ro) -> mapped USER (bounds ok)
[elf    ] PT_LOAD vaddr 0000500000020000 filesz 0000000000000284 memsz 0000000000037fe0 (rw) -> mapped USER (bounds ok)
[surface] pid 304 owns surface 6 (64x64) DOUBLE-BUFFERED at user vaddr 0000530000000000 (+4 pages back) (recycled pixel buffers)
[hw     ] GRANT  pid 305 'kp-stress' -> 'sensor0': phys 0000000001003000 mapped at vaddr 0000404c40000000 (1 pages)
[surface] slot 6 reclaimed on owner exit — 8 pages (phys 00000000014cb000) back on the free list
[surface] pid 304 owns surface 6 (64x64) DOUBLE-BUFFERED at user vaddr 0000530000000000 (+4 pages back) (recycled pixel buffers)
[surface] slot 6 reclaimed on owner exit — 8 pages (phys 00000000014cb000) back on the free list
[kernel ] spawned pid 306 'kp-stress' caps 0000000000000040 — private PML4 @ phys 000000000143e000
[elf    ] PT_LOAD vaddr 0000500000000000 filesz 000000000001b280 memsz 000000000001b280 (ro) -> mapped USER (bounds ok)
[elf    ] PT_LOAD vaddr 000050000001c000 filesz 0000000000003f1e memsz 0000000000003f1e (ro) -> mapped USER (bounds ok)
[elf    ] PT_LOAD vaddr 0000500000020000 filesz 0000000000000284 memsz 0000000000037fe0 (rw) -> mapped USER (bounds ok)
[kernel ] spawned pid 307 'kp-stress' caps 0000000000000003 — private PML4 @ phys 000000000161e000
[elf    ] PT_LOAD vaddr 0000500000000000 filesz 000000000001b280 memsz 000000000001b280 (ro) -> mapped USER (bounds ok)
[elf    ] PT_LOAD vaddr 000050000001c000 filesz 0000000000003f1e memsz 0000000000003f1e (ro) -> mapped USER (bounds ok)
[elf    ] PT_LOAD vaddr 0000500000020000 filesz 0000000000000284 memsz 0000000000037fe0 (rw) -> mapped USER (bounds ok)
[surface] pid 306 owns surface 6 (64x64) DOUBLE-BUFFERED at user vaddr 0000530000000000 (+4 pages back) (recycled pixel buffers)
[hw     ] GRANT  pid 307 'kp-stress' -> 'sensor0': phys 0000000001003000 mapped at vaddr 0000404cc0000000 (1 pages)
[surface] slot 6 reclaimed on owner exit — 8 pages (phys 00000000014cb000) back on the free list
[surface] pid 306 owns surface 6 (64x64) DOUBLE-BUFFERED at user vaddr 0000530000000000 (+4 pages back) (recycled pixel buffers)
[surface] slot 6 reclaimed on owner exit — 8 pages (phys 00000000014cb000) back on the free list
[kernel ] spawned pid 308 'kp-stress' caps 0000000000000040 — private PML4 @ phys 000000000143e000
[elf    ] PT_LOAD vaddr 0000500000000000 filesz 000000000001b280 memsz 000000000001b280 (ro) -> mapped USER (bounds ok)
[elf    ] PT_LOAD vaddr 000050000001c000 filesz 0000000000003f1e memsz 0000000000003f1e (ro) -> mapped USER (bounds ok)
[elf    ] PT_LOAD vaddr 0000500000020000 filesz 0000000000000284 memsz 0000000000037fe0 (rw) -> mapped USER (bounds ok)
[kernel ] spawned pid 309 'kp-stress' caps 0000000000000003 — private PML4 @ phys 000000000168e000
[elf    ] PT_LOAD vaddr 0000500000000000 filesz 000000000001b280 memsz 000000000001b280 (ro) -> mapped USER (bounds ok)
[elf    ] PT_LOAD vaddr 000050000001c000 filesz 0000000000003f1e memsz 0000000000003f1e (ro) -> mapped USER (bounds ok)
[elf    ] PT_LOAD vaddr 0000500000020000 filesz 0000000000000284 memsz 0000000000037fe0 (rw) -> mapped USER (bounds ok)
[surface] pid 308 owns surface 6 (64x64) DOUBLE-BUFFERED at user vaddr 0000530000000000 (+4 pages back) (recycled pixel buffers)
[hw     ] GRANT  pid 309 'kp-stress' -> 'sensor0': phys 0000000001003000 mapped at vaddr 0000404d40000000 (1 pages)
[surface] slot 6 reclaimed on owner exit — 8 pages (phys 00000000014cb000) back on the free list
[surface] pid 308 owns surface 6 (64x64) DOUBLE-BUFFERED at user vaddr 0000530000000000 (+4 pages back) (recycled pixel buffers)
[surface] slot 6 reclaimed on owner exit — 8 pages (phys 00000000014cb000) back on the free list
[kernel ] spawned pid 310 'kp-stress' caps 0000000000000040 — private PML4 @ phys 000000000143e000
[elf    ] PT_LOAD vaddr 0000500000000000 filesz 000000000001b280 memsz 000000000001b280 (ro) -> mapped USER (bounds ok)
[elf    ] PT_LOAD vaddr 000050000001c000 filesz 0000000000003f1e memsz 0000000000003f1e (ro) -> mapped USER (bounds ok)
[elf    ] PT_LOAD vaddr 0000500000020000 filesz 0000000000000284 memsz 0000000000037fe0 (rw) -> mapped USER (bounds ok)
[kernel ] spawned pid 311 'kp-stress' caps 0000000000000003 — private PML4 @ phys 0000000001622000
[elf    ] PT_LOAD vaddr 0000500000000000 filesz 000000000001b280 memsz 000000000001b280 (ro) -> mapped USER (bounds ok)
[elf    ] PT_LOAD vaddr 000050000001c000 filesz 0000000000003f1e memsz 0000000000003f1e (ro) -> mapped USER (bounds ok)
[elf    ] PT_LOAD vaddr 0000500000020000 filesz 0000000000000284 memsz 0000000000037fe0 (rw) -> mapped USER (bounds ok)
[hw     ] GRANT  pid 311 'kp-stress' -> 'sensor0': phys 0000000001003000 mapped at vaddr 0000404dc0000000 (1 pages)
[surface] pid 310 owns surface 6 (64x64) DOUBLE-BUFFERED at user vaddr 0000530000000000 (+4 pages back) (recycled pixel buffers)
[surface] slot 6 reclaimed on owner exit — 8 pages (phys 00000000014cb000) back on the free list
[surface] pid 310 owns surface 6 (64x64) DOUBLE-BUFFERED at user vaddr 0000530000000000 (+4 pages back) (recycled pixel buffers)
[surface] slot 6 reclaimed on owner exit — 8 pages (phys 00000000014cb000) back on the free list
[kernel ] spawned pid 312 'kp-stress' caps 0000000000000040 — private PML4 @ phys 000000000143e000
[elf    ] PT_LOAD vaddr 0000500000000000 filesz 000000000001b280 memsz 000000000001b280 (ro) -> mapped USER (bounds ok)
[elf    ] PT_LOAD vaddr 000050000001c000 filesz 0000000000003f1e memsz 0000000000003f1e (ro) -> mapped USER (bounds ok)
[elf    ] PT_LOAD vaddr 0000500000020000 filesz 0000000000000284 memsz 0000000000037fe0 (rw) -> mapped USER (bounds ok)
[kernel ] spawned pid 313 'kp-stress' caps 0000000000000003 — private PML4 @ phys 0000000001624000
[elf    ] PT_LOAD vaddr 0000500000000000 filesz 000000000001b280 memsz 000000000001b280 (ro) -> mapped USER (bounds ok)
[elf    ] PT_LOAD vaddr 000050000001c000 filesz 0000000000003f1e memsz 0000000000003f1e (ro) -> mapped USER (bounds ok)
[elf    ] PT_LOAD vaddr 0000500000020000 filesz 0000000000000284 memsz 0000000000037fe0 (rw) -> mapped USER (bounds ok)
[surface] pid 312 owns surface 6 (64x64) DOUBLE-BUFFERED at user vaddr 0000530000000000 (+4 pages back) (recycled pixel buffers)
[hw     ] GRANT  pid 313 'kp-stress' -> 'sensor0': phys 0000000001003000 mapped at vaddr 0000404e40000000 (1 pages)
[surface] slot 6 reclaimed on owner exit — 8 pages (phys 00000000014cb000) back on the free list
[surface] pid 312 owns surface 6 (64x64) DOUBLE-BUFFERED at user vaddr 0000530000000000 (+4 pages back) (recycled pixel buffers)
[surface] slot 6 reclaimed on owner exit — 8 pages (phys 00000000014cb000) back on the free list
[kernel ] spawned pid 314 'kp-stress' caps 0000000000000040 — private PML4 @ phys 000000000143e000
[elf    ] PT_LOAD vaddr 0000500000000000 filesz 000000000001b280 memsz 000000000001b280 (ro) -> mapped USER (bounds ok)
[elf    ] PT_LOAD vaddr 000050000001c000 filesz 0000000000003f1e memsz 0000000000003f1e (ro) -> mapped USER (bounds ok)
[elf    ] PT_LOAD vaddr 0000500000020000 filesz 0000000000000284 memsz 0000000000037fe0 (rw) -> mapped USER (bounds ok)
[kernel ] spawned pid 315 'kp-stress' caps 0000000000000003 — private PML4 @ phys 0000000001668000
[elf    ] PT_LOAD vaddr 0000500000000000 filesz 000000000001b280 memsz 000000000001b280 (ro) -> mapped USER (bounds ok)
[elf    ] PT_LOAD vaddr 000050000001c000 filesz 0000000000003f1e memsz 0000000000003f1e (ro) -> mapped USER (bounds ok)
[elf    ] PT_LOAD vaddr 0000500000020000 filesz 0000000000000284 memsz 0000000000037fe0 (rw) -> mapped USER (bounds ok)
[hw     ] GRANT  pid 315 'kp-stress' -> 'sensor0': phys 0000000001003000 mapped at vaddr 0000404ec0000000 (1 pages)
[surface] pid 314 owns surface 6 (64x64) DOUBLE-BUFFERED at user vaddr 0000530000000000 (+4 pages back) (recycled pixel buffers)
[surface] slot 6 reclaimed on owner exit — 8 pages (phys 00000000014cb000) back on the free list
[surface] pid 314 owns surface 6 (64x64) DOUBLE-BUFFERED at user vaddr 0000530000000000 (+4 pages back) (recycled pixel buffers)
[surface] slot 6 reclaimed on owner exit — 8 pages (phys 00000000014cb000) back on the free list
[kernel ] spawned pid 316 'kp-stress' caps 0000000000000040 — private PML4 @ phys 000000000143e000
[elf    ] PT_LOAD vaddr 0000500000000000 filesz 000000000001b280 memsz 000000000001b280 (ro) -> mapped USER (bounds ok)
[elf    ] PT_LOAD vaddr 000050000001c000 filesz 0000000000003f1e memsz 0000000000003f1e (ro) -> mapped USER (bounds ok)
[elf    ] PT_LOAD vaddr 0000500000020000 filesz 0000000000000284 memsz 0000000000037fe0 (rw) -> mapped USER (bounds ok)
[kernel ] spawned pid 317 'kp-stress' caps 0000000000000003 — private PML4 @ phys 0000000001696000
[elf    ] PT_LOAD vaddr 0000500000000000 filesz 000000000001b280 memsz 000000000001b280 (ro) -> mapped USER (bounds ok)
[elf    ] PT_LOAD vaddr 000050000001c000 filesz 0000000000003f1e memsz 0000000000003f1e (ro) -> mapped USER (bounds ok)
[elf    ] PT_LOAD vaddr 0000500000020000 filesz 0000000000000284 memsz 0000000000037fe0 (rw) -> mapped USER (bounds ok)
[hw     ] GRANT  pid 317 'kp-stress' -> 'sensor0': phys 0000000001003000 mapped at vaddr 0000404f40000000 (1 pages)
[surface] pid 316 owns surface 6 (64x64) DOUBLE-BUFFERED at user vaddr 0000530000000000 (+4 pages back) (recycled pixel buffers)
[surface] slot 6 reclaimed on owner exit — 8 pages (phys 00000000014cb000) back on the free list
[surface] pid 316 owns surface 6 (64x64) DOUBLE-BUFFERED at user vaddr 0000530000000000 (+4 pages back) (recycled pixel buffers)
[surface] slot 6 reclaimed on owner exit — 8 pages (phys 00000000014cb000) back on the free list
[kernel ] spawned pid 318 'kp-stress' caps 0000000000000040 — private PML4 @ phys 000000000143e000
[elf    ] PT_LOAD vaddr 0000500000000000 filesz 000000000001b280 memsz 000000000001b280 (ro) -> mapped USER (bounds ok)
[elf    ] PT_LOAD vaddr 000050000001c000 filesz 0000000000003f1e memsz 0000000000003f1e (ro) -> mapped USER (bounds ok)
[elf    ] PT_LOAD vaddr 0000500000020000 filesz 0000000000000284 memsz 0000000000037fe0 (rw) -> mapped USER (bounds ok)
[kernel ] spawned pid 319 'kp-stress' caps 0000000000000003 — private PML4 @ phys 0000000001682000
[elf    ] PT_LOAD vaddr 0000500000000000 filesz 000000000001b280 memsz 000000000001b280 (ro) -> mapped USER (bounds ok)
[elf    ] PT_LOAD vaddr 000050000001c000 filesz 0000000000003f1e memsz 0000000000003f1e (ro) -> mapped USER (bounds ok)
[elf    ] PT_LOAD vaddr 0000500000020000 filesz 0000000000000284 memsz 0000000000037fe0 (rw) -> mapped USER (bounds ok)
[surface] pid 318 owns surface 6 (64x64) DOUBLE-BUFFERED at user vaddr 0000530000000000 (+4 pages back) (recycled pixel buffers)
[hw     ] GRANT  pid 319 'kp-stress' -> 'sensor0': phys 0000000001003000 mapped at vaddr 0000404fc0000000 (1 pages)
[surface] slot 6 reclaimed on owner exit — 8 pages (phys 00000000014cb000) back on the free list
[surface] pid 318 owns surface 6 (64x64) DOUBLE-BUFFERED at user vaddr 0000530000000000 (+4 pages back) (recycled pixel buffers)
[surface] slot 6 reclaimed on owner exit — 8 pages (phys 00000000014cb000) back on the free list
[kernel ] spawned pid 320 'kp-stress' caps 0000000000000040 — private PML4 @ phys 000000000143e000
[elf    ] PT_LOAD vaddr 0000500000000000 filesz 000000000001b280 memsz 000000000001b280 (ro) -> mapped USER (bounds ok)
[elf    ] PT_LOAD vaddr 000050000001c000 filesz 0000000000003f1e memsz 0000000000003f1e (ro) -> mapped USER (bounds ok)
[elf    ] PT_LOAD vaddr 0000500000020000 filesz 0000000000000284 memsz 0000000000037fe0 (rw) -> mapped USER (bounds ok)
[kernel ] spawned pid 321 'kp-stress' caps 0000000000000003 — private PML4 @ phys 000000000162b000
[elf    ] PT_LOAD vaddr 0000500000000000 filesz 000000000001b280 memsz 000000000001b280 (ro) -> mapped USER (bounds ok)
[elf    ] PT_LOAD vaddr 000050000001c000 filesz 0000000000003f1e memsz 0000000000003f1e (ro) -> mapped USER (bounds ok)
[elf    ] PT_LOAD vaddr 0000500000020000 filesz 0000000000000284 memsz 0000000000037fe0 (rw) -> mapped USER (bounds ok)
[hw     ] GRANT  pid 321 'kp-stress' -> 'sensor0': phys 0000000001003000 mapped at vaddr 0000405040000000 (1 pages)
[surface] pid 320 owns surface 6 (64x64) DOUBLE-BUFFERED at user vaddr 0000530000000000 (+4 pages back) (recycled pixel buffers)
[surface] slot 6 reclaimed on owner exit — 8 pages (phys 00000000014cb000) back on the free list
[surface] pid 320 owns surface 6 (64x64) DOUBLE-BUFFERED at user vaddr 0000530000000000 (+4 pages back) (recycled pixel buffers)
[surface] slot 6 reclaimed on owner exit — 8 pages (phys 00000000014cb000) back on the free list
[kernel ] spawned pid 322 'kp-stress' caps 0000000000000040 — private PML4 @ phys 000000000143e000
[elf    ] PT_LOAD vaddr 0000500000000000 filesz 000000000001b280 memsz 000000000001b280 (ro) -> mapped USER (bounds ok)
[elf    ] PT_LOAD vaddr 000050000001c000 filesz 0000000000003f1e memsz 0000000000003f1e (ro) -> mapped USER (bounds ok)
[elf    ] PT_LOAD vaddr 0000500000020000 filesz 0000000000000284 memsz 0000000000037fe0 (rw) -> mapped USER (bounds ok)
[kernel ] spawned pid 323 'kp-stress' caps 0000000000000003 — private PML4 @ phys 0000000001686000
[elf    ] PT_LOAD vaddr 0000500000000000 filesz 000000000001b280 memsz 000000000001b280 (ro) -> mapped USER (bounds ok)
[elf    ] PT_LOAD vaddr 000050000001c000 filesz 0000000000003f1e memsz 0000000000003f1e (ro) -> mapped USER (bounds ok)
[elf    ] PT_LOAD vaddr 0000500000020000 filesz 0000000000000284 memsz 0000000000037fe0 (rw) -> mapped USER (bounds ok)
[surface] pid 322 owns surface 6 (64x64) DOUBLE-BUFFERED at user vaddr 0000530000000000 (+4 pages back) (recycled pixel buffers)
[hw     ] GRANT  pid 323 'kp-stress' -> 'sensor0': phys 0000000001003000 mapped at vaddr 00004050c0000000 (1 pages)
[surface] slot 6 reclaimed on owner exit — 8 pages (phys 00000000014cb000) back on the free list
[surface] pid 322 owns surface 6 (64x64) DOUBLE-BUFFERED at user vaddr 0000530000000000 (+4 pages back) (recycled pixel buffers)
[surface] slot 6 reclaimed on owner exit — 8 pages (phys 00000000014cb000) back on the free list
[kernel ] spawned pid 324 'kp-stress' caps 0000000000000040 — private PML4 @ phys 000000000143e000
[elf    ] PT_LOAD vaddr 0000500000000000 filesz 000000000001b280 memsz 000000000001b280 (ro) -> mapped USER (bounds ok)
[elf    ] PT_LOAD vaddr 000050000001c000 filesz 0000000000003f1e memsz 0000000000003f1e (ro) -> mapped USER (bounds ok)
[elf    ] PT_LOAD vaddr 0000500000020000 filesz 0000000000000284 memsz 0000000000037fe0 (rw) -> mapped USER (bounds ok)
[kernel ] spawned pid 325 'kp-stress' caps 0000000000000003 — private PML4 @ phys 00000000015c2000
[elf    ] PT_LOAD vaddr 0000500000000000 filesz 000000000001b280 memsz 000000000001b280 (ro) -> mapped USER (bounds ok)
[elf    ] PT_LOAD vaddr 000050000001c000 filesz 0000000000003f1e memsz 0000000000003f1e (ro) -> mapped USER (bounds ok)
[elf    ] PT_LOAD vaddr 0000500000020000 filesz 0000000000000284 memsz 0000000000037fe0 (rw) -> mapped USER (bounds ok)
[hw     ] GRANT  pid 325 'kp-stress' -> 'sensor0': phys 0000000001003000 mapped at vaddr 0000405140000000 (1 pages)
[surface] pid 324 owns surface 6 (64x64) DOUBLE-BUFFERED at user vaddr 0000530000000000 (+4 pages back) (recycled pixel buffers)
[surface] slot 6 reclaimed on owner exit — 8 pages (phys 00000000014cb000) back on the free list
[surface] pid 324 owns surface 6 (64x64) DOUBLE-BUFFERED at user vaddr 0000530000000000 (+4 pages back) (recycled pixel buffers)
[surface] slot 6 reclaimed on owner exit — 8 pages (phys 00000000014cb000) back on the free list
[kernel ] spawned pid 326 'kp-stress' caps 0000000000000040 — private PML4 @ phys 000000000143e000
[elf    ] PT_LOAD vaddr 0000500000000000 filesz 000000000001b280 memsz 000000000001b280 (ro) -> mapped USER (bounds ok)
[elf    ] PT_LOAD vaddr 000050000001c000 filesz 0000000000003f1e memsz 0000000000003f1e (ro) -> mapped USER (bounds ok)
[elf    ] PT_LOAD vaddr 0000500000020000 filesz 0000000000000284 memsz 0000000000037fe0 (rw) -> mapped USER (bounds ok)
[kernel ] spawned pid 327 'kp-stress' caps 0000000000000003 — private PML4 @ phys 00000000016a0000
[elf    ] PT_LOAD vaddr 0000500000000000 filesz 000000000001b280 memsz 000000000001b280 (ro) -> mapped USER (bounds ok)
[elf    ] PT_LOAD vaddr 000050000001c000 filesz 0000000000003f1e memsz 0000000000003f1e (ro) -> mapped USER (bounds ok)
[elf    ] PT_LOAD vaddr 0000500000020000 filesz 0000000000000284 memsz 0000000000037fe0 (rw) -> mapped USER (bounds ok)
[surface] pid 326 owns surface 6 (64x64) DOUBLE-BUFFERED at user vaddr 0000530000000000 (+4 pages back) (recycled pixel buffers)
[hw     ] GRANT  pid 327 'kp-stress' -> 'sensor0': phys 0000000001003000 mapped at vaddr 00004051c0000000 (1 pages)
[surface] slot 6 reclaimed on owner exit — 8 pages (phys 00000000014cb000) back on the free list
[surface] pid 326 owns surface 6 (64x64) DOUBLE-BUFFERED at user vaddr 0000530000000000 (+4 pages back) (recycled pixel buffers)
[surface] slot 6 reclaimed on owner exit — 8 pages (phys 00000000014cb000) back on the free list
[kernel ] spawned pid 328 'kp-stress' caps 0000000000000040 — private PML4 @ phys 000000000143e000
[elf    ] PT_LOAD vaddr 0000500000000000 filesz 000000000001b280 memsz 000000000001b280 (ro) -> mapped USER (bounds ok)
[elf    ] PT_LOAD vaddr 000050000001c000 filesz 0000000000003f1e memsz 0000000000003f1e (ro) -> mapped USER (bounds ok)
[elf    ] PT_LOAD vaddr 0000500000020000 filesz 0000000000000284 memsz 0000000000037fe0 (rw) -> mapped USER (bounds ok)
[kernel ] spawned pid 329 'kp-stress' caps 0000000000000003 — private PML4 @ phys 000000000161e000
[elf    ] PT_LOAD vaddr 0000500000000000 filesz 000000000001b280 memsz 000000000001b280 (ro) -> mapped USER (bounds ok)
[elf    ] PT_LOAD vaddr 000050000001c000 filesz 0000000000003f1e memsz 0000000000003f1e (ro) -> mapped USER (bounds ok)
[elf    ] PT_LOAD vaddr 0000500000020000 filesz 0000000000000284 memsz 0000000000037fe0 (rw) -> mapped USER (bounds ok)
[hw     ] GRANT  pid 329 'kp-stress' -> 'sensor0': phys 0000000001003000 mapped at vaddr 0000405240000000 (1 pages)
[surface] pid 328 owns surface 6 (64x64) DOUBLE-BUFFERED at user vaddr 0000530000000000 (+4 pages back) (recycled pixel buffers)
[surface] slot 6 reclaimed on owner exit — 8 pages (phys 00000000014cb000) back on the free list
[surface] pid 328 owns surface 6 (64x64) DOUBLE-BUFFERED at user vaddr 0000530000000000 (+4 pages back) (recycled pixel buffers)
[surface] slot 6 reclaimed on owner exit — 8 pages (phys 00000000014cb000) back on the free list
[kernel ] spawned pid 330 'kp-stress' caps 0000000000000040 — private PML4 @ phys 000000000143e000
[elf    ] PT_LOAD vaddr 0000500000000000 filesz 000000000001b280 memsz 000000000001b280 (ro) -> mapped USER (bounds ok)
[elf    ] PT_LOAD vaddr 000050000001c000 filesz 0000000000003f1e memsz 0000000000003f1e (ro) -> mapped USER (bounds ok)
[elf    ] PT_LOAD vaddr 0000500000020000 filesz 0000000000000284 memsz 0000000000037fe0 (rw) -> mapped USER (bounds ok)
[kernel ] spawned pid 331 'kp-stress' caps 0000000000000003 — private PML4 @ phys 00000000016a4000
[elf    ] PT_LOAD vaddr 0000500000000000 filesz 000000000001b280 memsz 000000000001b280 (ro) -> mapped USER (bounds ok)
[elf    ] PT_LOAD vaddr 000050000001c000 filesz 0000000000003f1e memsz 0000000000003f1e (ro) -> mapped USER (bounds ok)
[elf    ] PT_LOAD vaddr 0000500000020000 filesz 0000000000000284 memsz 0000000000037fe0 (rw) -> mapped USER (bounds ok)
[surface] pid 330 owns surface 6 (64x64) DOUBLE-BUFFERED at user vaddr 0000530000000000 (+4 pages back) (recycled pixel buffers)
[hw     ] GRANT  pid 331 'kp-stress' -> 'sensor0': phys 0000000001003000 mapped at vaddr 00004052c0000000 (1 pages)
[surface] slot 6 reclaimed on owner exit — 8 pages (phys 00000000014cb000) back on the free list
[surface] pid 330 owns surface 6 (64x64) DOUBLE-BUFFERED at user vaddr 0000530000000000 (+4 pages back) (recycled pixel buffers)
[surface] slot 6 reclaimed on owner exit — 8 pages (phys 00000000014cb000) back on the free list
[kernel ] spawned pid 332 'kp-stress' caps 0000000000000040 — private PML4 @ phys 000000000143e000
[elf    ] PT_LOAD vaddr 0000500000000000 filesz 000000000001b280 memsz 000000000001b280 (ro) -> mapped USER (bounds ok)
[elf    ] PT_LOAD vaddr 000050000001c000 filesz 0000000000003f1e memsz 0000000000003f1e (ro) -> mapped USER (bounds ok)
[elf    ] PT_LOAD vaddr 0000500000020000 filesz 0000000000000284 memsz 0000000000037fe0 (rw) -> mapped USER (bounds ok)
[kernel ] spawned pid 333 'kp-stress' caps 0000000000000003 — private PML4 @ phys 00000000016a6000
[elf    ] PT_LOAD vaddr 0000500000000000 filesz 000000000001b280 memsz 000000000001b280 (ro) -> mapped USER (bounds ok)
[elf    ] PT_LOAD vaddr 000050000001c000 filesz 0000000000003f1e memsz 0000000000003f1e (ro) -> mapped USER (bounds ok)
[elf    ] PT_LOAD vaddr 0000500000020000 filesz 0000000000000284 memsz 0000000000037fe0 (rw) -> mapped USER (bounds ok)
[surface] pid 332 owns surface 6 (64x64) DOUBLE-BUFFERED at user vaddr 0000530000000000 (+4 pages back) (recycled pixel buffers)
[hw     ] GRANT  pid 333 'kp-stress' -> 'sensor0': phys 0000000001003000 mapped at vaddr 0000405340000000 (1 pages)
[surface] slot 6 reclaimed on owner exit — 8 pages (phys 00000000014cb000) back on the free list
[surface] pid 332 owns surface 6 (64x64) DOUBLE-BUFFERED at user vaddr 0000530000000000 (+4 pages back) (recycled pixel buffers)
[surface] slot 6 reclaimed on owner exit — 8 pages (phys 00000000014cb000) back on the free list
[kernel ] spawned pid 334 'kp-stress' caps 0000000000000040 — private PML4 @ phys 000000000143e000
[elf    ] PT_LOAD vaddr 0000500000000000 filesz 000000000001b280 memsz 000000000001b280 (ro) -> mapped USER (bounds ok)
[elf    ] PT_LOAD vaddr 000050000001c000 filesz 0000000000003f1e memsz 0000000000003f1e (ro) -> mapped USER (bounds ok)
[elf    ] PT_LOAD vaddr 0000500000020000 filesz 0000000000000284 memsz 0000000000037fe0 (rw) -> mapped USER (bounds ok)
[kernel ] spawned pid 335 'kp-stress' caps 0000000000000003 — private PML4 @ phys 0000000001624000
[elf    ] PT_LOAD vaddr 0000500000000000 filesz 000000000001b280 memsz 000000000001b280 (ro) -> mapped USER (bounds ok)
[elf    ] PT_LOAD vaddr 000050000001c000 filesz 0000000000003f1e memsz 0000000000003f1e (ro) -> mapped USER (bounds ok)
[elf    ] PT_LOAD vaddr 0000500000020000 filesz 0000000000000284 memsz 0000000000037fe0 (rw) -> mapped USER (bounds ok)
[surface] pid 334 owns surface 6 (64x64) DOUBLE-BUFFERED at user vaddr 0000530000000000 (+4 pages back) (recycled pixel buffers)
[hw     ] GRANT  pid 335 'kp-stress' -> 'sensor0': phys 0000000001003000 mapped at vaddr 00004053c0000000 (1 pages)
[surface] slot 6 reclaimed on owner exit — 8 pages (phys 00000000014cb000) back on the free list
[surface] pid 334 owns surface 6 (64x64) DOUBLE-BUFFERED at user vaddr 0000530000000000 (+4 pages back) (recycled pixel buffers)
[surface] slot 6 reclaimed on owner exit — 8 pages (phys 00000000014cb000) back on the free list
[kernel ] spawned pid 336 'kp-stress' caps 0000000000000040 — private PML4 @ phys 000000000143e000
[elf    ] PT_LOAD vaddr 0000500000000000 filesz 000000000001b280 memsz 000000000001b280 (ro) -> mapped USER (bounds ok)
[elf    ] PT_LOAD vaddr 000050000001c000 filesz 0000000000003f1e memsz 0000000000003f1e (ro) -> mapped USER (bounds ok)
[elf    ] PT_LOAD vaddr 0000500000020000 filesz 0000000000000284 memsz 0000000000037fe0 (rw) -> mapped USER (bounds ok)
[kernel ] spawned pid 337 'kp-stress' caps 0000000000000003 — private PML4 @ phys 00000000016aa000
[elf    ] PT_LOAD vaddr 0000500000000000 filesz 000000000001b280 memsz 000000000001b280 (ro) -> mapped USER (bounds ok)
[elf    ] PT_LOAD vaddr 000050000001c000 filesz 0000000000003f1e memsz 0000000000003f1e (ro) -> mapped USER (bounds ok)
[elf    ] PT_LOAD vaddr 0000500000020000 filesz 0000000000000284 memsz 0000000000037fe0 (rw) -> mapped USER (bounds ok)
[surface] pid 336 owns surface 6 (64x64) DOUBLE-BUFFERED at user vaddr 0000530000000000 (+4 pages back) (recycled pixel buffers)
[hw     ] GRANT  pid 337 'kp-stress' -> 'sensor0': phys 0000000001003000 mapped at vaddr 0000405440000000 (1 pages)
[surface] slot 6 reclaimed on owner exit — 8 pages (phys 00000000014cb000) back on the free list
[surface] pid 336 owns surface 6 (64x64) DOUBLE-BUFFERED at user vaddr 0000530000000000 (+4 pages back) (recycled pixel buffers)
[surface] slot 6 reclaimed on owner exit — 8 pages (phys 00000000014cb000) back on the free list
[kernel ] spawned pid 338 'kp-stress' caps 0000000000000040 — private PML4 @ phys 000000000143e000
[elf    ] PT_LOAD vaddr 0000500000000000 filesz 000000000001b280 memsz 000000000001b280 (ro) -> mapped USER (bounds ok)
[elf    ] PT_LOAD vaddr 000050000001c000 filesz 0000000000003f1e memsz 0000000000003f1e (ro) -> mapped USER (bounds ok)
[elf    ] PT_LOAD vaddr 0000500000020000 filesz 0000000000000284 memsz 0000000000037fe0 (rw) -> mapped USER (bounds ok)
[kernel ] spawned pid 339 'kp-stress' caps 0000000000000003 — private PML4 @ phys 0000000001696000
[elf    ] PT_LOAD vaddr 0000500000000000 filesz 000000000001b280 memsz 000000000001b280 (ro) -> mapped USER (bounds ok)
[elf    ] PT_LOAD vaddr 000050000001c000 filesz 0000000000003f1e memsz 0000000000003f1e (ro) -> mapped USER (bounds ok)
[elf    ] PT_LOAD vaddr 0000500000020000 filesz 0000000000000284 memsz 0000000000037fe0 (rw) -> mapped USER (bounds ok)
[surface] pid 338 owns surface 6 (64x64) DOUBLE-BUFFERED at user vaddr 0000530000000000 (+4 pages back) (recycled pixel buffers)
[hw     ] GRANT  pid 339 'kp-stress' -> 'sensor0': phys 0000000001003000 mapped at vaddr 00004054c0000000 (1 pages)
[surface] slot 6 reclaimed on owner exit — 8 pages (phys 00000000014cb000) back on the free list
[surface] pid 338 owns surface 6 (64x64) DOUBLE-BUFFERED at user vaddr 0000530000000000 (+4 pages back) (recycled pixel buffers)
[surface] slot 6 reclaimed on owner exit — 8 pages (phys 00000000014cb000) back on the free list
[kernel ] spawned pid 340 'kp-stress' caps 0000000000000040 — private PML4 @ phys 000000000143e000
[elf    ] PT_LOAD vaddr 0000500000000000 filesz 000000000001b280 memsz 000000000001b280 (ro) -> mapped USER (bounds ok)
[elf    ] PT_LOAD vaddr 000050000001c000 filesz 0000000000003f1e memsz 0000000000003f1e (ro) -> mapped USER (bounds ok)
[elf    ] PT_LOAD vaddr 0000500000020000 filesz 0000000000000284 memsz 0000000000037fe0 (rw) -> mapped USER (bounds ok)
[kernel ] spawned pid 341 'kp-stress' caps 0000000000000003 — private PML4 @ phys 0000000001682000
[elf    ] PT_LOAD vaddr 0000500000000000 filesz 000000000001b280 memsz 000000000001b280 (ro) -> mapped USER (bounds ok)
[elf    ] PT_LOAD vaddr 000050000001c000 filesz 0000000000003f1e memsz 0000000000003f1e (ro) -> mapped USER (bounds ok)
[elf    ] PT_LOAD vaddr 0000500000020000 filesz 0000000000000284 memsz 0000000000037fe0 (rw) -> mapped USER (bounds ok)
[surface] pid 340 owns surface 6 (64x64) DOUBLE-BUFFERED at user vaddr 0000530000000000 (+4 pages back) (recycled pixel buffers)
[hw     ] GRANT  pid 341 'kp-stress' -> 'sensor0': phys 0000000001003000 mapped at vaddr 0000405540000000 (1 pages)
[surface] slot 6 reclaimed on owner exit — 8 pages (phys 00000000014cb000) back on the free list
[surface] pid 340 owns surface 6 (64x64) DOUBLE-BUFFERED at user vaddr 0000530000000000 (+4 pages back) (recycled pixel buffers)
[surface] slot 6 reclaimed on owner exit — 8 pages (phys 00000000014cb000) back on the free list
[kernel ] spawned pid 342 'kp-stress' caps 0000000000000040 — private PML4 @ phys 000000000143e000
[elf    ] PT_LOAD vaddr 0000500000000000 filesz 000000000001b280 memsz 000000000001b280 (ro) -> mapped USER (bounds ok)
[elf    ] PT_LOAD vaddr 000050000001c000 filesz 0000000000003f1e memsz 0000000000003f1e (ro) -> mapped USER (bounds ok)
[elf    ] PT_LOAD vaddr 0000500000020000 filesz 0000000000000284 memsz 0000000000037fe0 (rw) -> mapped USER (bounds ok)
[kernel ] spawned pid 343 'kp-stress' caps 0000000000000003 — private PML4 @ phys 000000000162b000
[elf    ] PT_LOAD vaddr 0000500000000000 filesz 000000000001b280 memsz 000000000001b280 (ro) -> mapped USER (bounds ok)
[elf    ] PT_LOAD vaddr 000050000001c000 filesz 0000000000003f1e memsz 0000000000003f1e (ro) -> mapped USER (bounds ok)
[elf    ] PT_LOAD vaddr 0000500000020000 filesz 0000000000000284 memsz 0000000000037fe0 (rw) -> mapped USER (bounds ok)
[surface] pid 342 owns surface 6 (64x64) DOUBLE-BUFFERED at user vaddr 0000530000000000 (+4 pages back) (recycled pixel buffers)
[hw     ] GRANT  pid 343 'kp-stress' -> 'sensor0': phys 0000000001003000 mapped at vaddr 00004055c0000000 (1 pages)
[surface] slot 6 reclaimed on owner exit — 8 pages (phys 00000000014cb000) back on the free list
[surface] pid 342 owns surface 6 (64x64) DOUBLE-BUFFERED at user vaddr 0000530000000000 (+4 pages back) (recycled pixel buffers)
[surface] slot 6 reclaimed on owner exit — 8 pages (phys 00000000014cb000) back on the free list
[kernel ] spawned pid 344 'kp-stress' caps 0000000000000040 — private PML4 @ phys 000000000143e000
[elf    ] PT_LOAD vaddr 0000500000000000 filesz 000000000001b280 memsz 000000000001b280 (ro) -> mapped USER (bounds ok)
[elf    ] PT_LOAD vaddr 000050000001c000 filesz 0000000000003f1e memsz 0000000000003f1e (ro) -> mapped USER (bounds ok)
[elf    ] PT_LOAD vaddr 0000500000020000 filesz 0000000000000284 memsz 0000000000037fe0 (rw) -> mapped USER (bounds ok)
[kernel ] spawned pid 345 'kp-stress' caps 0000000000000003 — private PML4 @ phys 0000000001686000
[elf    ] PT_LOAD vaddr 0000500000000000 filesz 000000000001b280 memsz 000000000001b280 (ro) -> mapped USER (bounds ok)
[elf    ] PT_LOAD vaddr 000050000001c000 filesz 0000000000003f1e memsz 0000000000003f1e (ro) -> mapped USER (bounds ok)
[elf    ] PT_LOAD vaddr 0000500000020000 filesz 0000000000000284 memsz 0000000000037fe0 (rw) -> mapped USER (bounds ok)
[surface] pid 344 owns surface 6 (64x64) DOUBLE-BUFFERED at user vaddr 0000530000000000 (+4 pages back) (recycled pixel buffers)
[hw     ] GRANT  pid 345 'kp-stress' -> 'sensor0': phys 0000000001003000 mapped at vaddr 0000405640000000 (1 pages)
[surface] slot 6 reclaimed on owner exit — 8 pages (phys 00000000014cb000) back on the free list
[surface] pid 344 owns surface 6 (64x64) DOUBLE-BUFFERED at user vaddr 0000530000000000 (+4 pages back) (recycled pixel buffers)
[surface] slot 6 reclaimed on owner exit — 8 pages (phys 00000000014cb000) back on the free list
[kernel ] spawned pid 346 'kp-stress' caps 0000000000000040 — private PML4 @ phys 000000000143e000
[elf    ] PT_LOAD vaddr 0000500000000000 filesz 000000000001b280 memsz 000000000001b280 (ro) -> mapped USER (bounds ok)
[elf    ] PT_LOAD vaddr 000050000001c000 filesz 0000000000003f1e memsz 0000000000003f1e (ro) -> mapped USER (bounds ok)
[elf    ] PT_LOAD vaddr 0000500000020000 filesz 0000000000000284 memsz 0000000000037fe0 (rw) -> mapped USER (bounds ok)
[kernel ] spawned pid 347 'kp-stress' caps 0000000000000003 — private PML4 @ phys 00000000015c2000
[elf    ] PT_LOAD vaddr 0000500000000000 filesz 000000000001b280 memsz 000000000001b280 (ro) -> mapped USER (bounds ok)
[elf    ] PT_LOAD vaddr 000050000001c000 filesz 0000000000003f1e memsz 0000000000003f1e (ro) -> mapped USER (bounds ok)
[elf    ] PT_LOAD vaddr 0000500000020000 filesz 0000000000000284 memsz 0000000000037fe0 (rw) -> mapped USER (bounds ok)
[hw     ] GRANT  pid 347 'kp-stress' -> 'sensor0': phys 0000000001003000 mapped at vaddr 00004056c0000000 (1 pages)
[surface] pid 346 owns surface 6 (64x64) DOUBLE-BUFFERED at user vaddr 0000530000000000 (+4 pages back) (recycled pixel buffers)
[surface] slot 6 reclaimed on owner exit — 8 pages (phys 00000000014cb000) back on the free list
[surface] pid 346 owns surface 6 (64x64) DOUBLE-BUFFERED at user vaddr 0000530000000000 (+4 pages back) (recycled pixel buffers)
[surface] slot 6 reclaimed on owner exit — 8 pages (phys 00000000014cb000) back on the free list
[kernel ] spawned pid 348 'kp-stress' caps 0000000000000040 — private PML4 @ phys 000000000143e000
[elf    ] PT_LOAD vaddr 0000500000000000 filesz 000000000001b280 memsz 000000000001b280 (ro) -> mapped USER (bounds ok)
[elf    ] PT_LOAD vaddr 000050000001c000 filesz 0000000000003f1e memsz 0000000000003f1e (ro) -> mapped USER (bounds ok)
[elf    ] PT_LOAD vaddr 0000500000020000 filesz 0000000000000284 memsz 0000000000037fe0 (rw) -> mapped USER (bounds ok)
[kernel ] spawned pid 349 'kp-stress' caps 0000000000000003 — private PML4 @ phys 00000000016a0000
[elf    ] PT_LOAD vaddr 0000500000000000 filesz 000000000001b280 memsz 000000000001b280 (ro) -> mapped USER (bounds ok)
[elf    ] PT_LOAD vaddr 000050000001c000 filesz 0000000000003f1e memsz 0000000000003f1e (ro) -> mapped USER (bounds ok)
[elf    ] PT_LOAD vaddr 0000500000020000 filesz 0000000000000284 memsz 0000000000037fe0 (rw) -> mapped USER (bounds ok)
[surface] pid 348 owns surface 6 (64x64) DOUBLE-BUFFERED at user vaddr 0000530000000000 (+4 pages back) (recycled pixel buffers)
[hw     ] GRANT  pid 349 'kp-stress' -> 'sensor0': phys 0000000001003000 mapped at vaddr 0000405740000000 (1 pages)
[surface] slot 6 reclaimed on owner exit — 8 pages (phys 00000000014cb000) back on the free list
[surface] pid 348 owns surface 6 (64x64) DOUBLE-BUFFERED at user vaddr 0000530000000000 (+4 pages back) (recycled pixel buffers)
[surface] slot 6 reclaimed on owner exit — 8 pages (phys 00000000014cb000) back on the free list
[kernel ] spawned pid 350 'kp-stress' caps 0000000000000040 — private PML4 @ phys 000000000143e000
[elf    ] PT_LOAD vaddr 0000500000000000 filesz 000000000001b280 memsz 000000000001b280 (ro) -> mapped USER (bounds ok)
[elf    ] PT_LOAD vaddr 000050000001c000 filesz 0000000000003f1e memsz 0000000000003f1e (ro) -> mapped USER (bounds ok)
[elf    ] PT_LOAD vaddr 0000500000020000 filesz 0000000000000284 memsz 0000000000037fe0 (rw) -> mapped USER (bounds ok)
[kernel ] spawned pid 351 'kp-stress' caps 0000000000000003 — private PML4 @ phys 000000000161e000
[elf    ] PT_LOAD vaddr 0000500000000000 filesz 000000000001b280 memsz 000000000001b280 (ro) -> mapped USER (bounds ok)
[elf    ] PT_LOAD vaddr 000050000001c000 filesz 0000000000003f1e memsz 0000000000003f1e (ro) -> mapped USER (bounds ok)
[elf    ] PT_LOAD vaddr 0000500000020000 filesz 0000000000000284 memsz 0000000000037fe0 (rw) -> mapped USER (bounds ok)
[surface] pid 350 owns surface 6 (64x64) DOUBLE-BUFFERED at user vaddr 0000530000000000 (+4 pages back) (recycled pixel buffers)
[hw     ] GRANT  pid 351 'kp-stress' -> 'sensor0': phys 0000000001003000 mapped at vaddr 00004057c0000000 (1 pages)
[surface] slot 6 reclaimed on owner exit — 8 pages (phys 00000000014cb000) back on the free list
[surface] pid 350 owns surface 6 (64x64) DOUBLE-BUFFERED at user vaddr 0000530000000000 (+4 pages back) (recycled pixel buffers)
[surface] slot 6 reclaimed on owner exit — 8 pages (phys 00000000014cb000) back on the free list
[kernel ] spawned pid 352 'kp-stress' caps 0000000000000040 — private PML4 @ phys 000000000143e000
[elf    ] PT_LOAD vaddr 0000500000000000 filesz 000000000001b280 memsz 000000000001b280 (ro) -> mapped USER (bounds ok)
[elf    ] PT_LOAD vaddr 000050000001c000 filesz 0000000000003f1e memsz 0000000000003f1e (ro) -> mapped USER (bounds ok)
[elf    ] PT_LOAD vaddr 0000500000020000 filesz 0000000000000284 memsz 0000000000037fe0 (rw) -> mapped USER (bounds ok)
[kernel ] spawned pid 353 'kp-stress' caps 0000000000000003 — private PML4 @ phys 00000000016a4000
[elf    ] PT_LOAD vaddr 0000500000000000 filesz 000000000001b280 memsz 000000000001b280 (ro) -> mapped USER (bounds ok)
[elf    ] PT_LOAD vaddr 000050000001c000 filesz 0000000000003f1e memsz 0000000000003f1e (ro) -> mapped USER (bounds ok)
[elf    ] PT_LOAD vaddr 0000500000020000 filesz 0000000000000284 memsz 0000000000037fe0 (rw) -> mapped USER (bounds ok)
[surface] pid 352 owns surface 6 (64x64) DOUBLE-BUFFERED at user vaddr 0000530000000000 (+4 pages back) (recycled pixel buffers)
[hw     ] GRANT  pid 353 'kp-stress' -> 'sensor0': phys 0000000001003000 mapped at vaddr 0000405840000000 (1 pages)
[surface] slot 6 reclaimed on owner exit — 8 pages (phys 00000000014cb000) back on the free list
[surface] pid 352 owns surface 6 (64x64) DOUBLE-BUFFERED at user vaddr 0000530000000000 (+4 pages back) (recycled pixel buffers)
[surface] slot 6 reclaimed on owner exit — 8 pages (phys 00000000014cb000) back on the free list
[kernel ] spawned pid 354 'kp-stress' caps 0000000000000040 — private PML4 @ phys 000000000143e000
[elf    ] PT_LOAD vaddr 0000500000000000 filesz 000000000001b280 memsz 000000000001b280 (ro) -> mapped USER (bounds ok)
[elf    ] PT_LOAD vaddr 000050000001c000 filesz 0000000000003f1e memsz 0000000000003f1e (ro) -> mapped USER (bounds ok)
[elf    ] PT_LOAD vaddr 0000500000020000 filesz 0000000000000284 memsz 0000000000037fe0 (rw) -> mapped USER (bounds ok)
[kernel ] spawned pid 355 'kp-stress' caps 0000000000000003 — private PML4 @ phys 00000000016a6000
[elf    ] PT_LOAD vaddr 0000500000000000 filesz 000000000001b280 memsz 000000000001b280 (ro) -> mapped USER (bounds ok)
[elf    ] PT_LOAD vaddr 000050000001c000 filesz 0000000000003f1e memsz 0000000000003f1e (ro) -> mapped USER (bounds ok)
[elf    ] PT_LOAD vaddr 0000500000020000 filesz 0000000000000284 memsz 0000000000037fe0 (rw) -> mapped USER (bounds ok)
[hw     ] GRANT  pid 355 'kp-stress' -> 'sensor0': phys 0000000001003000 mapped at vaddr 00004058c0000000 (1 pages)
[surface] pid 354 owns surface 6 (64x64) DOUBLE-BUFFERED at user vaddr 0000530000000000 (+4 pages back) (recycled pixel buffers)
[surface] slot 6 reclaimed on owner exit — 8 pages (phys 00000000014cb000) back on the free list
[surface] pid 354 owns surface 6 (64x64) DOUBLE-BUFFERED at user vaddr 0000530000000000 (+4 pages back) (recycled pixel buffers)
[surface] slot 6 reclaimed on owner exit — 8 pages (phys 00000000014cb000) back on the free list
[kernel ] spawned pid 356 'kp-stress' caps 0000000000000040 — private PML4 @ phys 000000000143e000
[elf    ] PT_LOAD vaddr 0000500000000000 filesz 000000000001b280 memsz 000000000001b280 (ro) -> mapped USER (bounds ok)
[elf    ] PT_LOAD vaddr 000050000001c000 filesz 0000000000003f1e memsz 0000000000003f1e (ro) -> mapped USER (bounds ok)
[elf    ] PT_LOAD vaddr 0000500000020000 filesz 0000000000000284 memsz 0000000000037fe0 (rw) -> mapped USER (bounds ok)
[kernel ] spawned pid 357 'kp-stress' caps 0000000000000003 — private PML4 @ phys 0000000001624000
[elf    ] PT_LOAD vaddr 0000500000000000 filesz 000000000001b280 memsz 000000000001b280 (ro) -> mapped USER (bounds ok)
[elf    ] PT_LOAD vaddr 000050000001c000 filesz 0000000000003f1e memsz 0000000000003f1e (ro) -> mapped USER (bounds ok)
[elf    ] PT_LOAD vaddr 0000500000020000 filesz 0000000000000284 memsz 0000000000037fe0 (rw) -> mapped USER (bounds ok)
[hw     ] GRANT  pid 357 'kp-stress' -> 'sensor0': phys 0000000001003000 mapped at vaddr 0000405940000000 (1 pages)
[surface] pid 356 owns surface 6 (64x64) DOUBLE-BUFFERED at user vaddr 0000530000000000 (+4 pages back) (recycled pixel buffers)
[surface] slot 6 reclaimed on owner exit — 8 pages (phys 00000000014cb000) back on the free list
[surface] pid 356 owns surface 6 (64x64) DOUBLE-BUFFERED at user vaddr 0000530000000000 (+4 pages back) (recycled pixel buffers)
[surface] slot 6 reclaimed on owner exit — 8 pages (phys 00000000014cb000) back on the free list
[kernel ] spawned pid 358 'kp-stress' caps 0000000000000040 — private PML4 @ phys 000000000143e000
[elf    ] PT_LOAD vaddr 0000500000000000 filesz 000000000001b280 memsz 000000000001b280 (ro) -> mapped USER (bounds ok)
[elf    ] PT_LOAD vaddr 000050000001c000 filesz 0000000000003f1e memsz 0000000000003f1e (ro) -> mapped USER (bounds ok)
[elf    ] PT_LOAD vaddr 0000500000020000 filesz 0000000000000284 memsz 0000000000037fe0 (rw) -> mapped USER (bounds ok)
[kernel ] spawned pid 359 'kp-stress' caps 0000000000000003 — private PML4 @ phys 00000000016aa000
[elf    ] PT_LOAD vaddr 0000500000000000 filesz 000000000001b280 memsz 000000000001b280 (ro) -> mapped USER (bounds ok)
[elf    ] PT_LOAD vaddr 000050000001c000 filesz 0000000000003f1e memsz 0000000000003f1e (ro) -> mapped USER (bounds ok)
[elf    ] PT_LOAD vaddr 0000500000020000 filesz 0000000000000284 memsz 0000000000037fe0 (rw) -> mapped USER (bounds ok)
[surface] pid 358 owns surface 6 (64x64) DOUBLE-BUFFERED at user vaddr 0000530000000000 (+4 pages back) (recycled pixel buffers)
[hw     ] GRANT  pid 359 'kp-stress' -> 'sensor0': phys 0000000001003000 mapped at vaddr 00004059c0000000 (1 pages)
[surface] slot 6 reclaimed on owner exit — 8 pages (phys 00000000014cb000) back on the free list
[surface] pid 358 owns surface 6 (64x64) DOUBLE-BUFFERED at user vaddr 0000530000000000 (+4 pages back) (recycled pixel buffers)
[surface] slot 6 reclaimed on owner exit — 8 pages (phys 00000000014cb000) back on the free list
[kernel ] spawned pid 360 'kp-stress' caps 0000000000000040 — private PML4 @ phys 000000000143e000
[elf    ] PT_LOAD vaddr 0000500000000000 filesz 000000000001b280 memsz 000000000001b280 (ro) -> mapped USER (bounds ok)
[elf    ] PT_LOAD vaddr 000050000001c000 filesz 0000000000003f1e memsz 0000000000003f1e (ro) -> mapped USER (bounds ok)
[elf    ] PT_LOAD vaddr 0000500000020000 filesz 0000000000000284 memsz 0000000000037fe0 (rw) -> mapped USER (bounds ok)
[kernel ] spawned pid 361 'kp-stress' caps 0000000000000003 — private PML4 @ phys 0000000001696000
[elf    ] PT_LOAD vaddr 0000500000000000 filesz 000000000001b280 memsz 000000000001b280 (ro) -> mapped USER (bounds ok)
[elf    ] PT_LOAD vaddr 000050000001c000 filesz 0000000000003f1e memsz 0000000000003f1e (ro) -> mapped USER (bounds ok)
[elf    ] PT_LOAD vaddr 0000500000020000 filesz 0000000000000284 memsz 0000000000037fe0 (rw) -> mapped USER (bounds ok)
[hw     ] GRANT  pid 361 'kp-stress' -> 'sensor0': phys 0000000001003000 mapped at vaddr 0000405a40000000 (1 pages)
[surface] pid 360 owns surface 6 (64x64) DOUBLE-BUFFERED at user vaddr 0000530000000000 (+4 pages back) (recycled pixel buffers)
[surface] slot 6 reclaimed on owner exit — 8 pages (phys 00000000014cb000) back on the free list
[surface] pid 360 owns surface 6 (64x64) DOUBLE-BUFFERED at user vaddr 0000530000000000 (+4 pages back) (recycled pixel buffers)
[surface] slot 6 reclaimed on owner exit — 8 pages (phys 00000000014cb000) back on the free list
[kernel ] spawned pid 362 'kp-stress' caps 0000000000000040 — private PML4 @ phys 000000000143e000
[elf    ] PT_LOAD vaddr 0000500000000000 filesz 000000000001b280 memsz 000000000001b280 (ro) -> mapped USER (bounds ok)
[elf    ] PT_LOAD vaddr 000050000001c000 filesz 0000000000003f1e memsz 0000000000003f1e (ro) -> mapped USER (bounds ok)
[elf    ] PT_LOAD vaddr 0000500000020000 filesz 0000000000000284 memsz 0000000000037fe0 (rw) -> mapped USER (bounds ok)
[kernel ] spawned pid 363 'kp-stress' caps 0000000000000003 — private PML4 @ phys 0000000001682000
[elf    ] PT_LOAD vaddr 0000500000000000 filesz 000000000001b280 memsz 000000000001b280 (ro) -> mapped USER (bounds ok)
[elf    ] PT_LOAD vaddr 000050000001c000 filesz 0000000000003f1e memsz 0000000000003f1e (ro) -> mapped USER (bounds ok)
[elf    ] PT_LOAD vaddr 0000500000020000 filesz 0000000000000284 memsz 0000000000037fe0 (rw) -> mapped USER (bounds ok)
[surface] pid 362 owns surface 6 (64x64) DOUBLE-BUFFERED at user vaddr 0000530000000000 (+4 pages back) (recycled pixel buffers)
[hw     ] GRANT  pid 363 'kp-stress' -> 'sensor0': phys 0000000001003000 mapped at vaddr 0000405ac0000000 (1 pages)
[surface] slot 6 reclaimed on owner exit — 8 pages (phys 00000000014cb000) back on the free list
[surface] pid 362 owns surface 6 (64x64) DOUBLE-BUFFERED at user vaddr 0000530000000000 (+4 pages back) (recycled pixel buffers)
[surface] slot 6 reclaimed on owner exit — 8 pages (phys 00000000014cb000) back on the free list
[kernel ] spawned pid 364 'kp-stress' caps 0000000000000040 — private PML4 @ phys 000000000143e000
[elf    ] PT_LOAD vaddr 0000500000000000 filesz 000000000001b280 memsz 000000000001b280 (ro) -> mapped USER (bounds ok)
[elf    ] PT_LOAD vaddr 000050000001c000 filesz 0000000000003f1e memsz 0000000000003f1e (ro) -> mapped USER (bounds ok)
[elf    ] PT_LOAD vaddr 0000500000020000 filesz 0000000000000284 memsz 0000000000037fe0 (rw) -> mapped USER (bounds ok)
[kernel ] spawned pid 365 'kp-stress' caps 0000000000000003 — private PML4 @ phys 000000000162b000
[elf    ] PT_LOAD vaddr 0000500000000000 filesz 000000000001b280 memsz 000000000001b280 (ro) -> mapped USER (bounds ok)
[elf    ] PT_LOAD vaddr 000050000001c000 filesz 0000000000003f1e memsz 0000000000003f1e (ro) -> mapped USER (bounds ok)
[elf    ] PT_LOAD vaddr 0000500000020000 filesz 0000000000000284 memsz 0000000000037fe0 (rw) -> mapped USER (bounds ok)
[surface] pid 364 owns surface 6 (64x64) DOUBLE-BUFFERED at user vaddr 0000530000000000 (+4 pages back) (recycled pixel buffers)
[hw     ] GRANT  pid 365 'kp-stress' -> 'sensor0': phys 0000000001003000 mapped at vaddr 0000405b40000000 (1 pages)
[surface] slot 6 reclaimed on owner exit — 8 pages (phys 00000000014cb000) back on the free list
[surface] pid 364 owns surface 6 (64x64) DOUBLE-BUFFERED at user vaddr 0000530000000000 (+4 pages back) (recycled pixel buffers)
[surface] slot 6 reclaimed on owner exit — 8 pages (phys 00000000014cb000) back on the free list
[kernel ] spawned pid 366 'kp-stress' caps 0000000000000040 — private PML4 @ phys 000000000143e000
[elf    ] PT_LOAD vaddr 0000500000000000 filesz 000000000001b280 memsz 000000000001b280 (ro) -> mapped USER (bounds ok)
[elf    ] PT_LOAD vaddr 000050000001c000 filesz 0000000000003f1e memsz 0000000000003f1e (ro) -> mapped USER (bounds ok)
[elf    ] PT_LOAD vaddr 0000500000020000 filesz 0000000000000284 memsz 0000000000037fe0 (rw) -> mapped USER (bounds ok)
[kernel ] spawned pid 367 'kp-stress' caps 0000000000000003 — private PML4 @ phys 0000000001686000
[elf    ] PT_LOAD vaddr 0000500000000000 filesz 000000000001b280 memsz 000000000001b280 (ro) -> mapped USER (bounds ok)
[elf    ] PT_LOAD vaddr 000050000001c000 filesz 0000000000003f1e memsz 0000000000003f1e (ro) -> mapped USER (bounds ok)
[elf    ] PT_LOAD vaddr 0000500000020000 filesz 0000000000000284 memsz 0000000000037fe0 (rw) -> mapped USER (bounds ok)
[surface] pid 366 owns surface 6 (64x64) DOUBLE-BUFFERED at user vaddr 0000530000000000 (+4 pages back) (recycled pixel buffers)
[hw     ] GRANT  pid 367 'kp-stress' -> 'sensor0': phys 0000000001003000 mapped at vaddr 0000405bc0000000 (1 pages)
[surface] slot 6 reclaimed on owner exit — 8 pages (phys 00000000014cb000) back on the free list
[surface] pid 366 owns surface 6 (64x64) DOUBLE-BUFFERED at user vaddr 0000530000000000 (+4 pages back) (recycled pixel buffers)
[surface] slot 6 reclaimed on owner exit — 8 pages (phys 00000000014cb000) back on the free list
[kernel ] spawned pid 368 'kp-stress' caps 0000000000000040 — private PML4 @ phys 000000000143e000
[elf    ] PT_LOAD vaddr 0000500000000000 filesz 000000000001b280 memsz 000000000001b280 (ro) -> mapped USER (bounds ok)
[elf    ] PT_LOAD vaddr 000050000001c000 filesz 0000000000003f1e memsz 0000000000003f1e (ro) -> mapped USER (bounds ok)
[elf    ] PT_LOAD vaddr 0000500000020000 filesz 0000000000000284 memsz 0000000000037fe0 (rw) -> mapped USER (bounds ok)
[kernel ] spawned pid 369 'kp-stress' caps 0000000000000003 — private PML4 @ phys 00000000015c2000
[elf    ] PT_LOAD vaddr 0000500000000000 filesz 000000000001b280 memsz 000000000001b280 (ro) -> mapped USER (bounds ok)
[elf    ] PT_LOAD vaddr 000050000001c000 filesz 0000000000003f1e memsz 0000000000003f1e (ro) -> mapped USER (bounds ok)
[elf    ] PT_LOAD vaddr 0000500000020000 filesz 0000000000000284 memsz 0000000000037fe0 (rw) -> mapped USER (bounds ok)
[hw     ] GRANT  pid 369 'kp-stress' -> 'sensor0': phys 0000000001003000 mapped at vaddr 0000405c40000000 (1 pages)
[surface] pid 368 owns surface 6 (64x64) DOUBLE-BUFFERED at user vaddr 0000530000000000 (+4 pages back) (recycled pixel buffers)
[surface] slot 6 reclaimed on owner exit — 8 pages (phys 00000000014cb000) back on the free list
[surface] pid 368 owns surface 6 (64x64) DOUBLE-BUFFERED at user vaddr 0000530000000000 (+4 pages back) (recycled pixel buffers)
[surface] slot 6 reclaimed on owner exit — 8 pages (phys 00000000014cb000) back on the free list
[kernel ] spawned pid 370 'kp-stress' caps 0000000000000040 — private PML4 @ phys 000000000143e000
[elf    ] PT_LOAD vaddr 0000500000000000 filesz 000000000001b280 memsz 000000000001b280 (ro) -> mapped USER (bounds ok)
[elf    ] PT_LOAD vaddr 000050000001c000 filesz 0000000000003f1e memsz 0000000000003f1e (ro) -> mapped USER (bounds ok)
[elf    ] PT_LOAD vaddr 0000500000020000 filesz 0000000000000284 memsz 0000000000037fe0 (rw) -> mapped USER (bounds ok)
[kernel ] spawned pid 371 'kp-stress' caps 0000000000000003 — private PML4 @ phys 00000000016cc000
[elf    ] PT_LOAD vaddr 0000500000000000 filesz 000000000001b280 memsz 000000000001b280 (ro) -> mapped USER (bounds ok)
[elf    ] PT_LOAD vaddr 000050000001c000 filesz 0000000000003f1e memsz 0000000000003f1e (ro) -> mapped USER (bounds ok)
[elf    ] PT_LOAD vaddr 0000500000020000 filesz 0000000000000284 memsz 0000000000037fe0 (rw) -> mapped USER (bounds ok)
[hw     ] GRANT  pid 371 'kp-stress' -> 'sensor0': phys 0000000001003000 mapped at vaddr 0000405cc0000000 (1 pages)
[surface] pid 370 owns surface 6 (64x64) DOUBLE-BUFFERED at user vaddr 0000530000000000 (+4 pages back) (recycled pixel buffers)
[surface] slot 6 reclaimed on owner exit — 8 pages (phys 00000000014cb000) back on the free list
[surface] pid 370 owns surface 6 (64x64) DOUBLE-BUFFERED at user vaddr 0000530000000000 (+4 pages back) (recycled pixel buffers)
[surface] slot 6 reclaimed on owner exit — 8 pages (phys 00000000014cb000) back on the free list
[kpstrs] cycle 150/200 clean (slots seen so far: 3, recycled spawns: 303)
[kernel ] spawned pid 372 'kp-stress' caps 0000000000000040 — private PML4 @ phys 000000000143e000
[elf    ] PT_LOAD vaddr 0000500000000000 filesz 000000000001b280 memsz 000000000001b280 (ro) -> mapped USER (bounds ok)
[elf    ] PT_LOAD vaddr 000050000001c000 filesz 0000000000003f1e memsz 0000000000003f1e (ro) -> mapped USER (bounds ok)
[elf    ] PT_LOAD vaddr 0000500000020000 filesz 0000000000000284 memsz 0000000000037fe0 (rw) -> mapped USER (bounds ok)
[kernel ] spawned pid 373 'kp-stress' caps 0000000000000003 — private PML4 @ phys 00000000016ce000
[elf    ] PT_LOAD vaddr 0000500000000000 filesz 000000000001b280 memsz 000000000001b280 (ro) -> mapped USER (bounds ok)
[elf    ] PT_LOAD vaddr 000050000001c000 filesz 0000000000003f1e memsz 0000000000003f1e (ro) -> mapped USER (bounds ok)
[elf    ] PT_LOAD vaddr 0000500000020000 filesz 0000000000000284 memsz 0000000000037fe0 (rw) -> mapped USER (bounds ok)
[surface] pid 372 owns surface 6 (64x64) DOUBLE-BUFFERED at user vaddr 0000530000000000 (+4 pages back) (recycled pixel buffers)
[hw     ] GRANT  pid 373 'kp-stress' -> 'sensor0': phys 0000000001003000 mapped at vaddr 0000405d40000000 (1 pages)
[surface] slot 6 reclaimed on owner exit — 8 pages (phys 00000000014cb000) back on the free list
[surface] pid 372 owns surface 6 (64x64) DOUBLE-BUFFERED at user vaddr 0000530000000000 (+4 pages back) (recycled pixel buffers)
[surface] slot 6 reclaimed on owner exit — 8 pages (phys 00000000014cb000) back on the free list
[kernel ] spawned pid 374 'kp-stress' caps 0000000000000040 — private PML4 @ phys 000000000143e000
[elf    ] PT_LOAD vaddr 0000500000000000 filesz 000000000001b280 memsz 000000000001b280 (ro) -> mapped USER (bounds ok)
[elf    ] PT_LOAD vaddr 000050000001c000 filesz 0000000000003f1e memsz 0000000000003f1e (ro) -> mapped USER (bounds ok)
[elf    ] PT_LOAD vaddr 0000500000020000 filesz 0000000000000284 memsz 0000000000037fe0 (rw) -> mapped USER (bounds ok)
[kernel ] spawned pid 375 'kp-stress' caps 0000000000000003 — private PML4 @ phys 00000000016a4000
[elf    ] PT_LOAD vaddr 0000500000000000 filesz 000000000001b280 memsz 000000000001b280 (ro) -> mapped USER (bounds ok)
[elf    ] PT_LOAD vaddr 000050000001c000 filesz 0000000000003f1e memsz 0000000000003f1e (ro) -> mapped USER (bounds ok)
[elf    ] PT_LOAD vaddr 0000500000020000 filesz 0000000000000284 memsz 0000000000037fe0 (rw) -> mapped USER (bounds ok)
[surface] pid 374 owns surface 6 (64x64) DOUBLE-BUFFERED at user vaddr 0000530000000000 (+4 pages back) (recycled pixel buffers)
[hw     ] GRANT  pid 375 'kp-stress' -> 'sensor0': phys 0000000001003000 mapped at vaddr 0000405dc0000000 (1 pages)
[surface] slot 6 reclaimed on owner exit — 8 pages (phys 00000000014cb000) back on the free list
[surface] pid 374 owns surface 6 (64x64) DOUBLE-BUFFERED at user vaddr 0000530000000000 (+4 pages back) (recycled pixel buffers)
[surface] slot 6 reclaimed on owner exit — 8 pages (phys 00000000014cb000) back on the free list
[kernel ] spawned pid 376 'kp-stress' caps 0000000000000040 — private PML4 @ phys 000000000143e000
[elf    ] PT_LOAD vaddr 0000500000000000 filesz 000000000001b280 memsz 000000000001b280 (ro) -> mapped USER (bounds ok)
[elf    ] PT_LOAD vaddr 000050000001c000 filesz 0000000000003f1e memsz 0000000000003f1e (ro) -> mapped USER (bounds ok)
[elf    ] PT_LOAD vaddr 0000500000020000 filesz 0000000000000284 memsz 0000000000037fe0 (rw) -> mapped USER (bounds ok)
[kernel ] spawned pid 377 'kp-stress' caps 0000000000000003 — private PML4 @ phys 00000000016d2000
[elf    ] PT_LOAD vaddr 0000500000000000 filesz 000000000001b280 memsz 000000000001b280 (ro) -> mapped USER (bounds ok)
[elf    ] PT_LOAD vaddr 000050000001c000 filesz 0000000000003f1e memsz 0000000000003f1e (ro) -> mapped USER (bounds ok)
[elf    ] PT_LOAD vaddr 0000500000020000 filesz 0000000000000284 memsz 0000000000037fe0 (rw) -> mapped USER (bounds ok)
[hw     ] GRANT  pid 377 'kp-stress' -> 'sensor0': phys 0000000001003000 mapped at vaddr 0000405e40000000 (1 pages)
[surface] pid 376 owns surface 6 (64x64) DOUBLE-BUFFERED at user vaddr 0000530000000000 (+4 pages back) (recycled pixel buffers)
[surface] slot 6 reclaimed on owner exit — 8 pages (phys 00000000014cb000) back on the free list
[surface] pid 376 owns surface 6 (64x64) DOUBLE-BUFFERED at user vaddr 0000530000000000 (+4 pages back) (recycled pixel buffers)
[surface] slot 6 reclaimed on owner exit — 8 pages (phys 00000000014cb000) back on the free list
[kernel ] spawned pid 378 'kp-stress' caps 0000000000000040 — private PML4 @ phys 000000000143e000
[elf    ] PT_LOAD vaddr 0000500000000000 filesz 000000000001b280 memsz 000000000001b280 (ro) -> mapped USER (bounds ok)
[elf    ] PT_LOAD vaddr 000050000001c000 filesz 0000000000003f1e memsz 0000000000003f1e (ro) -> mapped USER (bounds ok)
[elf    ] PT_LOAD vaddr 0000500000020000 filesz 0000000000000284 memsz 0000000000037fe0 (rw) -> mapped USER (bounds ok)
[kernel ] spawned pid 379 'kp-stress' caps 0000000000000003 — private PML4 @ phys 0000000001624000
[elf    ] PT_LOAD vaddr 0000500000000000 filesz 000000000001b280 memsz 000000000001b280 (ro) -> mapped USER (bounds ok)
[elf    ] PT_LOAD vaddr 000050000001c000 filesz 0000000000003f1e memsz 0000000000003f1e (ro) -> mapped USER (bounds ok)
[elf    ] PT_LOAD vaddr 0000500000020000 filesz 0000000000000284 memsz 0000000000037fe0 (rw) -> mapped USER (bounds ok)
[hw     ] GRANT  pid 379 'kp-stress' -> 'sensor0': phys 0000000001003000 mapped at vaddr 0000405ec0000000 (1 pages)
[surface] pid 378 owns surface 6 (64x64) DOUBLE-BUFFERED at user vaddr 0000530000000000 (+4 pages back) (recycled pixel buffers)
[surface] slot 6 reclaimed on owner exit — 8 pages (phys 00000000014cb000) back on the free list
[surface] pid 378 owns surface 6 (64x64) DOUBLE-BUFFERED at user vaddr 0000530000000000 (+4 pages back) (recycled pixel buffers)
[surface] slot 6 reclaimed on owner exit — 8 pages (phys 00000000014cb000) back on the free list
[kernel ] spawned pid 380 'kp-stress' caps 0000000000000040 — private PML4 @ phys 000000000143e000
[elf    ] PT_LOAD vaddr 0000500000000000 filesz 000000000001b280 memsz 000000000001b280 (ro) -> mapped USER (bounds ok)
[elf    ] PT_LOAD vaddr 000050000001c000 filesz 0000000000003f1e memsz 0000000000003f1e (ro) -> mapped USER (bounds ok)
[elf    ] PT_LOAD vaddr 0000500000020000 filesz 0000000000000284 memsz 0000000000037fe0 (rw) -> mapped USER (bounds ok)
[kernel ] spawned pid 381 'kp-stress' caps 0000000000000003 — private PML4 @ phys 00000000016aa000
[elf    ] PT_LOAD vaddr 0000500000000000 filesz 000000000001b280 memsz 000000000001b280 (ro) -> mapped USER (bounds ok)
[elf    ] PT_LOAD vaddr 000050000001c000 filesz 0000000000003f1e memsz 0000000000003f1e (ro) -> mapped USER (bounds ok)
[elf    ] PT_LOAD vaddr 0000500000020000 filesz 0000000000000284 memsz 0000000000037fe0 (rw) -> mapped USER (bounds ok)
[hw     ] GRANT  pid 381 'kp-stress' -> 'sensor0': phys 0000000001003000 mapped at vaddr 0000405f40000000 (1 pages)
[surface] pid 380 owns surface 6 (64x64) DOUBLE-BUFFERED at user vaddr 0000530000000000 (+4 pages back) (recycled pixel buffers)
[surface] slot 6 reclaimed on owner exit — 8 pages (phys 00000000014cb000) back on the free list
[surface] pid 380 owns surface 6 (64x64) DOUBLE-BUFFERED at user vaddr 0000530000000000 (+4 pages back) (recycled pixel buffers)
[surface] slot 6 reclaimed on owner exit — 8 pages (phys 00000000014cb000) back on the free list
[kernel ] spawned pid 382 'kp-stress' caps 0000000000000040 — private PML4 @ phys 000000000143e000
[elf    ] PT_LOAD vaddr 0000500000000000 filesz 000000000001b280 memsz 000000000001b280 (ro) -> mapped USER (bounds ok)
[elf    ] PT_LOAD vaddr 000050000001c000 filesz 0000000000003f1e memsz 0000000000003f1e (ro) -> mapped USER (bounds ok)
[elf    ] PT_LOAD vaddr 0000500000020000 filesz 0000000000000284 memsz 0000000000037fe0 (rw) -> mapped USER (bounds ok)
[kernel ] spawned pid 383 'kp-stress' caps 0000000000000003 — private PML4 @ phys 0000000001696000
[elf    ] PT_LOAD vaddr 0000500000000000 filesz 000000000001b280 memsz 000000000001b280 (ro) -> mapped USER (bounds ok)
[elf    ] PT_LOAD vaddr 000050000001c000 filesz 0000000000003f1e memsz 0000000000003f1e (ro) -> mapped USER (bounds ok)
[elf    ] PT_LOAD vaddr 0000500000020000 filesz 0000000000000284 memsz 0000000000037fe0 (rw) -> mapped USER (bounds ok)
[surface] pid 382 owns surface 6 (64x64) DOUBLE-BUFFERED at user vaddr 0000530000000000 (+4 pages back) (recycled pixel buffers)
[hw     ] GRANT  pid 383 'kp-stress' -> 'sensor0': phys 0000000001003000 mapped at vaddr 0000405fc0000000 (1 pages)
[surface] slot 6 reclaimed on owner exit — 8 pages (phys 00000000014cb000) back on the free list
[surface] pid 382 owns surface 6 (64x64) DOUBLE-BUFFERED at user vaddr 0000530000000000 (+4 pages back) (recycled pixel buffers)
[surface] slot 6 reclaimed on owner exit — 8 pages (phys 00000000014cb000) back on the free list
[kernel ] spawned pid 384 'kp-stress' caps 0000000000000040 — private PML4 @ phys 000000000143e000
[elf    ] PT_LOAD vaddr 0000500000000000 filesz 000000000001b280 memsz 000000000001b280 (ro) -> mapped USER (bounds ok)
[elf    ] PT_LOAD vaddr 000050000001c000 filesz 0000000000003f1e memsz 0000000000003f1e (ro) -> mapped USER (bounds ok)
[elf    ] PT_LOAD vaddr 0000500000020000 filesz 0000000000000284 memsz 0000000000037fe0 (rw) -> mapped USER (bounds ok)
[kernel ] spawned pid 385 'kp-stress' caps 0000000000000003 — private PML4 @ phys 00000000016da000
[elf    ] PT_LOAD vaddr 0000500000000000 filesz 000000000001b280 memsz 000000000001b280 (ro) -> mapped USER (bounds ok)
[elf    ] PT_LOAD vaddr 000050000001c000 filesz 0000000000003f1e memsz 0000000000003f1e (ro) -> mapped USER (bounds ok)
[elf    ] PT_LOAD vaddr 0000500000020000 filesz 0000000000000284 memsz 0000000000037fe0 (rw) -> mapped USER (bounds ok)
[surface] pid 384 owns surface 6 (64x64) DOUBLE-BUFFERED at user vaddr 0000530000000000 (+4 pages back) (recycled pixel buffers)
[hw     ] GRANT  pid 385 'kp-stress' -> 'sensor0': phys 0000000001003000 mapped at vaddr 0000406040000000 (1 pages)
[surface] slot 6 reclaimed on owner exit — 8 pages (phys 00000000014cb000) back on the free list
[surface] pid 384 owns surface 6 (64x64) DOUBLE-BUFFERED at user vaddr 0000530000000000 (+4 pages back) (recycled pixel buffers)
[surface] slot 6 reclaimed on owner exit — 8 pages (phys 00000000014cb000) back on the free list
[kernel ] spawned pid 386 'kp-stress' caps 0000000000000040 — private PML4 @ phys 000000000143e000
[elf    ] PT_LOAD vaddr 0000500000000000 filesz 000000000001b280 memsz 000000000001b280 (ro) -> mapped USER (bounds ok)
[elf    ] PT_LOAD vaddr 000050000001c000 filesz 0000000000003f1e memsz 0000000000003f1e (ro) -> mapped USER (bounds ok)
[elf    ] PT_LOAD vaddr 0000500000020000 filesz 0000000000000284 memsz 0000000000037fe0 (rw) -> mapped USER (bounds ok)
[kernel ] spawned pid 387 'kp-stress' caps 0000000000000003 — private PML4 @ phys 00000000016dc000
[elf    ] PT_LOAD vaddr 0000500000000000 filesz 000000000001b280 memsz 000000000001b280 (ro) -> mapped USER (bounds ok)
[elf    ] PT_LOAD vaddr 000050000001c000 filesz 0000000000003f1e memsz 0000000000003f1e (ro) -> mapped USER (bounds ok)
[elf    ] PT_LOAD vaddr 0000500000020000 filesz 0000000000000284 memsz 0000000000037fe0 (rw) -> mapped USER (bounds ok)
[hw     ] GRANT  pid 387 'kp-stress' -> 'sensor0': phys 0000000001003000 mapped at vaddr 00004060c0000000 (1 pages)
[surface] pid 386 owns surface 6 (64x64) DOUBLE-BUFFERED at user vaddr 0000530000000000 (+4 pages back) (recycled pixel buffers)
[surface] slot 6 reclaimed on owner exit — 8 pages (phys 00000000014cb000) back on the free list
[surface] pid 386 owns surface 6 (64x64) DOUBLE-BUFFERED at user vaddr 0000530000000000 (+4 pages back) (recycled pixel buffers)
[surface] slot 6 reclaimed on owner exit — 8 pages (phys 00000000014cb000) back on the free list
[kernel ] spawned pid 388 'kp-stress' caps 0000000000000040 — private PML4 @ phys 000000000143e000
[elf    ] PT_LOAD vaddr 0000500000000000 filesz 000000000001b280 memsz 000000000001b280 (ro) -> mapped USER (bounds ok)
[elf    ] PT_LOAD vaddr 000050000001c000 filesz 0000000000003f1e memsz 0000000000003f1e (ro) -> mapped USER (bounds ok)
[elf    ] PT_LOAD vaddr 0000500000020000 filesz 0000000000000284 memsz 0000000000037fe0 (rw) -> mapped USER (bounds ok)
[kernel ] spawned pid 389 'kp-stress' caps 0000000000000003 — private PML4 @ phys 0000000001686000
[elf    ] PT_LOAD vaddr 0000500000000000 filesz 000000000001b280 memsz 000000000001b280 (ro) -> mapped USER (bounds ok)
[elf    ] PT_LOAD vaddr 000050000001c000 filesz 0000000000003f1e memsz 0000000000003f1e (ro) -> mapped USER (bounds ok)
[elf    ] PT_LOAD vaddr 0000500000020000 filesz 0000000000000284 memsz 0000000000037fe0 (rw) -> mapped USER (bounds ok)
[surface] pid 388 owns surface 6 (64x64) DOUBLE-BUFFERED at user vaddr 0000530000000000 (+4 pages back) (recycled pixel buffers)
[hw     ] GRANT  pid 389 'kp-stress' -> 'sensor0': phys 0000000001003000 mapped at vaddr 0000406140000000 (1 pages)
[surface] slot 6 reclaimed on owner exit — 8 pages (phys 00000000014cb000) back on the free list
[surface] pid 388 owns surface 6 (64x64) DOUBLE-BUFFERED at user vaddr 0000530000000000 (+4 pages back) (recycled pixel buffers)
[surface] slot 6 reclaimed on owner exit — 8 pages (phys 00000000014cb000) back on the free list
[kernel ] spawned pid 390 'kp-stress' caps 0000000000000040 — private PML4 @ phys 000000000143e000
[elf    ] PT_LOAD vaddr 0000500000000000 filesz 000000000001b280 memsz 000000000001b280 (ro) -> mapped USER (bounds ok)
[elf    ] PT_LOAD vaddr 000050000001c000 filesz 0000000000003f1e memsz 0000000000003f1e (ro) -> mapped USER (bounds ok)
[elf    ] PT_LOAD vaddr 0000500000020000 filesz 0000000000000284 memsz 0000000000037fe0 (rw) -> mapped USER (bounds ok)
[kernel ] spawned pid 391 'kp-stress' caps 0000000000000003 — private PML4 @ phys 00000000015c2000
[elf    ] PT_LOAD vaddr 0000500000000000 filesz 000000000001b280 memsz 000000000001b280 (ro) -> mapped USER (bounds ok)
[elf    ] PT_LOAD vaddr 000050000001c000 filesz 0000000000003f1e memsz 0000000000003f1e (ro) -> mapped USER (bounds ok)
[elf    ] PT_LOAD vaddr 0000500000020000 filesz 0000000000000284 memsz 0000000000037fe0 (rw) -> mapped USER (bounds ok)
[hw     ] GRANT  pid 391 'kp-stress' -> 'sensor0': phys 0000000001003000 mapped at vaddr 00004061c0000000 (1 pages)
[surface] pid 390 owns surface 6 (64x64) DOUBLE-BUFFERED at user vaddr 0000530000000000 (+4 pages back) (recycled pixel buffers)
[surface] slot 6 reclaimed on owner exit — 8 pages (phys 00000000014cb000) back on the free list
[surface] pid 390 owns surface 6 (64x64) DOUBLE-BUFFERED at user vaddr 0000530000000000 (+4 pages back) (recycled pixel buffers)
[surface] slot 6 reclaimed on owner exit — 8 pages (phys 00000000014cb000) back on the free list
[kernel ] spawned pid 392 'kp-stress' caps 0000000000000040 — private PML4 @ phys 000000000143e000
[elf    ] PT_LOAD vaddr 0000500000000000 filesz 000000000001b280 memsz 000000000001b280 (ro) -> mapped USER (bounds ok)
[elf    ] PT_LOAD vaddr 000050000001c000 filesz 0000000000003f1e memsz 0000000000003f1e (ro) -> mapped USER (bounds ok)
[elf    ] PT_LOAD vaddr 0000500000020000 filesz 0000000000000284 memsz 0000000000037fe0 (rw) -> mapped USER (bounds ok)
[kernel ] spawned pid 393 'kp-stress' caps 0000000000000003 — private PML4 @ phys 00000000016e2000
[elf    ] PT_LOAD vaddr 0000500000000000 filesz 000000000001b280 memsz 000000000001b280 (ro) -> mapped USER (bounds ok)
[elf    ] PT_LOAD vaddr 000050000001c000 filesz 0000000000003f1e memsz 0000000000003f1e (ro) -> mapped USER (bounds ok)
[elf    ] PT_LOAD vaddr 0000500000020000 filesz 0000000000000284 memsz 0000000000037fe0 (rw) -> mapped USER (bounds ok)
[surface] pid 392 owns surface 6 (64x64) DOUBLE-BUFFERED at user vaddr 0000530000000000 (+4 pages back) (recycled pixel buffers)
[hw     ] GRANT  pid 393 'kp-stress' -> 'sensor0': phys 0000000001003000 mapped at vaddr 0000406240000000 (1 pages)
[surface] slot 6 reclaimed on owner exit — 8 pages (phys 00000000014cb000) back on the free list
[surface] pid 392 owns surface 6 (64x64) DOUBLE-BUFFERED at user vaddr 0000530000000000 (+4 pages back) (recycled pixel buffers)
[surface] slot 6 reclaimed on owner exit — 8 pages (phys 00000000014cb000) back on the free list
[kernel ] spawned pid 394 'kp-stress' caps 0000000000000040 — private PML4 @ phys 000000000143e000
[elf    ] PT_LOAD vaddr 0000500000000000 filesz 000000000001b280 memsz 000000000001b280 (ro) -> mapped USER (bounds ok)
[elf    ] PT_LOAD vaddr 000050000001c000 filesz 0000000000003f1e memsz 0000000000003f1e (ro) -> mapped USER (bounds ok)
[elf    ] PT_LOAD vaddr 0000500000020000 filesz 0000000000000284 memsz 0000000000037fe0 (rw) -> mapped USER (bounds ok)
[kernel ] spawned pid 395 'kp-stress' caps 0000000000000003 — private PML4 @ phys 00000000016e4000
[elf    ] PT_LOAD vaddr 0000500000000000 filesz 000000000001b280 memsz 000000000001b280 (ro) -> mapped USER (bounds ok)
[elf    ] PT_LOAD vaddr 000050000001c000 filesz 0000000000003f1e memsz 0000000000003f1e (ro) -> mapped USER (bounds ok)
[elf    ] PT_LOAD vaddr 0000500000020000 filesz 0000000000000284 memsz 0000000000037fe0 (rw) -> mapped USER (bounds ok)
[surface] pid 394 owns surface 6 (64x64) DOUBLE-BUFFERED at user vaddr 0000530000000000 (+4 pages back) (recycled pixel buffers)
[hw     ] GRANT  pid 395 'kp-stress' -> 'sensor0': phys 0000000001003000 mapped at vaddr 00004062c0000000 (1 pages)
[surface] slot 6 reclaimed on owner exit — 8 pages (phys 00000000014cb000) back on the free list
[surface] pid 394 owns surface 6 (64x64) DOUBLE-BUFFERED at user vaddr 0000530000000000 (+4 pages back) (recycled pixel buffers)
[surface] slot 6 reclaimed on owner exit — 8 pages (phys 00000000014cb000) back on the free list
[kernel ] spawned pid 396 'kp-stress' caps 0000000000000040 — private PML4 @ phys 000000000143e000
[elf    ] PT_LOAD vaddr 0000500000000000 filesz 000000000001b280 memsz 000000000001b280 (ro) -> mapped USER (bounds ok)
[elf    ] PT_LOAD vaddr 000050000001c000 filesz 0000000000003f1e memsz 0000000000003f1e (ro) -> mapped USER (bounds ok)
[elf    ] PT_LOAD vaddr 0000500000020000 filesz 0000000000000284 memsz 0000000000037fe0 (rw) -> mapped USER (bounds ok)
[kernel ] spawned pid 397 'kp-stress' caps 0000000000000003 — private PML4 @ phys 00000000016e6000
[elf    ] PT_LOAD vaddr 0000500000000000 filesz 000000000001b280 memsz 000000000001b280 (ro) -> mapped USER (bounds ok)
[elf    ] PT_LOAD vaddr 000050000001c000 filesz 0000000000003f1e memsz 0000000000003f1e (ro) -> mapped USER (bounds ok)
[elf    ] PT_LOAD vaddr 0000500000020000 filesz 0000000000000284 memsz 0000000000037fe0 (rw) -> mapped USER (bounds ok)
[surface] pid 396 owns surface 6 (64x64) DOUBLE-BUFFERED at user vaddr 0000530000000000 (+4 pages back) (recycled pixel buffers)
[hw     ] GRANT  pid 397 'kp-stress' -> 'sensor0': phys 0000000001003000 mapped at vaddr 0000406340000000 (1 pages)
[surface] slot 6 reclaimed on owner exit — 8 pages (phys 00000000014cb000) back on the free list
[surface] pid 396 owns surface 6 (64x64) DOUBLE-BUFFERED at user vaddr 0000530000000000 (+4 pages back) (recycled pixel buffers)
[surface] slot 6 reclaimed on owner exit — 8 pages (phys 00000000014cb000) back on the free list
[kernel ] spawned pid 398 'kp-stress' caps 0000000000000040 — private PML4 @ phys 000000000143e000
[elf    ] PT_LOAD vaddr 0000500000000000 filesz 000000000001b280 memsz 000000000001b280 (ro) -> mapped USER (bounds ok)
[elf    ] PT_LOAD vaddr 000050000001c000 filesz 0000000000003f1e memsz 0000000000003f1e (ro) -> mapped USER (bounds ok)
[elf    ] PT_LOAD vaddr 0000500000020000 filesz 0000000000000284 memsz 0000000000037fe0 (rw) -> mapped USER (bounds ok)
[kernel ] spawned pid 399 'kp-stress' caps 0000000000000003 — private PML4 @ phys 00000000016d2000
[elf    ] PT_LOAD vaddr 0000500000000000 filesz 000000000001b280 memsz 000000000001b280 (ro) -> mapped USER (bounds ok)
[elf    ] PT_LOAD vaddr 000050000001c000 filesz 0000000000003f1e memsz 0000000000003f1e (ro) -> mapped USER (bounds ok)
[elf    ] PT_LOAD vaddr 0000500000020000 filesz 0000000000000284 memsz 0000000000037fe0 (rw) -> mapped USER (bounds ok)
[hw     ] GRANT  pid 399 'kp-stress' -> 'sensor0': phys 0000000001003000 mapped at vaddr 00004063c0000000 (1 pages)
[surface] pid 398 owns surface 6 (64x64) DOUBLE-BUFFERED at user vaddr 0000530000000000 (+4 pages back) (recycled pixel buffers)
[surface] slot 6 reclaimed on owner exit — 8 pages (phys 00000000014cb000) back on the free list
[surface] pid 398 owns surface 6 (64x64) DOUBLE-BUFFERED at user vaddr 0000530000000000 (+4 pages back) (recycled pixel buffers)
[surface] slot 6 reclaimed on owner exit — 8 pages (phys 00000000014cb000) back on the free list
[kernel ] spawned pid 400 'kp-stress' caps 0000000000000040 — private PML4 @ phys 000000000143e000
[elf    ] PT_LOAD vaddr 0000500000000000 filesz 000000000001b280 memsz 000000000001b280 (ro) -> mapped USER (bounds ok)
[elf    ] PT_LOAD vaddr 000050000001c000 filesz 0000000000003f1e memsz 0000000000003f1e (ro) -> mapped USER (bounds ok)
[elf    ] PT_LOAD vaddr 0000500000020000 filesz 0000000000000284 memsz 0000000000037fe0 (rw) -> mapped USER (bounds ok)
[kernel ] spawned pid 401 'kp-stress' caps 0000000000000003 — private PML4 @ phys 0000000001624000
[elf    ] PT_LOAD vaddr 0000500000000000 filesz 000000000001b280 memsz 000000000001b280 (ro) -> mapped USER (bounds ok)
[elf    ] PT_LOAD vaddr 000050000001c000 filesz 0000000000003f1e memsz 0000000000003f1e (ro) -> mapped USER (bounds ok)
[elf    ] PT_LOAD vaddr 0000500000020000 filesz 0000000000000284 memsz 0000000000037fe0 (rw) -> mapped USER (bounds ok)
[surface] pid 400 owns surface 6 (64x64) DOUBLE-BUFFERED at user vaddr 0000530000000000 (+4 pages back) (recycled pixel buffers)
[hw     ] GRANT  pid 401 'kp-stress' -> 'sensor0': phys 0000000001003000 mapped at vaddr 0000406440000000 (1 pages)
[surface] slot 6 reclaimed on owner exit — 8 pages (phys 00000000014cb000) back on the free list
[surface] pid 400 owns surface 6 (64x64) DOUBLE-BUFFERED at user vaddr 0000530000000000 (+4 pages back) (recycled pixel buffers)
[surface] slot 6 reclaimed on owner exit — 8 pages (phys 00000000014cb000) back on the free list
[kernel ] spawned pid 402 'kp-stress' caps 0000000000000040 — private PML4 @ phys 000000000143e000
[elf    ] PT_LOAD vaddr 0000500000000000 filesz 000000000001b280 memsz 000000000001b280 (ro) -> mapped USER (bounds ok)
[elf    ] PT_LOAD vaddr 000050000001c000 filesz 0000000000003f1e memsz 0000000000003f1e (ro) -> mapped USER (bounds ok)
[elf    ] PT_LOAD vaddr 0000500000020000 filesz 0000000000000284 memsz 0000000000037fe0 (rw) -> mapped USER (bounds ok)
[kernel ] spawned pid 403 'kp-stress' caps 0000000000000003 — private PML4 @ phys 00000000016ec000
[elf    ] PT_LOAD vaddr 0000500000000000 filesz 000000000001b280 memsz 000000000001b280 (ro) -> mapped USER (bounds ok)
[elf    ] PT_LOAD vaddr 000050000001c000 filesz 0000000000003f1e memsz 0000000000003f1e (ro) -> mapped USER (bounds ok)
[elf    ] PT_LOAD vaddr 0000500000020000 filesz 0000000000000284 memsz 0000000000037fe0 (rw) -> mapped USER (bounds ok)
[surface] pid 402 owns surface 6 (64x64) DOUBLE-BUFFERED at user vaddr 0000530000000000 (+4 pages back) (recycled pixel buffers)
[hw     ] GRANT  pid 403 'kp-stress' -> 'sensor0': phys 0000000001003000 mapped at vaddr 00004064c0000000 (1 pages)
[surface] slot 6 reclaimed on owner exit — 8 pages (phys 00000000014cb000) back on the free list
[surface] pid 402 owns surface 6 (64x64) DOUBLE-BUFFERED at user vaddr 0000530000000000 (+4 pages back) (recycled pixel buffers)
[surface] slot 6 reclaimed on owner exit — 8 pages (phys 00000000014cb000) back on the free list
[kernel ] spawned pid 404 'kp-stress' caps 0000000000000040 — private PML4 @ phys 000000000143e000
[elf    ] PT_LOAD vaddr 0000500000000000 filesz 000000000001b280 memsz 000000000001b280 (ro) -> mapped USER (bounds ok)
[elf    ] PT_LOAD vaddr 000050000001c000 filesz 0000000000003f1e memsz 0000000000003f1e (ro) -> mapped USER (bounds ok)
[elf    ] PT_LOAD vaddr 0000500000020000 filesz 0000000000000284 memsz 0000000000037fe0 (rw) -> mapped USER (bounds ok)
[kernel ] spawned pid 405 'kp-stress' caps 0000000000000003 — private PML4 @ phys 0000000001696000
[elf    ] PT_LOAD vaddr 0000500000000000 filesz 000000000001b280 memsz 000000000001b280 (ro) -> mapped USER (bounds ok)
[elf    ] PT_LOAD vaddr 000050000001c000 filesz 0000000000003f1e memsz 0000000000003f1e (ro) -> mapped USER (bounds ok)
[elf    ] PT_LOAD vaddr 0000500000020000 filesz 0000000000000284 memsz 0000000000037fe0 (rw) -> mapped USER (bounds ok)
[hw     ] GRANT  pid 405 'kp-stress' -> 'sensor0': phys 0000000001003000 mapped at vaddr 0000406540000000 (1 pages)
[surface] pid 404 owns surface 6 (64x64) DOUBLE-BUFFERED at user vaddr 0000530000000000 (+4 pages back) (recycled pixel buffers)
[surface] slot 6 reclaimed on owner exit — 8 pages (phys 00000000014cb000) back on the free list
[surface] pid 404 owns surface 6 (64x64) DOUBLE-BUFFERED at user vaddr 0000530000000000 (+4 pages back) (recycled pixel buffers)
[surface] slot 6 reclaimed on owner exit — 8 pages (phys 00000000014cb000) back on the free list
[kernel ] spawned pid 406 'kp-stress' caps 0000000000000040 — private PML4 @ phys 000000000143e000
[elf    ] PT_LOAD vaddr 0000500000000000 filesz 000000000001b280 memsz 000000000001b280 (ro) -> mapped USER (bounds ok)
[elf    ] PT_LOAD vaddr 000050000001c000 filesz 0000000000003f1e memsz 0000000000003f1e (ro) -> mapped USER (bounds ok)
[elf    ] PT_LOAD vaddr 0000500000020000 filesz 0000000000000284 memsz 0000000000037fe0 (rw) -> mapped USER (bounds ok)
[kernel ] spawned pid 407 'kp-stress' caps 0000000000000003 — private PML4 @ phys 00000000016f0000
[elf    ] PT_LOAD vaddr 0000500000000000 filesz 000000000001b280 memsz 000000000001b280 (ro) -> mapped USER (bounds ok)
[elf    ] PT_LOAD vaddr 000050000001c000 filesz 0000000000003f1e memsz 0000000000003f1e (ro) -> mapped USER (bounds ok)
[elf    ] PT_LOAD vaddr 0000500000020000 filesz 0000000000000284 memsz 0000000000037fe0 (rw) -> mapped USER (bounds ok)
[hw     ] GRANT  pid 407 'kp-stress' -> 'sensor0': phys 0000000001003000 mapped at vaddr 00004065c0000000 (1 pages)
[surface] pid 406 owns surface 6 (64x64) DOUBLE-BUFFERED at user vaddr 0000530000000000 (+4 pages back) (recycled pixel buffers)
[surface] slot 6 reclaimed on owner exit — 8 pages (phys 00000000014cb000) back on the free list
[surface] pid 406 owns surface 6 (64x64) DOUBLE-BUFFERED at user vaddr 0000530000000000 (+4 pages back) (recycled pixel buffers)
[surface] slot 6 reclaimed on owner exit — 8 pages (phys 00000000014cb000) back on the free list
[kernel ] spawned pid 408 'kp-stress' caps 0000000000000040 — private PML4 @ phys 000000000143e000
[elf    ] PT_LOAD vaddr 0000500000000000 filesz 000000000001b280 memsz 000000000001b280 (ro) -> mapped USER (bounds ok)
[elf    ] PT_LOAD vaddr 000050000001c000 filesz 0000000000003f1e memsz 0000000000003f1e (ro) -> mapped USER (bounds ok)
[elf    ] PT_LOAD vaddr 0000500000020000 filesz 0000000000000284 memsz 0000000000037fe0 (rw) -> mapped USER (bounds ok)
[kernel ] spawned pid 409 'kp-stress' caps 0000000000000003 — private PML4 @ phys 00000000016dc000
[elf    ] PT_LOAD vaddr 0000500000000000 filesz 000000000001b280 memsz 000000000001b280 (ro) -> mapped USER (bounds ok)
[elf    ] PT_LOAD vaddr 000050000001c000 filesz 0000000000003f1e memsz 0000000000003f1e (ro) -> mapped USER (bounds ok)
[elf    ] PT_LOAD vaddr 0000500000020000 filesz 0000000000000284 memsz 0000000000037fe0 (rw) -> mapped USER (bounds ok)
[hw     ] GRANT  pid 409 'kp-stress' -> 'sensor0': phys 0000000001003000 mapped at vaddr 0000406640000000 (1 pages)
[surface] pid 408 owns surface 6 (64x64) DOUBLE-BUFFERED at user vaddr 0000530000000000 (+4 pages back) (recycled pixel buffers)
[surface] slot 6 reclaimed on owner exit — 8 pages (phys 00000000014cb000) back on the free list
[surface] pid 408 owns surface 6 (64x64) DOUBLE-BUFFERED at user vaddr 0000530000000000 (+4 pages back) (recycled pixel buffers)
[surface] slot 6 reclaimed on owner exit — 8 pages (phys 00000000014cb000) back on the free list
[kernel ] spawned pid 410 'kp-stress' caps 0000000000000040 — private PML4 @ phys 000000000143e000
[elf    ] PT_LOAD vaddr 0000500000000000 filesz 000000000001b280 memsz 000000000001b280 (ro) -> mapped USER (bounds ok)
[elf    ] PT_LOAD vaddr 000050000001c000 filesz 0000000000003f1e memsz 0000000000003f1e (ro) -> mapped USER (bounds ok)
[elf    ] PT_LOAD vaddr 0000500000020000 filesz 0000000000000284 memsz 0000000000037fe0 (rw) -> mapped USER (bounds ok)
[kernel ] spawned pid 411 'kp-stress' caps 0000000000000003 — private PML4 @ phys 0000000001686000
[elf    ] PT_LOAD vaddr 0000500000000000 filesz 000000000001b280 memsz 000000000001b280 (ro) -> mapped USER (bounds ok)
[elf    ] PT_LOAD vaddr 000050000001c000 filesz 0000000000003f1e memsz 0000000000003f1e (ro) -> mapped USER (bounds ok)
[elf    ] PT_LOAD vaddr 0000500000020000 filesz 0000000000000284 memsz 0000000000037fe0 (rw) -> mapped USER (bounds ok)
[surface] pid 410 owns surface 6 (64x64) DOUBLE-BUFFERED at user vaddr 0000530000000000 (+4 pages back) (recycled pixel buffers)
[hw     ] GRANT  pid 411 'kp-stress' -> 'sensor0': phys 0000000001003000 mapped at vaddr 00004066c0000000 (1 pages)
[surface] slot 6 reclaimed on owner exit — 8 pages (phys 00000000014cb000) back on the free list
[surface] pid 410 owns surface 6 (64x64) DOUBLE-BUFFERED at user vaddr 0000530000000000 (+4 pages back) (recycled pixel buffers)
[surface] slot 6 reclaimed on owner exit — 8 pages (phys 00000000014cb000) back on the free list
[kernel ] spawned pid 412 'kp-stress' caps 0000000000000040 — private PML4 @ phys 000000000143e000
[elf    ] PT_LOAD vaddr 0000500000000000 filesz 000000000001b280 memsz 000000000001b280 (ro) -> mapped USER (bounds ok)
[elf    ] PT_LOAD vaddr 000050000001c000 filesz 0000000000003f1e memsz 0000000000003f1e (ro) -> mapped USER (bounds ok)
[elf    ] PT_LOAD vaddr 0000500000020000 filesz 0000000000000284 memsz 0000000000037fe0 (rw) -> mapped USER (bounds ok)
[kernel ] spawned pid 413 'kp-stress' caps 0000000000000003 — private PML4 @ phys 00000000015c2000
[elf    ] PT_LOAD vaddr 0000500000000000 filesz 000000000001b280 memsz 000000000001b280 (ro) -> mapped USER (bounds ok)
[elf    ] PT_LOAD vaddr 000050000001c000 filesz 0000000000003f1e memsz 0000000000003f1e (ro) -> mapped USER (bounds ok)
[elf    ] PT_LOAD vaddr 0000500000020000 filesz 0000000000000284 memsz 0000000000037fe0 (rw) -> mapped USER (bounds ok)
[surface] pid 412 owns surface 6 (64x64) DOUBLE-BUFFERED at user vaddr 0000530000000000 (+4 pages back) (recycled pixel buffers)
[hw     ] GRANT  pid 413 'kp-stress' -> 'sensor0': phys 0000000001003000 mapped at vaddr 0000406740000000 (1 pages)
[surface] slot 6 reclaimed on owner exit — 8 pages (phys 00000000014cb000) back on the free list
[surface] pid 412 owns surface 6 (64x64) DOUBLE-BUFFERED at user vaddr 0000530000000000 (+4 pages back) (recycled pixel buffers)
[surface] slot 6 reclaimed on owner exit — 8 pages (phys 00000000014cb000) back on the free list
[kernel ] spawned pid 414 'kp-stress' caps 0000000000000040 — private PML4 @ phys 000000000143e000
[elf    ] PT_LOAD vaddr 0000500000000000 filesz 000000000001b280 memsz 000000000001b280 (ro) -> mapped USER (bounds ok)
[elf    ] PT_LOAD vaddr 000050000001c000 filesz 0000000000003f1e memsz 0000000000003f1e (ro) -> mapped USER (bounds ok)
[elf    ] PT_LOAD vaddr 0000500000020000 filesz 0000000000000284 memsz 0000000000037fe0 (rw) -> mapped USER (bounds ok)
[kernel ] spawned pid 415 'kp-stress' caps 0000000000000003 — private PML4 @ phys 00000000016f8000
[elf    ] PT_LOAD vaddr 0000500000000000 filesz 000000000001b280 memsz 000000000001b280 (ro) -> mapped USER (bounds ok)
[elf    ] PT_LOAD vaddr 000050000001c000 filesz 0000000000003f1e memsz 0000000000003f1e (ro) -> mapped USER (bounds ok)
[elf    ] PT_LOAD vaddr 0000500000020000 filesz 0000000000000284 memsz 0000000000037fe0 (rw) -> mapped USER (bounds ok)
[hw     ] GRANT  pid 415 'kp-stress' -> 'sensor0': phys 0000000001003000 mapped at vaddr 00004067c0000000 (1 pages)
[surface] pid 414 owns surface 6 (64x64) DOUBLE-BUFFERED at user vaddr 0000530000000000 (+4 pages back) (recycled pixel buffers)
[surface] slot 6 reclaimed on owner exit — 8 pages (phys 00000000014cb000) back on the free list
[surface] pid 414 owns surface 6 (64x64) DOUBLE-BUFFERED at user vaddr 0000530000000000 (+4 pages back) (recycled pixel buffers)
[surface] slot 6 reclaimed on owner exit — 8 pages (phys 00000000014cb000) back on the free list
[kernel ] spawned pid 416 'kp-stress' caps 0000000000000040 — private PML4 @ phys 000000000143e000
[elf    ] PT_LOAD vaddr 0000500000000000 filesz 000000000001b280 memsz 000000000001b280 (ro) -> mapped USER (bounds ok)
[elf    ] PT_LOAD vaddr 000050000001c000 filesz 0000000000003f1e memsz 0000000000003f1e (ro) -> mapped USER (bounds ok)
[elf    ] PT_LOAD vaddr 0000500000020000 filesz 0000000000000284 memsz 0000000000037fe0 (rw) -> mapped USER (bounds ok)
[kernel ] spawned pid 417 'kp-stress' caps 0000000000000003 — private PML4 @ phys 00000000016e4000
[elf    ] PT_LOAD vaddr 0000500000000000 filesz 000000000001b280 memsz 000000000001b280 (ro) -> mapped USER (bounds ok)
[elf    ] PT_LOAD vaddr 000050000001c000 filesz 0000000000003f1e memsz 0000000000003f1e (ro) -> mapped USER (bounds ok)
[elf    ] PT_LOAD vaddr 0000500000020000 filesz 0000000000000284 memsz 0000000000037fe0 (rw) -> mapped USER (bounds ok)
[surface] pid 416 owns surface 6 (64x64) DOUBLE-BUFFERED at user vaddr 0000530000000000 (+4 pages back) (recycled pixel buffers)
[hw     ] GRANT  pid 417 'kp-stress' -> 'sensor0': phys 0000000001003000 mapped at vaddr 0000406840000000 (1 pages)
[surface] slot 6 reclaimed on owner exit — 8 pages (phys 00000000014cb000) back on the free list
[surface] pid 416 owns surface 6 (64x64) DOUBLE-BUFFERED at user vaddr 0000530000000000 (+4 pages back) (recycled pixel buffers)
[surface] slot 6 reclaimed on owner exit — 8 pages (phys 00000000014cb000) back on the free list
[kernel ] spawned pid 418 'kp-stress' caps 0000000000000040 — private PML4 @ phys 000000000143e000
[elf    ] PT_LOAD vaddr 0000500000000000 filesz 000000000001b280 memsz 000000000001b280 (ro) -> mapped USER (bounds ok)
[elf    ] PT_LOAD vaddr 000050000001c000 filesz 0000000000003f1e memsz 0000000000003f1e (ro) -> mapped USER (bounds ok)
[elf    ] PT_LOAD vaddr 0000500000020000 filesz 0000000000000284 memsz 0000000000037fe0 (rw) -> mapped USER (bounds ok)
[kernel ] spawned pid 419 'kp-stress' caps 0000000000000003 — private PML4 @ phys 00000000016e6000
[elf    ] PT_LOAD vaddr 0000500000000000 filesz 000000000001b280 memsz 000000000001b280 (ro) -> mapped USER (bounds ok)
[elf    ] PT_LOAD vaddr 000050000001c000 filesz 0000000000003f1e memsz 0000000000003f1e (ro) -> mapped USER (bounds ok)
[elf    ] PT_LOAD vaddr 0000500000020000 filesz 0000000000000284 memsz 0000000000037fe0 (rw) -> mapped USER (bounds ok)
[surface] pid 418 owns surface 6 (64x64) DOUBLE-BUFFERED at user vaddr 0000530000000000 (+4 pages back) (recycled pixel buffers)
[hw     ] GRANT  pid 419 'kp-stress' -> 'sensor0': phys 0000000001003000 mapped at vaddr 00004068c0000000 (1 pages)
[surface] slot 6 reclaimed on owner exit — 8 pages (phys 00000000014cb000) back on the free list
[surface] pid 418 owns surface 6 (64x64) DOUBLE-BUFFERED at user vaddr 0000530000000000 (+4 pages back) (recycled pixel buffers)
[surface] slot 6 reclaimed on owner exit — 8 pages (phys 00000000014cb000) back on the free list
[kernel ] spawned pid 420 'kp-stress' caps 0000000000000040 — private PML4 @ phys 000000000143e000
[elf    ] PT_LOAD vaddr 0000500000000000 filesz 000000000001b280 memsz 000000000001b280 (ro) -> mapped USER (bounds ok)
[elf    ] PT_LOAD vaddr 000050000001c000 filesz 0000000000003f1e memsz 0000000000003f1e (ro) -> mapped USER (bounds ok)
[elf    ] PT_LOAD vaddr 0000500000020000 filesz 0000000000000284 memsz 0000000000037fe0 (rw) -> mapped USER (bounds ok)
[kernel ] spawned pid 421 'kp-stress' caps 0000000000000003 — private PML4 @ phys 00000000016fe000
[elf    ] PT_LOAD vaddr 0000500000000000 filesz 000000000001b280 memsz 000000000001b280 (ro) -> mapped USER (bounds ok)
[elf    ] PT_LOAD vaddr 000050000001c000 filesz 0000000000003f1e memsz 0000000000003f1e (ro) -> mapped USER (bounds ok)
[elf    ] PT_LOAD vaddr 0000500000020000 filesz 0000000000000284 memsz 0000000000037fe0 (rw) -> mapped USER (bounds ok)
[surface] pid 420 owns surface 6 (64x64) DOUBLE-BUFFERED at user vaddr 0000530000000000 (+4 pages back) (recycled pixel buffers)
[hw     ] GRANT  pid 421 'kp-stress' -> 'sensor0': phys 0000000001003000 mapped at vaddr 0000406940000000 (1 pages)
[surface] slot 6 reclaimed on owner exit — 8 pages (phys 00000000014cb000) back on the free list
[surface] pid 420 owns surface 6 (64x64) DOUBLE-BUFFERED at user vaddr 0000530000000000 (+4 pages back) (recycled pixel buffers)
[surface] slot 6 reclaimed on owner exit — 8 pages (phys 00000000014cb000) back on the free list
[kernel ] spawned pid 422 'kp-stress' caps 0000000000000040 — private PML4 @ phys 000000000143e000
[elf    ] PT_LOAD vaddr 0000500000000000 filesz 000000000001b280 memsz 000000000001b280 (ro) -> mapped USER (bounds ok)
[elf    ] PT_LOAD vaddr 000050000001c000 filesz 0000000000003f1e memsz 0000000000003f1e (ro) -> mapped USER (bounds ok)
[elf    ] PT_LOAD vaddr 0000500000020000 filesz 0000000000000284 memsz 0000000000037fe0 (rw) -> mapped USER (bounds ok)
[kernel ] spawned pid 423 'kp-stress' caps 0000000000000003 — private PML4 @ phys 0000000001700000
[elf    ] PT_LOAD vaddr 0000500000000000 filesz 000000000001b280 memsz 000000000001b280 (ro) -> mapped USER (bounds ok)
[elf    ] PT_LOAD vaddr 000050000001c000 filesz 0000000000003f1e memsz 0000000000003f1e (ro) -> mapped USER (bounds ok)
[elf    ] PT_LOAD vaddr 0000500000020000 filesz 0000000000000284 memsz 0000000000037fe0 (rw) -> mapped USER (bounds ok)
[surface] pid 422 owns surface 6 (64x64) DOUBLE-BUFFERED at user vaddr 0000530000000000 (+4 pages back) (recycled pixel buffers)
[hw     ] GRANT  pid 423 'kp-stress' -> 'sensor0': phys 0000000001003000 mapped at vaddr 00004069c0000000 (1 pages)
[surface] slot 6 reclaimed on owner exit — 8 pages (phys 00000000014cb000) back on the free list
[surface] pid 422 owns surface 6 (64x64) DOUBLE-BUFFERED at user vaddr 0000530000000000 (+4 pages back) (recycled pixel buffers)
[surface] slot 6 reclaimed on owner exit — 8 pages (phys 00000000014cb000) back on the free list
[kernel ] spawned pid 424 'kp-stress' caps 0000000000000040 — private PML4 @ phys 000000000143e000
[elf    ] PT_LOAD vaddr 0000500000000000 filesz 000000000001b280 memsz 000000000001b280 (ro) -> mapped USER (bounds ok)
[elf    ] PT_LOAD vaddr 000050000001c000 filesz 0000000000003f1e memsz 0000000000003f1e (ro) -> mapped USER (bounds ok)
[elf    ] PT_LOAD vaddr 0000500000020000 filesz 0000000000000284 memsz 0000000000037fe0 (rw) -> mapped USER (bounds ok)
[kernel ] spawned pid 425 'kp-stress' caps 0000000000000003 — private PML4 @ phys 00000000016ec000
[elf    ] PT_LOAD vaddr 0000500000000000 filesz 000000000001b280 memsz 000000000001b280 (ro) -> mapped USER (bounds ok)
[elf    ] PT_LOAD vaddr 000050000001c000 filesz 0000000000003f1e memsz 0000000000003f1e (ro) -> mapped USER (bounds ok)
[elf    ] PT_LOAD vaddr 0000500000020000 filesz 0000000000000284 memsz 0000000000037fe0 (rw) -> mapped USER (bounds ok)
[surface] pid 424 owns surface 6 (64x64) DOUBLE-BUFFERED at user vaddr 0000530000000000 (+4 pages back) (recycled pixel buffers)
[hw     ] GRANT  pid 425 'kp-stress' -> 'sensor0': phys 0000000001003000 mapped at vaddr 0000406a40000000 (1 pages)
[surface] slot 6 reclaimed on owner exit — 8 pages (phys 00000000014cb000) back on the free list
[surface] pid 424 owns surface 6 (64x64) DOUBLE-BUFFERED at user vaddr 0000530000000000 (+4 pages back) (recycled pixel buffers)
[surface] slot 6 reclaimed on owner exit — 8 pages (phys 00000000014cb000) back on the free list
[kernel ] spawned pid 426 'kp-stress' caps 0000000000000040 — private PML4 @ phys 000000000143e000
[elf    ] PT_LOAD vaddr 0000500000000000 filesz 000000000001b280 memsz 000000000001b280 (ro) -> mapped USER (bounds ok)
[elf    ] PT_LOAD vaddr 000050000001c000 filesz 0000000000003f1e memsz 0000000000003f1e (ro) -> mapped USER (bounds ok)
[elf    ] PT_LOAD vaddr 0000500000020000 filesz 0000000000000284 memsz 0000000000037fe0 (rw) -> mapped USER (bounds ok)
[kernel ] spawned pid 427 'kp-stress' caps 0000000000000003 — private PML4 @ phys 0000000001696000
[elf    ] PT_LOAD vaddr 0000500000000000 filesz 000000000001b280 memsz 000000000001b280 (ro) -> mapped USER (bounds ok)
[elf    ] PT_LOAD vaddr 000050000001c000 filesz 0000000000003f1e memsz 0000000000003f1e (ro) -> mapped USER (bounds ok)
[elf    ] PT_LOAD vaddr 0000500000020000 filesz 0000000000000284 memsz 0000000000037fe0 (rw) -> mapped USER (bounds ok)
[surface] pid 426 owns surface 6 (64x64) DOUBLE-BUFFERED at user vaddr 0000530000000000 (+4 pages back) (recycled pixel buffers)
[hw     ] GRANT  pid 427 'kp-stress' -> 'sensor0': phys 0000000001003000 mapped at vaddr 0000406ac0000000 (1 pages)
[surface] slot 6 reclaimed on owner exit — 8 pages (phys 00000000014cb000) back on the free list
[surface] pid 426 owns surface 6 (64x64) DOUBLE-BUFFERED at user vaddr 0000530000000000 (+4 pages back) (recycled pixel buffers)
[surface] slot 6 reclaimed on owner exit — 8 pages (phys 00000000014cb000) back on the free list
[kernel ] spawned pid 428 'kp-stress' caps 0000000000000040 — private PML4 @ phys 000000000143e000
[elf    ] PT_LOAD vaddr 0000500000000000 filesz 000000000001b280 memsz 000000000001b280 (ro) -> mapped USER (bounds ok)
[elf    ] PT_LOAD vaddr 000050000001c000 filesz 0000000000003f1e memsz 0000000000003f1e (ro) -> mapped USER (bounds ok)
[elf    ] PT_LOAD vaddr 0000500000020000 filesz 0000000000000284 memsz 0000000000037fe0 (rw) -> mapped USER (bounds ok)
[kernel ] spawned pid 429 'kp-stress' caps 0000000000000003 — private PML4 @ phys 00000000016f0000
[elf    ] PT_LOAD vaddr 0000500000000000 filesz 000000000001b280 memsz 000000000001b280 (ro) -> mapped USER (bounds ok)
[elf    ] PT_LOAD vaddr 000050000001c000 filesz 0000000000003f1e memsz 0000000000003f1e (ro) -> mapped USER (bounds ok)
[elf    ] PT_LOAD vaddr 0000500000020000 filesz 0000000000000284 memsz 0000000000037fe0 (rw) -> mapped USER (bounds ok)
[surface] pid 428 owns surface 6 (64x64) DOUBLE-BUFFERED at user vaddr 0000530000000000 (+4 pages back) (recycled pixel buffers)
[hw     ] GRANT  pid 429 'kp-stress' -> 'sensor0': phys 0000000001003000 mapped at vaddr 0000406b40000000 (1 pages)
[surface] slot 6 reclaimed on owner exit — 8 pages (phys 00000000014cb000) back on the free list
[surface] pid 428 owns surface 6 (64x64) DOUBLE-BUFFERED at user vaddr 0000530000000000 (+4 pages back) (recycled pixel buffers)
[surface] slot 6 reclaimed on owner exit — 8 pages (phys 00000000014cb000) back on the free list
[kernel ] spawned pid 430 'kp-stress' caps 0000000000000040 — private PML4 @ phys 000000000143e000
[elf    ] PT_LOAD vaddr 0000500000000000 filesz 000000000001b280 memsz 000000000001b280 (ro) -> mapped USER (bounds ok)
[elf    ] PT_LOAD vaddr 000050000001c000 filesz 0000000000003f1e memsz 0000000000003f1e (ro) -> mapped USER (bounds ok)
[elf    ] PT_LOAD vaddr 0000500000020000 filesz 0000000000000284 memsz 0000000000037fe0 (rw) -> mapped USER (bounds ok)
[kernel ] spawned pid 431 'kp-stress' caps 0000000000000003 — private PML4 @ phys 0000000001708000
[elf    ] PT_LOAD vaddr 0000500000000000 filesz 000000000001b280 memsz 000000000001b280 (ro) -> mapped USER (bounds ok)
[elf    ] PT_LOAD vaddr 000050000001c000 filesz 0000000000003f1e memsz 0000000000003f1e (ro) -> mapped USER (bounds ok)
[elf    ] PT_LOAD vaddr 0000500000020000 filesz 0000000000000284 memsz 0000000000037fe0 (rw) -> mapped USER (bounds ok)
[surface] pid 430 owns surface 6 (64x64) DOUBLE-BUFFERED at user vaddr 0000530000000000 (+4 pages back) (recycled pixel buffers)
[hw     ] GRANT  pid 431 'kp-stress' -> 'sensor0': phys 0000000001003000 mapped at vaddr 0000406bc0000000 (1 pages)
[surface] slot 6 reclaimed on owner exit — 8 pages (phys 00000000014cb000) back on the free list
[surface] pid 430 owns surface 6 (64x64) DOUBLE-BUFFERED at user vaddr 0000530000000000 (+4 pages back) (recycled pixel buffers)
[surface] slot 6 reclaimed on owner exit — 8 pages (phys 00000000014cb000) back on the free list
[kernel ] spawned pid 432 'kp-stress' caps 0000000000000040 — private PML4 @ phys 000000000143e000
[elf    ] PT_LOAD vaddr 0000500000000000 filesz 000000000001b280 memsz 000000000001b280 (ro) -> mapped USER (bounds ok)
[elf    ] PT_LOAD vaddr 000050000001c000 filesz 0000000000003f1e memsz 0000000000003f1e (ro) -> mapped USER (bounds ok)
[elf    ] PT_LOAD vaddr 0000500000020000 filesz 0000000000000284 memsz 0000000000037fe0 (rw) -> mapped USER (bounds ok)
[kernel ] spawned pid 433 'kp-stress' caps 0000000000000003 — private PML4 @ phys 0000000001686000
[elf    ] PT_LOAD vaddr 0000500000000000 filesz 000000000001b280 memsz 000000000001b280 (ro) -> mapped USER (bounds ok)
[elf    ] PT_LOAD vaddr 000050000001c000 filesz 0000000000003f1e memsz 0000000000003f1e (ro) -> mapped USER (bounds ok)
[elf    ] PT_LOAD vaddr 0000500000020000 filesz 0000000000000284 memsz 0000000000037fe0 (rw) -> mapped USER (bounds ok)
[surface] pid 432 owns surface 6 (64x64) DOUBLE-BUFFERED at user vaddr 0000530000000000 (+4 pages back) (recycled pixel buffers)
[hw     ] GRANT  pid 433 'kp-stress' -> 'sensor0': phys 0000000001003000 mapped at vaddr 0000406c40000000 (1 pages)
[surface] slot 6 reclaimed on owner exit — 8 pages (phys 00000000014cb000) back on the free list
[surface] pid 432 owns surface 6 (64x64) DOUBLE-BUFFERED at user vaddr 0000530000000000 (+4 pages back) (recycled pixel buffers)
[surface] slot 6 reclaimed on owner exit — 8 pages (phys 00000000014cb000) back on the free list
[kernel ] spawned pid 434 'kp-stress' caps 0000000000000040 — private PML4 @ phys 000000000143e000
[elf    ] PT_LOAD vaddr 0000500000000000 filesz 000000000001b280 memsz 000000000001b280 (ro) -> mapped USER (bounds ok)
[elf    ] PT_LOAD vaddr 000050000001c000 filesz 0000000000003f1e memsz 0000000000003f1e (ro) -> mapped USER (bounds ok)
[elf    ] PT_LOAD vaddr 0000500000020000 filesz 0000000000000284 memsz 0000000000037fe0 (rw) -> mapped USER (bounds ok)
[kernel ] spawned pid 435 'kp-stress' caps 0000000000000003 — private PML4 @ phys 00000000015c2000
[elf    ] PT_LOAD vaddr 0000500000000000 filesz 000000000001b280 memsz 000000000001b280 (ro) -> mapped USER (bounds ok)
[elf    ] PT_LOAD vaddr 000050000001c000 filesz 0000000000003f1e memsz 0000000000003f1e (ro) -> mapped USER (bounds ok)
[elf    ] PT_LOAD vaddr 0000500000020000 filesz 0000000000000284 memsz 0000000000037fe0 (rw) -> mapped USER (bounds ok)
[surface] pid 434 owns surface 6 (64x64) DOUBLE-BUFFERED at user vaddr 0000530000000000 (+4 pages back) (recycled pixel buffers)
[hw     ] GRANT  pid 435 'kp-stress' -> 'sensor0': phys 0000000001003000 mapped at vaddr 0000406cc0000000 (1 pages)
[surface] slot 6 reclaimed on owner exit — 8 pages (phys 00000000014cb000) back on the free list
[surface] pid 434 owns surface 6 (64x64) DOUBLE-BUFFERED at user vaddr 0000530000000000 (+4 pages back) (recycled pixel buffers)
[surface] slot 6 reclaimed on owner exit — 8 pages (phys 00000000014cb000) back on the free list
[kernel ] spawned pid 436 'kp-stress' caps 0000000000000040 — private PML4 @ phys 000000000143e000
[elf    ] PT_LOAD vaddr 0000500000000000 filesz 000000000001b280 memsz 000000000001b280 (ro) -> mapped USER (bounds ok)
[elf    ] PT_LOAD vaddr 000050000001c000 filesz 0000000000003f1e memsz 0000000000003f1e (ro) -> mapped USER (bounds ok)
[elf    ] PT_LOAD vaddr 0000500000020000 filesz 0000000000000284 memsz 0000000000037fe0 (rw) -> mapped USER (bounds ok)
[kernel ] spawned pid 437 'kp-stress' caps 0000000000000003 — private PML4 @ phys 00000000016f8000
[elf    ] PT_LOAD vaddr 0000500000000000 filesz 000000000001b280 memsz 000000000001b280 (ro) -> mapped USER (bounds ok)
[elf    ] PT_LOAD vaddr 000050000001c000 filesz 0000000000003f1e memsz 0000000000003f1e (ro) -> mapped USER (bounds ok)
[elf    ] PT_LOAD vaddr 0000500000020000 filesz 0000000000000284 memsz 0000000000037fe0 (rw) -> mapped USER (bounds ok)
[surface] pid 436 owns surface 6 (64x64) DOUBLE-BUFFERED at user vaddr 0000530000000000 (+4 pages back) (recycled pixel buffers)
[hw     ] GRANT  pid 437 'kp-stress' -> 'sensor0': phys 0000000001003000 mapped at vaddr 0000406d40000000 (1 pages)
[surface] slot 6 reclaimed on owner exit — 8 pages (phys 00000000014cb000) back on the free list
[surface] pid 436 owns surface 6 (64x64) DOUBLE-BUFFERED at user vaddr 0000530000000000 (+4 pages back) (recycled pixel buffers)
[surface] slot 6 reclaimed on owner exit — 8 pages (phys 00000000014cb000) back on the free list
[kernel ] spawned pid 438 'kp-stress' caps 0000000000000040 — private PML4 @ phys 000000000143e000
[elf    ] PT_LOAD vaddr 0000500000000000 filesz 000000000001b280 memsz 000000000001b280 (ro) -> mapped USER (bounds ok)
[elf    ] PT_LOAD vaddr 000050000001c000 filesz 0000000000003f1e memsz 0000000000003f1e (ro) -> mapped USER (bounds ok)
[elf    ] PT_LOAD vaddr 0000500000020000 filesz 0000000000000284 memsz 0000000000037fe0 (rw) -> mapped USER (bounds ok)
[kernel ] spawned pid 439 'kp-stress' caps 0000000000000003 — private PML4 @ phys 00000000016e4000
[elf    ] PT_LOAD vaddr 0000500000000000 filesz 000000000001b280 memsz 000000000001b280 (ro) -> mapped USER (bounds ok)
[elf    ] PT_LOAD vaddr 000050000001c000 filesz 0000000000003f1e memsz 0000000000003f1e (ro) -> mapped USER (bounds ok)
[elf    ] PT_LOAD vaddr 0000500000020000 filesz 0000000000000284 memsz 0000000000037fe0 (rw) -> mapped USER (bounds ok)
[surface] pid 438 owns surface 6 (64x64) DOUBLE-BUFFERED at user vaddr 0000530000000000 (+4 pages back) (recycled pixel buffers)
[hw     ] GRANT  pid 439 'kp-stress' -> 'sensor0': phys 0000000001003000 mapped at vaddr 0000406dc0000000 (1 pages)
[surface] slot 6 reclaimed on owner exit — 8 pages (phys 00000000014cb000) back on the free list
[surface] pid 438 owns surface 6 (64x64) DOUBLE-BUFFERED at user vaddr 0000530000000000 (+4 pages back) (recycled pixel buffers)
[surface] slot 6 reclaimed on owner exit — 8 pages (phys 00000000014cb000) back on the free list
[kernel ] spawned pid 440 'kp-stress' caps 0000000000000040 — private PML4 @ phys 000000000143e000
[elf    ] PT_LOAD vaddr 0000500000000000 filesz 000000000001b280 memsz 000000000001b280 (ro) -> mapped USER (bounds ok)
[elf    ] PT_LOAD vaddr 000050000001c000 filesz 0000000000003f1e memsz 0000000000003f1e (ro) -> mapped USER (bounds ok)
[elf    ] PT_LOAD vaddr 0000500000020000 filesz 0000000000000284 memsz 0000000000037fe0 (rw) -> mapped USER (bounds ok)
[kernel ] spawned pid 441 'kp-stress' caps 0000000000000003 — private PML4 @ phys 00000000016e6000
[elf    ] PT_LOAD vaddr 0000500000000000 filesz 000000000001b280 memsz 000000000001b280 (ro) -> mapped USER (bounds ok)
[elf    ] PT_LOAD vaddr 000050000001c000 filesz 0000000000003f1e memsz 0000000000003f1e (ro) -> mapped USER (bounds ok)
[elf    ] PT_LOAD vaddr 0000500000020000 filesz 0000000000000284 memsz 0000000000037fe0 (rw) -> mapped USER (bounds ok)
[surface] pid 440 owns surface 6 (64x64) DOUBLE-BUFFERED at user vaddr 0000530000000000 (+4 pages back) (recycled pixel buffers)
[hw     ] GRANT  pid 441 'kp-stress' -> 'sensor0': phys 0000000001003000 mapped at vaddr 0000406e40000000 (1 pages)
[surface] slot 6 reclaimed on owner exit — 8 pages (phys 00000000014cb000) back on the free list
[surface] pid 440 owns surface 6 (64x64) DOUBLE-BUFFERED at user vaddr 0000530000000000 (+4 pages back) (recycled pixel buffers)
[surface] slot 6 reclaimed on owner exit — 8 pages (phys 00000000014cb000) back on the free list
[kernel ] spawned pid 442 'kp-stress' caps 0000000000000040 — private PML4 @ phys 000000000143e000
[elf    ] PT_LOAD vaddr 0000500000000000 filesz 000000000001b280 memsz 000000000001b280 (ro) -> mapped USER (bounds ok)
[elf    ] PT_LOAD vaddr 000050000001c000 filesz 0000000000003f1e memsz 0000000000003f1e (ro) -> mapped USER (bounds ok)
[elf    ] PT_LOAD vaddr 0000500000020000 filesz 0000000000000284 memsz 0000000000037fe0 (rw) -> mapped USER (bounds ok)
[kernel ] spawned pid 443 'kp-stress' caps 0000000000000003 — private PML4 @ phys 00000000016fe000
[elf    ] PT_LOAD vaddr 0000500000000000 filesz 000000000001b280 memsz 000000000001b280 (ro) -> mapped USER (bounds ok)
[elf    ] PT_LOAD vaddr 000050000001c000 filesz 0000000000003f1e memsz 0000000000003f1e (ro) -> mapped USER (bounds ok)
[elf    ] PT_LOAD vaddr 0000500000020000 filesz 0000000000000284 memsz 0000000000037fe0 (rw) -> mapped USER (bounds ok)
[hw     ] GRANT  pid 443 'kp-stress' -> 'sensor0': phys 0000000001003000 mapped at vaddr 0000406ec0000000 (1 pages)
[surface] pid 442 owns surface 6 (64x64) DOUBLE-BUFFERED at user vaddr 0000530000000000 (+4 pages back) (recycled pixel buffers)
[surface] slot 6 reclaimed on owner exit — 8 pages (phys 00000000014cb000) back on the free list
[surface] pid 442 owns surface 6 (64x64) DOUBLE-BUFFERED at user vaddr 0000530000000000 (+4 pages back) (recycled pixel buffers)
[surface] slot 6 reclaimed on owner exit — 8 pages (phys 00000000014cb000) back on the free list
[kernel ] spawned pid 444 'kp-stress' caps 0000000000000040 — private PML4 @ phys 000000000143e000
[elf    ] PT_LOAD vaddr 0000500000000000 filesz 000000000001b280 memsz 000000000001b280 (ro) -> mapped USER (bounds ok)
[elf    ] PT_LOAD vaddr 000050000001c000 filesz 0000000000003f1e memsz 0000000000003f1e (ro) -> mapped USER (bounds ok)
[elf    ] PT_LOAD vaddr 0000500000020000 filesz 0000000000000284 memsz 0000000000037fe0 (rw) -> mapped USER (bounds ok)
[kernel ] spawned pid 445 'kp-stress' caps 0000000000000003 — private PML4 @ phys 0000000001700000
[elf    ] PT_LOAD vaddr 0000500000000000 filesz 000000000001b280 memsz 000000000001b280 (ro) -> mapped USER (bounds ok)
[elf    ] PT_LOAD vaddr 000050000001c000 filesz 0000000000003f1e memsz 0000000000003f1e (ro) -> mapped USER (bounds ok)
[elf    ] PT_LOAD vaddr 0000500000020000 filesz 0000000000000284 memsz 0000000000037fe0 (rw) -> mapped USER (bounds ok)
[surface] pid 444 owns surface 6 (64x64) DOUBLE-BUFFERED at user vaddr 0000530000000000 (+4 pages back) (recycled pixel buffers)
[hw     ] GRANT  pid 445 'kp-stress' -> 'sensor0': phys 0000000001003000 mapped at vaddr 0000406f40000000 (1 pages)
[surface] slot 6 reclaimed on owner exit — 8 pages (phys 00000000014cb000) back on the free list
[surface] pid 444 owns surface 6 (64x64) DOUBLE-BUFFERED at user vaddr 0000530000000000 (+4 pages back) (recycled pixel buffers)
[surface] slot 6 reclaimed on owner exit — 8 pages (phys 00000000014cb000) back on the free list
[kernel ] spawned pid 446 'kp-stress' caps 0000000000000040 — private PML4 @ phys 000000000143e000
[elf    ] PT_LOAD vaddr 0000500000000000 filesz 000000000001b280 memsz 000000000001b280 (ro) -> mapped USER (bounds ok)
[elf    ] PT_LOAD vaddr 000050000001c000 filesz 0000000000003f1e memsz 0000000000003f1e (ro) -> mapped USER (bounds ok)
[elf    ] PT_LOAD vaddr 0000500000020000 filesz 0000000000000284 memsz 0000000000037fe0 (rw) -> mapped USER (bounds ok)
[kernel ] spawned pid 447 'kp-stress' caps 0000000000000003 — private PML4 @ phys 00000000016ec000
[elf    ] PT_LOAD vaddr 0000500000000000 filesz 000000000001b280 memsz 000000000001b280 (ro) -> mapped USER (bounds ok)
[elf    ] PT_LOAD vaddr 000050000001c000 filesz 0000000000003f1e memsz 0000000000003f1e (ro) -> mapped USER (bounds ok)
[elf    ] PT_LOAD vaddr 0000500000020000 filesz 0000000000000284 memsz 0000000000037fe0 (rw) -> mapped USER (bounds ok)
[surface] pid 446 owns surface 6 (64x64) DOUBLE-BUFFERED at user vaddr 0000530000000000 (+4 pages back) (recycled pixel buffers)
[hw     ] GRANT  pid 447 'kp-stress' -> 'sensor0': phys 0000000001003000 mapped at vaddr 0000406fc0000000 (1 pages)
[surface] slot 6 reclaimed on owner exit — 8 pages (phys 00000000014cb000) back on the free list
[surface] pid 446 owns surface 6 (64x64) DOUBLE-BUFFERED at user vaddr 0000530000000000 (+4 pages back) (recycled pixel buffers)
[surface] slot 6 reclaimed on owner exit — 8 pages (phys 00000000014cb000) back on the free list
[kernel ] spawned pid 448 'kp-stress' caps 0000000000000040 — private PML4 @ phys 000000000143e000
[elf    ] PT_LOAD vaddr 0000500000000000 filesz 000000000001b280 memsz 000000000001b280 (ro) -> mapped USER (bounds ok)
[elf    ] PT_LOAD vaddr 000050000001c000 filesz 0000000000003f1e memsz 0000000000003f1e (ro) -> mapped USER (bounds ok)
[elf    ] PT_LOAD vaddr 0000500000020000 filesz 0000000000000284 memsz 0000000000037fe0 (rw) -> mapped USER (bounds ok)
[kernel ] spawned pid 449 'kp-stress' caps 0000000000000003 — private PML4 @ phys 0000000001696000
[elf    ] PT_LOAD vaddr 0000500000000000 filesz 000000000001b280 memsz 000000000001b280 (ro) -> mapped USER (bounds ok)
[elf    ] PT_LOAD vaddr 000050000001c000 filesz 0000000000003f1e memsz 0000000000003f1e (ro) -> mapped USER (bounds ok)
[elf    ] PT_LOAD vaddr 0000500000020000 filesz 0000000000000284 memsz 0000000000037fe0 (rw) -> mapped USER (bounds ok)
[surface] pid 448 owns surface 6 (64x64) DOUBLE-BUFFERED at user vaddr 0000530000000000 (+4 pages back) (recycled pixel buffers)
[hw     ] GRANT  pid 449 'kp-stress' -> 'sensor0': phys 0000000001003000 mapped at vaddr 0000407040000000 (1 pages)
[surface] slot 6 reclaimed on owner exit — 8 pages (phys 00000000014cb000) back on the free list
[surface] pid 448 owns surface 6 (64x64) DOUBLE-BUFFERED at user vaddr 0000530000000000 (+4 pages back) (recycled pixel buffers)
[surface] slot 6 reclaimed on owner exit — 8 pages (phys 00000000014cb000) back on the free list
[kernel ] spawned pid 450 'kp-stress' caps 0000000000000040 — private PML4 @ phys 000000000143e000
[elf    ] PT_LOAD vaddr 0000500000000000 filesz 000000000001b280 memsz 000000000001b280 (ro) -> mapped USER (bounds ok)
[elf    ] PT_LOAD vaddr 000050000001c000 filesz 0000000000003f1e memsz 0000000000003f1e (ro) -> mapped USER (bounds ok)
[elf    ] PT_LOAD vaddr 0000500000020000 filesz 0000000000000284 memsz 0000000000037fe0 (rw) -> mapped USER (bounds ok)
[kernel ] spawned pid 451 'kp-stress' caps 0000000000000003 — private PML4 @ phys 00000000016f0000
[elf    ] PT_LOAD vaddr 0000500000000000 filesz 000000000001b280 memsz 000000000001b280 (ro) -> mapped USER (bounds ok)
[elf    ] PT_LOAD vaddr 000050000001c000 filesz 0000000000003f1e memsz 0000000000003f1e (ro) -> mapped USER (bounds ok)
[elf    ] PT_LOAD vaddr 0000500000020000 filesz 0000000000000284 memsz 0000000000037fe0 (rw) -> mapped USER (bounds ok)
[hw     ] GRANT  pid 451 'kp-stress' -> 'sensor0': phys 0000000001003000 mapped at vaddr 00004070c0000000 (1 pages)
[surface] pid 450 owns surface 6 (64x64) DOUBLE-BUFFERED at user vaddr 0000530000000000 (+4 pages back) (recycled pixel buffers)
[surface] slot 6 reclaimed on owner exit — 8 pages (phys 00000000014cb000) back on the free list
[surface] pid 450 owns surface 6 (64x64) DOUBLE-BUFFERED at user vaddr 0000530000000000 (+4 pages back) (recycled pixel buffers)
[surface] slot 6 reclaimed on owner exit — 8 pages (phys 00000000014cb000) back on the free list
[kernel ] spawned pid 452 'kp-stress' caps 0000000000000040 — private PML4 @ phys 000000000143e000
[elf    ] PT_LOAD vaddr 0000500000000000 filesz 000000000001b280 memsz 000000000001b280 (ro) -> mapped USER (bounds ok)
[elf    ] PT_LOAD vaddr 000050000001c000 filesz 0000000000003f1e memsz 0000000000003f1e (ro) -> mapped USER (bounds ok)
[elf    ] PT_LOAD vaddr 0000500000020000 filesz 0000000000000284 memsz 0000000000037fe0 (rw) -> mapped USER (bounds ok)
[kernel ] spawned pid 453 'kp-stress' caps 0000000000000003 — private PML4 @ phys 0000000001708000
[elf    ] PT_LOAD vaddr 0000500000000000 filesz 000000000001b280 memsz 000000000001b280 (ro) -> mapped USER (bounds ok)
[elf    ] PT_LOAD vaddr 000050000001c000 filesz 0000000000003f1e memsz 0000000000003f1e (ro) -> mapped USER (bounds ok)
[elf    ] PT_LOAD vaddr 0000500000020000 filesz 0000000000000284 memsz 0000000000037fe0 (rw) -> mapped USER (bounds ok)
[surface] pid 452 owns surface 6 (64x64) DOUBLE-BUFFERED at user vaddr 0000530000000000 (+4 pages back) (recycled pixel buffers)
[hw     ] GRANT  pid 453 'kp-stress' -> 'sensor0': phys 0000000001003000 mapped at vaddr 0000407140000000 (1 pages)
[surface] slot 6 reclaimed on owner exit — 8 pages (phys 00000000014cb000) back on the free list
[surface] pid 452 owns surface 6 (64x64) DOUBLE-BUFFERED at user vaddr 0000530000000000 (+4 pages back) (recycled pixel buffers)
[surface] slot 6 reclaimed on owner exit — 8 pages (phys 00000000014cb000) back on the free list
[kernel ] spawned pid 454 'kp-stress' caps 0000000000000040 — private PML4 @ phys 000000000143e000
[elf    ] PT_LOAD vaddr 0000500000000000 filesz 000000000001b280 memsz 000000000001b280 (ro) -> mapped USER (bounds ok)
[elf    ] PT_LOAD vaddr 000050000001c000 filesz 0000000000003f1e memsz 0000000000003f1e (ro) -> mapped USER (bounds ok)
[elf    ] PT_LOAD vaddr 0000500000020000 filesz 0000000000000284 memsz 0000000000037fe0 (rw) -> mapped USER (bounds ok)
[kernel ] spawned pid 455 'kp-stress' caps 0000000000000003 — private PML4 @ phys 0000000001686000
[elf    ] PT_LOAD vaddr 0000500000000000 filesz 000000000001b280 memsz 000000000001b280 (ro) -> mapped USER (bounds ok)
[elf    ] PT_LOAD vaddr 000050000001c000 filesz 0000000000003f1e memsz 0000000000003f1e (ro) -> mapped USER (bounds ok)
[elf    ] PT_LOAD vaddr 0000500000020000 filesz 0000000000000284 memsz 0000000000037fe0 (rw) -> mapped USER (bounds ok)
[surface] pid 454 owns surface 6 (64x64) DOUBLE-BUFFERED at user vaddr 0000530000000000 (+4 pages back) (recycled pixel buffers)
[hw     ] GRANT  pid 455 'kp-stress' -> 'sensor0': phys 0000000001003000 mapped at vaddr 00004071c0000000 (1 pages)
[surface] slot 6 reclaimed on owner exit — 8 pages (phys 00000000014cb000) back on the free list
[surface] pid 454 owns surface 6 (64x64) DOUBLE-BUFFERED at user vaddr 0000530000000000 (+4 pages back) (recycled pixel buffers)
[surface] slot 6 reclaimed on owner exit — 8 pages (phys 00000000014cb000) back on the free list
[kernel ] spawned pid 456 'kp-stress' caps 0000000000000040 — private PML4 @ phys 000000000143e000
[elf    ] PT_LOAD vaddr 0000500000000000 filesz 000000000001b280 memsz 000000000001b280 (ro) -> mapped USER (bounds ok)
[elf    ] PT_LOAD vaddr 000050000001c000 filesz 0000000000003f1e memsz 0000000000003f1e (ro) -> mapped USER (bounds ok)
[elf    ] PT_LOAD vaddr 0000500000020000 filesz 0000000000000284 memsz 0000000000037fe0 (rw) -> mapped USER (bounds ok)
[kernel ] spawned pid 457 'kp-stress' caps 0000000000000003 — private PML4 @ phys 00000000015c2000
[elf    ] PT_LOAD vaddr 0000500000000000 filesz 000000000001b280 memsz 000000000001b280 (ro) -> mapped USER (bounds ok)
[elf    ] PT_LOAD vaddr 000050000001c000 filesz 0000000000003f1e memsz 0000000000003f1e (ro) -> mapped USER (bounds ok)
[elf    ] PT_LOAD vaddr 0000500000020000 filesz 0000000000000284 memsz 0000000000037fe0 (rw) -> mapped USER (bounds ok)
[hw     ] GRANT  pid 457 'kp-stress' -> 'sensor0': phys 0000000001003000 mapped at vaddr 0000407240000000 (1 pages)
[surface] pid 456 owns surface 6 (64x64) DOUBLE-BUFFERED at user vaddr 0000530000000000 (+4 pages back) (recycled pixel buffers)
[surface] slot 6 reclaimed on owner exit — 8 pages (phys 00000000014cb000) back on the free list
[surface] pid 456 owns surface 6 (64x64) DOUBLE-BUFFERED at user vaddr 0000530000000000 (+4 pages back) (recycled pixel buffers)
[surface] slot 6 reclaimed on owner exit — 8 pages (phys 00000000014cb000) back on the free list
[kernel ] spawned pid 458 'kp-stress' caps 0000000000000040 — private PML4 @ phys 000000000143e000
[elf    ] PT_LOAD vaddr 0000500000000000 filesz 000000000001b280 memsz 000000000001b280 (ro) -> mapped USER (bounds ok)
[elf    ] PT_LOAD vaddr 000050000001c000 filesz 0000000000003f1e memsz 0000000000003f1e (ro) -> mapped USER (bounds ok)
[elf    ] PT_LOAD vaddr 0000500000020000 filesz 0000000000000284 memsz 0000000000037fe0 (rw) -> mapped USER (bounds ok)
[kernel ] spawned pid 459 'kp-stress' caps 0000000000000003 — private PML4 @ phys 00000000016f8000
[elf    ] PT_LOAD vaddr 0000500000000000 filesz 000000000001b280 memsz 000000000001b280 (ro) -> mapped USER (bounds ok)
[elf    ] PT_LOAD vaddr 000050000001c000 filesz 0000000000003f1e memsz 0000000000003f1e (ro) -> mapped USER (bounds ok)
[elf    ] PT_LOAD vaddr 0000500000020000 filesz 0000000000000284 memsz 0000000000037fe0 (rw) -> mapped USER (bounds ok)
[surface] pid 458 owns surface 6 (64x64) DOUBLE-BUFFERED at user vaddr 0000530000000000 (+4 pages back) (recycled pixel buffers)
[hw     ] GRANT  pid 459 'kp-stress' -> 'sensor0': phys 0000000001003000 mapped at vaddr 00004072c0000000 (1 pages)
[surface] slot 6 reclaimed on owner exit — 8 pages (phys 00000000014cb000) back on the free list
[surface] pid 458 owns surface 6 (64x64) DOUBLE-BUFFERED at user vaddr 0000530000000000 (+4 pages back) (recycled pixel buffers)
[surface] slot 6 reclaimed on owner exit — 8 pages (phys 00000000014cb000) back on the free list
[kernel ] spawned pid 460 'kp-stress' caps 0000000000000040 — private PML4 @ phys 000000000143e000
[elf    ] PT_LOAD vaddr 0000500000000000 filesz 000000000001b280 memsz 000000000001b280 (ro) -> mapped USER (bounds ok)
[elf    ] PT_LOAD vaddr 000050000001c000 filesz 0000000000003f1e memsz 0000000000003f1e (ro) -> mapped USER (bounds ok)
[elf    ] PT_LOAD vaddr 0000500000020000 filesz 0000000000000284 memsz 0000000000037fe0 (rw) -> mapped USER (bounds ok)
[kernel ] spawned pid 461 'kp-stress' caps 0000000000000003 — private PML4 @ phys 00000000016e4000
[elf    ] PT_LOAD vaddr 0000500000000000 filesz 000000000001b280 memsz 000000000001b280 (ro) -> mapped USER (bounds ok)
[elf    ] PT_LOAD vaddr 000050000001c000 filesz 0000000000003f1e memsz 0000000000003f1e (ro) -> mapped USER (bounds ok)
[elf    ] PT_LOAD vaddr 0000500000020000 filesz 0000000000000284 memsz 0000000000037fe0 (rw) -> mapped USER (bounds ok)
[surface] pid 460 owns surface 6 (64x64) DOUBLE-BUFFERED at user vaddr 0000530000000000 (+4 pages back) (recycled pixel buffers)
[hw     ] GRANT  pid 461 'kp-stress' -> 'sensor0': phys 0000000001003000 mapped at vaddr 0000407340000000 (1 pages)
[surface] slot 6 reclaimed on owner exit — 8 pages (phys 00000000014cb000) back on the free list
[surface] pid 460 owns surface 6 (64x64) DOUBLE-BUFFERED at user vaddr 0000530000000000 (+4 pages back) (recycled pixel buffers)
[surface] slot 6 reclaimed on owner exit — 8 pages (phys 00000000014cb000) back on the free list
[kernel ] spawned pid 462 'kp-stress' caps 0000000000000040 — private PML4 @ phys 000000000143e000
[elf    ] PT_LOAD vaddr 0000500000000000 filesz 000000000001b280 memsz 000000000001b280 (ro) -> mapped USER (bounds ok)
[elf    ] PT_LOAD vaddr 000050000001c000 filesz 0000000000003f1e memsz 0000000000003f1e (ro) -> mapped USER (bounds ok)
[elf    ] PT_LOAD vaddr 0000500000020000 filesz 0000000000000284 memsz 0000000000037fe0 (rw) -> mapped USER (bounds ok)
[kernel ] spawned pid 463 'kp-stress' caps 0000000000000003 — private PML4 @ phys 00000000016e6000
[elf    ] PT_LOAD vaddr 0000500000000000 filesz 000000000001b280 memsz 000000000001b280 (ro) -> mapped USER (bounds ok)
[elf    ] PT_LOAD vaddr 000050000001c000 filesz 0000000000003f1e memsz 0000000000003f1e (ro) -> mapped USER (bounds ok)
[elf    ] PT_LOAD vaddr 0000500000020000 filesz 0000000000000284 memsz 0000000000037fe0 (rw) -> mapped USER (bounds ok)
[surface] pid 462 owns surface 6 (64x64) DOUBLE-BUFFERED at user vaddr 0000530000000000 (+4 pages back) (recycled pixel buffers)
[hw     ] GRANT  pid 463 'kp-stress' -> 'sensor0': phys 0000000001003000 mapped at vaddr 00004073c0000000 (1 pages)
[surface] slot 6 reclaimed on owner exit — 8 pages (phys 00000000014cb000) back on the free list
[surface] pid 462 owns surface 6 (64x64) DOUBLE-BUFFERED at user vaddr 0000530000000000 (+4 pages back) (recycled pixel buffers)
[surface] slot 6 reclaimed on owner exit — 8 pages (phys 00000000014cb000) back on the free list
[kernel ] spawned pid 464 'kp-stress' caps 0000000000000040 — private PML4 @ phys 000000000143e000
[elf    ] PT_LOAD vaddr 0000500000000000 filesz 000000000001b280 memsz 000000000001b280 (ro) -> mapped USER (bounds ok)
[elf    ] PT_LOAD vaddr 000050000001c000 filesz 0000000000003f1e memsz 0000000000003f1e (ro) -> mapped USER (bounds ok)
[elf    ] PT_LOAD vaddr 0000500000020000 filesz 0000000000000284 memsz 0000000000037fe0 (rw) -> mapped USER (bounds ok)
[kernel ] spawned pid 465 'kp-stress' caps 0000000000000003 — private PML4 @ phys 00000000016fe000
[elf    ] PT_LOAD vaddr 0000500000000000 filesz 000000000001b280 memsz 000000000001b280 (ro) -> mapped USER (bounds ok)
[elf    ] PT_LOAD vaddr 000050000001c000 filesz 0000000000003f1e memsz 0000000000003f1e (ro) -> mapped USER (bounds ok)
[elf    ] PT_LOAD vaddr 0000500000020000 filesz 0000000000000284 memsz 0000000000037fe0 (rw) -> mapped USER (bounds ok)
[surface] pid 464 owns surface 6 (64x64) DOUBLE-BUFFERED at user vaddr 0000530000000000 (+4 pages back) (recycled pixel buffers)
[hw     ] GRANT  pid 465 'kp-stress' -> 'sensor0': phys 0000000001003000 mapped at vaddr 0000407440000000 (1 pages)
[surface] slot 6 reclaimed on owner exit — 8 pages (phys 00000000014cb000) back on the free list
[surface] pid 464 owns surface 6 (64x64) DOUBLE-BUFFERED at user vaddr 0000530000000000 (+4 pages back) (recycled pixel buffers)
[surface] slot 6 reclaimed on owner exit — 8 pages (phys 00000000014cb000) back on the free list
[kernel ] spawned pid 466 'kp-stress' caps 0000000000000040 — private PML4 @ phys 000000000143e000
[elf    ] PT_LOAD vaddr 0000500000000000 filesz 000000000001b280 memsz 000000000001b280 (ro) -> mapped USER (bounds ok)
[elf    ] PT_LOAD vaddr 000050000001c000 filesz 0000000000003f1e memsz 0000000000003f1e (ro) -> mapped USER (bounds ok)
[elf    ] PT_LOAD vaddr 0000500000020000 filesz 0000000000000284 memsz 0000000000037fe0 (rw) -> mapped USER (bounds ok)
[kernel ] spawned pid 467 'kp-stress' caps 0000000000000003 — private PML4 @ phys 000000000172c000
[elf    ] PT_LOAD vaddr 0000500000000000 filesz 000000000001b280 memsz 000000000001b280 (ro) -> mapped USER (bounds ok)
[elf    ] PT_LOAD vaddr 000050000001c000 filesz 0000000000003f1e memsz 0000000000003f1e (ro) -> mapped USER (bounds ok)
[elf    ] PT_LOAD vaddr 0000500000020000 filesz 0000000000000284 memsz 0000000000037fe0 (rw) -> mapped USER (bounds ok)
[hw     ] GRANT  pid 467 'kp-stress' -> 'sensor0': phys 0000000001003000 mapped at vaddr 00004074c0000000 (1 pages)
[surface] pid 466 owns surface 6 (64x64) DOUBLE-BUFFERED at user vaddr 0000530000000000 (+4 pages back) (recycled pixel buffers)
[surface] slot 6 reclaimed on owner exit — 8 pages (phys 00000000014cb000) back on the free list
[surface] pid 466 owns surface 6 (64x64) DOUBLE-BUFFERED at user vaddr 0000530000000000 (+4 pages back) (recycled pixel buffers)
[surface] slot 6 reclaimed on owner exit — 8 pages (phys 00000000014cb000) back on the free list
[kernel ] spawned pid 468 'kp-stress' caps 0000000000000040 — private PML4 @ phys 000000000143e000
[elf    ] PT_LOAD vaddr 0000500000000000 filesz 000000000001b280 memsz 000000000001b280 (ro) -> mapped USER (bounds ok)
[elf    ] PT_LOAD vaddr 000050000001c000 filesz 0000000000003f1e memsz 0000000000003f1e (ro) -> mapped USER (bounds ok)
[elf    ] PT_LOAD vaddr 0000500000020000 filesz 0000000000000284 memsz 0000000000037fe0 (rw) -> mapped USER (bounds ok)
[kernel ] spawned pid 469 'kp-stress' caps 0000000000000003 — private PML4 @ phys 00000000016ec000
[elf    ] PT_LOAD vaddr 0000500000000000 filesz 000000000001b280 memsz 000000000001b280 (ro) -> mapped USER (bounds ok)
[elf    ] PT_LOAD vaddr 000050000001c000 filesz 0000000000003f1e memsz 0000000000003f1e (ro) -> mapped USER (bounds ok)
[elf    ] PT_LOAD vaddr 0000500000020000 filesz 0000000000000284 memsz 0000000000037fe0 (rw) -> mapped USER (bounds ok)
[surface] pid 468 owns surface 6 (64x64) DOUBLE-BUFFERED at user vaddr 0000530000000000 (+4 pages back) (recycled pixel buffers)
[hw     ] GRANT  pid 469 'kp-stress' -> 'sensor0': phys 0000000001003000 mapped at vaddr 0000407540000000 (1 pages)
[surface] slot 6 reclaimed on owner exit — 8 pages (phys 00000000014cb000) back on the free list
[surface] pid 468 owns surface 6 (64x64) DOUBLE-BUFFERED at user vaddr 0000530000000000 (+4 pages back) (recycled pixel buffers)
[surface] slot 6 reclaimed on owner exit — 8 pages (phys 00000000014cb000) back on the free list
[kernel ] spawned pid 470 'kp-stress' caps 0000000000000040 — private PML4 @ phys 000000000143e000
[elf    ] PT_LOAD vaddr 0000500000000000 filesz 000000000001b280 memsz 000000000001b280 (ro) -> mapped USER (bounds ok)
[elf    ] PT_LOAD vaddr 000050000001c000 filesz 0000000000003f1e memsz 0000000000003f1e (ro) -> mapped USER (bounds ok)
[elf    ] PT_LOAD vaddr 0000500000020000 filesz 0000000000000284 memsz 0000000000037fe0 (rw) -> mapped USER (bounds ok)
[kernel ] spawned pid 471 'kp-stress' caps 0000000000000003 — private PML4 @ phys 0000000001696000
[elf    ] PT_LOAD vaddr 0000500000000000 filesz 000000000001b280 memsz 000000000001b280 (ro) -> mapped USER (bounds ok)
[elf    ] PT_LOAD vaddr 000050000001c000 filesz 0000000000003f1e memsz 0000000000003f1e (ro) -> mapped USER (bounds ok)
[elf    ] PT_LOAD vaddr 0000500000020000 filesz 0000000000000284 memsz 0000000000037fe0 (rw) -> mapped USER (bounds ok)
[hw     ] GRANT  pid 471 'kp-stress' -> 'sensor0': phys 0000000001003000 mapped at vaddr 00004075c0000000 (1 pages)
[surface] pid 470 owns surface 6 (64x64) DOUBLE-BUFFERED at user vaddr 0000530000000000 (+4 pages back) (recycled pixel buffers)
[surface] slot 6 reclaimed on owner exit — 8 pages (phys 00000000014cb000) back on the free list
[surface] pid 470 owns surface 6 (64x64) DOUBLE-BUFFERED at user vaddr 0000530000000000 (+4 pages back) (recycled pixel buffers)
[surface] slot 6 reclaimed on owner exit — 8 pages (phys 00000000014cb000) back on the free list
[kpstrs] cycle 200/200 clean (slots seen so far: 3, recycled spawns: 403)
[kpstrs]  PASS  kproc_spawn never failed mid-storm (recycling kept the table from exhausting)
[kpstrs]  PASS  every cycle's workers exited cleanly (exit == pid, recycled or fresh alike)
[kpstrs]  PASS  no stale DMA grants survived any cycle's teardown
[kpstrs]  PASS  no stale IOMMU domain (g_proc_slpt) survived any cycle's teardown
[kpstrs]  PASS  no descriptor leaked past any cycle (open-file table fully released each time)
[kpstrs]  PASS  recycling actually happened (>= 1 spawn reused an already-seen slot)
[kpstrs]  PASS  distinct slots used stayed within MAX_KPROC (the table never grew past its cap)
[kpstrs]  PASS  no stale surface buffer still owned by an exited worker
[kpstrs] 200 cycles (406 total spawns, 3 distinct slots, 403 recycled): +41582 freed, +41182 reused; global depth 1392
[kpstrs]  PASS  free-frame count reconciles (g_frame_free_depth == lifetime freed - reused)
[kpstrs]  PASS  the frame allocator's leaf lock never triggered a rank violation (no double-free race)
[kpstrs] RESULT: 10 passed, 0 failed
[kpstrs] KPROC STRESS VERIFIED — slots recycle, every descriptor/grant/domain/surface torn down, no drift across 200 cycles
-- done --
-- IPC STRESS: capability-gated fd/shared-memory handoff, sender/receiver churn --
[kernel ] spawned pid 472 'ipc-sender' caps 00000000000000a0 — private PML4 @ phys 000000000143e000
[kernel ] spawned pid 473 'ipc-recv' caps 00000000000000a0 — private PML4 @ phys 0000000001699000
[elf    ] PT_LOAD vaddr 0000500000000000 filesz 000000000001b280 memsz 000000000001b280 (ro) -> mapped USER (bounds ok)
[elf    ] PT_LOAD vaddr 000050000001c000 filesz 0000000000003f1e memsz 0000000000003f1e (ro) -> mapped USER (bounds ok)
[elf    ] PT_LOAD vaddr 0000500000020000 filesz 0000000000000284 memsz 0000000000037fe0 (rw) -> mapped USER (bounds ok)
[elf    ] PT_LOAD vaddr 0000500000000000 filesz 000000000001b280 memsz 000000000001b280 (ro) -> mapped USER (bounds ok)
[elf    ] PT_LOAD vaddr 000050000001c000 filesz 0000000000003f1e memsz 0000000000003f1e (ro) -> mapped USER (bounds ok)
[elf    ] PT_LOAD vaddr 0000500000020000 filesz 0000000000000284 memsz 0000000000037fe0 (rw) -> mapped USER (bounds ok)
[cas    ] put len 16 hash 30b47d925b331c51 -> block 1115 (stored)
[cas    ] put len 8 hash 72b79c54a8e54e57 -> block 1116 (stored)
[kernel ] spawned pid 474 'ipc-sender' caps 00000000000000a0 — private PML4 @ phys 0000000001699000
[kernel ] spawned pid 475 'ipc-recv' caps 00000000000000a0 — private PML4 @ phys 000000000143e000
[elf    ] PT_LOAD vaddr 0000500000000000 filesz 000000000001b280 memsz 000000000001b280 (ro) -> mapped USER (bounds ok)
[elf    ] PT_LOAD vaddr 000050000001c000 filesz 0000000000003f1e memsz 0000000000003f1e (ro) -> mapped USER (bounds ok)
[elf    ] PT_LOAD vaddr 0000500000020000 filesz 0000000000000284 memsz 0000000000037fe0 (rw) -> mapped USER (bounds ok)
[elf    ] PT_LOAD vaddr 0000500000000000 filesz 000000000001b280 memsz 000000000001b280 (ro) -> mapped USER (bounds ok)
[elf    ] PT_LOAD vaddr 000050000001c000 filesz 0000000000003f1e memsz 0000000000003f1e (ro) -> mapped USER (bounds ok)
[elf    ] PT_LOAD vaddr 0000500000020000 filesz 0000000000000284 memsz 0000000000037fe0 (rw) -> mapped USER (bounds ok)
[cas    ] put len 16 hash 30b47d925b331c51 -> DEDUP to block 1115 (no write)
[cas    ] put len 8 hash b0ad2a66bec3e299 -> block 1117 (stored)
[kernel ] spawned pid 476 'ipc-sender' caps 00000000000000a0 — private PML4 @ phys 000000000143e000
[kernel ] spawned pid 477 'ipc-recv' caps 00000000000000a0 — private PML4 @ phys 0000000001699000
[elf    ] PT_LOAD vaddr 0000500000000000 filesz 000000000001b280 memsz 000000000001b280 (ro) -> mapped USER (bounds ok)
[elf    ] PT_LOAD vaddr 000050000001c000 filesz 0000000000003f1e memsz 0000000000003f1e (ro) -> mapped USER (bounds ok)
[elf    ] PT_LOAD vaddr 0000500000020000 filesz 0000000000000284 memsz 0000000000037fe0 (rw) -> mapped USER (bounds ok)
[elf    ] PT_LOAD vaddr 0000500000000000 filesz 000000000001b280 memsz 000000000001b280 (ro) -> mapped USER (bounds ok)
[elf    ] PT_LOAD vaddr 000050000001c000 filesz 0000000000003f1e memsz 0000000000003f1e (ro) -> mapped USER (bounds ok)
[elf    ] PT_LOAD vaddr 0000500000020000 filesz 0000000000000284 memsz 0000000000037fe0 (rw) -> mapped USER (bounds ok)
[cas    ] put len 16 hash 30b47d925b331c51 -> DEDUP to block 1115 (no write)
[cas    ] put len 8 hash f6cc80307d2825d3 -> block 1116 (stored)
[kernel ] spawned pid 478 'ipc-sender' caps 00000000000000a0 — private PML4 @ phys 0000000001699000
[kernel ] spawned pid 479 'ipc-recv' caps 00000000000000a0 — private PML4 @ phys 000000000143e000
[elf    ] PT_LOAD vaddr 0000500000000000 filesz 000000000001b280 memsz 000000000001b280 (ro) -> mapped USER (bounds ok)
[elf    ] PT_LOAD vaddr 000050000001c000 filesz 0000000000003f1e memsz 0000000000003f1e (ro) -> mapped USER (bounds ok)
[elf    ] PT_LOAD vaddr 0000500000020000 filesz 0000000000000284 memsz 0000000000037fe0 (rw) -> mapped USER (bounds ok)
[elf    ] PT_LOAD vaddr 0000500000000000 filesz 000000000001b280 memsz 000000000001b280 (ro) -> mapped USER (bounds ok)
[elf    ] PT_LOAD vaddr 000050000001c000 filesz 0000000000003f1e memsz 0000000000003f1e (ro) -> mapped USER (bounds ok)
[elf    ] PT_LOAD vaddr 0000500000020000 filesz 0000000000000284 memsz 0000000000037fe0 (rw) -> mapped USER (bounds ok)
[cas    ] put len 16 hash 30b47d925b331c51 -> DEDUP to block 1115 (no write)
[cas    ] put len 8 hash 34c20e429306ba15 -> block 1117 (stored)
[kernel ] spawned pid 480 'ipc-sender' caps 00000000000000a0 — private PML4 @ phys 000000000143e000
[kernel ] spawned pid 481 'ipc-recv' caps 00000000000000a0 — private PML4 @ phys 0000000001699000
[elf    ] PT_LOAD vaddr 0000500000000000 filesz 000000000001b280 memsz 000000000001b280 (ro) -> mapped USER (bounds ok)
[elf    ] PT_LOAD vaddr 000050000001c000 filesz 0000000000003f1e memsz 0000000000003f1e (ro) -> mapped USER (bounds ok)
[elf    ] PT_LOAD vaddr 0000500000020000 filesz 0000000000000284 memsz 0000000000037fe0 (rw) -> mapped USER (bounds ok)
[elf    ] PT_LOAD vaddr 0000500000000000 filesz 000000000001b280 memsz 000000000001b280 (ro) -> mapped USER (bounds ok)
[elf    ] PT_LOAD vaddr 000050000001c000 filesz 0000000000003f1e memsz 0000000000003f1e (ro) -> mapped USER (bounds ok)
[elf    ] PT_LOAD vaddr 0000500000020000 filesz 0000000000000284 memsz 0000000000037fe0 (rw) -> mapped USER (bounds ok)
[cas    ] put len 16 hash 30b47d925b331c51 -> DEDUP to block 1115 (no write)
[cas    ] put len 8 hash abdc125a448d171f -> block 1116 (stored)
[ipcstrs] round 5/20 clean
[kernel ] spawned pid 482 'ipc-sender' caps 00000000000000a0 — private PML4 @ phys 0000000001699000
[kernel ] spawned pid 483 'ipc-recv' caps 00000000000000a0 — private PML4 @ phys 000000000143e000
[elf    ] PT_LOAD vaddr 0000500000000000 filesz 000000000001b280 memsz 000000000001b280 (ro) -> mapped USER (bounds ok)
[elf    ] PT_LOAD vaddr 000050000001c000 filesz 0000000000003f1e memsz 0000000000003f1e (ro) -> mapped USER (bounds ok)
[elf    ] PT_LOAD vaddr 0000500000020000 filesz 0000000000000284 memsz 0000000000037fe0 (rw) -> mapped USER (bounds ok)
[elf    ] PT_LOAD vaddr 0000500000000000 filesz 000000000001b280 memsz 000000000001b280 (ro) -> mapped USER (bounds ok)
[elf    ] PT_LOAD vaddr 000050000001c000 filesz 0000000000003f1e memsz 0000000000003f1e (ro) -> mapped USER (bounds ok)
[elf    ] PT_LOAD vaddr 0000500000020000 filesz 0000000000000284 memsz 0000000000037fe0 (rw) -> mapped USER (bounds ok)
[cas    ] put len 16 hash 30b47d925b331c51 -> DEDUP to block 1115 (no write)
[cas    ] put len 8 hash e9d1a06c5a6bab61 -> block 1117 (stored)
[kernel ] spawned pid 484 'ipc-sender' caps 00000000000000a0 — private PML4 @ phys 000000000143e000
[kernel ] spawned pid 485 'ipc-recv' caps 00000000000000a0 — private PML4 @ phys 0000000001699000
[elf    ] PT_LOAD vaddr 0000500000000000 filesz 000000000001b280 memsz 000000000001b280 (ro) -> mapped USER (bounds ok)
[elf    ] PT_LOAD vaddr 000050000001c000 filesz 0000000000003f1e memsz 0000000000003f1e (ro) -> mapped USER (bounds ok)
[elf    ] PT_LOAD vaddr 0000500000020000 filesz 0000000000000284 memsz 0000000000037fe0 (rw) -> mapped USER (bounds ok)
[elf    ] PT_LOAD vaddr 0000500000000000 filesz 000000000001b280 memsz 000000000001b280 (ro) -> mapped USER (bounds ok)
[elf    ] PT_LOAD vaddr 000050000001c000 filesz 0000000000003f1e memsz 0000000000003f1e (ro) -> mapped USER (bounds ok)
[elf    ] PT_LOAD vaddr 0000500000020000 filesz 0000000000000284 memsz 0000000000037fe0 (rw) -> mapped USER (bounds ok)
[cas    ] put len 16 hash 30b47d925b331c51 -> DEDUP to block 1115 (no write)
[cas    ] put len 8 hash 2ff0f63618cfee9b -> block 1116 (stored)
[kernel ] spawned pid 486 'ipc-sender' caps 00000000000000a0 — private PML4 @ phys 0000000001699000
[kernel ] spawned pid 487 'ipc-recv' caps 00000000000000a0 — private PML4 @ phys 000000000143e000
[elf    ] PT_LOAD vaddr 0000500000000000 filesz 000000000001b280 memsz 000000000001b280 (ro) -> mapped USER (bounds ok)
[elf    ] PT_LOAD vaddr 000050000001c000 filesz 0000000000003f1e memsz 0000000000003f1e (ro) -> mapped USER (bounds ok)
[elf    ] PT_LOAD vaddr 0000500000020000 filesz 0000000000000284 memsz 0000000000037fe0 (rw) -> mapped USER (bounds ok)
[elf    ] PT_LOAD vaddr 0000500000000000 filesz 000000000001b280 memsz 000000000001b280 (ro) -> mapped USER (bounds ok)
[elf    ] PT_LOAD vaddr 000050000001c000 filesz 0000000000003f1e memsz 0000000000003f1e (ro) -> mapped USER (bounds ok)
[elf    ] PT_LOAD vaddr 0000500000020000 filesz 0000000000000284 memsz 0000000000037fe0 (rw) -> mapped USER (bounds ok)
[cas    ] put len 16 hash 30b47d925b331c51 -> DEDUP to block 1115 (no write)
[cas    ] put len 8 hash 6de684482eae82dd -> block 1117 (stored)
[kernel ] spawned pid 488 'ipc-sender' caps 00000000000000a0 — private PML4 @ phys 000000000143e000
[kernel ] spawned pid 489 'ipc-recv' caps 00000000000000a0 — private PML4 @ phys 0000000001699000
[elf    ] PT_LOAD vaddr 0000500000000000 filesz 000000000001b280 memsz 000000000001b280 (ro) -> mapped USER (bounds ok)
[elf    ] PT_LOAD vaddr 000050000001c000 filesz 0000000000003f1e memsz 0000000000003f1e (ro) -> mapped USER (bounds ok)
[elf    ] PT_LOAD vaddr 0000500000020000 filesz 0000000000000284 memsz 0000000000037fe0 (rw) -> mapped USER (bounds ok)
[elf    ] PT_LOAD vaddr 0000500000000000 filesz 000000000001b280 memsz 000000000001b280 (ro) -> mapped USER (bounds ok)
[elf    ] PT_LOAD vaddr 000050000001c000 filesz 0000000000003f1e memsz 0000000000003f1e (ro) -> mapped USER (bounds ok)
[elf    ] PT_LOAD vaddr 0000500000020000 filesz 0000000000000284 memsz 0000000000037fe0 (rw) -> mapped USER (bounds ok)
[cas    ] put len 16 hash 30b47d925b331c51 -> DEDUP to block 1115 (no write)
[cas    ] put len 8 hash a3b24aa29c076827 -> block 1116 (stored)
[kernel ] spawned pid 490 'ipc-sender' caps 00000000000000a0 — private PML4 @ phys 0000000001699000
[kernel ] spawned pid 491 'ipc-recv' caps 00000000000000a0 — private PML4 @ phys 000000000143e000
[elf    ] PT_LOAD vaddr 0000500000000000 filesz 000000000001b280 memsz 000000000001b280 (ro) -> mapped USER (bounds ok)
[elf    ] PT_LOAD vaddr 000050000001c000 filesz 0000000000003f1e memsz 0000000000003f1e (ro) -> mapped USER (bounds ok)
[elf    ] PT_LOAD vaddr 0000500000020000 filesz 0000000000000284 memsz 0000000000037fe0 (rw) -> mapped USER (bounds ok)
[elf    ] PT_LOAD vaddr 0000500000000000 filesz 000000000001b280 memsz 000000000001b280 (ro) -> mapped USER (bounds ok)
[elf    ] PT_LOAD vaddr 000050000001c000 filesz 0000000000003f1e memsz 0000000000003f1e (ro) -> mapped USER (bounds ok)
[elf    ] PT_LOAD vaddr 0000500000020000 filesz 0000000000000284 memsz 0000000000037fe0 (rw) -> mapped USER (bounds ok)
[cas    ] put len 16 hash 30b47d925b331c51 -> DEDUP to block 1115 (no write)
[cas    ] put len 8 hash e1a7d8b4b1e5fc69 -> block 1117 (stored)
[ipcstrs] round 10/20 clean
[kernel ] spawned pid 492 'ipc-sender' caps 00000000000000a0 — private PML4 @ phys 000000000143e000
[kernel ] spawned pid 493 'ipc-recv' caps 00000000000000a0 — private PML4 @ phys 0000000001699000
[elf    ] PT_LOAD vaddr 0000500000000000 filesz 000000000001b280 memsz 000000000001b280 (ro) -> mapped USER (bounds ok)
[elf    ] PT_LOAD vaddr 000050000001c000 filesz 0000000000003f1e memsz 0000000000003f1e (ro) -> mapped USER (bounds ok)
[elf    ] PT_LOAD vaddr 0000500000020000 filesz 0000000000000284 memsz 0000000000037fe0 (rw) -> mapped USER (bounds ok)
[elf    ] PT_LOAD vaddr 0000500000000000 filesz 000000000001b280 memsz 000000000001b280 (ro) -> mapped USER (bounds ok)
[elf    ] PT_LOAD vaddr 000050000001c000 filesz 0000000000003f1e memsz 0000000000003f1e (ro) -> mapped USER (bounds ok)
[elf    ] PT_LOAD vaddr 0000500000020000 filesz 0000000000000284 memsz 0000000000037fe0 (rw) -> mapped USER (bounds ok)
[cas    ] put len 16 hash 30b47d925b331c51 -> DEDUP to block 1115 (no write)
[cas    ] put len 8 hash 27c72e7e704a3fa3 -> block 1116 (stored)
[kernel ] spawned pid 494 'ipc-sender' caps 00000000000000a0 — private PML4 @ phys 0000000001699000
[kernel ] spawned pid 495 'ipc-recv' caps 00000000000000a0 — private PML4 @ phys 000000000143e000
[elf    ] PT_LOAD vaddr 0000500000000000 filesz 000000000001b280 memsz 000000000001b280 (ro) -> mapped USER (bounds ok)
[elf    ] PT_LOAD vaddr 000050000001c000 filesz 0000000000003f1e memsz 0000000000003f1e (ro) -> mapped USER (bounds ok)
[elf    ] PT_LOAD vaddr 0000500000020000 filesz 0000000000000284 memsz 0000000000037fe0 (rw) -> mapped USER (bounds ok)
[elf    ] PT_LOAD vaddr 0000500000000000 filesz 000000000001b280 memsz 000000000001b280 (ro) -> mapped USER (bounds ok)
[elf    ] PT_LOAD vaddr 000050000001c000 filesz 0000000000003f1e memsz 0000000000003f1e (ro) -> mapped USER (bounds ok)
[elf    ] PT_LOAD vaddr 0000500000020000 filesz 0000000000000284 memsz 0000000000037fe0 (rw) -> mapped USER (bounds ok)
[cas    ] put len 16 hash 30b47d925b331c51 -> DEDUP to block 1115 (no write)
[cas    ] put len 8 hash 65bcbc908628d3e5 -> block 1117 (stored)
[kernel ] spawned pid 496 'ipc-sender' caps 00000000000000a0 — private PML4 @ phys 000000000143e000
[kernel ] spawned pid 497 'ipc-recv' caps 00000000000000a0 — private PML4 @ phys 0000000001699000
[elf    ] PT_LOAD vaddr 0000500000000000 filesz 000000000001b280 memsz 000000000001b280 (ro) -> mapped USER (bounds ok)
[elf    ] PT_LOAD vaddr 000050000001c000 filesz 0000000000003f1e memsz 0000000000003f1e (ro) -> mapped USER (bounds ok)
[elf    ] PT_LOAD vaddr 0000500000020000 filesz 0000000000000284 memsz 0000000000037fe0 (rw) -> mapped USER (bounds ok)
[elf    ] PT_LOAD vaddr 0000500000000000 filesz 000000000001b280 memsz 000000000001b280 (ro) -> mapped USER (bounds ok)
[elf    ] PT_LOAD vaddr 000050000001c000 filesz 0000000000003f1e memsz 0000000000003f1e (ro) -> mapped USER (bounds ok)
[elf    ] PT_LOAD vaddr 0000500000020000 filesz 0000000000000284 memsz 0000000000037fe0 (rw) -> mapped USER (bounds ok)
[cas    ] put len 16 hash 30b47d925b331c51 -> DEDUP to block 1115 (no write)
[cas    ] put len 8 hash 9b8882eaf381b92f -> block 1116 (stored)
[kernel ] spawned pid 498 'ipc-sender' caps 00000000000000a0 — private PML4 @ phys 0000000001699000
[kernel ] spawned pid 499 'ipc-recv' caps 00000000000000a0 — private PML4 @ phys 000000000143e000
[elf    ] PT_LOAD vaddr 0000500000000000 filesz 000000000001b280 memsz 000000000001b280 (ro) -> mapped USER (bounds ok)
[elf    ] PT_LOAD vaddr 000050000001c000 filesz 0000000000003f1e memsz 0000000000003f1e (ro) -> mapped USER (bounds ok)
[elf    ] PT_LOAD vaddr 0000500000020000 filesz 0000000000000284 memsz 0000000000037fe0 (rw) -> mapped USER (bounds ok)
[elf    ] PT_LOAD vaddr 0000500000000000 filesz 000000000001b280 memsz 000000000001b280 (ro) -> mapped USER (bounds ok)
[elf    ] PT_LOAD vaddr 000050000001c000 filesz 0000000000003f1e memsz 0000000000003f1e (ro) -> mapped USER (bounds ok)
[elf    ] PT_LOAD vaddr 0000500000020000 filesz 0000000000000284 memsz 0000000000037fe0 (rw) -> mapped USER (bounds ok)
[cas    ] put len 16 hash 30b47d925b331c51 -> DEDUP to block 1115 (no write)
[cas    ] put len 8 hash d97e10fd09604d71 -> block 1117 (stored)
[kernel ] spawned pid 500 'ipc-sender' caps 00000000000000a0 — private PML4 @ phys 000000000143e000
[kernel ] spawned pid 501 'ipc-recv' caps 00000000000000a0 — private PML4 @ phys 0000000001699000
[elf    ] PT_LOAD vaddr 0000500000000000 filesz 000000000001b280 memsz 000000000001b280 (ro) -> mapped USER (bounds ok)
[elf    ] PT_LOAD vaddr 000050000001c000 filesz 0000000000003f1e memsz 0000000000003f1e (ro) -> mapped USER (bounds ok)
[elf    ] PT_LOAD vaddr 0000500000020000 filesz 0000000000000284 memsz 0000000000037fe0 (rw) -> mapped USER (bounds ok)
[elf    ] PT_LOAD vaddr 0000500000000000 filesz 000000000001b280 memsz 000000000001b280 (ro) -> mapped USER (bounds ok)
[elf    ] PT_LOAD vaddr 000050000001c000 filesz 0000000000003f1e memsz 0000000000003f1e (ro) -> mapped USER (bounds ok)
[elf    ] PT_LOAD vaddr 0000500000020000 filesz 0000000000000284 memsz 0000000000037fe0 (rw) -> mapped USER (bounds ok)
[cas    ] put len 16 hash 30b47d925b331c51 -> DEDUP to block 1115 (no write)
[cas    ] put len 8 hash 1f9d66c6c7c490ab -> block 1116 (stored)
[ipcstrs] round 15/20 clean
[kernel ] spawned pid 502 'ipc-sender' caps 00000000000000a0 — private PML4 @ phys 0000000001699000
[kernel ] spawned pid 503 'ipc-recv' caps 00000000000000a0 — private PML4 @ phys 000000000143e000
[elf    ] PT_LOAD vaddr 0000500000000000 filesz 000000000001b280 memsz 000000000001b280 (ro) -> mapped USER (bounds ok)
[elf    ] PT_LOAD vaddr 000050000001c000 filesz 0000000000003f1e memsz 0000000000003f1e (ro) -> mapped USER (bounds ok)
[elf    ] PT_LOAD vaddr 0000500000020000 filesz 0000000000000284 memsz 0000000000037fe0 (rw) -> mapped USER (bounds ok)
[elf    ] PT_LOAD vaddr 0000500000000000 filesz 000000000001b280 memsz 000000000001b280 (ro) -> mapped USER (bounds ok)
[elf    ] PT_LOAD vaddr 000050000001c000 filesz 0000000000003f1e memsz 0000000000003f1e (ro) -> mapped USER (bounds ok)
[elf    ] PT_LOAD vaddr 0000500000020000 filesz 0000000000000284 memsz 0000000000037fe0 (rw) -> mapped USER (bounds ok)
[cas    ] put len 16 hash 30b47d925b331c51 -> DEDUP to block 1115 (no write)
[cas    ] put len 8 hash 5d92f4d8dda324ed -> block 1117 (stored)
[kernel ] spawned pid 504 'ipc-sender' caps 00000000000000a0 — private PML4 @ phys 000000000143e000
[kernel ] spawned pid 505 'ipc-recv' caps 00000000000000a0 — private PML4 @ phys 0000000001699000
[elf    ] PT_LOAD vaddr 0000500000000000 filesz 000000000001b280 memsz 000000000001b280 (ro) -> mapped USER (bounds ok)
[elf    ] PT_LOAD vaddr 000050000001c000 filesz 0000000000003f1e memsz 0000000000003f1e (ro) -> mapped USER (bounds ok)
[elf    ] PT_LOAD vaddr 0000500000020000 filesz 0000000000000284 memsz 0000000000037fe0 (rw) -> mapped USER (bounds ok)
[elf    ] PT_LOAD vaddr 0000500000000000 filesz 000000000001b280 memsz 000000000001b280 (ro) -> mapped USER (bounds ok)
[elf    ] PT_LOAD vaddr 000050000001c000 filesz 0000000000003f1e memsz 0000000000003f1e (ro) -> mapped USER (bounds ok)
[elf    ] PT_LOAD vaddr 0000500000020000 filesz 0000000000000284 memsz 0000000000037fe0 (rw) -> mapped USER (bounds ok)
[cas    ] put len 16 hash 30b47d925b331c51 -> DEDUP to block 1115 (no write)
[cas    ] put len 8 hash 935ebb334afc0a37 -> block 1116 (stored)
[kernel ] spawned pid 506 'ipc-sender' caps 00000000000000a0 — private PML4 @ phys 0000000001699000
[kernel ] spawned pid 507 'ipc-recv' caps 00000000000000a0 — private PML4 @ phys 000000000143e000
[elf    ] PT_LOAD vaddr 0000500000000000 filesz 000000000001b280 memsz 000000000001b280 (ro) -> mapped USER (bounds ok)
[elf    ] PT_LOAD vaddr 000050000001c000 filesz 0000000000003f1e memsz 0000000000003f1e (ro) -> mapped USER (bounds ok)
[elf    ] PT_LOAD vaddr 0000500000020000 filesz 0000000000000284 memsz 0000000000037fe0 (rw) -> mapped USER (bounds ok)
[elf    ] PT_LOAD vaddr 0000500000000000 filesz 000000000001b280 memsz 000000000001b280 (ro) -> mapped USER (bounds ok)
[elf    ] PT_LOAD vaddr 000050000001c000 filesz 0000000000003f1e memsz 0000000000003f1e (ro) -> mapped USER (bounds ok)
[elf    ] PT_LOAD vaddr 0000500000020000 filesz 0000000000000284 memsz 0000000000037fe0 (rw) -> mapped USER (bounds ok)
[cas    ] put len 16 hash 30b47d925b331c51 -> DEDUP to block 1115 (no write)
[cas    ] put len 8 hash d154494560da9e79 -> block 1117 (stored)
[kernel ] spawned pid 508 'ipc-sender' caps 00000000000000a0 — private PML4 @ phys 000000000143e000
[kernel ] spawned pid 509 'ipc-recv' caps 00000000000000a0 — private PML4 @ phys 0000000001699000
[elf    ] PT_LOAD vaddr 0000500000000000 filesz 000000000001b280 memsz 000000000001b280 (ro) -> mapped USER (bounds ok)
[elf    ] PT_LOAD vaddr 000050000001c000 filesz 0000000000003f1e memsz 0000000000003f1e (ro) -> mapped USER (bounds ok)
[elf    ] PT_LOAD vaddr 0000500000020000 filesz 0000000000000284 memsz 0000000000037fe0 (rw) -> mapped USER (bounds ok)
[elf    ] PT_LOAD vaddr 0000500000000000 filesz 000000000001b280 memsz 000000000001b280 (ro) -> mapped USER (bounds ok)
[elf    ] PT_LOAD vaddr 000050000001c000 filesz 0000000000003f1e memsz 0000000000003f1e (ro) -> mapped USER (bounds ok)
[elf    ] PT_LOAD vaddr 0000500000020000 filesz 0000000000000284 memsz 0000000000037fe0 (rw) -> mapped USER (bounds ok)
[cas    ] put len 16 hash 30b47d925b331c51 -> DEDUP to block 1115 (no write)
[cas    ] put len 8 hash 17739f0f1f3ee1b3 -> block 1116 (stored)
[kernel ] spawned pid 510 'ipc-sender' caps 00000000000000a0 — private PML4 @ phys 0000000001699000
[kernel ] spawned pid 511 'ipc-recv' caps 00000000000000a0 — private PML4 @ phys 000000000143e000
[elf    ] PT_LOAD vaddr 0000500000000000 filesz 000000000001b280 memsz 000000000001b280 (ro) -> mapped USER (bounds ok)
[elf    ] PT_LOAD vaddr 000050000001c000 filesz 0000000000003f1e memsz 0000000000003f1e (ro) -> mapped USER (bounds ok)
[elf    ] PT_LOAD vaddr 0000500000020000 filesz 0000000000000284 memsz 0000000000037fe0 (rw) -> mapped USER (bounds ok)
[elf    ] PT_LOAD vaddr 0000500000000000 filesz 000000000001b280 memsz 000000000001b280 (ro) -> mapped USER (bounds ok)
[elf    ] PT_LOAD vaddr 000050000001c000 filesz 0000000000003f1e memsz 0000000000003f1e (ro) -> mapped USER (bounds ok)
[elf    ] PT_LOAD vaddr 0000500000020000 filesz 0000000000000284 memsz 0000000000037fe0 (rw) -> mapped USER (bounds ok)
[cas    ] put len 16 hash 30b47d925b331c51 -> DEDUP to block 1115 (no write)
[cas    ] put len 8 hash 55692d21351d75f5 -> block 1117 (stored)
[ipcstrs] round 20/20 clean
[ipcstrs]  PASS  every round completed without a watchdog timeout (no deadlock across preemption)
[ipcstrs]  PASS  every round's sender AND receiver exited cleanly (exit == own pid)
[ipcstrs]  PASS  no descriptor leaked past any round (open-file table fully released each time)
[ipcstrs]  PASS  no shared-memory grant survived past any round (g_ipc_shm fully released each time)
[ipcstrs] 20 rounds: +4020 freed, +4020 reused; global depth 1392
[ipcstrs]  PASS  free-frame count reconciles (g_frame_free_depth == lifetime freed - reused)
[ipcstrs]  PASS  the frame allocator's leaf lock never triggered a rank violation (no double-free race)
[ipcstrs] RESULT: 6 passed, 0 failed
[ipcstrs] IPC STRESS VERIFIED — handle and shared-memory transfer both leak-free across sender/receiver churn
-- done --
-- VFIO STRESS: ring-3 BAR mapping + routed interrupt wait, driver churn --
[vfiostrs] registered dummy device 'vfio-dev0' (idx 2): BAR0 000000000143e000, BAR1 0000000001699000, IRQ line 16
[cas    ] put len 8 hash e6bd86443df8ce07 -> block 1116 (stored)
[kernel ] spawned pid 512 'vfio-driver' caps 0000000000000120 — private PML4 @ phys 000000000143f000
[elf    ] PT_LOAD vaddr 0000500000000000 filesz 000000000001b280 memsz 000000000001b280 (ro) -> mapped USER (bounds ok)
[elf    ] PT_LOAD vaddr 000050000001c000 filesz 0000000000003f1e memsz 0000000000003f1e (ro) -> mapped USER (bounds ok)
[elf    ] PT_LOAD vaddr 0000500000020000 filesz 0000000000000284 memsz 0000000000037fe0 (rw) -> mapped USER (bounds ok)
[kernel ] spawned pid 513 'vfio-driver' caps 0000000000000120 — private PML4 @ phys 000000000143f000
[elf    ] PT_LOAD vaddr 0000500000000000 filesz 000000000001b280 memsz 000000000001b280 (ro) -> mapped USER (bounds ok)
[elf    ] PT_LOAD vaddr 000050000001c000 filesz 0000000000003f1e memsz 0000000000003f1e (ro) -> mapped USER (bounds ok)
[elf    ] PT_LOAD vaddr 0000500000020000 filesz 0000000000000284 memsz 0000000000037fe0 (rw) -> mapped USER (bounds ok)
[kernel ] spawned pid 514 'vfio-driver' caps 0000000000000120 — private PML4 @ phys 000000000143f000
[elf    ] PT_LOAD vaddr 0000500000000000 filesz 000000000001b280 memsz 000000000001b280 (ro) -> mapped USER (bounds ok)
[elf    ] PT_LOAD vaddr 000050000001c000 filesz 0000000000003f1e memsz 0000000000003f1e (ro) -> mapped USER (bounds ok)
[elf    ] PT_LOAD vaddr 0000500000020000 filesz 0000000000000284 memsz 0000000000037fe0 (rw) -> mapped USER (bounds ok)
[kernel ] spawned pid 515 'vfio-driver' caps 0000000000000120 — private PML4 @ phys 000000000143f000
[elf    ] PT_LOAD vaddr 0000500000000000 filesz 000000000001b280 memsz 000000000001b280 (ro) -> mapped USER (bounds ok)
[elf    ] PT_LOAD vaddr 000050000001c000 filesz 0000000000003f1e memsz 0000000000003f1e (ro) -> mapped USER (bounds ok)
[elf    ] PT_LOAD vaddr 0000500000020000 filesz 0000000000000284 memsz 0000000000037fe0 (rw) -> mapped USER (bounds ok)
[kernel ] spawned pid 516 'vfio-driver' caps 0000000000000120 — private PML4 @ phys 000000000143f000
[elf    ] PT_LOAD vaddr 0000500000000000 filesz 000000000001b280 memsz 000000000001b280 (ro) -> mapped USER (bounds ok)
[elf    ] PT_LOAD vaddr 000050000001c000 filesz 0000000000003f1e memsz 0000000000003f1e (ro) -> mapped USER (bounds ok)
[elf    ] PT_LOAD vaddr 0000500000020000 filesz 0000000000000284 memsz 0000000000037fe0 (rw) -> mapped USER (bounds ok)
[vfiostrs] round 5/15 clean
[kernel ] spawned pid 517 'vfio-driver' caps 0000000000000120 — private PML4 @ phys 000000000143f000
[elf    ] PT_LOAD vaddr 0000500000000000 filesz 000000000001b280 memsz 000000000001b280 (ro) -> mapped USER (bounds ok)
[elf    ] PT_LOAD vaddr 000050000001c000 filesz 0000000000003f1e memsz 0000000000003f1e (ro) -> mapped USER (bounds ok)
[elf    ] PT_LOAD vaddr 0000500000020000 filesz 0000000000000284 memsz 0000000000037fe0 (rw) -> mapped USER (bounds ok)
[kernel ] spawned pid 518 'vfio-driver' caps 0000000000000120 — private PML4 @ phys 000000000143f000
[elf    ] PT_LOAD vaddr 0000500000000000 filesz 000000000001b280 memsz 000000000001b280 (ro) -> mapped USER (bounds ok)
[elf    ] PT_LOAD vaddr 000050000001c000 filesz 0000000000003f1e memsz 0000000000003f1e (ro) -> mapped USER (bounds ok)
[elf    ] PT_LOAD vaddr 0000500000020000 filesz 0000000000000284 memsz 0000000000037fe0 (rw) -> mapped USER (bounds ok)
[kernel ] spawned pid 519 'vfio-driver' caps 0000000000000120 — private PML4 @ phys 000000000143f000
[elf    ] PT_LOAD vaddr 0000500000000000 filesz 000000000001b280 memsz 000000000001b280 (ro) -> mapped USER (bounds ok)
[elf    ] PT_LOAD vaddr 000050000001c000 filesz 0000000000003f1e memsz 0000000000003f1e (ro) -> mapped USER (bounds ok)
[elf    ] PT_LOAD vaddr 0000500000020000 filesz 0000000000000284 memsz 0000000000037fe0 (rw) -> mapped USER (bounds ok)
[kernel ] spawned pid 520 'vfio-driver' caps 0000000000000120 — private PML4 @ phys 000000000143f000
[elf    ] PT_LOAD vaddr 0000500000000000 filesz 000000000001b280 memsz 000000000001b280 (ro) -> mapped USER (bounds ok)
[elf    ] PT_LOAD vaddr 000050000001c000 filesz 0000000000003f1e memsz 0000000000003f1e (ro) -> mapped USER (bounds ok)
[elf    ] PT_LOAD vaddr 0000500000020000 filesz 0000000000000284 memsz 0000000000037fe0 (rw) -> mapped USER (bounds ok)
[kernel ] spawned pid 521 'vfio-driver' caps 0000000000000120 — private PML4 @ phys 000000000143f000
[elf    ] PT_LOAD vaddr 0000500000000000 filesz 000000000001b280 memsz 000000000001b280 (ro) -> mapped USER (bounds ok)
[elf    ] PT_LOAD vaddr 000050000001c000 filesz 0000000000003f1e memsz 0000000000003f1e (ro) -> mapped USER (bounds ok)
[elf    ] PT_LOAD vaddr 0000500000020000 filesz 0000000000000284 memsz 0000000000037fe0 (rw) -> mapped USER (bounds ok)
[vfiostrs] round 10/15 clean
[kernel ] spawned pid 522 'vfio-driver' caps 0000000000000120 — private PML4 @ phys 000000000143f000
[elf    ] PT_LOAD vaddr 0000500000000000 filesz 000000000001b280 memsz 000000000001b280 (ro) -> mapped USER (bounds ok)
[elf    ] PT_LOAD vaddr 000050000001c000 filesz 0000000000003f1e memsz 0000000000003f1e (ro) -> mapped USER (bounds ok)
[elf    ] PT_LOAD vaddr 0000500000020000 filesz 0000000000000284 memsz 0000000000037fe0 (rw) -> mapped USER (bounds ok)
[kernel ] spawned pid 523 'vfio-driver' caps 0000000000000120 — private PML4 @ phys 000000000143f000
[elf    ] PT_LOAD vaddr 0000500000000000 filesz 000000000001b280 memsz 000000000001b280 (ro) -> mapped USER (bounds ok)
[elf    ] PT_LOAD vaddr 000050000001c000 filesz 0000000000003f1e memsz 0000000000003f1e (ro) -> mapped USER (bounds ok)
[elf    ] PT_LOAD vaddr 0000500000020000 filesz 0000000000000284 memsz 0000000000037fe0 (rw) -> mapped USER (bounds ok)
[kernel ] spawned pid 524 'vfio-driver' caps 0000000000000120 — private PML4 @ phys 000000000143f000
[elf    ] PT_LOAD vaddr 0000500000000000 filesz 000000000001b280 memsz 000000000001b280 (ro) -> mapped USER (bounds ok)
[elf    ] PT_LOAD vaddr 000050000001c000 filesz 0000000000003f1e memsz 0000000000003f1e (ro) -> mapped USER (bounds ok)
[elf    ] PT_LOAD vaddr 0000500000020000 filesz 0000000000000284 memsz 0000000000037fe0 (rw) -> mapped USER (bounds ok)
[kernel ] spawned pid 525 'vfio-driver' caps 0000000000000120 — private PML4 @ phys 000000000143f000
[elf    ] PT_LOAD vaddr 0000500000000000 filesz 000000000001b280 memsz 000000000001b280 (ro) -> mapped USER (bounds ok)
[elf    ] PT_LOAD vaddr 000050000001c000 filesz 0000000000003f1e memsz 0000000000003f1e (ro) -> mapped USER (bounds ok)
[elf    ] PT_LOAD vaddr 0000500000020000 filesz 0000000000000284 memsz 0000000000037fe0 (rw) -> mapped USER (bounds ok)
[kernel ] spawned pid 526 'vfio-driver' caps 0000000000000120 — private PML4 @ phys 000000000143f000
[elf    ] PT_LOAD vaddr 0000500000000000 filesz 000000000001b280 memsz 000000000001b280 (ro) -> mapped USER (bounds ok)
[elf    ] PT_LOAD vaddr 000050000001c000 filesz 0000000000003f1e memsz 0000000000003f1e (ro) -> mapped USER (bounds ok)
[elf    ] PT_LOAD vaddr 0000500000020000 filesz 0000000000000284 memsz 0000000000037fe0 (rw) -> mapped USER (bounds ok)
[vfiostrs] round 15/15 clean
[vfiostrs]  PASS  every round completed without a watchdog timeout (no deadlock across preemption)
[vfiostrs]  PASS  every round's driver exited cleanly (exit == own pid: BAR reads/writes and IRQ wait all verified in ring 3)
[vfiostrs]  PASS  no DMA/MMIO grant survived past any round's teardown
[vfiostrs]  PASS  no IRQ-line ownership survived past any round's teardown
[vfiostrs]  PASS  BAR0's sentinel survived every round's teardown (device frame never freed)
[vfiostrs] 15 rounds: +1500 freed, +1500 reused; global depth 1390
[vfiostrs]  PASS  free-frame count reconciles (g_frame_free_depth == lifetime freed - reused)
[vfiostrs]  PASS  the frame allocator's leaf lock never triggered a rank violation (no double-free race)
[vfiostrs] RESULT: 7 passed, 0 failed
[vfiostrs] VFIO STRESS VERIFIED — BAR mapping and routed interrupts both leak-free across driver churn
-- done --
-- VFS STRESS: journaling, unlink/reclamation, multi-volume mounts, driver churn --
[cas    ] put len 512 hash b5a1ebfb5e7a8925 -> block 1118 (stored)
[cas    ] put len 512 hash 84d636b00eaa2b25 -> block 1119 (stored)
[cas    ] put len 512 hash 418fb6bc44c60b25 -> block 1120 (stored)
[cas    ] put len 512 hash 1d2de4cb2eac0b25 -> block 1121 (stored)
[cas    ] put len 512 hash ab8339058cac1925 -> block 1122 (stored)
[cas    ] put len 512 hash c2a1df7d9a042325 -> block 1123 (stored)
[cas    ] put len 512 hash 10f1292ceebf3725 -> block 1124 (stored)
[cas    ] put len 512 hash 461501db2dafbb25 -> block 1125 (stored)
[cas    ] put len 512 hash 8968c52646bf8525 -> block 1126 (stored)
[cas    ] put len 512 hash 64d314dd4ddc7b25 -> block 1127 (stored)
[cas    ] put len 512 hash e4f39f386a78cf25 -> block 1128 (stored)
[cas    ] put len 512 hash 1df64db55e83af25 -> block 1129 (stored)
[cas    ] put len 512 hash 488a41cb55da9525 -> block 1130 (stored)
[cas    ] put len 512 hash cb9d739c77ac6b25 -> block 1131 (stored)
[cas    ] put len 512 hash 56859d1e86682b25 -> block 1132 (stored)
[cas    ] put len 512 hash f8abd6997cf8b325 -> block 1133 (stored)
[vfsstrs] chunk map tier 0: wrote 8192, read back 8192, 16 chunk(s)
[vfsstrs]  PASS  large-file chunk map: DIRECT tier (8 KiB) round-trips byte-for-byte
[cas    ] put len 512 hash a3fdfb9db6f99325 -> block 1134 (stored)
[cas    ] put len 512 hash 7f8f30e524f68d25 -> block 1135 (stored)
[cas    ] put len 512 hash d9246a80526ee325 -> block 1136 (stored)
[cas    ] put len 512 hash cee9e6fd2c825325 -> block 1137 (stored)
[cas    ] put len 512 hash 8d22b34506896f25 -> block 1138 (stored)
[cas    ] put len 512 hash 7e45268bf47f4525 -> block 1139 (stored)
[cas    ] put len 512 hash 068ddba039eb4725 -> block 1140 (stored)
[cas    ] put len 512 hash 5c1629e07a268b25 -> block 1141 (stored)
[cas    ] put len 512 hash 2d02c2dd6b9cb325 -> block 1142 (stored)
[cas    ] put len 512 hash d73fa84c007c8925 -> block 1143 (stored)
[cas    ] put len 512 hash 3a8cfdcbc96a2b25 -> block 1144 (stored)
[cas    ] put len 512 hash f96b06eefd549325 -> block 1145 (stored)
[cas    ] put len 512 hash e4320cd723e50b25 -> block 1146 (stored)
[cas    ] put len 512 hash 3ccc9e3d15aa2125 -> block 1147 (stored)
[cas    ] put len 512 hash fe0c3edfe3442325 -> block 1148 (stored)
[cas    ] put len 512 hash f2de4129dab34f25 -> block 1149 (stored)
[cas    ] put len 512 hash be2e1568a3fd9325 -> block 1150 (stored)
[cas    ] put len 512 hash 256595392a6d8525 -> block 1151 (stored)
[cas    ] put len 512 hash 28f7e4b71a838325 -> block 1152 (stored)
[cas    ] put len 512 hash e4d9fe10f67cf325 -> block 1153 (stored)
[cas    ] put len 512 hash ab19668be4535725 -> block 1154 (stored)
[cas    ] put len 512 hash a512135145d89525 -> block 1155 (stored)
[cas    ] put len 512 hash a74f6b91d31c6b25 -> block 1156 (stored)
[cas    ] put len 512 hash 5cbea59d94c5cb25 -> block 1157 (stored)
[cas    ] put len 512 hash 204f3439a9c8b325 -> block 1158 (stored)
[cas    ] put len 512 hash aefd34f34d7ec925 -> block 1159 (stored)
[cas    ] put len 512 hash 69819a51c4d42b25 -> block 1160 (stored)
[cas    ] put len 512 hash 4128bc646e8d2325 -> block 1161 (stored)
[cas    ] put len 512 hash 66bc6b1658a22725 -> block 1162 (stored)
[cas    ] put len 512 hash f5d9f2ece922a125 -> block 1163 (stored)
[cas    ] put len 512 hash 63dd067934396f25 -> block 1164 (stored)
[cas    ] put len 512 hash fdb94a415b0be725 -> block 1165 (stored)
[cas    ] put len 512 hash 1c9f9de2c4049b25 -> block 1166 (stored)
[cas    ] put len 512 hash 10b02221482bd525 -> block 1167 (stored)
[cas    ] put len 512 hash 1a4a04f461eb8325 -> block 1168 (stored)
[cas    ] put len 512 hash 150978b2ebeabb25 -> block 1169 (stored)
[cas    ] put len 512 hash 7ae66fa12f135725 -> block 1170 (stored)
[cas    ] put len 512 hash f9d193a51a864525 -> block 1171 (stored)
[cas    ] put len 512 hash b52c8c1c3e4d4725 -> block 1172 (stored)
[cas    ] put len 512 hash 566dc79416044b25 -> block 1173 (stored)
[cas    ] put len 512 hash 7ee660c0239d4725 -> block 1174 (stored)
[cas    ] put len 512 hash 622e140c072e5125 -> block 1175 (stored)
[cas    ] put len 512 hash 7e5e61d98a4e2b25 -> block 1176 (stored)
[cas    ] put len 512 hash 71c956bbf2e49f25 -> block 1177 (stored)
[cas    ] put len 512 hash d9e609a290f80b25 -> block 1178 (stored)
[cas    ] put len 512 hash a9709e0464b9e925 -> block 1179 (stored)
[cas    ] put len 512 hash 4fb192879a742325 -> block 1180 (stored)
[cas    ] put len 512 hash 615c2173c4ee7f25 -> block 1181 (stored)
[cas    ] put len 512 hash 2ff8e2a5f2229b25 -> block 1182 (stored)
[cas    ] put len 512 hash f2de5b0711266525 -> block 1183 (stored)
[cas    ] put len 512 hash e3f694969a413b25 -> block 1184 (stored)
[cas    ] put len 512 hash 8482e227cf6d7f25 -> block 1185 (stored)
[cas    ] put len 512 hash 2b7f796947e55725 -> block 1186 (stored)
[cas    ] put len 512 hash f6b9d8391e16fd25 -> block 1187 (stored)
[cas    ] put len 512 hash 4c1f6c0d02851b25 -> block 1188 (stored)
[cas    ] put len 512 hash 3a22c5a5856f4f25 -> block 1189 (stored)
[cas    ] put len 512 hash b3603ac4ccad7725 -> block 1190 (stored)
[cas    ] put len 512 hash 7b50ecc205a9c925 -> block 1191 (stored)
[cas    ] put len 512 hash 2b3e6b2df5e02b25 -> block 1192 (stored)
[cas    ] put len 512 hash c7e047b161dc5b25 -> block 1193 (stored)
[cas    ] put len 512 hash 0ec0593045fedf25 -> block 1194 (stored)
[cas    ] put len 512 hash 2b8009005291a125 -> block 1195 (stored)
[cas    ] put len 512 hash ff7edd2666641b25 -> block 1196 (stored)
[cas    ] put len 512 hash ed41d0ba8dd1a725 -> block 1197 (stored)
[cas    ] put len 512 hash 6c064fc7c6c99325 -> block 1198 (stored)
[cas    ] put len 512 hash 3fbdb34902488d25 -> block 1199 (stored)
[cas    ] put len 512 hash 5a92f47653e73b25 -> block 1200 (stored)
[cas    ] put len 512 hash 030fee0046f8f325 -> block 1201 (stored)
[cas    ] put len 512 hash d262fbeb17856f25 -> block 1202 (stored)
[cas    ] put len 512 hash afc1207ba2614525 -> block 1203 (stored)
[cas    ] put len 512 hash 61b69b571e54ef25 -> block 1204 (stored)
[cas    ] put len 512 hash 8630ef4bb0dbff25 -> block 1205 (stored)
[cas    ] put len 512 hash 6c6ea7ebef1e7066 -> block 1206 (stored)
[vfsstrs] chunk map tier 1: wrote 36864, read back 36864, 72 chunk(s)
[vfsstrs]  PASS  large-file chunk map: SINGLE-indirect tier (36 KiB) round-trips byte-for-byte
[cas    ] put len 512 hash 24738d3e9dc52725 -> block 1118 (stored)
[cas    ] put len 512 hash 7640df62547d7725 -> block 1119 (stored)
[cas    ] put len 512 hash f564741bec8dc925 -> block 1120 (stored)
[cas    ] put len 512 hash 8bc46f37a4e82b25 -> block 1121 (stored)
[cas    ] put len 512 hash f8b79d0a24c04b25 -> block 1122 (stored)
[cas    ] put len 512 hash 8d50b9ba6756df25 -> block 1123 (stored)
[cas    ] put len 512 hash af6273293025a125 -> block 1124 (stored)
[cas    ] put len 512 hash d6b85bdf4cec1b25 -> block 1125 (stored)
[cas    ] put len 512 hash b90c6b69ef2cdf25 -> block 1126 (stored)
[cas    ] put len 512 hash 8a72111176f19325 -> block 1127 (stored)
[cas    ] put len 512 hash ad3f8b0964248d25 -> block 1128 (stored)
[cas    ] put len 512 hash d4a75f0e0b1f3b25 -> block 1129 (stored)
[cas    ] put len 512 hash b9f9d3696960f325 -> block 1130 (stored)
[cas    ] put len 512 hash 35d56e0d88956f25 -> block 1131 (stored)
[cas    ] put len 512 hash 2d55ebe132ed4525 -> block 1132 (stored)
[cas    ] put len 512 hash 64d0ddadfd5cef25 -> block 1133 (stored)
[cas    ] put len 512 hash a27ead129cf9ef25 -> block 1207 (stored)
[cas    ] put len 512 hash 82b8283cafe4b325 -> block 1208 (stored)
[cas    ] put len 512 hash 8213281a2e9e8925 -> block 1209 (stored)
[cas    ] put len 512 hash fcc7a6f6b37a2b25 -> block 1210 (stored)
[cas    ] put len 512 hash 568593821e566325 -> block 1211 (stored)
[cas    ] put len 512 hash 64bae8bf65cc0b25 -> block 1212 (stored)
[cas    ] put len 512 hash c841503375601925 -> block 1213 (stored)
[cas    ] put len 512 hash 87526571ec442325 -> block 1214 (stored)
[cas    ] put len 512 hash a49cb3e05ea45725 -> block 1215 (stored)
[cas    ] put len 512 hash b7a238be2977bb25 -> block 1216 (stored)
[cas    ] put len 512 hash 58dd713e4b2b8525 -> block 1217 (stored)
[cas    ] put len 512 hash 40936d7840d47b25 -> block 1218 (stored)
[cas    ] put len 512 hash d2f032c0315b6725 -> block 1219 (stored)
[cas    ] put len 512 hash 858df7196893af25 -> block 1220 (stored)
[cas    ] put len 512 hash 33e2003734e69525 -> block 1221 (stored)
[cas    ] put len 512 hash bab55fa4d29c6b25 -> block 1222 (stored)
[cas    ] put len 512 hash cbe3bac82b94f325 -> block 1223 (stored)
[cas    ] put len 512 hash eb370f476688b325 -> block 1224 (stored)
[cas    ] put len 512 hash a659022aff10c925 -> block 1225 (stored)
[cas    ] put len 512 hash 381ba1f2229c2b25 -> block 1226 (stored)
[cas    ] put len 512 hash 22353f8ba9a85325 -> block 1227 (stored)
[cas    ] put len 512 hash ee7328ed026e2725 -> block 1228 (stored)
[cas    ] put len 512 hash b75260e1a05ca125 -> block 1229 (stored)
[cas    ] put len 512 hash 2cf12016833d6f25 -> block 1230 (stored)
[cas    ] put len 512 hash 5cdc08590c27e725 -> block 1231 (stored)
[cas    ] put len 512 hash 23e05e3e6b749b25 -> block 1232 (stored)
[cas    ] put len 512 hash f0e24ed6a731d525 -> block 1233 (stored)
[cas    ] put len 512 hash 847673cf496b8325 -> block 1234 (stored)
[cas    ] put len 512 hash f025fe0390539725 -> block 1235 (stored)
[cas    ] put len 512 hash 1d4ec3ced4736f25 -> block 1236 (stored)
[cas    ] put len 512 hash 169ed8d2ea2c4525 -> block 1237 (stored)
[cas    ] put len 512 hash a473475665694725 -> block 1238 (stored)
[cas    ] put len 512 hash 1bd5a9fc212c9f25 -> block 1239 (stored)
[cas    ] put len 512 hash ff50cce732747725 -> block 1240 (stored)
[cas    ] put len 512 hash 401a6da68a305125 -> block 1241 (stored)
[cas    ] put len 512 hash 9b39164395829325 -> block 1242 (stored)
[cas    ] put len 512 hash 95bc5941e6155325 -> block 1243 (stored)
[cas    ] put len 512 hash 24814f5bc9500b25 -> block 1244 (stored)
[cas    ] put len 512 hash 43fcbd1ed0a73125 -> block 1245 (stored)
[cas    ] put len 512 hash bd61f138e3020b25 -> block 1246 (stored)
[cas    ] put len 512 hash 6813fb2294a61b25 -> block 1247 (stored)
[cas    ] put len 512 hash 5e5fdf27fe7cd325 -> block 1248 (stored)
[cas    ] put len 512 hash 3663bbbe79846525 -> block 1249 (stored)
[cas    ] put len 512 hash 717dd4acc4593b25 -> block 1250 (stored)
[cas    ] put len 512 hash 3718719620de8325 -> block 1251 (stored)
[cas    ] put len 512 hash fbdded74d039af25 -> block 1252 (stored)
[cas    ] put len 512 hash d18d7017ce94fd25 -> block 1253 (stored)
[cas    ] put len 512 hash 2975e52640706b25 -> block 1254 (stored)
[cas    ] put len 512 hash 530f5c8aca182325 -> block 1255 (stored)
[cas    ] put len 512 hash f9befc3969724725 -> block 1256 (stored)
[cas    ] put len 512 hash 71e38c068893c925 -> block 1257 (stored)
[cas    ] put len 512 hash 3ac83964fc669325 -> block 1258 (stored)
[cas    ] put len 512 hash d766a6062b367725 -> block 1259 (stored)
[cas    ] put len 512 hash 3cd39a6e66f2df25 -> block 1260 (stored)
[cas    ] put len 512 hash c08addfa01c3a125 -> block 1261 (stored)
[cas    ] put len 512 hash 909b847e42441b25 -> block 1262 (stored)
[cas    ] put len 512 hash d4ac13a533444725 -> block 1263 (stored)
[cas    ] put len 512 hash a3fdfb9db6f99325 -> DEDUP to block 1134 (no write)
[cas    ] put len 512 hash 7f8f30e524f68d25 -> DEDUP to block 1135 (no write)
[cas    ] put len 512 hash d9246a80526ee325 -> DEDUP to block 1136 (no write)
[cas    ] put len 512 hash cee9e6fd2c825325 -> DEDUP to block 1137 (no write)
[cas    ] put len 512 hash 8d22b34506896f25 -> DEDUP to block 1138 (no write)
[cas    ] put len 512 hash 7e45268bf47f4525 -> DEDUP to block 1139 (no write)
[cas    ] put len 512 hash 068ddba039eb4725 -> DEDUP to block 1140 (no write)
[cas    ] put len 512 hash 5c1629e07a268b25 -> DEDUP to block 1141 (no write)
[cas    ] put len 512 hash 2d02c2dd6b9cb325 -> DEDUP to block 1142 (no write)
[cas    ] put len 512 hash d73fa84c007c8925 -> DEDUP to block 1143 (no write)
[cas    ] put len 512 hash 3a8cfdcbc96a2b25 -> DEDUP to block 1144 (no write)
[cas    ] put len 512 hash f96b06eefd549325 -> DEDUP to block 1145 (no write)
[cas    ] put len 512 hash e4320cd723e50b25 -> DEDUP to block 1146 (no write)
[cas    ] put len 512 hash 3ccc9e3d15aa2125 -> DEDUP to block 1147 (no write)
[cas    ] put len 512 hash fe0c3edfe3442325 -> DEDUP to block 1148 (no write)
[cas    ] put len 512 hash f2de4129dab34f25 -> DEDUP to block 1149 (no write)
[cas    ] put len 512 hash be2e1568a3fd9325 -> DEDUP to block 1150 (no write)
[cas    ] put len 512 hash 256595392a6d8525 -> DEDUP to block 1151 (no write)
[cas    ] put len 512 hash 28f7e4b71a838325 -> DEDUP to block 1152 (no write)
[cas    ] put len 512 hash e4d9fe10f67cf325 -> DEDUP to block 1153 (no write)
[cas    ] put len 512 hash ab19668be4535725 -> DEDUP to block 1154 (no write)
[cas    ] put len 512 hash a512135145d89525 -> DEDUP to block 1155 (no write)
[cas    ] put len 512 hash a74f6b91d31c6b25 -> DEDUP to block 1156 (no write)
[cas    ] put len 512 hash 5cbea59d94c5cb25 -> DEDUP to block 1157 (no write)
[cas    ] put len 512 hash 204f3439a9c8b325 -> DEDUP to block 1158 (no write)
[cas    ] put len 512 hash aefd34f34d7ec925 -> DEDUP to block 1159 (no write)
[cas    ] put len 512 hash 69819a51c4d42b25 -> DEDUP to block 1160 (no write)
[cas    ] put len 512 hash 4128bc646e8d2325 -> DEDUP to block 1161 (no write)
[cas    ] put len 512 hash 66bc6b1658a22725 -> DEDUP to block 1162 (no write)
[cas    ] put len 512 hash f5d9f2ece922a125 -> DEDUP to block 1163 (no write)
[cas    ] put len 512 hash 63dd067934396f25 -> DEDUP to block 1164 (no write)
[cas    ] put len 512 hash fdb94a415b0be725 -> DEDUP to block 1165 (no write)
[cas    ] put len 512 hash 1c9f9de2c4049b25 -> DEDUP to block 1166 (no write)
[cas    ] put len 512 hash 10b02221482bd525 -> DEDUP to block 1167 (no write)
[cas    ] put len 512 hash 1a4a04f461eb8325 -> DEDUP to block 1168 (no write)
[cas    ] put len 512 hash 150978b2ebeabb25 -> DEDUP to block 1169 (no write)
[cas    ] put len 512 hash 7ae66fa12f135725 -> DEDUP to block 1170 (no write)
[cas    ] put len 512 hash f9d193a51a864525 -> DEDUP to block 1171 (no write)
[cas    ] put len 512 hash b52c8c1c3e4d4725 -> DEDUP to block 1172 (no write)
[cas    ] put len 512 hash 566dc79416044b25 -> DEDUP to block 1173 (no write)
[cas    ] put len 512 hash 7ee660c0239d4725 -> DEDUP to block 1174 (no write)
[cas    ] put len 512 hash 622e140c072e5125 -> DEDUP to block 1175 (no write)
[cas    ] put len 512 hash 7e5e61d98a4e2b25 -> DEDUP to block 1176 (no write)
[cas    ] put len 512 hash 71c956bbf2e49f25 -> DEDUP to block 1177 (no write)
[cas    ] put len 512 hash d9e609a290f80b25 -> DEDUP to block 1178 (no write)
[cas    ] put len 512 hash a9709e0464b9e925 -> DEDUP to block 1179 (no write)
[cas    ] put len 512 hash 4fb192879a742325 -> DEDUP to block 1180 (no write)
[cas    ] put len 512 hash 615c2173c4ee7f25 -> DEDUP to block 1181 (no write)
[cas    ] put len 512 hash 2ff8e2a5f2229b25 -> DEDUP to block 1182 (no write)
[cas    ] put len 512 hash f2de5b0711266525 -> DEDUP to block 1183 (no write)
[cas    ] put len 512 hash e3f694969a413b25 -> DEDUP to block 1184 (no write)
[cas    ] put len 512 hash 8482e227cf6d7f25 -> DEDUP to block 1185 (no write)
[cas    ] put len 512 hash 2b7f796947e55725 -> DEDUP to block 1186 (no write)
[cas    ] put len 512 hash f6b9d8391e16fd25 -> DEDUP to block 1187 (no write)
[cas    ] put len 512 hash 4c1f6c0d02851b25 -> DEDUP to block 1188 (no write)
[cas    ] put len 512 hash 3a22c5a5856f4f25 -> DEDUP to block 1189 (no write)
[cas    ] put len 512 hash b3603ac4ccad7725 -> DEDUP to block 1190 (no write)
[cas    ] put len 512 hash 7b50ecc205a9c925 -> DEDUP to block 1191 (no write)
[cas    ] put len 512 hash 2b3e6b2df5e02b25 -> DEDUP to block 1192 (no write)
[cas    ] put len 512 hash c7e047b161dc5b25 -> DEDUP to block 1193 (no write)
[cas    ] put len 512 hash 0ec0593045fedf25 -> DEDUP to block 1194 (no write)
[cas    ] put len 512 hash 2b8009005291a125 -> DEDUP to block 1195 (no write)
[cas    ] put len 512 hash ff7edd2666641b25 -> DEDUP to block 1196 (no write)
[cas    ] put len 512 hash ed41d0ba8dd1a725 -> DEDUP to block 1197 (no write)
[cas    ] put len 512 hash 6c064fc7c6c99325 -> DEDUP to block 1198 (no write)
[cas    ] put len 512 hash 3fbdb34902488d25 -> DEDUP to block 1199 (no write)
[cas    ] put len 512 hash 5a92f47653e73b25 -> DEDUP to block 1200 (no write)
[cas    ] put len 512 hash 030fee0046f8f325 -> DEDUP to block 1201 (no write)
[cas    ] put len 512 hash d262fbeb17856f25 -> DEDUP to block 1202 (no write)
[cas    ] put len 512 hash afc1207ba2614525 -> DEDUP to block 1203 (no write)
[cas    ] put len 512 hash 61b69b571e54ef25 -> DEDUP to block 1204 (no write)
[cas    ] put len 512 hash 8630ef4bb0dbff25 -> DEDUP to block 1205 (no write)
[cas    ] put len 512 hash a85f32f6aaf4b325 -> block 1264 (stored)
[cas    ] put len 512 hash b5a1ebfb5e7a8925 -> block 1265 (stored)
[cas    ] put len 512 hash 84d636b00eaa2b25 -> block 1266 (stored)
[cas    ] put len 512 hash 418fb6bc44c60b25 -> block 1267 (stored)
[cas    ] put len 512 hash 1d2de4cb2eac0b25 -> block 1268 (stored)
[cas    ] put len 512 hash ab8339058cac1925 -> block 1269 (stored)
[cas    ] put len 512 hash c2a1df7d9a042325 -> block 1270 (stored)
[cas    ] put len 512 hash 10f1292ceebf3725 -> block 1271 (stored)
[cas    ] put len 512 hash 461501db2dafbb25 -> block 1272 (stored)
[cas    ] put len 512 hash 8968c52646bf8525 -> block 1273 (stored)
[cas    ] put len 512 hash 64d314dd4ddc7b25 -> block 1274 (stored)
[cas    ] put len 512 hash e4f39f386a78cf25 -> block 1275 (stored)
[cas    ] put len 512 hash 1df64db55e83af25 -> block 1276 (stored)
[cas    ] put len 512 hash 488a41cb55da9525 -> block 1277 (stored)
[cas    ] put len 512 hash cb9d739c77ac6b25 -> block 1278 (stored)
[cas    ] put len 512 hash 56859d1e86682b25 -> block 1279 (stored)
[cas    ] put len 512 hash f8abd6997cf8b325 -> block 1280 (stored)
[cas    ] put len 512 hash 15e655cf3864c925 -> block 1281 (stored)
[cas    ] put len 512 hash c692f39af4b42b25 -> block 1282 (stored)
[cas    ] put len 512 hash 5a6257dff133bb25 -> block 1283 (stored)
[cas    ] put len 512 hash 5e0aa6415ede2725 -> block 1284 (stored)
[cas    ] put len 512 hash 2b0749af8fc8a125 -> block 1285 (stored)
[cas    ] put len 512 hash 71c82972f6756f25 -> block 1286 (stored)
[cas    ] put len 512 hash 5ea4e80cfdf9ff25 -> block 1287 (stored)
[cas    ] put len 512 hash 476dc817d2e49b25 -> block 1288 (stored)
[cas    ] put len 512 hash ae1f04ead145d525 -> block 1289 (stored)
[cas    ] put len 512 hash 62ddb6ef88a38325 -> block 1290 (stored)
[cas    ] put len 512 hash db5160be21c71725 -> block 1291 (stored)
[cas    ] put len 512 hash e44a7d58f65b6f25 -> block 1292 (stored)
[cas    ] put len 512 hash 8faf6f0c3f904525 -> block 1293 (stored)
[cas    ] put len 512 hash fb50487e59294725 -> block 1294 (stored)
[cas    ] put len 512 hash dbd711714e19ef25 -> block 1295 (stored)
[cas    ] put len 512 hash ce96d0e73c1c7725 -> block 1296 (stored)
[cas    ] put len 512 hash 9ed6e5f177bc5125 -> block 1297 (stored)
[cas    ] put len 512 hash ebf8f932dada9325 -> block 1298 (stored)
[cas    ] put len 512 hash 9828c7d6c6f1e325 -> block 1299 (stored)
[cas    ] put len 512 hash 69fff8c688600b25 -> block 1300 (stored)
[cas    ] put len 512 hash d91519d3210b3125 -> block 1301 (stored)
[cas    ] put len 512 hash cd0a8a50fbda0b25 -> block 1302 (stored)
[cas    ] put len 512 hash fc4c859fc5631b25 -> block 1303 (stored)
[cas    ] put len 512 hash 49d2a71ff514d325 -> block 1304 (stored)
[cas    ] put len 512 hash bcc34b0584706525 -> block 1305 (stored)
[cas    ] put len 512 hash ae83984fb7493b25 -> block 1306 (stored)
[cas    ] put len 512 hash 9c85f712cd91b325 -> block 1307 (stored)
[cas    ] put len 512 hash 67a44775b159af25 -> block 1308 (stored)
[cas    ] put len 512 hash 0e5334ecfdc8fd25 -> block 1309 (stored)
[cas    ] put len 512 hash d8ecfab6dfb06b25 -> block 1310 (stored)
[cas    ] put len 512 hash 00b527c906002325 -> block 1311 (stored)
[cas    ] put len 512 hash 5970e093e5924725 -> block 1312 (stored)
[cas    ] put len 512 hash a50046aa96f7c925 -> block 1313 (stored)
[cas    ] put len 512 hash 95e2f13ca5269325 -> block 1314 (stored)
[cas    ] put len 512 hash f19410392a991f25 -> block 1315 (stored)
[cas    ] put len 512 hash 9293d8413dfadf25 -> block 1316 (stored)
[cas    ] put len 512 hash 1595db488a37a125 -> block 1317 (stored)
[cas    ] put len 512 hash f552467c554c1b25 -> block 1318 (stored)
[cas    ] put len 512 hash 9488794985d37ae6 -> block 1319 (stored)
[cas    ] put len 512 hash 2cccb1311cb888ff -> block 1320 (stored)
[cas    ] put len 512 hash d1865268d57cd068 -> block 1321 (stored)
[cas    ] put len 512 hash e91b6fab2950cf48 -> block 1322 (stored)
[vfsstrs] chunk map tier 2: wrote 102400, read back 102400, 200 chunk(s)
[vfsstrs]  PASS  large-file chunk map: DOUBLE-indirect tier (100 KiB) round-trips byte-for-byte
[vfs    ] reject 'vfs-stress': 262145 bytes exceeds the 262144-byte file ceiling
[vfsstrs]  PASS  a write past the file ceiling is refused, not silently truncated
[cas    ] put len 512 hash 4a9109191c5b4325 -> block 1206 (stored)
[cas    ] put len 512 hash e54bc3d481145325 -> block 1323 (stored)
[cas    ] put len 512 hash 1dccb1c2b1469f25 -> block 1324 (stored)
[cas    ] put len 512 hash 729974bce2c5bd25 -> block 1325 (stored)
[cas    ] put len 512 hash 4a9109191c5b4325 -> DEDUP to block 1206 (no write)
[cas    ] put len 512 hash e54bc3d481145325 -> DEDUP to block 1323 (no write)
[cas    ] put len 512 hash 1dccb1c2b1469f25 -> DEDUP to block 1324 (no write)
[cas    ] put len 512 hash 729974bce2c5bd25 -> DEDUP to block 1325 (no write)
[vfsstrs] casrec: dirents A=47 B=48, 4 shared chunk hash(es), used_blocks 1322 -> 1326 -> 1326, +4 dedup hit(s)
[vfsstrs]  PASS  two files with identical content SHARE every CAS chunk and the second stores no new blocks (the premise this control rests on)
[vfsstrs]  PASS  unlinking one of two files that share EVERY chunk leaves the other byte-for-byte readable (the corruption v0.48 declined to risk)
[vfsstrs] casrec: used_blocks after unlink A = 1326, after unlink B = 1322 (started at 1322); freed 117 block(s), 431 drop(s), 0 underflow(s)
[vfsstrs]  PASS  both halves of the dedup control unlink cleanly
[vfsstrs]  PASS  unlinking a file whose every chunk is still shared frees NO blocks (the reference count, not the unlink, decides)
[vfsstrs]  PASS  unlinking the LAST file referencing those chunks returns every block to the pool (used_blocks back to its pre-write value)
[cas    ] put len 6 hash 6e5c2e3e6907305e -> block 1206 (stored)
[cas    ] put len 7 hash c165a625187710a3 -> block 1323 (stored)
[cas    ] put len 5 hash b5d21ef8f4b47e6c -> block 1324 (stored)
[cas    ] put len 4 hash 8943a18b9f342226 -> block 1325 (stored)
[cas    ] put len 5 hash a5053cf4f20e2cdf -> block 1326 (stored)
[vfsstrs]  PASS  a slash-separated PATH is a valid VFS name and resolves by full path
[vfsstrs] path listing: 4 under /vfstest/include/, 1 under /vfstest/lib/
[vfsstrs]  PASS  prefix listing partitions the flat table into directories (4 include, 1 lib)
[vfsstrs]  PASS  paths identical for 32 bytes but differing later are DISTINCT files
[vfsstrs]  PASS  every path-named file unlinks cleanly, leaving no dirent behind
[cas    ] put len 16 hash d09df0ea509ed69b -> block 1206 (stored)
[kernel ] spawned pid 527 'vfs-driver' caps 0000000000000020 — private PML4 @ phys 000000000143f000
[elf    ] PT_LOAD vaddr 0000500000000000 filesz 000000000001b280 memsz 000000000001b280 (ro) -> mapped USER (bounds ok)
[elf    ] PT_LOAD vaddr 000050000001c000 filesz 0000000000003f1e memsz 0000000000003f1e (ro) -> mapped USER (bounds ok)
[elf    ] PT_LOAD vaddr 0000500000020000 filesz 0000000000000284 memsz 0000000000037fe0 (rw) -> mapped USER (bounds ok)
[cas    ] put len 24 hash 3859a1ac921f1776 -> block 1118 (stored)
[vfs    ] VFS journal: applied a pending directory commit (seq 251, 26 block(s)) to disk
[cas    ] put len 16 hash d09df0ea509ed69b -> block 1118 (stored)
[kernel ] spawned pid 528 'vfs-driver' caps 0000000000000020 — private PML4 @ phys 000000000143f000
[elf    ] PT_LOAD vaddr 0000500000000000 filesz 000000000001b280 memsz 000000000001b280 (ro) -> mapped USER (bounds ok)
[elf    ] PT_LOAD vaddr 000050000001c000 filesz 0000000000003f1e memsz 0000000000003f1e (ro) -> mapped USER (bounds ok)
[elf    ] PT_LOAD vaddr 0000500000020000 filesz 0000000000000284 memsz 0000000000037fe0 (rw) -> mapped USER (bounds ok)
[cas    ] put len 24 hash bca4f38fdc60a255 -> block 1119 (stored)
[vfs    ] VFS journal: applied a pending directory commit (seq 254, 1 block(s)) to disk
[cas    ] put len 16 hash d09df0ea509ed69b -> block 1118 (stored)
[kernel ] spawned pid 529 'vfs-driver' caps 0000000000000020 — private PML4 @ phys 000000000143f000
[elf    ] PT_LOAD vaddr 0000500000000000 filesz 000000000001b280 memsz 000000000001b280 (ro) -> mapped USER (bounds ok)
[elf    ] PT_LOAD vaddr 000050000001c000 filesz 0000000000003f1e memsz 0000000000003f1e (ro) -> mapped USER (bounds ok)
[elf    ] PT_LOAD vaddr 0000500000020000 filesz 0000000000000284 memsz 0000000000037fe0 (rw) -> mapped USER (bounds ok)
[cas    ] put len 24 hash 8e3dfc0b2c2175d8 -> block 1119 (stored)
[vfs    ] VFS journal: applied a pending directory commit (seq 257, 1 block(s)) to disk
[cas    ] put len 16 hash d09df0ea509ed69b -> block 1118 (stored)
[kernel ] spawned pid 530 'vfs-driver' caps 0000000000000020 — private PML4 @ phys 000000000143f000
[elf    ] PT_LOAD vaddr 0000500000000000 filesz 000000000001b280 memsz 000000000001b280 (ro) -> mapped USER (bounds ok)
[elf    ] PT_LOAD vaddr 000050000001c000 filesz 0000000000003f1e memsz 0000000000003f1e (ro) -> mapped USER (bounds ok)
[elf    ] PT_LOAD vaddr 0000500000020000 filesz 0000000000000284 memsz 0000000000037fe0 (rw) -> mapped USER (bounds ok)
[cas    ] put len 24 hash b67c25de58f4049f -> block 1119 (stored)
[vfs    ] VFS journal: applied a pending directory commit (seq 260, 1 block(s)) to disk
[cas    ] put len 16 hash d09df0ea509ed69b -> block 1118 (stored)
[kernel ] spawned pid 531 'vfs-driver' caps 0000000000000020 — private PML4 @ phys 000000000143f000
[elf    ] PT_LOAD vaddr 0000500000000000 filesz 000000000001b280 memsz 000000000001b280 (ro) -> mapped USER (bounds ok)
[elf    ] PT_LOAD vaddr 000050000001c000 filesz 0000000000003f1e memsz 0000000000003f1e (ro) -> mapped USER (bounds ok)
[elf    ] PT_LOAD vaddr 0000500000020000 filesz 0000000000000284 memsz 0000000000037fe0 (rw) -> mapped USER (bounds ok)
[cas    ] put len 24 hash 2d63c0ef43d3566a -> block 1119 (stored)
[vfs    ] VFS journal: applied a pending directory commit (seq 263, 1 block(s)) to disk
[vfsstrs] round 5/15 clean
[cas    ] put len 16 hash d09df0ea509ed69b -> block 1118 (stored)
[kernel ] spawned pid 532 'vfs-driver' caps 0000000000000020 — private PML4 @ phys 000000000143f000
[elf    ] PT_LOAD vaddr 0000500000000000 filesz 000000000001b280 memsz 000000000001b280 (ro) -> mapped USER (bounds ok)
[elf    ] PT_LOAD vaddr 000050000001c000 filesz 0000000000003f1e memsz 0000000000003f1e (ro) -> mapped USER (bounds ok)
[elf    ] PT_LOAD vaddr 0000500000020000 filesz 0000000000000284 memsz 0000000000037fe0 (rw) -> mapped USER (bounds ok)
[cas    ] put len 24 hash 68c3979b48206289 -> block 1119 (stored)
[vfs    ] VFS journal: applied a pending directory commit (seq 266, 1 block(s)) to disk
[cas    ] put len 16 hash d09df0ea509ed69b -> block 1118 (stored)
[kernel ] spawned pid 533 'vfs-driver' caps 0000000000000020 — private PML4 @ phys 000000000143f000
[elf    ] PT_LOAD vaddr 0000500000000000 filesz 000000000001b280 memsz 000000000001b280 (ro) -> mapped USER (bounds ok)
[elf    ] PT_LOAD vaddr 000050000001c000 filesz 0000000000003f1e memsz 0000000000003f1e (ro) -> mapped USER (bounds ok)
[elf    ] PT_LOAD vaddr 0000500000020000 filesz 0000000000000284 memsz 0000000000037fe0 (rw) -> mapped USER (bounds ok)
[cas    ] put len 24 hash 3399293499cd5e1c -> block 1119 (stored)
[vfs    ] VFS journal: applied a pending directory commit (seq 269, 1 block(s)) to disk
[cas    ] put len 16 hash d09df0ea509ed69b -> block 1118 (stored)
[kernel ] spawned pid 534 'vfs-driver' caps 0000000000000020 — private PML4 @ phys 000000000143f000
[elf    ] PT_LOAD vaddr 0000500000000000 filesz 000000000001b280 memsz 000000000001b280 (ro) -> mapped USER (bounds ok)
[elf    ] PT_LOAD vaddr 000050000001c000 filesz 0000000000003f1e memsz 0000000000003f1e (ro) -> mapped USER (bounds ok)
[elf    ] PT_LOAD vaddr 0000500000020000 filesz 0000000000000284 memsz 0000000000037fe0 (rw) -> mapped USER (bounds ok)
[cas    ] put len 24 hash 633d978699f21413 -> block 1119 (stored)
[vfs    ] VFS journal: applied a pending directory commit (seq 272, 1 block(s)) to disk
[cas    ] put len 16 hash d09df0ea509ed69b -> block 1118 (stored)
[kernel ] spawned pid 535 'vfs-driver' caps 0000000000000020 — private PML4 @ phys 000000000143f000
[elf    ] PT_LOAD vaddr 0000500000000000 filesz 000000000001b280 memsz 000000000001b280 (ro) -> mapped USER (bounds ok)
[elf    ] PT_LOAD vaddr 000050000001c000 filesz 0000000000003f1e memsz 0000000000003f1e (ro) -> mapped USER (bounds ok)
[elf    ] PT_LOAD vaddr 0000500000020000 filesz 0000000000000284 memsz 0000000000037fe0 (rw) -> mapped USER (bounds ok)
[cas    ] put len 24 hash 81803f9fd60faf0e -> block 1119 (stored)
[vfs    ] VFS journal: applied a pending directory commit (seq 275, 1 block(s)) to disk
[cas    ] put len 16 hash d09df0ea509ed69b -> block 1118 (stored)
[kernel ] spawned pid 536 'vfs-driver' caps 0000000000000020 — private PML4 @ phys 000000000143f000
[elf    ] PT_LOAD vaddr 0000500000000000 filesz 000000000001b280 memsz 000000000001b280 (ro) -> mapped USER (bounds ok)
[elf    ] PT_LOAD vaddr 000050000001c000 filesz 0000000000003f1e memsz 0000000000003f1e (ro) -> mapped USER (bounds ok)
[elf    ] PT_LOAD vaddr 0000500000020000 filesz 0000000000000284 memsz 0000000000037fe0 (rw) -> mapped USER (bounds ok)
[cas    ] put len 24 hash 98046c4ea8f9342d -> block 1119 (stored)
[vfs    ] VFS journal: applied a pending directory commit (seq 278, 1 block(s)) to disk
[vfsstrs] round 10/15 clean
[cas    ] put len 16 hash d09df0ea509ed69b -> block 1118 (stored)
[kernel ] spawned pid 537 'vfs-driver' caps 0000000000000020 — private PML4 @ phys 000000000143f000
[elf    ] PT_LOAD vaddr 0000500000000000 filesz 000000000001b280 memsz 000000000001b280 (ro) -> mapped USER (bounds ok)
[elf    ] PT_LOAD vaddr 000050000001c000 filesz 0000000000003f1e memsz 0000000000003f1e (ro) -> mapped USER (bounds ok)
[elf    ] PT_LOAD vaddr 0000500000020000 filesz 0000000000000284 memsz 0000000000037fe0 (rw) -> mapped USER (bounds ok)
[cas    ] put len 24 hash 6671dea90facbc70 -> block 1119 (stored)
[vfs    ] VFS journal: applied a pending directory commit (seq 281, 1 block(s)) to disk
[cas    ] put len 16 hash d09df0ea509ed69b -> block 1118 (stored)
[kernel ] spawned pid 538 'vfs-driver' caps 0000000000000020 — private PML4 @ phys 000000000143f000
[elf    ] PT_LOAD vaddr 0000500000000000 filesz 000000000001b280 memsz 000000000001b280 (ro) -> mapped USER (bounds ok)
[elf    ] PT_LOAD vaddr 000050000001c000 filesz 0000000000003f1e memsz 0000000000003f1e (ro) -> mapped USER (bounds ok)
[elf    ] PT_LOAD vaddr 0000500000020000 filesz 0000000000000284 memsz 0000000000037fe0 (rw) -> mapped USER (bounds ok)
[cas    ] put len 24 hash 2543612994357757 -> block 1119 (stored)
[vfs    ] VFS journal: applied a pending directory commit (seq 284, 1 block(s)) to disk
[cas    ] put len 16 hash d09df0ea509ed69b -> block 1118 (stored)
[kernel ] spawned pid 539 'vfs-driver' caps 0000000000000020 — private PML4 @ phys 000000000143f000
[elf    ] PT_LOAD vaddr 0000500000000000 filesz 000000000001b280 memsz 000000000001b280 (ro) -> mapped USER (bounds ok)
[elf    ] PT_LOAD vaddr 000050000001c000 filesz 0000000000003f1e memsz 0000000000003f1e (ro) -> mapped USER (bounds ok)
[elf    ] PT_LOAD vaddr 0000500000020000 filesz 0000000000000284 memsz 0000000000037fe0 (rw) -> mapped USER (bounds ok)
[cas    ] put len 24 hash 84d736d2c788a4c2 -> block 1119 (stored)
[vfs    ] VFS journal: applied a pending directory commit (seq 287, 1 block(s)) to disk
[cas    ] put len 16 hash d09df0ea509ed69b -> block 1118 (stored)
[kernel ] spawned pid 540 'vfs-driver' caps 0000000000000020 — private PML4 @ phys 000000000143f000
[elf    ] PT_LOAD vaddr 0000500000000000 filesz 000000000001b280 memsz 000000000001b280 (ro) -> mapped USER (bounds ok)
[elf    ] PT_LOAD vaddr 000050000001c000 filesz 0000000000003f1e memsz 0000000000003f1e (ro) -> mapped USER (bounds ok)
[elf    ] PT_LOAD vaddr 0000500000020000 filesz 0000000000000284 memsz 0000000000037fe0 (rw) -> mapped USER (bounds ok)
[cas    ] put len 24 hash 49de55d1596eb881 -> block 1119 (stored)
[vfs    ] VFS journal: applied a pending directory commit (seq 290, 1 block(s)) to disk
[cas    ] put len 16 hash d09df0ea509ed69b -> block 1118 (stored)
[kernel ] spawned pid 541 'vfs-driver' caps 0000000000000020 — private PML4 @ phys 000000000143f000
[elf    ] PT_LOAD vaddr 0000500000000000 filesz 000000000001b280 memsz 000000000001b280 (ro) -> mapped USER (bounds ok)
[elf    ] PT_LOAD vaddr 000050000001c000 filesz 0000000000003f1e memsz 0000000000003f1e (ro) -> mapped USER (bounds ok)
[elf    ] PT_LOAD vaddr 0000500000020000 filesz 0000000000000284 memsz 0000000000037fe0 (rw) -> mapped USER (bounds ok)
[cas    ] put len 24 hash 9935b92fedda4374 -> block 1119 (stored)
[vfs    ] VFS journal: applied a pending directory commit (seq 293, 1 block(s)) to disk
[vfsstrs] round 15/15 clean
[vfsstrs]  PASS  every round completed without a watchdog timeout (no deadlock across preemption)
[vfsstrs]  PASS  every round's driver exited cleanly (ROOT read/overwrite/sync, TMP write/read, DEV read-only all verified in ring 3)
[vfsstrs]  PASS  no descriptor leaked past any round (open-file table fully released each time)
[vfsstrs]  PASS  SYS_VFS_UNLINK actually removed the dirent every round (vfs_find fails immediately after)
[vfsstrs]  PASS  directory dirent count never grew past baseline (unlink+reclaim, not one-new-dirent-per-round)
[vfsstrs]  PASS  TMP volume slot count never grew past baseline (fixed reused name, not one-new-slot-per-round)
[vfsstrs] 15 rounds: +1455 freed, +1455 reused; global depth 1390
[vfsstrs]  PASS  free-frame count reconciles (g_frame_free_depth == lifetime freed - reused)
[vfsstrs]  PASS  the frame allocator's leaf lock never triggered a rank violation (no double-free race)
[cas    ] put len 24 hash b2f4c11d72dbc957 -> block 1118 (stored)
[vfs    ] VFS journal: applied a pending directory commit (seq 295, 1 block(s)) to disk
[cas    ] mounted existing volume (v5): 1119/8192 blocks used, 1472 puts, 645 dedup hits
[cas    ] refcounts derived from 47 live file(s): 471 data block(s) allocated, 469 referenced, 2 UNREFERENCED; volume 1119/8192
[cas    ]   unreferenced != leaked: cas_put() is reachable without a dirent, and the boot suites use it that way (cmd_cas, the validation matrix). A value that GROWS across boots on one volume is the leak signal.
[vfsstrs]  PASS  VFS journal commit is genuinely DEFERRED (on-disk dir region is stale before apply)
[vfsstrs]  PASS  a simulated reboot's cas_mount() automatically recovers the pending commit
[vfsstrs]  PASS  the recovered directory reloads with correct content (post-recovery read matches what was written)
[kernel ] spawned pid 542 'v-lseek' caps 0000000000002020 — private PML4 @ phys 000000000143f000
[elf    ] PT_LOAD vaddr 0000500000000000 filesz 000000000001b280 memsz 000000000001b280 (ro) -> mapped USER (bounds ok)
[elf    ] PT_LOAD vaddr 000050000001c000 filesz 0000000000003f1e memsz 0000000000003f1e (ro) -> mapped USER (bounds ok)
[elf    ] PT_LOAD vaddr 0000500000020000 filesz 0000000000000284 memsz 0000000000037fe0 (rw) -> mapped USER (bounds ok)
[cas    ] put len 26 hash e276b7953364d122 -> block 1119 (stored)
[kernel ] spawned pid 543 'v-lseek' caps 0000000000002020 — private PML4 @ phys 0000000001324000
[cas    ] put len 26 hash 0488cdb63af3d055 -> block 1120 (stored)
[cas    ] put len 3 hash e71cbc19053f4da2 -> block 1119 (stored)
[cas    ] put len 6 hash bf305b41785696ac -> block 1121 (stored)
[cas    ] put len 9 hash af59949e9ca09b3b -> block 1119 (stored)
[cas    ] put len 14 hash 97fc763ac7fc08e9 -> block 1121 (stored)
[cas    ] put len 2 hash 08ba5f07b55ec3da -> block 1119 (stored)
[cas    ] put len 512 hash 9432c6144eb04925 -> block 1121 (stored)
[cas    ] put len 512 hash 9432c6144eb04925 -> DEDUP to block 1121 (no write)
[cas    ] put len 512 hash 9432c6144eb04925 -> DEDUP to block 1121 (no write)
[cas    ] put len 512 hash 9432c6144eb04925 -> DEDUP to block 1121 (no write)
[cas    ] put len 512 hash 9432c6144eb04925 -> DEDUP to block 1121 (no write)
[cas    ] put len 512 hash 9432c6144eb04925 -> DEDUP to block 1121 (no write)
[cas    ] put len 512 hash 9432c6144eb04925 -> DEDUP to block 1121 (no write)
[cas    ] put len 512 hash 9432c6144eb04925 -> DEDUP to block 1121 (no write)
[cas    ] put len 512 hash 3a24830b6d7da725 -> block 1122 (stored)
[cas    ] put len 512 hash 3a24830b6d7da725 -> DEDUP to block 1122 (no write)
[cas    ] put len 512 hash 3a24830b6d7da725 -> DEDUP to block 1122 (no write)
[cas    ] put len 512 hash 3a24830b6d7da725 -> DEDUP to block 1122 (no write)
[cas    ] put len 512 hash 3a24830b6d7da725 -> DEDUP to block 1122 (no write)
[cas    ] put len 512 hash 3a24830b6d7da725 -> DEDUP to block 1122 (no write)
[cas    ] put len 512 hash 3a24830b6d7da725 -> DEDUP to block 1122 (no write)
[cas    ] put len 512 hash 3a24830b6d7da725 -> DEDUP to block 1122 (no write)
[cas    ] put len 512 hash 206fcec53e146f25 -> block 1123 (stored)
[cas    ] put len 512 hash 206fcec53e146f25 -> DEDUP to block 1123 (no write)
[cas    ] put len 512 hash 206fcec53e146f25 -> DEDUP to block 1123 (no write)
[cas    ] put len 512 hash 206fcec53e146f25 -> DEDUP to block 1123 (no write)
[cas    ] put len 512 hash 206fcec53e146f25 -> DEDUP to block 1123 (no write)
[cas    ] put len 512 hash 206fcec53e146f25 -> DEDUP to block 1123 (no write)
[cas    ] put len 512 hash 206fcec53e146f25 -> DEDUP to block 1123 (no write)
[cas    ] put len 512 hash 206fcec53e146f25 -> DEDUP to block 1123 (no write)
[cas    ] put len 512 hash 491670dcf16a4725 -> block 1124 (stored)
[cas    ] put len 512 hash 491670dcf16a4725 -> DEDUP to block 1124 (no write)
[cas    ] put len 512 hash 491670dcf16a4725 -> DEDUP to block 1124 (no write)
[cas    ] put len 512 hash 491670dcf16a4725 -> DEDUP to block 1124 (no write)
[cas    ] put len 512 hash 491670dcf16a4725 -> DEDUP to block 1124 (no write)
[cas    ] put len 512 hash 491670dcf16a4725 -> DEDUP to block 1124 (no write)
[cas    ] put len 512 hash 491670dcf16a4725 -> DEDUP to block 1124 (no write)
[cas    ] put len 512 hash 491670dcf16a4725 -> DEDUP to block 1124 (no write)
[cas    ] put len 512 hash e0aee3c29e247125 -> block 1125 (stored)
[cas    ] put len 512 hash e0aee3c29e247125 -> DEDUP to block 1125 (no write)
[cas    ] put len 512 hash e0aee3c29e247125 -> DEDUP to block 1125 (no write)
[cas    ] put len 512 hash e0aee3c29e247125 -> DEDUP to block 1125 (no write)
[cas    ] put len 512 hash e0aee3c29e247125 -> DEDUP to block 1125 (no write)
[cas    ] put len 512 hash e0aee3c29e247125 -> DEDUP to block 1125 (no write)
[cas    ] put len 512 hash e0aee3c29e247125 -> DEDUP to block 1125 (no write)
[cas    ] put len 512 hash e0aee3c29e247125 -> DEDUP to block 1125 (no write)
[cas    ] put len 512 hash 56d10de92f1f5f25 -> block 1126 (stored)
[cas    ] put len 512 hash 56d10de92f1f5f25 -> DEDUP to block 1126 (no write)
[cas    ] put len 512 hash 56d10de92f1f5f25 -> DEDUP to block 1126 (no write)
[cas    ] put len 512 hash 56d10de92f1f5f25 -> DEDUP to block 1126 (no write)
[cas    ] put len 512 hash 56d10de92f1f5f25 -> DEDUP to block 1126 (no write)
[cas    ] put len 512 hash 56d10de92f1f5f25 -> DEDUP to block 1126 (no write)
[cas    ] put len 512 hash 56d10de92f1f5f25 -> DEDUP to block 1126 (no write)
[cas    ] put len 512 hash 56d10de92f1f5f25 -> DEDUP to block 1126 (no write)
[cas    ] put len 512 hash 95233b4582392325 -> block 1127 (stored)
[cas    ] put len 512 hash 95233b4582392325 -> DEDUP to block 1127 (no write)
[cas    ] put len 512 hash 95233b4582392325 -> DEDUP to block 1127 (no write)
[cas    ] put len 512 hash 95233b4582392325 -> DEDUP to block 1127 (no write)
[cas    ] put len 512 hash 95233b4582392325 -> DEDUP to block 1127 (no write)
[cas    ] put len 512 hash 95233b4582392325 -> DEDUP to block 1127 (no write)
[cas    ] put len 512 hash 95233b4582392325 -> DEDUP to block 1127 (no write)
[cas    ] put len 512 hash 95233b4582392325 -> DEDUP to block 1127 (no write)
[cas    ] put len 512 hash 5b8c1da26caafb25 -> block 1128 (stored)
[cas    ] put len 512 hash 5b8c1da26caafb25 -> DEDUP to block 1128 (no write)
[posixstrs] .. waiting spins=1293 ticks=11452 (+200) rq0=0: pid 542(role 55,thr 1 pstate 1 rip 0000500000001fc0 pend 0000000000000000 msk 0000000000000000 sfsp 0000000000000000) 
[cas    ] put len 512 hash 5b8c1da26caafb25 -> DEDUP to block 1128 (no write)
[cas    ] put len 512 hash 5b8c1da26caafb25 -> DEDUP to block 1128 (no write)
[cas    ] put len 512 hash 5b8c1da26caafb25 -> DEDUP to block 1128 (no write)
[cas    ] put len 512 hash 5b8c1da26caafb25 -> DEDUP to block 1128 (no write)
[cas    ] put len 512 hash 5b8c1da26caafb25 -> DEDUP to block 1128 (no write)
[cas    ] put len 512 hash 5b8c1da26caafb25 -> DEDUP to block 1128 (no write)
[cas    ] put len 512 hash 3ef1bdff86946d25 -> block 1129 (stored)
[cas    ] put len 512 hash 3ef1bdff86946d25 -> DEDUP to block 1129 (no write)
[cas    ] put len 512 hash 3ef1bdff86946d25 -> DEDUP to block 1129 (no write)
[cas    ] put len 512 hash 3ef1bdff86946d25 -> DEDUP to block 1129 (no write)
[cas    ] put len 512 hash 3ef1bdff86946d25 -> DEDUP to block 1129 (no write)
[cas    ] put len 512 hash 3ef1bdff86946d25 -> DEDUP to block 1129 (no write)
[cas    ] put len 512 hash 3ef1bdff86946d25 -> DEDUP to block 1129 (no write)
[cas    ] put len 512 hash 3ef1bdff86946d25 -> DEDUP to block 1129 (no write)
[cas    ] put len 512 hash 6b5fb0582889c725 -> block 1130 (stored)
[cas    ] put len 512 hash 6b5fb0582889c725 -> DEDUP to block 1130 (no write)
[cas    ] put len 512 hash 6b5fb0582889c725 -> DEDUP to block 1130 (no write)
[cas    ] put len 512 hash 6b5fb0582889c725 -> DEDUP to block 1130 (no write)
[cas    ] put len 512 hash 6b5fb0582889c725 -> DEDUP to block 1130 (no write)
[cas    ] put len 512 hash 6b5fb0582889c725 -> DEDUP to block 1130 (no write)
[cas    ] put len 512 hash 6b5fb0582889c725 -> DEDUP to block 1130 (no write)
[cas    ] put len 512 hash 6b5fb0582889c725 -> DEDUP to block 1130 (no write)
[cas    ] put len 512 hash 8cdaa0d2e0554e05 -> block 1131 (stored)
[cas    ] put len 512 hash 1f6c836824b8b90c -> block 1132 (stored)
[cas    ] put len 512 hash 25aa0c6deec4e78d -> block 1133 (stored)
[cas    ] put len 512 hash 7da144b97d054b25 -> block 1131 (stored)
[cas    ] put len 512 hash 7da144b97d054b25 -> DEDUP to block 1131 (no write)
[cas    ] put len 512 hash 7da144b97d054b25 -> DEDUP to block 1131 (no write)
[cas    ] put len 512 hash 7da144b97d054b25 -> DEDUP to block 1131 (no write)
[cas    ] put len 512 hash 7da144b97d054b25 -> DEDUP to block 1131 (no write)
[cas    ] put len 512 hash 7da144b97d054b25 -> DEDUP to block 1131 (no write)
[cas    ] put len 512 hash 7da144b97d054b25 -> DEDUP to block 1131 (no write)
[cas    ] put len 460 hash c642906343991625 -> block 1134 (stored)
[cas    ] put len 512 hash 25aa0c6deec4e78d -> DEDUP to block 1133 (no write)
[cas    ] put len 512 hash 6a9b37842c0b8324 -> block 1135 (stored)
[cas    ] put len 512 hash f74dabc1836bbd9b -> block 1136 (stored)
[posixstrs] .. waiting spins=5935 ticks=11652 (+400) rq0=0: pid 542(role 55,thr 1 pstate 1 rip 0000500000001fc0 pend 0000000000000000 msk 0000000000000000 sfsp 0000000000000000) 
[kernel ] spawned pid 544 'v-lseek' caps 0000000000002020 — private PML4 @ phys 0000000001324000
[kernel ] spawned pid 545 'v-lseek' caps 0000000000002020 — private PML4 @ phys 0000000001324000
[cas    ] put len 512 hash 29ba28e6ca8f0f25 -> block 1121 (stored)
[cas    ] put len 512 hash 29ba28e6ca8f0f25 -> DEDUP to block 1121 (no write)
[cas    ] put len 512 hash 29ba28e6ca8f0f25 -> DEDUP to block 1121 (no write)
[cas    ] put len 512 hash 29ba28e6ca8f0f25 -> DEDUP to block 1121 (no write)
[cas    ] put len 188 hash a7258fb3f0cdfc3d -> block 1122 (stored)
[cas    ] put len 512 hash 395a5701ec1d2b8d -> block 1123 (stored)
[cas    ] put len 512 hash 7da144b97d054b25 -> block 1124 (stored)
[cas    ] put len 512 hash 7da144b97d054b25 -> DEDUP to block 1124 (no write)
[cas    ] put len 512 hash 7da144b97d054b25 -> block 1121 (stored)
[cas    ] put len 488 hash b9973041df137f45 -> block 1122 (stored)
[cas    ] put len 3 hash e71fa2190541574b -> block 1121 (stored)
[cas    ] put len 5 hash 62dbe52d75c6c928 -> block 1122 (stored)
[cas    ] put len 6 hash c26fda3f20c845ea -> block 1121 (stored)
[vfsstrs]  PASS  the file position drives reads and writes on BOTH volumes from ring 3 (rewind re-reads the same bytes; a mid-file write overwrites in place and keeps the tail; sequential writes advance the cursor; a write past EOF extends with a zero-filled hole; O_TRUNC empties on open; tmp reads advance, bound at EOF and resolve SEEK_END against their own volume; refusals leave the offset alone)
[cas    ] put len 512 hash 28139e2fd0411f25 -> block 1119 (stored)
[cas    ] put len 88 hash e327b8b39a3f1e85 -> block 1120 (stored)
[vfsstrs]  PASS  rename: the probe file could be authored
[vfsstrs]  PASS  rename: the file arrives under the new name byte-for-byte, the old name is gone, and the directory gained no entry
[cas    ] put len 512 hash 321d6b81db156325 -> block 1121 (stored)
[cas    ] put len 88 hash 91d2caf547e98bc5 -> block 1122 (stored)
[vfsstrs] rename: replace used_blocks 1123 -> 1121, dirents 49 -> 48
[vfsstrs]  PASS  rename: replacing an existing name leaves the mover's content under it, removes the replaced entry, and RETURNS its blocks (a rename that leaked would grow the volume)
[vfsstrs]  PASS  rename: no two live dirents share a name anywhere in the directory
[vfsstrs]  PASS  rename: a missing source is ENOENT, an empty name and a tmp/dev path are EINVAL — never a silent success
[vfs    ] VFS journal: applied a pending directory commit (seq 328, 2 block(s)) to disk
[cas    ] mounted existing volume (v5): 1121/8192 blocks used, 1590 puts, 726 dedup hits
[cas    ] refcounts derived from 48 live file(s): 473 data block(s) allocated, 471 referenced, 2 UNREFERENCED; volume 1121/8192
[cas    ]   unreferenced != leaked: cas_put() is reachable without a dirent, and the boot suites use it that way (cmd_cas, the validation matrix). A value that GROWS across boots on one volume is the leak signal.
[vfsstrs]  PASS  timestamps: mtime is non-zero and survives a remount (a journalled metadata field, not an in-memory one)
[kernel ] spawned pid 546 'appsmp' caps 0000000000000020 — private PML4 @ phys 000000000143f000
[elf    ] PT_LOAD vaddr 0000500000000000 filesz 000000000001b280 memsz 000000000001b280 (ro) -> mapped USER (bounds ok)
[elf    ] PT_LOAD vaddr 000050000001c000 filesz 0000000000003f1e memsz 0000000000003f1e (ro) -> mapped USER (bounds ok)
[elf    ] PT_LOAD vaddr 0000500000020000 filesz 0000000000000284 memsz 0000000000037fe0 (rw) -> mapped USER (bounds ok)
[kernel ] spawned pid 547 'appsmp' caps 0000000000000020 — private PML4 @ phys 0000000001324000
[elf    ] PT_LOAD vaddr 0000500000000000 filesz 000000000001b280 memsz 000000000001b280 (ro) -> mapped USER (bounds ok)
[elf    ] PT_LOAD vaddr 000050000001c000 filesz 0000000000003f1e memsz 0000000000003f1e (ro) -> mapped USER (bounds ok)
[elf    ] PT_LOAD vaddr 0000500000020000 filesz 0000000000000284 memsz 0000000000037fe0 (rw) -> mapped USER (bounds ok)
[kernel ] spawned pid 548 'appsmp' caps 0000000000000020 — private PML4 @ phys 0000000001547000
[elf    ] PT_LOAD vaddr 0000500000000000 filesz 000000000001b280 memsz 000000000001b280 (ro) -> mapped USER (bounds ok)
[elf    ] PT_LOAD vaddr 000050000001c000 filesz 0000000000003f1e memsz 0000000000003f1e (ro) -> mapped USER (bounds ok)
[elf    ] PT_LOAD vaddr 0000500000020000 filesz 0000000000000284 memsz 0000000000037fe0 (rw) -> mapped USER (bounds ok)
[kernel ] spawned pid 549 'appsmp' caps 0000000000000020 — private PML4 @ phys 00000000016a4000
[elf    ] PT_LOAD vaddr 0000500000000000 filesz 000000000001b280 memsz 000000000001b280 (ro) -> mapped USER (bounds ok)
[elf    ] PT_LOAD vaddr 000050000001c000 filesz 0000000000003f1e memsz 0000000000003f1e (ro) -> mapped USER (bounds ok)
[elf    ] PT_LOAD vaddr 0000500000020000 filesz 0000000000000284 memsz 0000000000037fe0 (rw) -> mapped USER (bounds ok)
[vfsstrs]  PASS  append-smp: every worker spawned and loaded
[cas    ] put len 16 hash 928d4cc8d89ec175 -> block 1119 (stored)
[cas    ] put len 32 hash 2373399671e4db75 -> block 1120 (stored)
[cas    ] put len 48 hash 628a02ed93ec6385 -> block 1119 (stored)
[cas    ] put len 64 hash 6f5ef798f8724755 -> block 1120 (stored)
[cas    ] put len 80 hash 42d0cdeb6ef23555 -> block 1119 (stored)
[cas    ] put len 96 hash 99a7f6c24b223f65 -> block 1120 (stored)
[cas    ] put len 112 hash db6c4b61f21e37b5 -> block 1119 (stored)
[cas    ] put len 128 hash 41b46d1d022a9145 -> block 1120 (stored)
[cas    ] put len 144 hash 69a5c96ef2f71695 -> block 1119 (stored)
[cas    ] put len 160 hash 630b4df1b5fa1495 -> block 1120 (stored)
[cas    ] put len 176 hash d50ccee6dbfb5ea5 -> block 1119 (stored)
[cas    ] put len 192 hash 4d9673790bd1fe75 -> block 1120 (stored)
[cas    ] put len 208 hash d612c4f80806f3b5 -> block 1119 (stored)
[cas    ] put len 224 hash 2870dba8001b1db5 -> block 1120 (stored)
[cas    ] put len 240 hash 269e3b0722f0f745 -> block 1119 (stored)
[cas    ] put len 256 hash ce521ecc3ce6fc95 -> block 1120 (stored)
[cas    ] put len 272 hash f506b73e35881e25 -> block 1119 (stored)
[cas    ] put len 288 hash f517b65ea6167c65 -> block 1120 (stored)
[cas    ] put len 304 hash 7d26d92bf0d9b4b5 -> block 1119 (stored)
[cas    ] put len 320 hash a5746046b4b61eb5 -> block 1120 (stored)
[cas    ] put len 336 hash af8be20b9b643845 -> block 1119 (stored)
[cas    ] put len 352 hash ef002980f5427d95 -> block 1120 (stored)
[cas    ] put len 368 hash 1c00a38fcfc73b95 -> block 1119 (stored)
[cas    ] put len 384 hash 3bba2e2fd7ba45a5 -> block 1120 (stored)
[cas    ] put len 400 hash 644dc668cff2a575 -> block 1119 (stored)
[cas    ] put len 416 hash b86d5ab1dc87a005 -> block 1120 (stored)
[cas    ] put len 432 hash f51b546fd5322005 -> block 1119 (stored)
[cas    ] put len 448 hash dbc9a2597fa1cb55 -> block 1120 (stored)
[cas    ] put len 464 hash a17fcece4bc75565 -> block 1119 (stored)
[cas    ] put len 480 hash 6193643df7a4da35 -> block 1120 (stored)
[cas    ] put len 496 hash acb3b7516e7e2e45 -> block 1119 (stored)
[cas    ] put len 512 hash c0f74a692be9f395 -> block 1120 (stored)
[cas    ] put len 16 hash 8d7ba9ae6caf0af5 -> block 1119 (stored)
[cas    ] put len 32 hash 65326cd2cdf0c4f5 -> block 1121 (stored)
[cas    ] put len 48 hash 7081b7829462b705 -> block 1119 (stored)
[cas    ] put len 64 hash 31ac424402720ed5 -> block 1121 (stored)
[cas    ] put len 80 hash 561cd4f31ab85cd5 -> block 1119 (stored)
[cas    ] put len 96 hash 03f3a9222cf646e5 -> block 1121 (stored)
[cas    ] put len 112 hash df5e8469ce814335 -> block 1119 (stored)
[cas    ] put len 128 hash aba50277434cd745 -> block 1121 (stored)
[cas    ] put len 144 hash 0a0158b782508215 -> block 1119 (stored)
[cas    ] put len 160 hash 1b4253a3f2fd0855 -> block 1121 (stored)
[cas    ] put len 176 hash 42b7b18924a9d265 -> block 1119 (stored)
[cas    ] put len 192 hash 415c1c4bf2528ab5 -> block 1121 (stored)
[cas    ] put len 208 hash b785fc52d58203f5 -> block 1119 (stored)
[cas    ] put len 224 hash 478aeb90014da885 -> block 1121 (stored)
[cas    ] put len 240 hash 963cfd16e4e25885 -> block 1119 (stored)
[cas    ] put len 256 hash 1ddf8dc90c4bbdd5 -> block 1121 (stored)
[cas    ] put len 272 hash 5f48297f5e65cbd5 -> block 1119 (stored)
[cas    ] put len 288 hash 42fe65a9ce5359d5 -> block 1121 (stored)
[cas    ] put len 304 hash caf26cda100883e5 -> block 1119 (stored)
[cas    ] put len 320 hash 6798166a2cdac035 -> block 1121 (stored)
[cas    ] put len 336 hash bc262705dcbd9445 -> block 1119 (stored)
[cas    ] put len 352 hash a7c72d56bb0b2445 -> block 1121 (stored)
[cas    ] put len 368 hash d964aec100c46995 -> block 1119 (stored)
[cas    ] put len 384 hash f36b6173ca52f3a5 -> block 1121 (stored)
[cas    ] put len 400 hash 963c54d7ff06d375 -> block 1119 (stored)
[cas    ] put len 416 hash 0ae82c05356908b5 -> block 1121 (stored)
[cas    ] put len 432 hash 5578e83e2fd5cec5 -> block 1119 (stored)
[cas    ] put len 448 hash 101987af5c4a0ec5 -> block 1121 (stored)
[cas    ] put len 464 hash 018452a6ae627f95 -> block 1119 (stored)
[cas    ] put len 480 hash e5372e33592c6125 -> block 1121 (stored)
[cas    ] put len 496 hash faf34236fc087f75 -> block 1119 (stored)
[cas    ] put len 512 hash bd9799c2b6f5b4b5 -> block 1121 (stored)
[cas    ] put len 16 hash 11f510e93782cb25 -> block 1119 (stored)
[cas    ] put len 32 hash 330b56313be96975 -> block 1122 (stored)
[cas    ] put len 48 hash 9b5f55fe6f998375 -> block 1119 (stored)
[cas    ] put len 64 hash bb6e7167b68b0b85 -> block 1122 (stored)
[cas    ] put len 80 hash 2fc7f63bc9c07b85 -> block 1119 (stored)
[cas    ] put len 96 hash 0ef1e06ddafaa0d5 -> block 1122 (stored)
[cas    ] put len 112 hash 5acadfe9dd156ed5 -> block 1119 (stored)
[cas    ] put len 128 hash 317eefc9a19adf65 -> block 1122 (stored)
[cas    ] put len 144 hash 059b4ab936109765 -> block 1119 (stored)
[cas    ] put len 160 hash fb1081c909344f65 -> block 1122 (stored)
[cas    ] put len 176 hash 2515a895363447b5 -> block 1119 (stored)
[cas    ] put len 192 hash f72329d8dd7d71b5 -> block 1122 (stored)
[cas    ] put len 208 hash c15ebf7d74c84b45 -> block 1119 (stored)
[cas    ] put len 224 hash 64cd4afcaa662d85 -> block 1122 (stored)
[cas    ] put len 240 hash 3591006a09941d85 -> block 1119 (stored)
[cas    ] put len 256 hash ed2568cad3788155 -> block 1122 (stored)
[cas    ] put len 272 hash 0598d18fa45b8b65 -> block 1119 (stored)
[cas    ] put len 288 hash d88e0c3a34ca83b5 -> block 1122 (stored)
[cas    ] put len 304 hash 30e24c0c5309dd45 -> block 1119 (stored)
[cas    ] put len 320 hash 658368bca6c96295 -> block 1122 (stored)
[cas    ] put len 336 hash 81eeb6ccd5ee2ca5 -> block 1119 (stored)
[cas    ] put len 352 hash cc1600e37843d4a5 -> block 1122 (stored)
[cas    ] put len 368 hash db3835f73347f475 -> block 1119 (stored)
[cas    ] put len 384 hash 69f9e99c056dbc85 -> block 1122 (stored)
[cas    ] put len 400 hash 2a3af6a496e76c85 -> block 1119 (stored)
[cas    ] put len 416 hash 273de99b00079055 -> block 1122 (stored)
[cas    ] put len 432 hash 8446087199165a65 -> block 1119 (stored)
[cas    ] put len 448 hash b52cdbd4b6f2d265 -> block 1122 (stored)
[cas    ] put len 464 hash 76f49e7fda877ca5 -> block 1119 (stored)
[cas    ] put len 480 hash a74738e746359c75 -> block 1122 (stored)
[cas    ] put len 496 hash bd3e4f3760ba7675 -> block 1119 (stored)
[cas    ] put len 512 hash 2b48d51e72e5d075 -> block 1122 (stored)
[cas    ] put len 16 hash d3bb65f874a9c165 -> block 1119 (stored)
[cas    ] put len 32 hash 1cd6a2cadbb639b5 -> block 1123 (stored)
[cas    ] put len 48 hash 87093efcab073fc5 -> block 1119 (stored)
[cas    ] put len 64 hash d98b780a8b6fbfc5 -> block 1123 (stored)
[cas    ] put len 80 hash dcecd873b48c7095 -> block 1119 (stored)
[cas    ] put len 96 hash b050d73b3f55ee95 -> block 1123 (stored)
[cas    ] put len 112 hash 6b0303c9b64eec95 -> block 1119 (stored)
[cas    ] put len 128 hash 244e5c6419576a95 -> block 1123 (stored)
[cas    ] put len 144 hash 0fba85ec604f6895 -> block 1119 (stored)
[cas    ] put len 160 hash 2b12abccfac07cd5 -> block 1123 (stored)
[cas    ] put len 176 hash 34f8070b0c7f8d15 -> block 1119 (stored)
[cas    ] put len 192 hash 5effd77b58f6d355 -> block 1123 (stored)
[cas    ] put len 208 hash 674900349d32bd95 -> block 1119 (stored)
[cas    ] put len 224 hash b3bbc3ceb97111d5 -> block 1123 (stored)
[cas    ] put len 240 hash 27a070e83e4d6215 -> block 1119 (stored)
[cas    ] put len 256 hash 00ce3a01c331e855 -> block 1123 (stored)
[cas    ] put len 272 hash 91b71fb2d92b1295 -> block 1119 (stored)
[cas    ] put len 288 hash 4f6f5a293476a6d5 -> block 1123 (stored)
[cas    ] put len 304 hash fa7502ee39b03715 -> block 1119 (stored)
[cas    ] put len 320 hash b94d3a025441fd55 -> block 1123 (stored)
[cas    ] put len 336 hash d90fad51e9386795 -> block 1119 (stored)
[cas    ] put len 352 hash 1ed2ef7480d13bd5 -> block 1123 (stored)
[cas    ] put len 368 hash b9925eb253a80c15 -> block 1119 (stored)
[cas    ] put len 384 hash 0976d75fa1271255 -> block 1123 (stored)
[cas    ] put len 400 hash a36f1891a25abc95 -> block 1119 (stored)
[cas    ] put len 416 hash c3de481db380d0d5 -> block 1123 (stored)
[cas    ] put len 432 hash 5ccd56dee134e115 -> block 1119 (stored)
[cas    ] put len 448 hash 265c80513ee12755 -> block 1123 (stored)
[cas    ] put len 464 hash 9f35cc86d9921195 -> block 1119 (stored)
[cas    ] put len 480 hash 4b9b0166e18565d5 -> block 1123 (stored)
[cas    ] put len 496 hash 504fc4333756b615 -> block 1119 (stored)
[cas    ] put len 512 hash d5f12663c2703c55 -> block 1123 (stored)
[vfsstrs]  PASS  append-smp: every worker reached a terminal state (no watchdog)
[vfsstrs]  PASS  append-smp: every worker completed its whole append loop
[vfsstrs] append-smp: 4 worker(s) x 32 appends x 16 B — file is 2048 B (want 2048), read 2048, 820 tick(s), cores 0x000000000000000f
[vfsstrs]  PASS  append-smp: the file is EXACTLY workers x iterations x payload bytes (a lost append is two writers agreeing on the same offset)
[vfsstrs] append-smp: per-worker block counts 32/32/32/32 (want 32 each), 86 interleave transition(s)
[vfsstrs]  PASS  append-smp: every payload block is INTACT and CONTIGUOUS — no block holds bytes from two workers (no torn or byte-interleaved write)
[vfsstrs]  PASS  append-smp: every worker's appends are ALL present, exactly once each (uniform blocks alone would not catch one writer overwriting another)
[vfsstrs]  PASS  append-smp: the appends genuinely INTERLEAVED across workers (zero transitions would mean the writers never overlapped and this boot proved nothing about contention)
[vfsstrs]  PASS  append-smp: the workers really ran on MORE THAN ONE core (affinity pinning took effect; a single-core mask would make this an -smp test in name only)
[kernel ] spawned pid 550 'appos' caps 0000000000000020 — private PML4 @ phys 000000000143f000
[elf    ] PT_LOAD vaddr 0000500000000000 filesz 000000000001b280 memsz 000000000001b280 (ro) -> mapped USER (bounds ok)
[elf    ] PT_LOAD vaddr 000050000001c000 filesz 0000000000003f1e memsz 0000000000003f1e (ro) -> mapped USER (bounds ok)
[elf    ] PT_LOAD vaddr 0000500000020000 filesz 0000000000000284 memsz 0000000000037fe0 (rw) -> mapped USER (bounds ok)
[kernel ] spawned pid 551 'appos' caps 0000000000000020 — private PML4 @ phys 0000000001547000
[elf    ] PT_LOAD vaddr 0000500000000000 filesz 000000000001b280 memsz 000000000001b280 (ro) -> mapped USER (bounds ok)
[elf    ] PT_LOAD vaddr 000050000001c000 filesz 0000000000003f1e memsz 0000000000003f1e (ro) -> mapped USER (bounds ok)
[elf    ] PT_LOAD vaddr 0000500000020000 filesz 0000000000000284 memsz 0000000000037fe0 (rw) -> mapped USER (bounds ok)
[kernel ] spawned pid 552 'appos' caps 0000000000000020 — private PML4 @ phys 00000000016a4000
[elf    ] PT_LOAD vaddr 0000500000000000 filesz 000000000001b280 memsz 000000000001b280 (ro) -> mapped USER (bounds ok)
[elf    ] PT_LOAD vaddr 000050000001c000 filesz 0000000000003f1e memsz 0000000000003f1e (ro) -> mapped USER (bounds ok)
[elf    ] PT_LOAD vaddr 0000500000020000 filesz 0000000000000284 memsz 0000000000037fe0 (rw) -> mapped USER (bounds ok)
[kernel ] spawned pid 553 'appos' caps 0000000000000020 — private PML4 @ phys 0000000001324000
[elf    ] PT_LOAD vaddr 0000500000000000 filesz 000000000001b280 memsz 000000000001b280 (ro) -> mapped USER (bounds ok)
[elf    ] PT_LOAD vaddr 000050000001c000 filesz 0000000000003f1e memsz 0000000000003f1e (ro) -> mapped USER (bounds ok)
[elf    ] PT_LOAD vaddr 0000500000020000 filesz 0000000000000284 memsz 0000000000037fe0 (rw) -> mapped USER (bounds ok)
[kernel ] spawned pid 554 'appos' caps 0000000000000020 — private PML4 @ phys 0000000001619000
[elf    ] PT_LOAD vaddr 0000500000000000 filesz 000000000001b280 memsz 000000000001b280 (ro) -> mapped USER (bounds ok)
[elf    ] PT_LOAD vaddr 000050000001c000 filesz 0000000000003f1e memsz 0000000000003f1e (ro) -> mapped USER (bounds ok)
[elf    ] PT_LOAD vaddr 0000500000020000 filesz 0000000000000284 memsz 0000000000037fe0 (rw) -> mapped USER (bounds ok)
[kernel ] spawned pid 555 'appos' caps 0000000000000020 — private PML4 @ phys 00000000015f8000
[elf    ] PT_LOAD vaddr 0000500000000000 filesz 000000000001b280 memsz 000000000001b280 (ro) -> mapped USER (bounds ok)
[elf    ] PT_LOAD vaddr 000050000001c000 filesz 0000000000003f1e memsz 0000000000003f1e (ro) -> mapped USER (bounds ok)
[elf    ] PT_LOAD vaddr 0000500000020000 filesz 0000000000000284 memsz 0000000000037fe0 (rw) -> mapped USER (bounds ok)
[kernel ] spawned pid 556 'appos' caps 0000000000000020 — private PML4 @ phys 0000000001332000
[elf    ] PT_LOAD vaddr 0000500000000000 filesz 000000000001b280 memsz 000000000001b280 (ro) -> mapped USER (bounds ok)
[elf    ] PT_LOAD vaddr 000050000001c000 filesz 0000000000003f1e memsz 0000000000003f1e (ro) -> mapped USER (bounds ok)
[elf    ] PT_LOAD vaddr 0000500000020000 filesz 0000000000000284 memsz 0000000000037fe0 (rw) -> mapped USER (bounds ok)
[kernel ] spawned pid 557 'appos' caps 0000000000000020 — private PML4 @ phys 0000000001227000
[elf    ] PT_LOAD vaddr 0000500000000000 filesz 000000000001b280 memsz 000000000001b280 (ro) -> mapped USER (bounds ok)
[elf    ] PT_LOAD vaddr 000050000001c000 filesz 0000000000003f1e memsz 0000000000003f1e (ro) -> mapped USER (bounds ok)
[elf    ] PT_LOAD vaddr 0000500000020000 filesz 0000000000000284 memsz 0000000000037fe0 (rw) -> mapped USER (bounds ok)
[kernel ] spawned pid 558 'appos' caps 0000000000000020 — private PML4 @ phys 000000000159c000
[elf    ] PT_LOAD vaddr 0000500000000000 filesz 000000000001b280 memsz 000000000001b280 (ro) -> mapped USER (bounds ok)
[elf    ] PT_LOAD vaddr 000050000001c000 filesz 0000000000003f1e memsz 0000000000003f1e (ro) -> mapped USER (bounds ok)
[elf    ] PT_LOAD vaddr 0000500000020000 filesz 0000000000000284 memsz 0000000000037fe0 (rw) -> mapped USER (bounds ok)
[kernel ] spawned pid 559 'appos' caps 0000000000000020 — private PML4 @ phys 000000000128f000
[elf    ] PT_LOAD vaddr 0000500000000000 filesz 000000000001b280 memsz 000000000001b280 (ro) -> mapped USER (bounds ok)
[elf    ] PT_LOAD vaddr 000050000001c000 filesz 0000000000003f1e memsz 0000000000003f1e (ro) -> mapped USER (bounds ok)
[elf    ] PT_LOAD vaddr 0000500000020000 filesz 0000000000000284 memsz 0000000000037fe0 (rw) -> mapped USER (bounds ok)
[kernel ] spawned pid 560 'appos' caps 0000000000000020 — private PML4 @ phys 000000000140d000
[elf    ] PT_LOAD vaddr 0000500000000000 filesz 000000000001b280 memsz 000000000001b280 (ro) -> mapped USER (bounds ok)
[elf    ] PT_LOAD vaddr 000050000001c000 filesz 0000000000003f1e memsz 0000000000003f1e (ro) -> mapped USER (bounds ok)
[elf    ] PT_LOAD vaddr 0000500000020000 filesz 0000000000000284 memsz 0000000000037fe0 (rw) -> mapped USER (bounds ok)
[kernel ] spawned pid 561 'appos' caps 0000000000000020 — private PML4 @ phys 0000000001239000
[elf    ] PT_LOAD vaddr 0000500000000000 filesz 000000000001b280 memsz 000000000001b280 (ro) -> mapped USER (bounds ok)
[elf    ] PT_LOAD vaddr 000050000001c000 filesz 0000000000003f1e memsz 0000000000003f1e (ro) -> mapped USER (bounds ok)
[elf    ] PT_LOAD vaddr 0000500000020000 filesz 0000000000000284 memsz 0000000000037fe0 (rw) -> mapped USER (bounds ok)
[kernel ] spawned pid 562 'appos' caps 0000000000000020 — private PML4 @ phys 0000000001209000
[elf    ] PT_LOAD vaddr 0000500000000000 filesz 000000000001b280 memsz 000000000001b280 (ro) -> mapped USER (bounds ok)
[elf    ] PT_LOAD vaddr 000050000001c000 filesz 0000000000003f1e memsz 0000000000003f1e (ro) -> mapped USER (bounds ok)
[elf    ] PT_LOAD vaddr 0000500000020000 filesz 0000000000000284 memsz 0000000000037fe0 (rw) -> mapped USER (bounds ok)
[kernel ] spawned pid 563 'appos' caps 0000000000000020 — private PML4 @ phys 00000000013a3000
[elf    ] PT_LOAD vaddr 0000500000000000 filesz 000000000001b280 memsz 000000000001b280 (ro) -> mapped USER (bounds ok)
[elf    ] PT_LOAD vaddr 000050000001c000 filesz 0000000000003f1e memsz 0000000000003f1e (ro) -> mapped USER (bounds ok)
[elf    ] PT_LOAD vaddr 0000500000020000 filesz 0000000000000284 memsz 0000000000037fe0 (rw) -> mapped USER (bounds ok)
[kernel ] spawned pid 564 'appos' caps 0000000000000020 — private PML4 @ phys 0000000001483000
[elf    ] PT_LOAD vaddr 0000500000000000 filesz 000000000001b280 memsz 000000000001b280 (ro) -> mapped USER (bounds ok)
[elf    ] PT_LOAD vaddr 000050000001c000 filesz 0000000000003f1e memsz 0000000000003f1e (ro) -> mapped USER (bounds ok)
[elf    ] PT_LOAD vaddr 0000500000020000 filesz 0000000000000284 memsz 0000000000037fe0 (rw) -> mapped USER (bounds ok)
[kernel ] spawned pid 565 'appos' caps 0000000000000020 — private PML4 @ phys 0000000001786000
[elf    ] PT_LOAD vaddr 0000500000000000 filesz 000000000001b280 memsz 000000000001b280 (ro) -> mapped USER (bounds ok)
[elf    ] PT_LOAD vaddr 000050000001c000 filesz 0000000000003f1e memsz 0000000000003f1e (ro) -> mapped USER (bounds ok)
[elf    ] PT_LOAD vaddr 0000500000020000 filesz 0000000000000284 memsz 0000000000037fe0 (rw) -> mapped USER (bounds ok)
[kernel ] spawned pid 566 'appos' caps 0000000000000020 — private PML4 @ phys 00000000017e7000
[elf    ] PT_LOAD vaddr 0000500000000000 filesz 000000000001b280 memsz 000000000001b280 (ro) -> mapped USER (bounds ok)
[elf    ] PT_LOAD vaddr 000050000001c000 filesz 0000000000003f1e memsz 0000000000003f1e (ro) -> mapped USER (bounds ok)
[elf    ] PT_LOAD vaddr 0000500000020000 filesz 0000000000000284 memsz 0000000000037fe0 (rw) -> mapped USER (bounds ok)
[kernel ] spawned pid 567 'appos' caps 0000000000000020 — private PML4 @ phys 0000000001848000
[elf    ] PT_LOAD vaddr 0000500000000000 filesz 000000000001b280 memsz 000000000001b280 (ro) -> mapped USER (bounds ok)
[elf    ] PT_LOAD vaddr 000050000001c000 filesz 0000000000003f1e memsz 0000000000003f1e (ro) -> mapped USER (bounds ok)
[elf    ] PT_LOAD vaddr 0000500000020000 filesz 0000000000000284 memsz 0000000000037fe0 (rw) -> mapped USER (bounds ok)
[kernel ] spawned pid 568 'appos' caps 0000000000000020 — private PML4 @ phys 00000000018a9000
[elf    ] PT_LOAD vaddr 0000500000000000 filesz 000000000001b280 memsz 000000000001b280 (ro) -> mapped USER (bounds ok)
[elf    ] PT_LOAD vaddr 000050000001c000 filesz 0000000000003f1e memsz 0000000000003f1e (ro) -> mapped USER (bounds ok)
[elf    ] PT_LOAD vaddr 0000500000020000 filesz 0000000000000284 memsz 0000000000037fe0 (rw) -> mapped USER (bounds ok)
[kernel ] spawned pid 569 'appos' caps 0000000000000020 — private PML4 @ phys 000000000190a000
[elf    ] PT_LOAD vaddr 0000500000000000 filesz 000000000001b280 memsz 000000000001b280 (ro) -> mapped USER (bounds ok)
[elf    ] PT_LOAD vaddr 000050000001c000 filesz 0000000000003f1e memsz 0000000000003f1e (ro) -> mapped USER (bounds ok)
[elf    ] PT_LOAD vaddr 0000500000020000 filesz 0000000000000284 memsz 0000000000037fe0 (rw) -> mapped USER (bounds ok)
[kernel ] spawned pid 570 'appos' caps 0000000000000020 — private PML4 @ phys 000000000196b000
[elf    ] PT_LOAD vaddr 0000500000000000 filesz 000000000001b280 memsz 000000000001b280 (ro) -> mapped USER (bounds ok)
[elf    ] PT_LOAD vaddr 000050000001c000 filesz 0000000000003f1e memsz 0000000000003f1e (ro) -> mapped USER (bounds ok)
[elf    ] PT_LOAD vaddr 0000500000020000 filesz 0000000000000284 memsz 0000000000037fe0 (rw) -> mapped USER (bounds ok)
[kernel ] spawned pid 571 'appos' caps 0000000000000020 — private PML4 @ phys 00000000019cc000
[elf    ] PT_LOAD vaddr 0000500000000000 filesz 000000000001b280 memsz 000000000001b280 (ro) -> mapped USER (bounds ok)
[elf    ] PT_LOAD vaddr 000050000001c000 filesz 0000000000003f1e memsz 0000000000003f1e (ro) -> mapped USER (bounds ok)
[elf    ] PT_LOAD vaddr 0000500000020000 filesz 0000000000000284 memsz 0000000000037fe0 (rw) -> mapped USER (bounds ok)
[kernel ] spawned pid 572 'appos' caps 0000000000000020 — private PML4 @ phys 0000000001a2d000
[elf    ] PT_LOAD vaddr 0000500000000000 filesz 000000000001b280 memsz 000000000001b280 (ro) -> mapped USER (bounds ok)
[elf    ] PT_LOAD vaddr 000050000001c000 filesz 0000000000003f1e memsz 0000000000003f1e (ro) -> mapped USER (bounds ok)
[elf    ] PT_LOAD vaddr 0000500000020000 filesz 0000000000000284 memsz 0000000000037fe0 (rw) -> mapped USER (bounds ok)
[kernel ] spawned pid 573 'appos' caps 0000000000000020 — private PML4 @ phys 0000000001a8e000
[elf    ] PT_LOAD vaddr 0000500000000000 filesz 000000000001b280 memsz 000000000001b280 (ro) -> mapped USER (bounds ok)
[elf    ] PT_LOAD vaddr 000050000001c000 filesz 0000000000003f1e memsz 0000000000003f1e (ro) -> mapped USER (bounds ok)
[elf    ] PT_LOAD vaddr 0000500000020000 filesz 0000000000000284 memsz 0000000000037fe0 (rw) -> mapped USER (bounds ok)
[kernel ] spawned pid 574 'appos' caps 0000000000000020 — private PML4 @ phys 0000000001aef000
[elf    ] PT_LOAD vaddr 0000500000000000 filesz 000000000001b280 memsz 000000000001b280 (ro) -> mapped USER (bounds ok)
[elf    ] PT_LOAD vaddr 000050000001c000 filesz 0000000000003f1e memsz 0000000000003f1e (ro) -> mapped USER (bounds ok)
[elf    ] PT_LOAD vaddr 0000500000020000 filesz 0000000000000284 memsz 0000000000037fe0 (rw) -> mapped USER (bounds ok)
[kernel ] spawned pid 575 'appos' caps 0000000000000020 — private PML4 @ phys 0000000001b50000
[elf    ] PT_LOAD vaddr 0000500000000000 filesz 000000000001b280 memsz 000000000001b280 (ro) -> mapped USER (bounds ok)
[elf    ] PT_LOAD vaddr 000050000001c000 filesz 0000000000003f1e memsz 0000000000003f1e (ro) -> mapped USER (bounds ok)
[elf    ] PT_LOAD vaddr 0000500000020000 filesz 0000000000000284 memsz 0000000000037fe0 (rw) -> mapped USER (bounds ok)
[kernel ] spawned pid 576 'appos' caps 0000000000000020 — private PML4 @ phys 0000000001bb1000
[elf    ] PT_LOAD vaddr 0000500000000000 filesz 000000000001b280 memsz 000000000001b280 (ro) -> mapped USER (bounds ok)
[elf    ] PT_LOAD vaddr 000050000001c000 filesz 0000000000003f1e memsz 0000000000003f1e (ro) -> mapped USER (bounds ok)
[elf    ] PT_LOAD vaddr 0000500000020000 filesz 0000000000000284 memsz 0000000000037fe0 (rw) -> mapped USER (bounds ok)
[kernel ] spawned pid 577 'appos' caps 0000000000000020 — private PML4 @ phys 0000000001c12000
[elf    ] PT_LOAD vaddr 0000500000000000 filesz 000000000001b280 memsz 000000000001b280 (ro) -> mapped USER (bounds ok)
[elf    ] PT_LOAD vaddr 000050000001c000 filesz 0000000000003f1e memsz 0000000000003f1e (ro) -> mapped USER (bounds ok)
[elf    ] PT_LOAD vaddr 0000500000020000 filesz 0000000000000284 memsz 0000000000037fe0 (rw) -> mapped USER (bounds ok)
[kernel ] spawned pid 578 'appos' caps 0000000000000020 — private PML4 @ phys 0000000001c73000
[elf    ] PT_LOAD vaddr 0000500000000000 filesz 000000000001b280 memsz 000000000001b280 (ro) -> mapped USER (bounds ok)
[elf    ] PT_LOAD vaddr 000050000001c000 filesz 0000000000003f1e memsz 0000000000003f1e (ro) -> mapped USER (bounds ok)
[elf    ] PT_LOAD vaddr 0000500000020000 filesz 0000000000000284 memsz 0000000000037fe0 (rw) -> mapped USER (bounds ok)
[kernel ] spawned pid 579 'appos' caps 0000000000000020 — private PML4 @ phys 0000000001cd4000
[elf    ] PT_LOAD vaddr 0000500000000000 filesz 000000000001b280 memsz 000000000001b280 (ro) -> mapped USER (bounds ok)
[elf    ] PT_LOAD vaddr 000050000001c000 filesz 0000000000003f1e memsz 0000000000003f1e (ro) -> mapped USER (bounds ok)
[elf    ] PT_LOAD vaddr 0000500000020000 filesz 0000000000000284 memsz 0000000000037fe0 (rw) -> mapped USER (bounds ok)
[kernel ] spawned pid 580 'appos' caps 0000000000000020 — private PML4 @ phys 0000000001d35000
[elf    ] PT_LOAD vaddr 0000500000000000 filesz 000000000001b280 memsz 000000000001b280 (ro) -> mapped USER (bounds ok)
[elf    ] PT_LOAD vaddr 000050000001c000 filesz 0000000000003f1e memsz 0000000000003f1e (ro) -> mapped USER (bounds ok)
[elf    ] PT_LOAD vaddr 0000500000020000 filesz 0000000000000284 memsz 0000000000037fe0 (rw) -> mapped USER (bounds ok)
[kernel ] spawned pid 581 'appos' caps 0000000000000020 — private PML4 @ phys 0000000001d96000
[elf    ] PT_LOAD vaddr 0000500000000000 filesz 000000000001b280 memsz 000000000001b280 (ro) -> mapped USER (bounds ok)
[elf    ] PT_LOAD vaddr 000050000001c000 filesz 0000000000003f1e memsz 0000000000003f1e (ro) -> mapped USER (bounds ok)
[elf    ] PT_LOAD vaddr 0000500000020000 filesz 0000000000000284 memsz 0000000000037fe0 (rw) -> mapped USER (bounds ok)
[vfsstrs]  PASS  append-oversub: every worker spawned and loaded
[vfsstrs]  PASS  append-oversub: there are MORE WORKERS THAN ONLINE CORES (without this the phase is the pinned test again, and proves nothing new)
[vfsstrs] append-oversub: configured ratio 4:1, 32 worker(s) on 8 core(s) = effective 4:1
[vfsstrs]  PASS  append-oversub: the phase ran at the ratio it was BUILT for — the worker cap did not silently reduce it (every other check here is derived from the worker count, so a capped run passes them all while testing a ratio nobody asked for)
[cas    ] put len 16 hash d3bb65f874a9c165 -> block 1119 (stored)
[cas    ] put len 32 hash 1cd6a2cadbb639b5 -> block 1120 (stored)
[cas    ] put len 48 hash 87354b97cb3972f5 -> block 1119 (stored)
[cas    ] put len 64 hash 14b0be664903c835 -> block 1120 (stored)
[cas    ] put len 80 hash 9a0b214df72ff975 -> block 1119 (stored)
[cas    ] put len 96 hash 9c8a4fd276f9f405 -> block 1120 (stored)
[cas    ] put len 112 hash 109ce930ce8b4c45 -> block 1119 (stored)
[cas    ] put len 128 hash 89032f6f400e9195 -> block 1120 (stored)
[cas    ] put len 144 hash f84bd33bf18cf325 -> block 1119 (stored)
[cas    ] put len 160 hash c319b270b43d9175 -> block 1120 (stored)
[cas    ] put len 176 hash c7379e5ff01f46b5 -> block 1119 (stored)
[cas    ] put len 192 hash 0b4cc6f0e41dbff5 -> block 1120 (stored)
[cas    ] put len 208 hash c37dab8c04567205 -> block 1119 (stored)
[cas    ] put len 224 hash 1b4f7e7eb4d74a45 -> block 1120 (stored)
[cas    ] put len 240 hash 438df824c03fb515 -> block 1119 (stored)
[cas    ] put len 256 hash 733b4f24b167eea5 -> block 1120 (stored)
[cas    ] put len 272 hash bad287943aeb92e5 -> block 1119 (stored)
[cas    ] put len 288 hash 58136a7194e98f35 -> block 1120 (stored)
[cas    ] put len 304 hash 809f9ee81a2f8075 -> block 1119 (stored)
[cas    ] put len 320 hash 11f6f53861833b05 -> block 1120 (stored)
[cas    ] put len 336 hash ea11e214f1c1a655 -> block 1119 (stored)
[cas    ] put len 352 hash ea9d579eb5f270e5 -> block 1120 (stored)
[cas    ] put len 368 hash 47a442adac77ed35 -> block 1119 (stored)
[cas    ] put len 384 hash 3219c984439cb735 -> block 1120 (stored)
[cas    ] put len 400 hash 82e663b1896ca875 -> block 1119 (stored)
[cas    ] put len 416 hash cd9b685e199f7085 -> block 1120 (stored)
[cas    ] put len 432 hash a35b941a228ed5d5 -> block 1119 (stored)
[cas    ] put len 448 hash b20d5ae5cd3c2615 -> block 1120 (stored)
[cas    ] put len 464 hash d91f9078ed189fa5 -> block 1119 (stored)
[cas    ] put len 480 hash 38ba8461d5de15f5 -> block 1120 (stored)
[cas    ] put len 496 hash 7ba3a70c7c3c4805 -> block 1119 (stored)
[cas    ] put len 512 hash 389c009624f5f355 -> block 1120 (stored)
[cas    ] put len 16 hash d3bb65f874a9c165 -> block 1119 (stored)
[cas    ] put len 32 hash 1cd6a2cadbb639b5 -> block 1121 (stored)
[cas    ] put len 48 hash 87093efcab073fc5 -> block 1119 (stored)
[cas    ] put len 64 hash 1a93e4d16e03f095 -> block 1121 (stored)
[cas    ] put len 80 hash ac33d9b80aad6e95 -> block 1119 (stored)
[cas    ] put len 96 hash 0708aea48b3002d5 -> block 1121 (stored)
[cas    ] put len 112 hash 93b5ceac783a7365 -> block 1119 (stored)
[cas    ] put len 128 hash 5bb47539d9cf5da5 -> block 1121 (stored)
[cas    ] put len 144 hash dbba1aa6a81453f5 -> block 1119 (stored)
[cas    ] put len 160 hash d1e3da8856aee935 -> block 1121 (stored)
[cas    ] put len 176 hash ea76fc0cbc73fd45 -> block 1119 (stored)
[cas    ] put len 192 hash 6371c9618fae5f85 -> block 1121 (stored)
[cas    ] put len 208 hash 9f82f6bb100ef9c5 -> block 1119 (stored)
[cas    ] put len 224 hash 14109d08789c2515 -> block 1121 (stored)
[cas    ] put len 240 hash cea102245b605ea5 -> block 1119 (stored)
[cas    ] put len 256 hash 6c4ad41edd8002e5 -> block 1121 (stored)
[cas    ] put len 272 hash 24d9520f49fb7b25 -> block 1119 (stored)
[cas    ] put len 288 hash 8041c873411e62f5 -> block 1121 (stored)
[cas    ] put len 304 hash aa4e4b840fc7d505 -> block 1119 (stored)
[cas    ] put len 320 hash 452e10325ce96d45 -> block 1121 (stored)
[cas    ] put len 336 hash 90fa4899ff229815 -> block 1119 (stored)
[cas    ] put len 352 hash c7bb7cb724649e55 -> block 1121 (stored)
[cas    ] put len 368 hash edd9fd88361b4895 -> block 1119 (stored)
[cas    ] put len 384 hash e59451c2c0845cd5 -> block 1121 (stored)
[cas    ] put len 400 hash ad2d00f14d154d65 -> block 1119 (stored)
[cas    ] put len 416 hash c5fcb0ca4bd0b7a5 -> block 1121 (stored)
[cas    ] put len 432 hash d479529dbf5e9be5 -> block 1119 (stored)
[cas    ] put len 448 hash 83d0cf4c287e13e5 -> block 1121 (stored)
[cas    ] put len 464 hash 63f9e255da31f6b5 -> block 1119 (stored)
[cas    ] put len 480 hash e9942ceb835c6ff5 -> block 1121 (stored)
[cas    ] put len 496 hash 66872991129e0535 -> block 1119 (stored)
[cas    ] put len 512 hash 511ae8942aca1945 -> block 1121 (stored)
[cas    ] put len 16 hash 928d4cc8d89ec175 -> block 1119 (stored)
[cas    ] put len 32 hash 0fd185acf4afc985 -> block 1122 (stored)
[cas    ] put len 48 hash c86bdcc198e4b985 -> block 1119 (stored)
[cas    ] put len 64 hash 603afd1de14bd3c5 -> block 1122 (stored)
[cas    ] put len 80 hash d78072f2c74d8495 -> block 1119 (stored)
[cas    ] put len 96 hash de5ee8821e50a625 -> block 1122 (stored)
[cas    ] put len 112 hash cdc5d0fab5c10465 -> block 1119 (stored)
[cas    ] put len 128 hash 91feb1a8fb922ea5 -> block 1122 (stored)
[cas    ] put len 144 hash 636a8288449cce75 -> block 1119 (stored)
[cas    ] put len 160 hash a1eab01ebf9e2875 -> block 1122 (stored)
[cas    ] put len 176 hash 4e086ac344cd9db5 -> block 1119 (stored)
[cas    ] put len 192 hash c413ca40bf57a3c5 -> block 1122 (stored)
[cas    ] put len 208 hash 63dab3a237a69405 -> block 1119 (stored)
[cas    ] put len 224 hash 083cdf88ee133f55 -> block 1122 (stored)
[cas    ] put len 240 hash f1bbe51e7d75c965 -> block 1119 (stored)
[cas    ] put len 256 hash 93b6999ae04441b5 -> block 1122 (stored)
[cas    ] put len 272 hash 8a0f9479cbd747c5 -> block 1119 (stored)
[cas    ] put len 288 hash 260c498c0901c7c5 -> block 1122 (stored)
[cas    ] put len 304 hash 2df591acef607895 -> block 1119 (stored)
[cas    ] put len 320 hash 180e7b3216009a25 -> block 1122 (stored)
[cas    ] put len 336 hash 09668f6c1c4df865 -> block 1119 (stored)
[cas    ] put len 352 hash 97b62dbd403c22a5 -> block 1122 (stored)
[cas    ] put len 368 hash ae0d70f8a7acc6e5 -> block 1119 (stored)
[cas    ] put len 384 hash 34e39887e5b93f25 -> block 1122 (stored)
[cas    ] put len 400 hash 7ebb5f047580e725 -> block 1119 (stored)
[cas    ] put len 416 hash e55f8ad8180e8575 -> block 1122 (stored)
[cas    ] put len 432 hash 385f55359e708d85 -> block 1119 (stored)
[cas    ] put len 448 hash 3a97fd94d75f32d5 -> block 1122 (stored)
[cas    ] put len 464 hash 962e298f5a4e80d5 -> block 1119 (stored)
[cas    ] put len 480 hash 6f0e40dc6e614ed5 -> block 1122 (stored)
[cas    ] put len 496 hash 9906d7d902debf65 -> block 1119 (stored)
[cas    ] put len 512 hash 08c0abf0a54c7765 -> block 1122 (stored)
[cas    ] put len 16 hash 928d4cc8d89ec175 -> block 1119 (stored)
[cas    ] put len 32 hash 2373399671e4db75 -> block 1123 (stored)
[cas    ] put len 48 hash 912753571e175605 -> block 1119 (stored)
[cas    ] put len 64 hash ab432fd6e1bf5605 -> block 1123 (stored)
[cas    ] put len 80 hash 2c23275260de6dd5 -> block 1119 (stored)
[cas    ] put len 96 hash d96b586408247bd5 -> block 1123 (stored)
[cas    ] put len 112 hash 1c93c90b0aa52c65 -> block 1119 (stored)
[cas    ] put len 128 hash 5cec1723499464b5 -> block 1123 (stored)
[cas    ] put len 144 hash a3e52c27eb782ac5 -> block 1119 (stored)
[cas    ] put len 160 hash 856c78820fe99615 -> block 1123 (stored)
[cas    ] put len 176 hash 97e5b8e11b5e7415 -> block 1119 (stored)
[cas    ] put len 192 hash 58c74ba7f8377a55 -> block 1123 (stored)
[cas    ] put len 208 hash a98ed4f4c9bd44e5 -> block 1119 (stored)
[cas    ] put len 224 hash 5538f8ad875efce5 -> block 1123 (stored)
[cas    ] put len 240 hash ac4d275e82277935 -> block 1119 (stored)
[cas    ] put len 256 hash 2b339614e3908d45 -> block 1123 (stored)
[cas    ] put len 272 hash de2f5c92697c1295 -> block 1119 (stored)
[cas    ] put len 288 hash 63d5e39a4f72b425 -> block 1123 (stored)
[cas    ] put len 304 hash 4ee8558f86b69265 -> block 1119 (stored)
[cas    ] put len 320 hash fc995867c98f4ab5 -> block 1123 (stored)
[cas    ] put len 336 hash a22d05cdedeec3f5 -> block 1119 (stored)
[cas    ] put len 352 hash 70cdcc086ec87605 -> block 1123 (stored)
[cas    ] put len 368 hash 0135b9b6c02a4e45 -> block 1119 (stored)
[cas    ] put len 384 hash 71f4ffdd3d90f085 -> block 1123 (stored)
[cas    ] put len 400 hash 8ee2c0c8592dcac5 -> block 1119 (stored)
[cas    ] put len 416 hash 6b10ba4d12073615 -> block 1123 (stored)
[cas    ] put len 432 hash 98d9d4ed8be41415 -> block 1119 (stored)
[cas    ] put len 448 hash 5147bb3331251a55 -> block 1123 (stored)
[cas    ] put len 464 hash 1dfdb137aa9ac495 -> block 1119 (stored)
[cas    ] put len 480 hash bb4c48e47482d8d5 -> block 1123 (stored)
[cas    ] put len 496 hash 5eb1fea520ffc2e5 -> block 1119 (stored)
[cas    ] put len 512 hash 879bb935276b3b25 -> block 1123 (stored)
[cas    ] put len 16 hash 928d4cc8d89ec175 -> block 1119 (stored)
[cas    ] put len 32 hash 82d5c4b3394c76b5 -> block 1124 (stored)
[cas    ] put len 48 hash 55611f9c84e4bcc5 -> block 1119 (stored)
[cas    ] put len 64 hash 6c85e146c3f8ad95 -> block 1124 (stored)
[cas    ] put len 80 hash 9dd1419aae9e0f25 -> block 1119 (stored)
[cas    ] put len 96 hash 41b99e993045f6f5 -> block 1124 (stored)
[cas    ] put len 112 hash 55bb67cca2b46905 -> block 1119 (stored)
[cas    ] put len 128 hash 8be2cf48e18e5455 -> block 1124 (stored)
[cas    ] put len 144 hash cb166b3314c27e95 -> block 1119 (stored)
[cas    ] put len 160 hash 11a4513f42742025 -> block 1124 (stored)
[cas    ] put len 176 hash 26230d5b3832fe65 -> block 1119 (stored)
[cas    ] put len 192 hash 2b7a8b4c4bf2a8a5 -> block 1124 (stored)
[cas    ] put len 208 hash f9dfcd4ebb94cce5 -> block 1119 (stored)
[cas    ] put len 224 hash ae41a6bb3232c525 -> block 1124 (stored)
[cas    ] put len 240 hash 40495ce578182cf5 -> block 1119 (stored)
[cas    ] put len 256 hash a6508e2702241f05 -> block 1124 (stored)
[cas    ] put len 272 hash cdb34bf878d65f05 -> block 1119 (stored)
[cas    ] put len 288 hash 5f6b20889d3dca55 -> block 1124 (stored)
[cas    ] put len 304 hash a94872ebd7d794e5 -> block 1119 (stored)
[cas    ] put len 320 hash b850353c5903b7b5 -> block 1124 (stored)
[cas    ] put len 336 hash 1a1e894215843dc5 -> block 1119 (stored)
[cas    ] put len 352 hash 2707b58805906e95 -> block 1124 (stored)
[cas    ] put len 368 hash 4d7f422a07296c95 -> block 1119 (stored)
[cas    ] put len 384 hash 84c43d471c7b80d5 -> block 1124 (stored)
[cas    ] put len 400 hash 9223391dc6357165 -> block 1119 (stored)
[cas    ] put len 416 hash 5b8c5608f8ffa965 -> block 1124 (stored)
[cas    ] put len 432 hash b9b79ea88b4621b5 -> block 1119 (stored)
[cas    ] put len 448 hash b7724fc1c45127c5 -> block 1124 (stored)
[cas    ] put len 464 hash 009c03bcecf3a7c5 -> block 1119 (stored)
[cas    ] put len 480 hash 421f1ee344fc5315 -> block 1124 (stored)
[cas    ] put len 496 hash f38455290a1c0ca5 -> block 1119 (stored)
[cas    ] put len 512 hash abf8c23076f4c2f5 -> block 1124 (stored)
[cas    ] put len 16 hash 928d4cc8d89ec175 -> block 1119 (stored)
[cas    ] put len 32 hash 3e6ed6167edabc05 -> block 1125 (stored)
[cas    ] put len 48 hash 2094741a22ec3c05 -> block 1119 (stored)
[cas    ] put len 64 hash 42f1b438fa82e755 -> block 1125 (stored)
[cas    ] put len 80 hash d02619faa42ad555 -> block 1119 (stored)
[cas    ] put len 96 hash a00d68fdbf973f95 -> block 1125 (stored)
[cas    ] put len 112 hash 907f577f69912125 -> block 1119 (stored)
[cas    ] put len 128 hash d70fb294579d3f75 -> block 1125 (stored)
[cas    ] put len 144 hash b0c36f80a9ba74b5 -> block 1119 (stored)
[cas    ] put len 160 hash 68b3933036a23ac5 -> block 1125 (stored)
[cas    ] put len 176 hash aaf1ba8f1c517ac5 -> block 1119 (stored)
[cas    ] put len 192 hash cbe333b2e23e2b05 -> block 1125 (stored)
[cas    ] put len 208 hash 3ac59e70de0a82d5 -> block 1119 (stored)
[cas    ] put len 224 hash a1c9d37b30db1315 -> block 1125 (stored)
[cas    ] put len 240 hash 7153657605711d25 -> block 1119 (stored)
[cas    ] put len 256 hash 6faba5e2971c3b75 -> block 1125 (stored)
[cas    ] put len 272 hash 81cb83549530d575 -> block 1119 (stored)
[cas    ] put len 288 hash 14f7a75370438ab5 -> block 1125 (stored)
[cas    ] put len 304 hash 264b34cd67b303f5 -> block 1119 (stored)
[cas    ] put len 320 hash 5c703c29ff9cb605 -> block 1125 (stored)
[cas    ] put len 336 hash 4d96f4829713cdd5 -> block 1119 (stored)
[cas    ] put len 352 hash 6e18d6eb7f18fe65 -> block 1125 (stored)
[cas    ] put len 368 hash fb912271dc58a8a5 -> block 1119 (stored)
[cas    ] put len 384 hash 4b441dbff57acce5 -> block 1125 (stored)
[cas    ] put len 400 hash 4714e41722b74935 -> block 1119 (stored)
[cas    ] put len 416 hash 8a4def67c6531335 -> block 1125 (stored)
[cas    ] put len 432 hash cd37a1351c73b8c5 -> block 1119 (stored)
[cas    ] put len 448 hash b8b9514536bfe905 -> block 1125 (stored)
[cas    ] put len 464 hash 309b64390c79d455 -> block 1119 (stored)
[cas    ] put len 480 hash d049c0058e8dfe95 -> block 1125 (stored)
[cas    ] put len 496 hash a06aae4cc31fa025 -> block 1119 (stored)
[cas    ] put len 512 hash 7797e55b3a978825 -> block 1125 (stored)
[cas    ] put len 16 hash 928d4cc8d89ec175 -> block 1119 (stored)
[cas    ] put len 32 hash 0fd185acf4afc985 -> block 1126 (stored)
[cas    ] put len 48 hash c86bdcc198e4b985 -> block 1119 (stored)
[cas    ] put len 64 hash 603afd1de14bd3c5 -> block 1126 (stored)
[cas    ] put len 80 hash e0727de92f7f7f15 -> block 1119 (stored)
[cas    ] put len 96 hash d4925cac7d8a38a5 -> block 1126 (stored)
[cas    ] put len 112 hash 604502b0b60deef5 -> block 1119 (stored)
[cas    ] put len 128 hash 9798bc5e69dc5385 -> block 1126 (stored)
[cas    ] put len 144 hash d1c47ccc78de3755 -> block 1119 (stored)
[cas    ] put len 160 hash d1d97fb3d8da2555 -> block 1126 (stored)
[cas    ] put len 176 hash e1c46f461f9a8f95 -> block 1119 (stored)
[cas    ] put len 192 hash f3c55815a9e87125 -> block 1126 (stored)
[cas    ] put len 208 hash 1c2bf4fccc2c9925 -> block 1119 (stored)
[cas    ] put len 224 hash d1bdea816861b765 -> block 1126 (stored)
[cas    ] put len 240 hash 43689556be07bc35 -> block 1119 (stored)
[cas    ] put len 256 hash 0362c3c31010ed75 -> block 1126 (stored)
[cas    ] put len 272 hash d7a2d50f9d69a2b5 -> block 1119 (stored)
[cas    ] put len 288 hash 8d63b11d486ce8c5 -> block 1126 (stored)
[cas    ] put len 304 hash 9a53b958ad851905 -> block 1119 (stored)
[cas    ] put len 320 hash 2d9e7d2895e5d905 -> block 1126 (stored)
[cas    ] put len 336 hash 66f2f8cc739bc455 -> block 1119 (stored)
[cas    ] put len 352 hash 5073978197240ee5 -> block 1126 (stored)
[cas    ] put len 368 hash e336dc1be36846e5 -> block 1119 (stored)
[cas    ] put len 384 hash 7d272b997370e9b5 -> block 1126 (stored)
[cas    ] put len 400 hash 90fa33a6422022f5 -> block 1119 (stored)
[cas    ] put len 416 hash 358e81f43b399505 -> block 1126 (stored)
[cas    ] put len 432 hash 35a16854cecb2d45 -> block 1119 (stored)
[cas    ] put len 448 hash c9b1831d54518f85 -> block 1126 (stored)
[cas    ] put len 464 hash 54388d1247b0b4d5 -> block 1119 (stored)
[cas    ] put len 480 hash a55e2e462d3082d5 -> block 1126 (stored)
[cas    ] put len 496 hash bf163fa23f07ece5 -> block 1119 (stored)
[cas    ] put len 512 hash bf833764aa8c6935 -> block 1126 (stored)
[cas    ] put len 16 hash d3bb65f874a9c165 -> block 1119 (stored)
[cas    ] put len 32 hash eca1e71ac7622ba5 -> block 1127 (stored)
[cas    ] put len 48 hash fd5d6d5da3aaa1f5 -> block 1119 (stored)
[cas    ] put len 64 hash f30fda72664bd405 -> block 1127 (stored)
[cas    ] put len 80 hash 38c9ca1c8a5a6bd5 -> block 1119 (stored)
[cas    ] put len 96 hash 7ad82455d8d71c65 -> block 1127 (stored)
[cas    ] put len 112 hash de4306f2964e6135 -> block 1119 (stored)
[cas    ] put len 128 hash 5ba906faaf317545 -> block 1127 (stored)
[cas    ] put len 144 hash 9f939800cd09d785 -> block 1119 (stored)
[cas    ] put len 160 hash 4b14029b1d3afcd5 -> block 1127 (stored)
[cas    ] put len 176 hash 259b596d1673ed65 -> block 1119 (stored)
[cas    ] put len 192 hash 72871206607d2565 -> block 1127 (stored)
[cas    ] put len 208 hash 48790d82ad6e8fa5 -> block 1119 (stored)
[cas    ] put len 224 hash e7ac9e245824f7a5 -> block 1127 (stored)
[cas    ] put len 240 hash 8b4b49e052355fa5 -> block 1119 (stored)
[cas    ] put len 256 hash 4b68b6b8f42ad5f5 -> block 1127 (stored)
[cas    ] put len 272 hash fb40abce6e95eb35 -> block 1119 (stored)
[cas    ] put len 288 hash 8f5c9a8fd1ac90c5 -> block 1127 (stored)
[cas    ] put len 304 hash 55083c99800150c5 -> block 1119 (stored)
[cas    ] put len 320 hash 86874d61581a4195 -> block 1127 (stored)
[cas    ] put len 336 hash a77ff96cbb5ecba5 -> block 1119 (stored)
[cas    ] put len 352 hash 88634f0953c433a5 -> block 1127 (stored)
[cas    ] put len 368 hash af85028ac3d117e5 -> block 1119 (stored)
[cas    ] put len 384 hash 5b61cae666a5fab5 -> block 1127 (stored)
[cas    ] put len 400 hash 8173be9d8223e4b5 -> block 1119 (stored)
[cas    ] put len 416 hash 670b7e5e5c19ddf5 -> block 1127 (stored)
[cas    ] put len 432 hash 4b6c7f7f942a1005 -> block 1119 (stored)
[cas    ] put len 448 hash 74d01070f167a7d5 -> block 1127 (stored)
[cas    ] put len 464 hash 77dd38f72cd35865 -> block 1119 (stored)
[cas    ] put len 480 hash 47a64059e76d90b5 -> block 1127 (stored)
[cas    ] put len 496 hash ee1bf58538e0fab5 -> block 1119 (stored)
[cas    ] put len 512 hash c78e89273ae61445 -> block 1127 (stored)
[cas    ] put len 16 hash 928d4cc8d89ec175 -> block 1119 (stored)
[cas    ] put len 32 hash 82d5c4b3394c76b5 -> block 1128 (stored)
[cas    ] put len 48 hash 55611f9c84e4bcc5 -> block 1119 (stored)
[cas    ] put len 64 hash 7577ec3d2c2aa815 -> block 1128 (stored)
[cas    ] put len 80 hash 4469dbb5db940615 -> block 1119 (stored)
[cas    ] put len 96 hash 6aa38f91a42ed025 -> block 1128 (stored)
[cas    ] put len 112 hash efe7dfa05d0eae75 -> block 1119 (stored)
[cas    ] put len 128 hash 8afd959bc8efa3b5 -> block 1128 (stored)
[cas    ] put len 144 hash c8fc04d9fa8b29c5 -> block 1119 (stored)
[cas    ] put len 160 hash 04855043124b9a05 -> block 1128 (stored)
[cas    ] put len 176 hash a09b0be56edbb1d5 -> block 1119 (stored)
[cas    ] put len 192 hash 5751b490ba39e265 -> block 1128 (stored)
[cas    ] put len 208 hash 159dacd350f2a735 -> block 1119 (stored)
[cas    ] put len 224 hash 7dd02e5dca35f135 -> block 1128 (stored)
[cas    ] put len 240 hash 85f71d6ad5c46275 -> block 1119 (stored)
[cas    ] put len 256 hash b48a55fc81809d05 -> block 1128 (stored)
[cas    ] put len 272 hash bc7e4e70f7943545 -> block 1119 (stored)
[cas    ] put len 288 hash 8185239adfa20545 -> block 1128 (stored)
[cas    ] put len 304 hash 6859948fe52b8a95 -> block 1119 (stored)
[cas    ] put len 320 hash a3e95aeda42b8895 -> block 1128 (stored)
[cas    ] put len 336 hash fc810c6b570faa25 -> block 1119 (stored)
[cas    ] put len 352 hash e1b5c17b5aa10865 -> block 1128 (stored)
[cas    ] put len 368 hash beccd424412740b5 -> block 1119 (stored)
[cas    ] put len 384 hash 18a38d44a94dda45 -> block 1128 (stored)
[cas    ] put len 400 hash 89e0280f40b77c85 -> block 1119 (stored)
[cas    ] put len 416 hash 810854dcef5ba055 -> block 1128 (stored)
[cas    ] put len 432 hash 69fac75c0b7aeae5 -> block 1119 (stored)
[cas    ] put len 448 hash a959d705318ee735 -> block 1128 (stored)
[cas    ] put len 464 hash 99a097a7b7e23135 -> block 1119 (stored)
[cas    ] put len 480 hash 8f470f599480a275 -> block 1128 (stored)
[cas    ] put len 496 hash 1594c3add54cdd05 -> block 1119 (stored)
[cas    ] put len 512 hash ac2f4f717dfe9d05 -> block 1128 (stored)
[cas    ] put len 16 hash 928d4cc8d89ec175 -> block 1119 (stored)
[cas    ] put len 32 hash 2373399671e4db75 -> block 1129 (stored)
[cas    ] put len 48 hash 762bb6d711217575 -> block 1119 (stored)
[cas    ] put len 64 hash 603cfdb0975c2ab5 -> block 1129 (stored)
[cas    ] put len 80 hash 497511b0b4ad4445 -> block 1119 (stored)
[cas    ] put len 96 hash c2a935ee47042f15 -> block 1129 (stored)
[cas    ] put len 112 hash c0fad71e56bae8a5 -> block 1119 (stored)
[cas    ] put len 128 hash d86ad6057d640875 -> block 1129 (stored)
[cas    ] put len 144 hash ddb2fe62a699c305 -> block 1119 (stored)
[cas    ] put len 160 hash ec06c33bc13a2e55 -> block 1129 (stored)
[cas    ] put len 176 hash f2b467405bc07865 -> block 1119 (stored)
[cas    ] put len 192 hash 04dc58c28cf47065 -> block 1129 (stored)
[cas    ] put len 208 hash 23d7bfcf4dc09aa5 -> block 1119 (stored)
[cas    ] put len 224 hash f13941ca58863a75 -> block 1129 (stored)
[cas    ] put len 240 hash 7975c6ed8c029475 -> block 1119 (stored)
[cas    ] put len 256 hash 5def30af706d09b5 -> block 1129 (stored)
[cas    ] put len 272 hash 843ef866a0f20fc5 -> block 1119 (stored)
[cas    ] put len 288 hash 440e0179f222c095 -> block 1129 (stored)
[cas    ] put len 304 hash e973fbc9e814e225 -> block 1119 (stored)
[cas    ] put len 320 hash c3066eac42344065 -> block 1129 (stored)
[cas    ] put len 336 hash b89caf1406548535 -> block 1119 (stored)
[cas    ] put len 352 hash 0765b4d11b67f675 -> block 1129 (stored)
[cas    ] put len 368 hash e1b5c67f645aebb5 -> block 1119 (stored)
[cas    ] put len 384 hash a5df7df9a8ad15b5 -> block 1129 (stored)
[cas    ] put len 400 hash 43f6584506874ef5 -> block 1119 (stored)
[cas    ] put len 416 hash 227bfaa719adb385 -> block 1129 (stored)
[cas    ] put len 432 hash 59b8f8c8fb75d8d5 -> block 1119 (stored)
[cas    ] put len 448 hash 89632f412cb2c2e5 -> block 1129 (stored)
[cas    ] put len 464 hash 5faaf09be7de3b25 -> block 1119 (stored)
[cas    ] put len 480 hash 7ef868092484e325 -> block 1129 (stored)
[cas    ] put len 496 hash dadfcc7893b18175 -> block 1119 (stored)
[cas    ] put len 512 hash f110db8873a79b75 -> block 1129 (stored)
[cas    ] put len 16 hash 8d7ba9ae6caf0af5 -> block 1119 (stored)
[cas    ] put len 32 hash 448e7a35c61f6035 -> block 1130 (stored)
[cas    ] put len 48 hash 5ae13e97562a3445 -> block 1119 (stored)
[cas    ] put len 64 hash c06cd271de9fc445 -> block 1130 (stored)
[cas    ] put len 80 hash 9652399faa73e685 -> block 1119 (stored)
[cas    ] put len 96 hash 767e9c3b73de40c5 -> block 1130 (stored)
[cas    ] put len 112 hash c03aab4ca9b33195 -> block 1119 (stored)
[cas    ] put len 128 hash 28e7a53b74ee85d5 -> block 1130 (stored)
[cas    ] put len 144 hash e243c18d9a7a93d5 -> block 1119 (stored)
[cas    ] put len 160 hash 706a155a556e3de5 -> block 1130 (stored)
[cas    ] put len 176 hash e74ff78e03a635e5 -> block 1119 (stored)
[cas    ] put len 192 hash cc207101d71c2de5 -> block 1130 (stored)
[cas    ] put len 208 hash 2003796882c8ea35 -> block 1119 (stored)
[cas    ] put len 224 hash 6dfee9afa5874fc5 -> block 1130 (stored)
[cas    ] put len 240 hash 259791705a080095 -> block 1119 (stored)
[cas    ] put len 256 hash 3b51e72528df14d5 -> block 1130 (stored)
[cas    ] put len 272 hash 779dbc1b92f6e2d5 -> block 1119 (stored)
[cas    ] put len 288 hash b6e7c89076b95365 -> block 1130 (stored)
[cas    ] put len 304 hash e165ee4564e65835 -> block 1119 (stored)
[cas    ] put len 320 hash f2ddf68bd7503dc5 -> block 1130 (stored)
[cas    ] put len 336 hash bea2741fc28e6915 -> block 1119 (stored)
[cas    ] put len 352 hash f6771fd93a000715 -> block 1130 (stored)
[cas    ] put len 368 hash e3440cb0f405cd55 -> block 1119 (stored)
[cas    ] put len 384 hash 05c17feddfe857e5 -> block 1130 (stored)
[cas    ] put len 400 hash b56797f1c116cfe5 -> block 1119 (stored)
[cas    ] put len 416 hash 1ddf35d7b49c0c35 -> block 1130 (stored)
[cas    ] put len 432 hash 43ae093742b09635 -> block 1119 (stored)
[cas    ] put len 448 hash bd8ae0910218ea45 -> block 1130 (stored)
[cas    ] put len 464 hash 01585d0bd54bfa45 -> block 1119 (stored)
[cas    ] put len 480 hash b6bded664d4abf95 -> block 1130 (stored)
[cas    ] put len 496 hash 82b9700cd9b993d5 -> block 1119 (stored)
[cas    ] put len 512 hash 8d012ec24c6d3de5 -> block 1130 (stored)
[cas    ] put len 16 hash 928d4cc8d89ec175 -> block 1119 (stored)
[cas    ] put len 32 hash 82d5c4b3394c76b5 -> block 1131 (stored)
[cas    ] put len 48 hash 8c1b56e495d09045 -> block 1119 (stored)
[cas    ] put len 64 hash fd241bbefc1a7b15 -> block 1131 (stored)
[cas    ] put len 80 hash 2cf1a48ea48434a5 -> block 1119 (stored)
[cas    ] put len 96 hash 45d338fb58a05475 -> block 1131 (stored)
[cas    ] put len 112 hash 5247647327132e75 -> block 1119 (stored)
[cas    ] put len 128 hash f1980b5345a26905 -> block 1131 (stored)
[cas    ] put len 144 hash 064ffb448ffc5455 -> block 1119 (stored)
[cas    ] put len 160 hash e569839e2c9c1e65 -> block 1131 (stored)
[cas    ] put len 176 hash 54550e797d83e335 -> block 1119 (stored)
[cas    ] put len 192 hash 36dadd1aa4b62d35 -> block 1131 (stored)
[cas    ] put len 208 hash 4404a988000d52c5 -> block 1119 (stored)
[cas    ] put len 224 hash 8c6452098d88be15 -> block 1131 (stored)
[cas    ] put len 240 hash c1adf63bdc918825 -> block 1119 (stored)
[cas    ] put len 256 hash c277f6c89b6faff5 -> block 1131 (stored)
[cas    ] put len 272 hash ae808c4a3d814535 -> block 1119 (stored)
[cas    ] put len 288 hash 030f7f2a2f3c0f35 -> block 1131 (stored)
[cas    ] put len 304 hash ef442138433bb4c5 -> block 1119 (stored)
[cas    ] put len 320 hash 1d78486db4b974c5 -> block 1131 (stored)
[cas    ] put len 336 hash b02a5bf15a6d6015 -> block 1119 (stored)
[cas    ] put len 352 hash 9c9f9becf3c4be15 -> block 1131 (stored)
[cas    ] put len 368 hash 2ac6e17a71cd8825 -> block 1119 (stored)
[cas    ] put len 384 hash 822efde027a66665 -> block 1131 (stored)
[cas    ] put len 400 hash 2ba2445f86541eb5 -> block 1119 (stored)
[cas    ] put len 416 hash 559d0bf5a4823845 -> block 1131 (stored)
[cas    ] put len 432 hash 1999b83e15e07d95 -> block 1119 (stored)
[cas    ] put len 448 hash 60b52d07678ed1d5 -> block 1131 (stored)
[cas    ] put len 464 hash 6d668dc46361fbe5 -> block 1119 (stored)
[cas    ] put len 480 hash 2650a3f891d23835 -> block 1131 (stored)
[cas    ] put len 496 hash b208ed84fe1a6975 -> block 1119 (stored)
[cas    ] put len 512 hash e8e17992d8d57185 -> block 1131 (stored)
[cas    ] put len 16 hash 11f510e93782cb25 -> block 1119 (stored)
[cas    ] put len 32 hash 2df9b316cff9b2f5 -> block 1132 (stored)
[cas    ] put len 48 hash 5febb35d74f72505 -> block 1119 (stored)
[cas    ] put len 64 hash 89ec9e50e6fae505 -> block 1132 (stored)
[cas    ] put len 80 hash 912c364b0565bcd5 -> block 1119 (stored)
[cas    ] put len 96 hash 9ceb25597e74cd15 -> block 1132 (stored)
[cas    ] put len 112 hash f46a2c71bcdf6b15 -> block 1119 (stored)
[cas    ] put len 128 hash 1b9ba81332cb7525 -> block 1132 (stored)
[cas    ] put len 144 hash b640d5e25f5cdcf5 -> block 1119 (stored)
[cas    ] put len 160 hash cc0f70fee9f1b235 -> block 1132 (stored)
[cas    ] put len 176 hash 2c2d268472ffbc35 -> block 1119 (stored)
[cas    ] put len 192 hash c26f1401cfc19045 -> block 1132 (stored)
[cas    ] put len 208 hash 5a1c815e4a4b7b15 -> block 1119 (stored)
[cas    ] put len 224 hash 94fcd8cdae0e4155 -> block 1132 (stored)
[cas    ] put len 240 hash c9ff924fee614b65 -> block 1119 (stored)
[cas    ] put len 256 hash 3b3983b64a4043b5 -> block 1132 (stored)
[cas    ] put len 272 hash 0a9499cc9f35fcf5 -> block 1119 (stored)
[cas    ] put len 288 hash 168b724222e436f5 -> block 1132 (stored)
[cas    ] put len 304 hash 75cc7809a990f0f5 -> block 1119 (stored)
[cas    ] put len 320 hash d3c5dfaf470ac635 -> block 1132 (stored)
[cas    ] put len 336 hash f2d060c8b2e02bc5 -> block 1119 (stored)
[cas    ] put len 352 hash e16c4be43ba3abc5 -> block 1132 (stored)
[cas    ] put len 368 hash 4bb24d3dc9472bc5 -> block 1119 (stored)
[cas    ] put len 384 hash aab0cb2b93caabc5 -> block 1132 (stored)
[cas    ] put len 400 hash e9dce68f1df45715 -> block 1119 (stored)
[cas    ] put len 416 hash 59818ede2b3b6125 -> block 1132 (stored)
[cas    ] put len 432 hash ae6642b255e27f65 -> block 1119 (stored)
[cas    ] put len 448 hash adcb3adbf2ee77b5 -> block 1132 (stored)
[cas    ] put len 464 hash 46b806530c5130f5 -> block 1119 (stored)
[cas    ] put len 480 hash a0d1821709201585 -> block 1132 (stored)
[cas    ] put len 496 hash 8c7d8c4f8ab0bad5 -> block 1119 (stored)
[cas    ] put len 512 hash 06cf624281292b65 -> block 1132 (stored)
[cas    ] put len 16 hash 928d4cc8d89ec175 -> block 1119 (stored)
[cas    ] put len 32 hash 82d5c4b3394c76b5 -> block 1133 (stored)
[cas    ] put len 48 hash 55611f9c84e4bcc5 -> block 1119 (stored)
[cas    ] put len 64 hash 0ff72fe2a7d1ed05 -> block 1133 (stored)
[cas    ] put len 80 hash 956bdd9cccbec4d5 -> block 1119 (stored)
[cas    ] put len 96 hash e07c1342974292d5 -> block 1133 (stored)
[cas    ] put len 112 hash 6b9e0a2516710365 -> block 1119 (stored)
[cas    ] put len 128 hash bc5264d8f329eda5 -> block 1133 (stored)
[cas    ] put len 144 hash c5ca298a6592e3f5 -> block 1119 (stored)
[cas    ] put len 160 hash 4e705ece2922ddf5 -> block 1133 (stored)
[cas    ] put len 176 hash 7f0e5718ca4ff335 -> block 1119 (stored)
[cas    ] put len 192 hash 45fe678503478745 -> block 1133 (stored)
[cas    ] put len 208 hash 2ebab79661d9d745 -> block 1119 (stored)
[cas    ] put len 224 hash f579390c7c1d8215 -> block 1133 (stored)
[cas    ] put len 240 hash 91198b0100f0fba5 -> block 1119 (stored)
[cas    ] put len 256 hash 691b946055e6db75 -> block 1133 (stored)
[cas    ] put len 272 hash a8798ba425a37575 -> block 1119 (stored)
[cas    ] put len 288 hash cedb9458fc5e2ab5 -> block 1133 (stored)
[cas    ] put len 304 hash f5fe53cc794370c5 -> block 1119 (stored)
[cas    ] put len 320 hash b298a21958bda105 -> block 1133 (stored)
[cas    ] put len 336 hash e01f2bbd8f258c55 -> block 1119 (stored)
[cas    ] put len 352 hash de38e7cc6b535665 -> block 1133 (stored)
[cas    ] put len 368 hash a926bb4e7c0ece65 -> block 1119 (stored)
[cas    ] put len 384 hash 8680e5e5324278a5 -> block 1133 (stored)
[cas    ] put len 400 hash 0a2acce6c04f9875 -> block 1119 (stored)
[cas    ] put len 416 hash c342f473ffbe6085 -> block 1133 (stored)
[cas    ] put len 432 hash 5112ca4e19373ac5 -> block 1119 (stored)
[cas    ] put len 448 hash 92f62b9c9c267ac5 -> block 1133 (stored)
[cas    ] put len 464 hash bd9d77954f532b05 -> block 1119 (stored)
[cas    ] put len 480 hash abfb22d7820d9655 -> block 1133 (stored)
[cas    ] put len 496 hash f98b2dcc2d424095 -> block 1119 (stored)
[cas    ] put len 512 hash d3ccdcca80a954d5 -> block 1133 (stored)
[cas    ] put len 16 hash d3bb65f874a9c165 -> block 1119 (stored)
[cas    ] put len 32 hash ec1f425e6f424635 -> block 1134 (stored)
[cas    ] put len 48 hash aaa4cedcfe555035 -> block 1119 (stored)
[cas    ] put len 64 hash 3033878e5a5c2445 -> block 1134 (stored)
[cas    ] put len 80 hash 726f0e774dcdb445 -> block 1119 (stored)
[cas    ] put len 96 hash 6b80e06e51aaf995 -> block 1134 (stored)
[cas    ] put len 112 hash 9f657da4c25d83a5 -> block 1119 (stored)
[cas    ] put len 128 hash 72bd5de3c83e67e5 -> block 1134 (stored)
[cas    ] put len 144 hash 1bd94ed255e74ab5 -> block 1119 (stored)
[cas    ] put len 160 hash 8c4092a0b01490c5 -> block 1134 (stored)
[cas    ] put len 176 hash 0e58310a9afd8195 -> block 1119 (stored)
[cas    ] put len 192 hash 5b85001045120ba5 -> block 1134 (stored)
[cas    ] put len 208 hash 2d35ecec584773a5 -> block 1119 (stored)
[cas    ] put len 224 hash df8b7e1f772457e5 -> block 1134 (stored)
[cas    ] put len 240 hash c269000bfcc93ab5 -> block 1119 (stored)
[cas    ] put len 256 hash 60652689fede5445 -> block 1134 (stored)
[cas    ] put len 272 hash ca8c1a4506f93f15 -> block 1119 (stored)
[cas    ] put len 288 hash 2420626e5d73f8a5 -> block 1134 (stored)
[cas    ] put len 304 hash f65c25b9285ca0a5 -> block 1119 (stored)
[cas    ] put len 320 hash 34fb1fe6573a56f5 -> block 1134 (stored)
[cas    ] put len 336 hash cc28f27507e2bb85 -> block 1119 (stored)
[cas    ] put len 352 hash aed6d71109fa55c5 -> block 1134 (stored)
[cas    ] put len 368 hash 6b786f7721cc8695 -> block 1119 (stored)
[cas    ] put len 384 hash 0c2d693bccab8495 -> block 1134 (stored)
[cas    ] put len 400 hash fc33b4434b2ea625 -> block 1119 (stored)
[cas    ] put len 416 hash a484d171ea1f0465 -> block 1134 (stored)
[cas    ] put len 432 hash b2d7fe3c2bc43cb5 -> block 1119 (stored)
[cas    ] put len 448 hash 891c40ea9ec9d645 -> block 1134 (stored)
[cas    ] put len 464 hash cc726a824edf9b95 -> block 1119 (stored)
[cas    ] put len 480 hash 6cdf275a1f907d25 -> block 1134 (stored)
[cas    ] put len 496 hash 744d18d89e23e4f5 -> block 1119 (stored)
[cas    ] put len 512 hash 6819a5f0330c1ef5 -> block 1134 (stored)
[cas    ] put len 16 hash 8d7ba9ae6caf0af5 -> block 1119 (stored)
[cas    ] put len 32 hash 66a8bc342f646f85 -> block 1135 (stored)
[cas    ] put len 48 hash b0998f960c7b94d5 -> block 1119 (stored)
[cas    ] put len 64 hash d1855f7289b362d5 -> block 1135 (stored)
[cas    ] put len 80 hash 0dc19a79fbbbf315 -> block 1119 (stored)
[cas    ] put len 96 hash 2483341855801115 -> block 1135 (stored)
[cas    ] put len 112 hash c7cc592ea1259b25 -> block 1119 (stored)
[cas    ] put len 128 hash 63ae35a3c0a44325 -> block 1135 (stored)
[cas    ] put len 144 hash 5c25bb3fa4b3e165 -> block 1119 (stored)
[cas    ] put len 160 hash 1bc5a793a14859b5 -> block 1135 (stored)
[cas    ] put len 176 hash 0fb41877694603b5 -> block 1119 (stored)
[cas    ] put len 192 hash 70979d23ba655d45 -> block 1135 (stored)
[cas    ] put len 208 hash 6021a2623a7d2d45 -> block 1119 (stored)
[cas    ] put len 224 hash 18d98e385c838f85 -> block 1135 (stored)
[cas    ] put len 240 hash d11805f40e39ff85 -> block 1119 (stored)
[cas    ] put len 256 hash ebb4e766763524d5 -> block 1135 (stored)
[cas    ] put len 272 hash c16c272f9750f2d5 -> block 1119 (stored)
[cas    ] put len 288 hash e581ebed80b040d5 -> block 1135 (stored)
[cas    ] put len 304 hash b4b84d55e99a3165 -> block 1119 (stored)
[cas    ] put len 320 hash e166b418daceb635 -> block 1135 (stored)
[cas    ] put len 336 hash 799fe81ca77dc035 -> block 1119 (stored)
[cas    ] put len 352 hash 236d87957981a5c5 -> block 1135 (stored)
[cas    ] put len 368 hash 10b25c95b2a7d695 -> block 1119 (stored)
[cas    ] put len 384 hash 19b515e13849a0a5 -> block 1135 (stored)
[cas    ] put len 400 hash ae4d8965885c48a5 -> block 1119 (stored)
[cas    ] put len 416 hash 2b64b11b76e3fef5 -> block 1135 (stored)
[cas    ] put len 432 hash 749c3c4cc1b66385 -> block 1119 (stored)
[cas    ] put len 448 hash 8ea90417d877fdc5 -> block 1135 (stored)
[cas    ] put len 464 hash 36db988d3cdffdc5 -> block 1119 (stored)
[cas    ] put len 480 hash c7fbad145ddc2e95 -> block 1135 (stored)
[cas    ] put len 496 hash bd709178aa79d025 -> block 1119 (stored)
[cas    ] put len 512 hash 881475ec9229f7f5 -> block 1135 (stored)
[cas    ] put len 16 hash 928d4cc8d89ec175 -> block 1119 (stored)
[cas    ] put len 512 hash 1997944e9452a13a -> block 1136 (stored)
[cas    ] put len 32 hash 82d5c4b3394c76b5 -> block 1137 (stored)
[cas    ] put len 512 hash f449bcc1dfffffd9 -> block 1138 (stored)
[cas    ] put len 48 hash 58fde23ac60960b5 -> block 1119 (stored)
[cas    ] put len 512 hash d9b05b2abbde625a -> block 1136 (stored)
[cas    ] put len 64 hash 92dac1b148fe59f5 -> block 1137 (stored)
[cas    ] put len 512 hash 6ab4ac09160c05cf -> block 1138 (stored)
[cas    ] put len 80 hash 5f6ba1b551cd8c05 -> block 1119 (stored)
[cas    ] put len 512 hash 2dd1f087c378bb8a -> block 1136 (stored)
[cas    ] put len 96 hash d82d5a7a978a23d5 -> block 1137 (stored)
[cas    ] put len 512 hash b19aa0478fa49863 -> block 1138 (stored)
[cas    ] put len 112 hash c4418b36dbe1cde5 -> block 1119 (stored)
[cas    ] put len 512 hash 40936cc17e2a4071 -> block 1136 (stored)
[cas    ] put len 128 hash 07f407bb01f430b5 -> block 1137 (stored)
[cas    ] put len 512 hash a903b40fe16f2400 -> block 1138 (stored)
[cas    ] put len 144 hash 1d2c17f672eaf6c5 -> block 1119 (stored)
[cas    ] put len 512 hash 5e56e8be89467e7a -> block 1136 (stored)
[cas    ] put len 160 hash 3e01ab3d8afd6795 -> block 1137 (stored)
[cas    ] put len 512 hash bf0a8a0fa203edf9 -> block 1138 (stored)
[cas    ] put len 176 hash 4c50639c0bd63bd5 -> block 1119 (stored)
[cas    ] put len 512 hash e661dad4ee29b58f -> block 1136 (stored)
[cas    ] put len 192 hash 84c8582e17ed0c15 -> block 1137 (stored)
[cas    ] put len 512 hash 16520d7ea781921e -> block 1138 (stored)
[cas    ] put len 208 hash 27aeae80cd595625 -> block 1119 (stored)
[cas    ] put len 512 hash 1a2ccb379621f32d -> block 1136 (stored)
[cas    ] put len 224 hash d972bb8a5f7afdf5 -> block 1137 (stored)
[cas    ] put len 512 hash 14d9e67dab092cf2 -> block 1138 (stored)
[cas    ] put len 240 hash 26ef7a32818177f5 -> block 1119 (stored)
[cas    ] put len 512 hash cf26fd0d2e9497a2 -> block 1136 (stored)
[cas    ] put len 256 hash ce548b0b240a1c85 -> block 1137 (stored)
[cas    ] put len 512 hash 7d0c06f93daba77e -> block 1138 (stored)
[cas    ] put len 272 hash 9fce7cade59bcc85 -> block 1119 (stored)
[cas    ] put len 512 hash e4d8ab6bfad9bfae -> block 1136 (stored)
[cas    ] put len 288 hash 0ea9a944c4d3f055 -> block 1137 (stored)
[cas    ] put len 512 hash d455d8da34ab963f -> block 1138 (stored)
[cas    ] put len 304 hash 76acece399faba65 -> block 1119 (stored)
[cas    ] put len 512 hash ad65398fb53e60ce -> block 1136 (stored)
[cas    ] put len 320 hash 4f59ce6e454964a5 -> block 1137 (stored)
[cas    ] put len 512 hash cd765683fa6b22f2 -> block 1138 (stored)
[cas    ] put len 336 hash 3577249297318475 -> block 1119 (stored)
[cas    ] put len 512 hash b54e028a103efbd2 -> block 1136 (stored)
[cas    ] put len 352 hash 8066cc3096705e75 -> block 1137 (stored)
[cas    ] put len 512 hash 6f5fe44228d5aaba -> block 1138 (stored)
[cas    ] put len 368 hash 423961a8aea0a685 -> block 1119 (stored)
[cas    ] put len 512 hash 054d5e2cf6823814 -> block 1136 (stored)
[cas    ] put len 384 hash 582b1a4384c4d685 -> block 1137 (stored)
[cas    ] put len 512 hash 616193c762701488 -> block 1138 (stored)
[cas    ] put len 400 hash ed2f6cc128eb30c5 -> block 1119 (stored)
[cas    ] put len 512 hash fbed4d3316113082 -> block 1136 (stored)
[cas    ] put len 416 hash c350c4b46c556105 -> block 1137 (stored)
[cas    ] put len 512 hash 2f57c1a4d273a5b7 -> block 1138 (stored)
[cas    ] put len 432 hash fc995da682ad4c55 -> block 1119 (stored)
[cas    ] put len 512 hash c4d939384b71b26b -> block 1136 (stored)
[cas    ] put len 448 hash a1f69c063cdf7695 -> block 1137 (stored)
[cas    ] put len 512 hash eab1b5510f716b72 -> block 1138 (stored)
[cas    ] put len 464 hash 3c0e35d9a76940a5 -> block 1119 (stored)
[cas    ] put len 512 hash c05c4882e699f79c -> block 1136 (stored)
[cas    ] put len 480 hash fa63685cd663e8a5 -> block 1137 (stored)
[cas    ] put len 512 hash a21f1c08480ae8dc -> block 1138 (stored)
[cas    ] put len 496 hash 850274b71dd39ef5 -> block 1119 (stored)
[cas    ] put len 512 hash 5acbc38b0b386584 -> block 1136 (stored)
[cas    ] put len 512 hash 6b08a99f5a1a58f5 -> block 1137 (stored)
[cas    ] put len 512 hash dd5d58dd811f0c31 -> block 1138 (stored)
[cas    ] put len 16 hash 8d7ba9ae6caf0af5 -> block 1119 (stored)
[cas    ] put len 512 hash 3dfc6c29d121d928 -> block 1136 (stored)
[cas    ] put len 32 hash 65326cd2cdf0c4f5 -> block 1138 (stored)
[cas    ] put len 512 hash fdeac366f85b70b4 -> block 1139 (stored)
[cas    ] put len 48 hash 7081b7829462b705 -> block 1119 (stored)
[cas    ] put len 512 hash 7f111fb998c95671 -> block 1136 (stored)
[cas    ] put len 64 hash 23cbc658f0faf705 -> block 1138 (stored)
[cas    ] put len 512 hash e18f5d589d8ba8fb -> block 1139 (stored)
[cas    ] put len 80 hash 1d85049d0b1a4ed5 -> block 1119 (stored)
[cas    ] put len 512 hash bf636b90c8183f92 -> block 1136 (stored)
[cas    ] put len 96 hash 2802b8eb53709cd5 -> block 1138 (stored)
[cas    ] put len 512 hash 0b019ad93d3dd760 -> block 1139 (stored)
[cas    ] put len 112 hash e976245719be86e5 -> block 1119 (stored)
[cas    ] put len 512 hash 461921dc4681c661 -> block 1136 (stored)
[cas    ] put len 128 hash 53a90c39f3598335 -> block 1138 (stored)
[cas    ] put len 512 hash 0a33d330e4456d78 -> block 1139 (stored)
[cas    ] put len 144 hash 9bb529ed977c7475 -> block 1119 (stored)
[cas    ] put len 512 hash 3d9d9c857e9f3d17 -> block 1136 (stored)
[cas    ] put len 160 hash e4bd125ee2c23c85 -> block 1138 (stored)
[cas    ] put len 512 hash 8aca5d5f2b34e005 -> block 1139 (stored)
[cas    ] put len 176 hash 1b1030df25d216c5 -> block 1119 (stored)
[cas    ] put len 512 hash 180bbe0cd09e27cd -> block 1136 (stored)
[cas    ] put len 192 hash eac2ae64aade8215 -> block 1138 (stored)
[cas    ] put len 512 hash 78dea784b4387898 -> block 1139 (stored)
[cas    ] put len 208 hash 82882e0e8f0b0855 -> block 1119 (stored)
[cas    ] put len 512 hash 67bfbd7ae395ef5c -> block 1136 (stored)
[cas    ] put len 224 hash ed31fc621437d265 -> block 1138 (stored)
[cas    ] put len 512 hash fe51d2de2a71c5cd -> block 1139 (stored)
[cas    ] put len 240 hash 0bf0a47c15608ab5 -> block 1119 (stored)
[cas    ] put len 512 hash c321a1c95a5817b8 -> block 1136 (stored)
[cas    ] put len 256 hash 920c28a7fcc9a445 -> block 1138 (stored)
[cas    ] put len 512 hash 1dc09fa0419e5318 -> block 1139 (stored)
[cas    ] put len 272 hash 16a0c540a015c685 -> block 1119 (stored)
[cas    ] put len 512 hash 2d9ae794434354ce -> block 1136 (stored)
[cas    ] put len 288 hash 694522766e81f685 -> block 1138 (stored)
[cas    ] put len 512 hash 1882858617490563 -> block 1139 (stored)
[cas    ] put len 304 hash 35ef4ee9ec7a2685 -> block 1119 (stored)
[cas    ] put len 512 hash 0f85905f6380766f -> block 1136 (stored)
[cas    ] put len 320 hash 8830f0d21b270bd5 -> block 1138 (stored)
[cas    ] put len 512 hash d5be8d78f01ddedd -> block 1139 (stored)
[cas    ] put len 336 hash c7ce96f8196499d5 -> block 1119 (stored)
[cas    ] put len 512 hash ab7ee4500ce716d9 -> block 1136 (stored)
[cas    ] put len 352 hash 7326b8eefd69c3e5 -> block 1138 (stored)
[cas    ] put len 512 hash 1bff13c9d2c9c9d6 -> block 1139 (stored)
[cas    ] put len 368 hash 8eb392a03d133be5 -> block 1119 (stored)
[cas    ] put len 512 hash 0a52b8d89d0df19e -> block 1136 (stored)
[cas    ] put len 384 hash ae195ed157d11eb5 -> block 1138 (stored)
[cas    ] put len 512 hash 16f4e31a48786c12 -> block 1139 (stored)
[cas    ] put len 400 hash f225ad787c5364c5 -> block 1119 (stored)
[cas    ] put len 512 hash e86f8b7f4651c217 -> block 1136 (stored)
[cas    ] put len 416 hash 6f55db17dc3d24c5 -> block 1138 (stored)
[cas    ] put len 512 hash 712f23319f526907 -> block 1139 (stored)
[cas    ] put len 432 hash cee1545ca7045505 -> block 1119 (stored)
[cas    ] put len 512 hash 0b32c6911fa79051 -> block 1136 (stored)
[cas    ] put len 448 hash b2460172c8d41505 -> block 1138 (stored)
[cas    ] put len 512 hash 88cfb2f68c9ea27a -> block 1139 (stored)
[cas    ] put len 464 hash 3b44b9e9bf05ad45 -> block 1119 (stored)
[cas    ] put len 512 hash 1ede91a2ccb28f34 -> block 1136 (stored)
[cas    ] put len 480 hash 432d482efeb17d45 -> block 1138 (stored)
[cas    ] put len 512 hash 0ec93f76b5b00dee -> block 1139 (stored)
[cas    ] put len 496 hash 962453d5a54bdf85 -> block 1119 (stored)
[cas    ] put len 512 hash 5c6f198824abe01f -> block 1136 (stored)
[cas    ] put len 512 hash 4d3ba72f8150c355 -> block 1138 (stored)
[cas    ] put len 512 hash 6e0b0e99747dcff4 -> block 1139 (stored)
[cas    ] put len 16 hash 8d7ba9ae6caf0af5 -> block 1119 (stored)
[cas    ] put len 512 hash 572ad0b2a1c34ec1 -> block 1136 (stored)
[cas    ] put len 32 hash e7ff96f577427d05 -> block 1139 (stored)
[cas    ] put len 512 hash 54ef682696835b28 -> block 1140 (stored)
[cas    ] put len 48 hash c0dbb138eace1545 -> block 1119 (stored)
[cas    ] put len 512 hash a53e04d78083078e -> block 1136 (stored)
[cas    ] put len 64 hash d26b2b1dbece7785 -> block 1139 (stored)
[cas    ] put len 512 hash a0a071533e4178a5 -> block 1140 (stored)
[cas    ] put len 80 hash b6b49be0b1b95b55 -> block 1119 (stored)
[cas    ] put len 512 hash 852b452378e47861 -> block 1136 (stored)
[cas    ] put len 96 hash b09532730942e565 -> block 1139 (stored)
[cas    ] put len 512 hash d6ce51b69995be93 -> block 1140 (stored)
[cas    ] put len 112 hash 22dbc2aec64a1d65 -> block 1119 (stored)
[cas    ] put len 512 hash 5f18a0ac0e7978ab -> block 1136 (stored)
[cas    ] put len 128 hash dd75c6520a5f5565 -> block 1139 (stored)
[cas    ] put len 512 hash 8da6002032ccb0d5 -> block 1140 (stored)
[cas    ] put len 144 hash 1e7225c3f45cbfa5 -> block 1119 (stored)
[cas    ] put len 512 hash 9f23c218e0122938 -> block 1136 (stored)
[cas    ] put len 160 hash 653c1c13b12a35f5 -> block 1139 (stored)
[cas    ] put len 512 hash c3a5d5d666852a6f -> block 1140 (stored)
[cas    ] put len 176 hash e5ba7b62ed906805 -> block 1119 (stored)
[cas    ] put len 512 hash 6db11d19d0d03bc4 -> block 1136 (stored)
[cas    ] put len 192 hash 8aa308f0899ec045 -> block 1139 (stored)
[cas    ] put len 512 hash 38780d7e858e5f25 -> block 1140 (stored)
[cas    ] put len 208 hash ee45cede58575045 -> block 1119 (stored)
[cas    ] put len 512 hash d70fdba95e7c47c1 -> block 1136 (stored)
[cas    ] put len 224 hash 61e47806432e7285 -> block 1139 (stored)
[cas    ] put len 512 hash 1c76674eb55a77a9 -> block 1140 (stored)
[cas    ] put len 240 hash 693002d3e4a01655 -> block 1119 (stored)
[cas    ] put len 512 hash 0ab9c89eec2d6099 -> block 1136 (stored)
[cas    ] put len 256 hash fcfd7d6e6aece0e5 -> block 1139 (stored)
[cas    ] put len 512 hash 85384fbe3e84e53b -> block 1140 (stored)
[cas    ] put len 272 hash 5a0bc827b71598e5 -> block 1119 (stored)
[cas    ] put len 512 hash 4071a08bee8f742f -> block 1136 (stored)
[cas    ] put len 288 hash c94da16c8a251535 -> block 1139 (stored)
[cas    ] put len 512 hash 62eb8fa122a41f58 -> block 1140 (stored)
[cas    ] put len 304 hash ebfc7d26aef63ac5 -> block 1119 (stored)
[cas    ] put len 512 hash 9eb4b88d47f935a7 -> block 1136 (stored)
[cas    ] put len 320 hash 382a584f89a57ac5 -> block 1139 (stored)
[cas    ] put len 512 hash 39c7dc5681ece3ec -> block 1140 (stored)
[cas    ] put len 336 hash d9223116a0b8eb95 -> block 1119 (stored)
[cas    ] put len 512 hash 1ddbf89785dee468 -> block 1136 (stored)
[cas    ] put len 352 hash b45654e4fd97f5a5 -> block 1139 (stored)
[cas    ] put len 512 hash 53f9cf5fdab826ac -> block 1140 (stored)
[cas    ] put len 368 hash cfac83320442ebf5 -> block 1119 (stored)
[cas    ] put len 512 hash 8537a71b5169205c -> block 1136 (stored)
[cas    ] put len 384 hash 2f062e469c94e5f5 -> block 1139 (stored)
[cas    ] put len 512 hash d4d8c1bf6b3d38f5 -> block 1140 (stored)
[cas    ] put len 400 hash a52d9b3324271805 -> block 1119 (stored)
[cas    ] put len 512 hash 6d04ec9b6fc6296e -> block 1136 (stored)
[cas    ] put len 416 hash 6bab51d7db14c355 -> block 1139 (stored)
[cas    ] put len 512 hash 4cef0b777fef2323 -> block 1140 (stored)
[cas    ] put len 432 hash f7c123aa61d3b155 -> block 1119 (stored)
[cas    ] put len 512 hash a56284141d3006ad -> block 1136 (stored)
[cas    ] put len 448 hash 3dd6215dc28f3be5 -> block 1139 (stored)
[cas    ] put len 512 hash a3e637cf3be852ee -> block 1140 (stored)
[cas    ] put len 464 hash 97baa94c3a4f7835 -> block 1119 (stored)
[cas    ] put len 512 hash ce5a29619672f900 -> block 1136 (stored)
[cas    ] put len 480 hash ac8527e950a04c45 -> block 1139 (stored)
[cas    ] put len 512 hash 37df9b7b1df2cad8 -> block 1140 (stored)
[cas    ] put len 496 hash 3e75cf3580dbdc45 -> block 1119 (stored)
[cas    ] put len 512 hash b11757276b4248c1 -> block 1136 (stored)
[cas    ] put len 512 hash 2c4e433775f5fe85 -> block 1139 (stored)
[cas    ] put len 512 hash 88e8f1b97becb1a9 -> block 1140 (stored)
[cas    ] put len 16 hash 928d4cc8d89ec175 -> block 1119 (stored)
[cas    ] put len 512 hash 087e7f75dcb6599e -> block 1136 (stored)
[cas    ] put len 32 hash 3e6ed6167edabc05 -> block 1140 (stored)
[cas    ] put len 512 hash 09f102a7ce6755b0 -> block 1141 (stored)
[cas    ] put len 48 hash 77ee7bfb2e116755 -> block 1119 (stored)
[cas    ] put len 512 hash 294b574650170277 -> block 1136 (stored)
[cas    ] put len 64 hash cc75b0f1d8bdf165 -> block 1140 (stored)
[cas    ] put len 512 hash 8974636759e7e9ea -> block 1141 (stored)
[cas    ] put len 80 hash 24a24b50f9a82965 -> block 1119 (stored)
[cas    ] put len 512 hash e4f590b64414ac8b -> block 1136 (stored)
[cas    ] put len 96 hash 742d79a2edba93a5 -> block 1140 (stored)
[cas    ] put len 512 hash b7d2c340b9fde20c -> block 1141 (stored)
[cas    ] put len 112 hash de5c7c81d3567375 -> block 1119 (stored)
[cas    ] put len 512 hash 5d52a2e37bad2a59 -> block 1136 (stored)
[cas    ] put len 128 hash edcb3e6d7003fb85 -> block 1140 (stored)
[cas    ] put len 512 hash 28d17269e5632a45 -> block 1141 (stored)
[cas    ] put len 144 hash dcf83ecee7f56b85 -> block 1119 (stored)
[cas    ] put len 512 hash ca4e90afdcb12001 -> block 1136 (stored)
[cas    ] put len 160 hash 88abeb7d1f3905c5 -> block 1140 (stored)
[cas    ] put len 512 hash e340b4ac41ca81e0 -> block 1141 (stored)
[cas    ] put len 176 hash 67c8f4b6bb107605 -> block 1119 (stored)
[cas    ] put len 512 hash 7505a75d38f155bc -> block 1136 (stored)
[cas    ] put len 192 hash d0878585c325a155 -> block 1140 (stored)
[cas    ] put len 512 hash fd22c0a567d82a7e -> block 1141 (stored)
[cas    ] put len 208 hash 2f4049eedc650b95 -> block 1119 (stored)
[cas    ] put len 512 hash df043aba3d057298 -> block 1136 (stored)
[cas    ] put len 224 hash 6b19ccefe286dfd5 -> block 1140 (stored)
[cas    ] put len 512 hash 5a58a93b639d3e92 -> block 1141 (stored)
[cas    ] put len 240 hash 4c8cd484eb009065 -> block 1119 (stored)
[cas    ] put len 512 hash f56b7a8808fa56cd -> block 1136 (stored)
[cas    ] put len 256 hash 285ac6a2e67a8865 -> block 1140 (stored)
[cas    ] put len 512 hash 903d8ec943c5da3e -> block 1141 (stored)
[cas    ] put len 272 hash 6c05b9f2930cb2a5 -> block 1119 (stored)
[cas    ] put len 512 hash 25f7767c4875567f -> block 1136 (stored)
[cas    ] put len 288 hash e8cd28440b185275 -> block 1140 (stored)
[cas    ] put len 512 hash b46d0b5fbdbef69e -> block 1141 (stored)
[cas    ] put len 304 hash 5e543e6c10259a85 -> block 1119 (stored)
[cas    ] put len 512 hash 0cf607e6b4c0e9af -> block 1136 (stored)
[cas    ] put len 320 hash cbd5f707c266ca85 -> block 1140 (stored)
[cas    ] put len 512 hash 2c84b2da525a32e4 -> block 1141 (stored)
[cas    ] put len 336 hash 847a93c101ea24c5 -> block 1119 (stored)
[cas    ] put len 512 hash 86e0deb7c8daf6fb -> block 1136 (stored)
[cas    ] put len 352 hash f25801086ff15505 -> block 1140 (stored)
[cas    ] put len 512 hash 314d4acfce494356 -> block 1141 (stored)
[cas    ] put len 368 hash 35a1824316782cd5 -> block 1119 (stored)
[cas    ] put len 512 hash 3999cefe97fe64d9 -> block 1136 (stored)
[cas    ] put len 384 hash 6d0887523915fad5 -> block 1140 (stored)
[cas    ] put len 512 hash a1e89d0912d82780 -> block 1141 (stored)
[cas    ] put len 400 hash e925305886de6b65 -> block 1119 (stored)
[cas    ] put len 512 hash 3563e3024dcb89e3 -> block 1136 (stored)
[cas    ] put len 416 hash 3946dd67f0917035 -> block 1140 (stored)
[cas    ] put len 512 hash 82d027db240f7e64 -> block 1141 (stored)
[cas    ] put len 432 hash 07af94da1ea04445 -> block 1119 (stored)
[cas    ] put len 512 hash 0cff3d8ad498eb2a -> block 1136 (stored)
[cas    ] put len 448 hash 2cceb1112619d445 -> block 1140 (stored)
[cas    ] put len 512 hash c71b327b5515f27b -> block 1141 (stored)
[cas    ] put len 464 hash 9a34266641776445 -> block 1119 (stored)
[cas    ] put len 512 hash aea1ed0a6382365a -> block 1136 (stored)
[cas    ] put len 480 hash 997b6fed8840a995 -> block 1140 (stored)
[cas    ] put len 512 hash b38914e2a0712e93 -> block 1141 (stored)
[cas    ] put len 496 hash 8c55f06716df33a5 -> block 1119 (stored)
[cas    ] put len 512 hash 48b5a16ceac9290e -> block 1136 (stored)
[cas    ] put len 512 hash 2371fe0b3329a9f5 -> block 1140 (stored)
[cas    ] put len 512 hash e9683b83db255b26 -> block 1141 (stored)
[cas    ] put len 16 hash 11f510e93782cb25 -> block 1119 (stored)
[cas    ] put len 512 hash 51da66e3311d2102 -> block 1136 (stored)
[cas    ] put len 32 hash 330b56313be96975 -> block 1141 (stored)
[cas    ] put len 512 hash 22f4994d7268137d -> block 1142 (stored)
[cas    ] put len 48 hash fac1e11b37011eb5 -> block 1119 (stored)
[cas    ] put len 512 hash d2c0f7bbadbda8fa -> block 1136 (stored)
[cas    ] put len 64 hash b1e250b4e8a808b5 -> block 1141 (stored)
[cas    ] put len 512 hash 1bda2153232ccdea -> block 1142 (stored)
[cas    ] put len 80 hash 6f5c12d39ad4cec5 -> block 1119 (stored)
[cas    ] put len 512 hash 9b7f8d6c7efaff5b -> block 1136 (stored)
[cas    ] put len 96 hash eaa9c8f535767f05 -> block 1141 (stored)
[cas    ] put len 512 hash 7b65fc35e0cd5255 -> block 1142 (stored)
[cas    ] put len 112 hash c0d2e20519c0bf05 -> block 1119 (stored)
[cas    ] put len 512 hash 0676db0b9348a22c -> block 1136 (stored)
[cas    ] put len 128 hash 36fd7537581216d5 -> block 1141 (stored)
[cas    ] put len 512 hash 2df15ed70b1a0768 -> block 1142 (stored)
[cas    ] put len 144 hash 7f80bb7b811a64d5 -> block 1119 (stored)
[cas    ] put len 512 hash 508aee6e23f9cded -> block 1136 (stored)
[cas    ] put len 160 hash e3f5e800049a4ee5 -> block 1141 (stored)
[cas    ] put len 512 hash a119eac96190bcfb -> block 1142 (stored)
[cas    ] put len 176 hash 71d7640197e74b35 -> block 1119 (stored)
[cas    ] put len 512 hash 9e72acd9fb397d91 -> block 1136 (stored)
[cas    ] put len 192 hash 0048220231b39535 -> block 1141 (stored)
[cas    ] put len 512 hash d89a3dcb541e1700 -> block 1142 (stored)
[cas    ] put len 208 hash f60a5457580b0675 -> block 1119 (stored)
[cas    ] put len 512 hash e8bc789ec7f45f39 -> block 1136 (stored)
[cas    ] put len 224 hash 354be5b79bda6075 -> block 1141 (stored)
[cas    ] put len 512 hash 2b01b7a9f95ae3d4 -> block 1142 (stored)
[cas    ] put len 240 hash c4e11934a5f03a75 -> block 1119 (stored)
[cas    ] put len 512 hash fde658d807bc6f74 -> block 1136 (stored)
[cas    ] put len 256 hash 9beaf3f5a6b78285 -> block 1141 (stored)
[cas    ] put len 512 hash 2ef51a7e6c83be17 -> block 1142 (stored)
[cas    ] put len 272 hash 472291d6a3a8dcc5 -> block 1119 (stored)
[cas    ] put len 512 hash e219382d51d381d8 -> block 1136 (stored)
[cas    ] put len 288 hash 89317457fef6c815 -> block 1141 (stored)
[cas    ] put len 512 hash 7cf37fb1fb19e9b6 -> block 1142 (stored)
[cas    ] put len 304 hash 01395f6724682615 -> block 1119 (stored)
[cas    ] put len 512 hash 6328abb29911d1a1 -> block 1136 (stored)
[cas    ] put len 320 hash c22d40182f449fa5 -> block 1141 (stored)
[cas    ] put len 512 hash 18d9b2e6c466d894 -> block 1142 (stored)
[cas    ] put len 336 hash 3604bba1c30a15f5 -> block 1119 (stored)
[cas    ] put len 512 hash df7e9884f5a77485 -> block 1136 (stored)
[cas    ] put len 352 hash 6c8b8a5e8c8a3a85 -> block 1141 (stored)
[cas    ] put len 512 hash 6a29423f4884d974 -> block 1142 (stored)
[cas    ] put len 368 hash d363d5f5d76994c5 -> block 1119 (stored)
[cas    ] put len 512 hash c0c52cbcb9517457 -> block 1136 (stored)
[cas    ] put len 384 hash af3a81d8015f54c5 -> block 1141 (stored)
[cas    ] put len 512 hash a199d6f9e91a989b -> block 1142 (stored)
[cas    ] put len 400 hash f442089c72c514c5 -> block 1119 (stored)
[cas    ] put len 512 hash f4ff659fa778689e -> block 1136 (stored)
[cas    ] put len 416 hash 839bf27e6a2f0595 -> block 1141 (stored)
[cas    ] put len 512 hash 5d49db93263e5e33 -> block 1142 (stored)
[cas    ] put len 432 hash 6ed0d45fd495c395 -> block 1119 (stored)
[cas    ] put len 512 hash c29f009710720d9e -> block 1136 (stored)
[cas    ] put len 448 hash b8748a0b6e90a525 -> block 1141 (stored)
[cas    ] put len 512 hash c0121a69757583e3 -> block 1142 (stored)
[cas    ] put len 464 hash 585d285b64ddc375 -> block 1119 (stored)
[cas    ] put len 512 hash e1bb4b0ad3eede09 -> block 1136 (stored)
[cas    ] put len 480 hash 909d11c32d0a3e05 -> block 1141 (stored)
[cas    ] put len 512 hash 8f74fdf14e671f6d -> block 1142 (stored)
[cas    ] put len 496 hash 0ea9a7bd8ca355d5 -> block 1119 (stored)
[cas    ] put len 512 hash 970140b903253af4 -> block 1136 (stored)
[cas    ] put len 512 hash 8e82e2842870a615 -> block 1141 (stored)
[cas    ] put len 512 hash c16ebf4796be237f -> block 1142 (stored)
[cas    ] put len 16 hash 928d4cc8d89ec175 -> block 1119 (stored)
[cas    ] put len 512 hash 884c7b44e0ac2d24 -> block 1136 (stored)
[cas    ] put len 32 hash 82d5c4b3394c76b5 -> block 1142 (stored)
[cas    ] put len 512 hash fdf4aa5ca96fa2b7 -> block 1143 (stored)
[cas    ] put len 48 hash 8c1b56e495d09045 -> block 1119 (stored)
[cas    ] put len 512 hash 7c5a3593a72ab784 -> block 1136 (stored)
[cas    ] put len 64 hash eaa0817deb04d595 -> block 1142 (stored)
[cas    ] put len 512 hash 6b25c7f8ab11f988 -> block 1143 (stored)
[cas    ] put len 80 hash 8ecc763c04743725 -> block 1119 (stored)
[cas    ] put len 512 hash e907f1fcb6f7f403 -> block 1136 (stored)
[cas    ] put len 96 hash 99a34b2557661ef5 -> block 1142 (stored)
[cas    ] put len 512 hash 60b50025299d71f7 -> block 1143 (stored)
[cas    ] put len 112 hash 5f9a16e92c7b7435 -> block 1119 (stored)
[cas    ] put len 512 hash 36bc3d72ebfc9f75 -> block 1136 (stored)
[cas    ] put len 128 hash 65a07bef2c29fe35 -> block 1142 (stored)
[cas    ] put len 512 hash 3eefdddce7ebfe38 -> block 1143 (stored)
[cas    ] put len 144 hash b2a6a8d433ac5245 -> block 1119 (stored)
[cas    ] put len 512 hash e9e7931b2be4a9d1 -> block 1136 (stored)
[cas    ] put len 160 hash 450ec490c5796245 -> block 1142 (stored)
[cas    ] put len 512 hash 8466bda38c99d603 -> block 1143 (stored)
[cas    ] put len 176 hash fd02995e23a7cd15 -> block 1119 (stored)
[cas    ] put len 512 hash 8362558ca4e73f87 -> block 1136 (stored)
[cas    ] put len 192 hash 082157721edc5725 -> block 1142 (stored)
[cas    ] put len 512 hash 52631b17e31918ab -> block 1143 (stored)
[cas    ] put len 208 hash 0cec2d9076d0f565 -> block 1119 (stored)
[cas    ] put len 512 hash 39f71f3a85cfd7f8 -> block 1136 (stored)
[cas    ] put len 224 hash a3544f4438dc2d65 -> block 1142 (stored)
[cas    ] put len 512 hash 95fda5b1b1cb7119 -> block 1143 (stored)
[cas    ] put len 240 hash c66f382d22f56565 -> block 1119 (stored)
[cas    ] put len 512 hash 44e0f8ac4710fefa -> block 1136 (stored)
[cas    ] put len 256 hash a6cd403293f6cfa5 -> block 1142 (stored)
[cas    ] put len 512 hash 715fc0234f4f0af5 -> block 1143 (stored)
[cas    ] put len 272 hash fea559f59a41af75 -> block 1119 (stored)
[cas    ] put len 512 hash 460bb7377bd5244d -> block 1136 (stored)
[cas    ] put len 288 hash 06a5ae2268934975 -> block 1142 (stored)
[cas    ] put len 512 hash 294b4ab21428da05 -> block 1143 (stored)
[cas    ] put len 304 hash 19fa287a20b14405 -> block 1119 (stored)
[cas    ] put len 512 hash dff074ca475b33d4 -> block 1136 (stored)
[cas    ] put len 320 hash 65f931248a49ef55 -> block 1142 (stored)
[cas    ] put len 512 hash 7cb85c35aadca579 -> block 1143 (stored)
[cas    ] put len 336 hash cbb893d2b7d87965 -> block 1119 (stored)
[cas    ] put len 512 hash f311b91cc804d42a -> block 1136 (stored)
[cas    ] put len 352 hash 77301792f75efe35 -> block 1142 (stored)
[cas    ] put len 512 hash de0196266ed8097d -> block 1143 (stored)
[cas    ] put len 368 hash 32d8e9f956e00835 -> block 1119 (stored)
[cas    ] put len 512 hash a251a9295927aab8 -> block 1136 (stored)
[cas    ] put len 384 hash 8fe29f772035edc5 -> block 1142 (stored)
[cas    ] put len 512 hash abb84be7a492f505 -> block 1143 (stored)
[cas    ] put len 400 hash c93eed9a3d601915 -> block 1119 (stored)
[cas    ] put len 512 hash b5d7fab98ddf10e2 -> block 1136 (stored)
[cas    ] put len 416 hash 290096b981bdb715 -> block 1142 (stored)
[cas    ] put len 512 hash 2bcd8767f497d4fd -> block 1143 (stored)
[cas    ] put len 432 hash 3caab8fc63af7d55 -> block 1119 (stored)
[cas    ] put len 512 hash cc3d98399d8e80a9 -> block 1136 (stored)
[cas    ] put len 448 hash fa68c0bd9805e795 -> block 1142 (stored)
[cas    ] put len 512 hash c20d1832fb1f55c1 -> block 1143 (stored)
[cas    ] put len 464 hash 5bf2d30b8569c925 -> block 1119 (stored)
[cas    ] put len 512 hash 49725a4893764556 -> block 1136 (stored)
[cas    ] put len 480 hash 53bfea311d6ae765 -> block 1142 (stored)
[cas    ] put len 512 hash 47dac7193c4653bb -> block 1143 (stored)
[cas    ] put len 496 hash 7a9162a9ee50dfb5 -> block 1119 (stored)
[cas    ] put len 512 hash f2c6466737c63709 -> block 1136 (stored)
[cas    ] put len 512 hash 4448c8a892c73945 -> block 1142 (stored)
[cas    ] put len 512 hash 6be276985cbbea38 -> block 1143 (stored)
[cas    ] put len 16 hash 8d7ba9ae6caf0af5 -> block 1119 (stored)
[cas    ] put len 512 hash 6b6391506add8bdd -> block 1136 (stored)
[cas    ] put len 32 hash 448e7a35c61f6035 -> block 1143 (stored)
[cas    ] put len 512 hash c691aea84d9fff5d -> block 1144 (stored)
[cas    ] put len 48 hash e81905bfe8e8ea35 -> block 1119 (stored)
[cas    ] put len 512 hash 2b64596c21b972be -> block 1136 (stored)
[cas    ] put len 64 hash a95f7e1393a74fc5 -> block 1143 (stored)
[cas    ] put len 512 hash 8b6dca779bc2c99b -> block 1144 (stored)
[cas    ] put len 80 hash 86e585c2d0280095 -> block 1119 (stored)
[cas    ] put len 512 hash fc9ee677ca9ef98b -> block 1136 (stored)
[cas    ] put len 96 hash bb620149056a2225 -> block 1143 (stored)
[cas    ] put len 512 hash 750793f69bd46133 -> block 1144 (stored)
[cas    ] put len 112 hash 662ebe26eadec9f5 -> block 1119 (stored)
[cas    ] put len 512 hash c2fe1e4d3404011a -> block 1136 (stored)
[cas    ] put len 128 hash b52a15b9f526df35 -> block 1143 (stored)
[cas    ] put len 512 hash e18d9375106c1a02 -> block 1144 (stored)
[cas    ] put len 144 hash 04cb88c2f8b82935 -> block 1119 (stored)
[cas    ] put len 512 hash d01f1e8dacb19e2f -> block 1136 (stored)
[cas    ] put len 160 hash 0defb2a2fecd3d45 -> block 1143 (stored)
[cas    ] put len 512 hash a1459090cf1566f9 -> block 1144 (stored)
[cas    ] put len 176 hash 018e5841b5dd0d45 -> block 1119 (stored)
[cas    ] put len 512 hash 3a5f16d507ed6b90 -> block 1136 (stored)
[cas    ] put len 192 hash b37f65b28bfe3815 -> block 1143 (stored)
[cas    ] put len 512 hash 43f3c19f164e1e3d -> block 1144 (stored)
[cas    ] put len 208 hash 7c88c389d5cb9615 -> block 1119 (stored)
[cas    ] put len 512 hash 7248eccf9adc2fff -> block 1136 (stored)
[cas    ] put len 224 hash 3a66721831ca6025 -> block 1143 (stored)
[cas    ] put len 512 hash a1c08bf891aae5f2 -> block 1144 (stored)
[cas    ] put len 240 hash 0cb2c3b353193e65 -> block 1119 (stored)
[cas    ] put len 512 hash 6f76ec8c7e208d4b -> block 1136 (stored)
[cas    ] put len 256 hash 8e7f2a1deb0eb665 -> block 1143 (stored)
[cas    ] put len 512 hash 489717eb52b0ec5e -> block 1144 (stored)
[cas    ] put len 272 hash 6e0c2f720edc7b35 -> block 1119 (stored)
[cas    ] put len 512 hash 17f1bd2a674f16f7 -> block 1136 (stored)
[cas    ] put len 288 hash f47d17e732fd6c75 -> block 1143 (stored)
[cas    ] put len 512 hash a77d92619f2de881 -> block 1144 (stored)
[cas    ] put len 304 hash 898b49b957ec2705 -> block 1119 (stored)
[cas    ] put len 512 hash d619b0fbef775fdb -> block 1136 (stored)
[cas    ] put len 320 hash ab604216bad77ed5 -> block 1143 (stored)
[cas    ] put len 512 hash 95d8d24b1af35b57 -> block 1144 (stored)
[cas    ] put len 336 hash 3e34b25f9ef9ccd5 -> block 1119 (stored)
[cas    ] put len 512 hash e49be4b2c317c7ed -> block 1136 (stored)
[cas    ] put len 352 hash 37cc42c41413b6e5 -> block 1143 (stored)
[cas    ] put len 512 hash cf7b0b0aed6d3143 -> block 1144 (stored)
[cas    ] put len 368 hash 0f6358ea6f7ab335 -> block 1119 (stored)
[cas    ] put len 512 hash d5b1609e6196fb3f -> block 1136 (stored)
[cas    ] put len 384 hash 3192052647e0fd35 -> block 1143 (stored)
[cas    ] put len 512 hash a3e3fa61d08580b3 -> block 1144 (stored)
[cas    ] put len 400 hash f3b4d306c3526e75 -> block 1119 (stored)
[cas    ] put len 512 hash a4e47ff07867b7fa -> block 1136 (stored)
[cas    ] put len 416 hash 3d846700da2363b5 -> block 1143 (stored)
[cas    ] put len 512 hash 7c99c91466e0090b -> block 1144 (stored)
[cas    ] put len 432 hash d45220e7039abd45 -> block 1119 (stored)
[cas    ] put len 512 hash a88a8a3376e870c4 -> block 1136 (stored)
[cas    ] put len 448 hash 4ede5d55b20a8d45 -> block 1143 (stored)
[cas    ] put len 512 hash 6ab32a7fbe612e8c -> block 1144 (stored)
[cas    ] put len 464 hash 7ab19fa5578bb815 -> block 1119 (stored)
[cas    ] put len 512 hash e3bfb71eccccf634 -> block 1136 (stored)
[cas    ] put len 480 hash bcb0b4e21215be55 -> block 1143 (stored)
[cas    ] put len 512 hash fdd1cde78e6c0b32 -> block 1144 (stored)
[cas    ] put len 496 hash 04aeec20079b6c55 -> block 1119 (stored)
[cas    ] put len 512 hash edb0fc2c2fc2f95d -> block 1136 (stored)
[cas    ] put len 512 hash 8c49c13ff0559695 -> block 1143 (stored)
[cas    ] put len 512 hash ae06446fce00400b -> block 1144 (stored)
[cas    ] put len 16 hash 8d7ba9ae6caf0af5 -> block 1119 (stored)
[cas    ] put len 512 hash cecef3a41d82bcca -> block 1136 (stored)
[cas    ] put len 32 hash 65326cd2cdf0c4f5 -> block 1144 (stored)
[cas    ] put len 512 hash aeecd517d4f97c4e -> block 1145 (stored)
[cas    ] put len 48 hash 7081b7829462b705 -> block 1119 (stored)
[cas    ] put len 512 hash 9e74d9f3f1735d43 -> block 1136 (stored)
[cas    ] put len 64 hash 31ac424402720ed5 -> block 1144 (stored)
[cas    ] put len 512 hash dc4b5cb866357581 -> block 1145 (stored)
[cas    ] put len 80 hash 561cd4f31ab85cd5 -> block 1119 (stored)
[cas    ] put len 512 hash def19dfb8d51cce9 -> block 1136 (stored)
[cas    ] put len 96 hash d9ef11adc76f6d15 -> block 1144 (stored)
[cas    ] put len 512 hash 081ca27103512d01 -> block 1145 (stored)
[cas    ] put len 112 hash 56b8efa0acdeb355 -> block 1119 (stored)
[cas    ] put len 512 hash 3a8d11eba952226e -> block 1136 (stored)
[cas    ] put len 128 hash 6d50955585fe3d65 -> block 1144 (stored)
[cas    ] put len 512 hash 8b62dcef2de514e9 -> block 1145 (stored)
[cas    ] put len 144 hash 328993c1ed55c235 -> block 1119 (stored)
[cas    ] put len 512 hash 9c8dabec34097621 -> block 1136 (stored)
[cas    ] put len 160 hash 9c82edf69f8a27c5 -> block 1144 (stored)
[cas    ] put len 512 hash ef6ce107e468092b -> block 1145 (stored)
[cas    ] put len 176 hash 90cc5a62ee6ca7c5 -> block 1119 (stored)
[cas    ] put len 512 hash 1ff4e9d0929fbbd1 -> block 1136 (stored)
[cas    ] put len 192 hash e7c6c919fcb55315 -> block 1144 (stored)
[cas    ] put len 512 hash e24e9dc739ecc097 -> block 1145 (stored)
[cas    ] put len 208 hash 867e918b7ddb5d25 -> block 1119 (stored)
[cas    ] put len 512 hash ef8f1f6dbd13a681 -> block 1136 (stored)
[cas    ] put len 224 hash 56a6fafcf426c4f5 -> block 1144 (stored)
[cas    ] put len 512 hash e7a7f46dffb33f96 -> block 1145 (stored)
[cas    ] put len 240 hash 3d920d78103aa985 -> block 1119 (stored)
[cas    ] put len 512 hash ec0e6f455b1c95a5 -> block 1136 (stored)
[cas    ] put len 256 hash d29cf2ecfc279985 -> block 1144 (stored)
[cas    ] put len 512 hash 91ddf082034538aa -> block 1145 (stored)
[cas    ] put len 272 hash e351ca8cba46b3c5 -> block 1119 (stored)
[cas    ] put len 512 hash 0f8b20d1cf321249 -> block 1136 (stored)
[cas    ] put len 288 hash b910769a2c325f15 -> block 1144 (stored)
[cas    ] put len 512 hash df3ebdf11b40a572 -> block 1145 (stored)
[cas    ] put len 304 hash 35c9408a99b17d15 -> block 1119 (stored)
[cas    ] put len 512 hash 0acce9aff346b36b -> block 1136 (stored)
[cas    ] put len 320 hash 5941eb81c7c81b15 -> block 1144 (stored)
[cas    ] put len 512 hash 2ea3b4e5187fda54 -> block 1145 (stored)
[cas    ] put len 336 hash 09a6565238602525 -> block 1119 (stored)
[cas    ] put len 512 hash 87d4a0821d552984 -> block 1136 (stored)
[cas    ] put len 352 hash d2f561e5f5714d25 -> block 1144 (stored)
[cas    ] put len 512 hash 936f8f286968b97a -> block 1145 (stored)
[cas    ] put len 368 hash 8c79cd480fb8b4f5 -> block 1119 (stored)
[cas    ] put len 512 hash b1c7b5ef266acb99 -> block 1136 (stored)
[cas    ] put len 384 hash 21b914e86ec89985 -> block 1144 (stored)
[cas    ] put len 512 hash cd0c0b19782cdcf5 -> block 1145 (stored)
[cas    ] put len 400 hash 000829c6fcb18985 -> block 1119 (stored)
[cas    ] put len 512 hash 8523c75a2db5f005 -> block 1136 (stored)
[cas    ] put len 416 hash 030ef0147bcca3c5 -> block 1144 (stored)
[cas    ] put len 512 hash 379df2b91fb16af9 -> block 1145 (stored)
[cas    ] put len 432 hash ef7cfe0d25825495 -> block 1119 (stored)
[cas    ] put len 512 hash ac35e532992b3541 -> block 1136 (stored)
[cas    ] put len 448 hash 073769dfaf24d295 -> block 1144 (stored)
[cas    ] put len 512 hash fed14e3cdd63a627 -> block 1145 (stored)
[cas    ] put len 464 hash df6d50ea3336d095 -> block 1119 (stored)
[cas    ] put len 512 hash d6b7c07fd207202f -> block 1136 (stored)
[cas    ] put len 480 hash 822001399facf225 -> block 1144 (stored)
[cas    ] put len 512 hash 79237c2a210946a1 -> block 1145 (stored)
[cas    ] put len 496 hash 2c1d21e971505065 -> block 1119 (stored)
[cas    ] put len 512 hash 21132c7557e5ad0a -> block 1136 (stored)
[cas    ] put len 512 hash c1ee6084edf49535 -> block 1144 (stored)
[cas    ] put len 512 hash 57bca938558c42db -> block 1145 (stored)
[cas    ] put len 16 hash 8d7ba9ae6caf0af5 -> block 1119 (stored)
[cas    ] put len 512 hash b47d0dc7d6932a3a -> block 1136 (stored)
[cas    ] put len 32 hash 65326cd2cdf0c4f5 -> block 1145 (stored)
[cas    ] put len 512 hash 41e59ca936e878fe -> block 1146 (stored)
[cas    ] put len 48 hash ef2adcc14c84a985 -> block 1119 (stored)
[cas    ] put len 512 hash 99232ecff87a628f -> block 1136 (stored)
[cas    ] put len 64 hash acac10d02b67c3c5 -> block 1145 (stored)
[cas    ] put len 512 hash 50f6f51dc95e5275 -> block 1146 (stored)
[cas    ] put len 80 hash 0ca4dc3b4f176f15 -> block 1119 (stored)
[cas    ] put len 512 hash d4554bc69c8b70fa -> block 1136 (stored)
[cas    ] put len 96 hash f07776dae7647925 -> block 1145 (stored)
[cas    ] put len 512 hash 74eebc7dc0847867 -> block 1146 (stored)
[cas    ] put len 112 hash 4794c299b16aa125 -> block 1119 (stored)
[cas    ] put len 512 hash 5633c7f6d940156e -> block 1136 (stored)
[cas    ] put len 128 hash 0b73645479d6bf75 -> block 1145 (stored)
[cas    ] put len 512 hash 92da072c9dd81b1c -> block 1146 (stored)
[cas    ] put len 144 hash 43141c9976ec5975 -> block 1119 (stored)
[cas    ] put len 512 hash a89435a22025c467 -> block 1136 (stored)
[cas    ] put len 160 hash 1618a78b6ece5405 -> block 1145 (stored)
[cas    ] put len 512 hash 42097cfdf9973fea -> block 1146 (stored)
[cas    ] put len 176 hash fa6398786f7cebd5 -> block 1119 (stored)
[cas    ] put len 512 hash c1c437b624a773af -> block 1136 (stored)
[cas    ] put len 192 hash cdc10ac6f03279d5 -> block 1145 (stored)
[cas    ] put len 512 hash 989d8dc766a8e6e5 -> block 1146 (stored)
[cas    ] put len 208 hash 54acd3a5cf28ca15 -> block 1119 (stored)
[cas    ] put len 512 hash 2d274d7a5321fbe1 -> block 1136 (stored)
[cas    ] put len 224 hash 20737c6fa4a75055 -> block 1145 (stored)
[cas    ] put len 512 hash bcdda0ed56684a95 -> block 1146 (stored)
[cas    ] put len 240 hash cb0ac096de417e55 -> block 1119 (stored)
[cas    ] put len 512 hash 06f9306d8b0292b2 -> block 1136 (stored)
[cas    ] put len 256 hash 255fb2a4fa1bc865 -> block 1145 (stored)
[cas    ] put len 512 hash b06ed8eccaa38d8d -> block 1146 (stored)
[cas    ] put len 272 hash e47527fb015200b5 -> block 1119 (stored)
[cas    ] put len 512 hash b6f20190b20aa6b8 -> block 1136 (stored)
[cas    ] put len 288 hash 312673e766616ab5 -> block 1145 (stored)
[cas    ] put len 512 hash ef8c13295a74d7ec -> block 1146 (stored)
[cas    ] put len 304 hash 6f4d60e9f216b0c5 -> block 1119 (stored)
[cas    ] put len 512 hash 3d2269a5d194caeb -> block 1136 (stored)
[cas    ] put len 320 hash c22102613087a195 -> block 1145 (stored)
[cas    ] put len 512 hash ccef5064ce131f9a -> block 1146 (stored)
[cas    ] put len 336 hash 343b4753a9ca0325 -> block 1119 (stored)
[cas    ] put len 512 hash 236a2fd39db8591f -> block 1136 (stored)
[cas    ] put len 352 hash c999a41e2149a165 -> block 1145 (stored)
[cas    ] put len 512 hash 6cc4edd5b4d017f3 -> block 1146 (stored)
[cas    ] put len 368 hash c82501e1ed9fd965 -> block 1119 (stored)
[cas    ] put len 512 hash 7cb72b1831651eb2 -> block 1136 (stored)
[cas    ] put len 384 hash f98014fb7cc41165 -> block 1145 (stored)
[cas    ] put len 512 hash d7029711bce480f1 -> block 1146 (stored)
[cas    ] put len 400 hash 657018fe85709635 -> block 1119 (stored)
[cas    ] put len 512 hash 4341088b4e58688e -> block 1136 (stored)
[cas    ] put len 416 hash 09d011538797a035 -> block 1145 (stored)
[cas    ] put len 512 hash 35abfa35956499e7 -> block 1146 (stored)
[cas    ] put len 432 hash b4b232e5fbb27445 -> block 1119 (stored)
[cas    ] put len 512 hash beb26c42660423ac -> block 1136 (stored)
[cas    ] put len 448 hash eeed591abbd55f15 -> block 1145 (stored)
[cas    ] put len 512 hash ba29ca2036a4f049 -> block 1146 (stored)
[cas    ] put len 464 hash dc8df68723712555 -> block 1119 (stored)
[cas    ] put len 512 hash ab3408ff3066c5a1 -> block 1136 (stored)
[cas    ] put len 480 hash ce849970b5dd2f65 -> block 1145 (stored)
[cas    ] put len 512 hash 3b4efbb12d7bb5c8 -> block 1146 (stored)
[cas    ] put len 496 hash 61871d6c2266e765 -> block 1119 (stored)
[cas    ] put len 512 hash e002d472a8c313ec -> block 1136 (stored)
[cas    ] put len 512 hash 15e81263b29e9f65 -> block 1145 (stored)
[cas    ] put len 512 hash dc96d1b2be5b930d -> block 1146 (stored)
[cas    ] put len 16 hash 11f510e93782cb25 -> block 1119 (stored)
[cas    ] put len 512 hash f35c3f622b6fbd49 -> block 1136 (stored)
[cas    ] put len 32 hash b2731a519acd7325 -> block 1146 (stored)
[cas    ] put len 512 hash c392149997c159cc -> block 1147 (stored)
[cas    ] put len 48 hash ec258bc8d5a91165 -> block 1119 (stored)
[cas    ] put len 512 hash a67ced7443c221c1 -> block 1136 (stored)
[cas    ] put len 64 hash 36863646dc5b4965 -> block 1146 (stored)
[cas    ] put len 512 hash edee425a4cb46034 -> block 1147 (stored)
[cas    ] put len 80 hash 70206ea79015ce35 -> block 1119 (stored)
[cas    ] put len 512 hash 84a8a20c4ba03c82 -> block 1136 (stored)
[cas    ] put len 96 hash 8c20db7731537f75 -> block 1146 (stored)
[cas    ] put len 512 hash 714c502f3d9c78ef -> block 1147 (stored)
[cas    ] put len 112 hash bbf389998c8efa05 -> block 1119 (stored)
[cas    ] put len 512 hash e3d5d57b58eb6768 -> block 1136 (stored)
[cas    ] put len 128 hash f3a5bdf7aaf711d5 -> block 1146 (stored)
[cas    ] put len 512 hash 8941c2deb9944806 -> block 1147 (stored)
[cas    ] put len 144 hash 00761f7f9bc61fd5 -> block 1119 (stored)
[cas    ] put len 512 hash 521368f96ca9b39a -> block 1136 (stored)
[cas    ] put len 160 hash e372b09d4fa8add5 -> block 1146 (stored)
[cas    ] put len 512 hash dd01a6416038be38 -> block 1147 (stored)
[cas    ] put len 176 hash 519cd424df7ebbd5 -> block 1119 (stored)
[cas    ] put len 512 hash aed96fe21fc583c5 -> block 1136 (stored)
[cas    ] put len 192 hash 98d09d1621b58c15 -> block 1146 (stored)
[cas    ] put len 512 hash 2992a62bc4a5c54f -> block 1147 (stored)
[cas    ] put len 208 hash 2aa4f1a3b6949255 -> block 1119 (stored)
[cas    ] put len 512 hash d63ff9319958a852 -> block 1136 (stored)
[cas    ] put len 224 hash 83c6e47c5513dc65 -> block 1146 (stored)
[cas    ] put len 512 hash f28f6332130f7c0b -> block 1147 (stored)
[cas    ] put len 240 hash 2812889fe080d465 -> block 1119 (stored)
[cas    ] put len 512 hash de2a7789f4788789 -> block 1136 (stored)
[cas    ] put len 256 hash 84d1680a89a61935 -> block 1146 (stored)
[cas    ] put len 512 hash 98f53899fb158835 -> block 1147 (stored)
[cas    ] put len 272 hash 28c7ece25c75e335 -> block 1119 (stored)
[cas    ] put len 512 hash 716e5c7ede1fce59 -> block 1136 (stored)
[cas    ] put len 288 hash 3d44b8fed0b0d475 -> block 1146 (stored)
[cas    ] put len 512 hash 9d544d325559698d -> block 1147 (stored)
[cas    ] put len 304 hash 1311d68d76ab49b5 -> block 1119 (stored)
[cas    ] put len 512 hash d53a038df42cac71 -> block 1136 (stored)
[cas    ] put len 320 hash 56c3cad58de4f3b5 -> block 1146 (stored)
[cas    ] put len 512 hash f9322d50aea09b38 -> block 1147 (stored)
[cas    ] put len 336 hash 257b92a9cd791db5 -> block 1119 (stored)
[cas    ] put len 512 hash 61c58927721c6cd2 -> block 1136 (stored)
[cas    ] put len 352 hash b452b07317cef745 -> block 1146 (stored)
[cas    ] put len 512 hash e41e5f9adb20d0c7 -> block 1147 (stored)
[cas    ] put len 368 hash ef2138a14a5aa215 -> block 1119 (stored)
[cas    ] put len 512 hash 89211c1886d1328b -> block 1136 (stored)
[cas    ] put len 384 hash 9a9bd782b9761ba5 -> block 1146 (stored)
[cas    ] put len 512 hash f1c3a9ef84ba1eaa -> block 1147 (stored)
[cas    ] put len 400 hash c5542ee84ab3fb75 -> block 1119 (stored)
[cas    ] put len 512 hash 24a26c59f4fba1c9 -> block 1136 (stored)
[cas    ] put len 416 hash f988d55028b89575 -> block 1146 (stored)
[cas    ] put len 512 hash ca552e1c9db4572b -> block 1147 (stored)
[cas    ] put len 432 hash 26bab04e9853af75 -> block 1119 (stored)
[cas    ] put len 512 hash 33bfbfce3b9bf268 -> block 1136 (stored)
[cas    ] put len 448 hash dc6120069b254975 -> block 1146 (stored)
[cas    ] put len 512 hash be15f973d7d834d0 -> block 1147 (stored)
[cas    ] put len 464 hash b4c87422a7c34405 -> block 1119 (stored)
[cas    ] put len 512 hash 310261306a3cbdec -> block 1136 (stored)
[cas    ] put len 480 hash 6b0196317ab6c405 -> block 1146 (stored)
[cas    ] put len 512 hash f85a85587b908aaf -> block 1147 (stored)
[cas    ] put len 496 hash b75000355e8a4405 -> block 1119 (stored)
[cas    ] put len 512 hash 5bbb83f9c42fd45c -> block 1136 (stored)
[cas    ] put len 512 hash d20027529cb4dbd5 -> block 1146 (stored)
[cas    ] put len 512 hash 1cfb75ae27236344 -> block 1147 (stored)
[cas    ] put len 16 hash 11f510e93782cb25 -> block 1119 (stored)
[cas    ] put len 512 hash 0f48c5b23a60de8c -> block 1136 (stored)
[cas    ] put len 32 hash b2731a519acd7325 -> block 1147 (stored)
[cas    ] put len 512 hash 8131d1237b69cb19 -> block 1148 (stored)
[cas    ] put len 48 hash a5e5cf7ecdae5af5 -> block 1119 (stored)
[cas    ] put len 512 hash 7c55ff032789f15f -> block 1136 (stored)
[cas    ] put len 64 hash 155f0517e672b035 -> block 1147 (stored)
[cas    ] put len 512 hash 89f307a8ca3a6675 -> block 1148 (stored)
[cas    ] put len 80 hash 06ff492f1c3295c5 -> block 1119 (stored)
[cas    ] put len 512 hash ae141527217d3d59 -> block 1136 (stored)
[cas    ] put len 96 hash 486b7965658095c5 -> block 1147 (stored)
[cas    ] put len 512 hash 53cde8aea169e564 -> block 1148 (stored)
[cas    ] put len 112 hash b03d9b73524e95c5 -> block 1119 (stored)
[cas    ] put len 512 hash 15d4e4c24467badd -> block 1136 (stored)
[cas    ] put len 128 hash bb79b2dca530c695 -> block 1147 (stored)
[cas    ] put len 512 hash 6748b435b75886f6 -> block 1148 (stored)
[cas    ] put len 144 hash ea77424ccf1fc495 -> block 1119 (stored)
[cas    ] put len 512 hash b302b12803cba79c -> block 1136 (stored)
[cas    ] put len 160 hash 8196c08b370d0ea5 -> block 1147 (stored)
[cas    ] put len 512 hash 97fbdcc6911ad319 -> block 1148 (stored)
[cas    ] put len 176 hash 90a1270f44d8b2e5 -> block 1119 (stored)
[cas    ] put len 512 hash 69494e2e9bd27a34 -> block 1136 (stored)
[cas    ] put len 192 hash bfa87a2048002b25 -> block 1147 (stored)
[cas    ] put len 512 hash b061689415cf9d07 -> block 1148 (stored)
[cas    ] put len 208 hash 3cf53c06a0cf12f5 -> block 1119 (stored)
[cas    ] put len 512 hash 6b66f4997aa7234f -> block 1136 (stored)
[cas    ] put len 224 hash 2f91c153b2d2ccf5 -> block 1147 (stored)
[cas    ] put len 512 hash 9d5f4dd03da1461d -> block 1148 (stored)
[cas    ] put len 240 hash e9fef214d963a235 -> block 1119 (stored)
[cas    ] put len 512 hash bf340c0c16c35720 -> block 1136 (stored)
[cas    ] put len 256 hash fb5c94b19d6dac35 -> block 1147 (stored)
[cas    ] put len 512 hash 18d0db3d15e80b43 -> block 1148 (stored)
[cas    ] put len 272 hash 4da382f40772dd75 -> block 1119 (stored)
[cas    ] put len 512 hash 618e5a7b3faccebf -> block 1136 (stored)
[cas    ] put len 288 hash 829407884bc792b5 -> block 1147 (stored)
[cas    ] put len 512 hash 0379efedf932beea -> block 1148 (stored)
[cas    ] put len 304 hash bbe45b3d4deb7cb5 -> block 1119 (stored)
[cas    ] put len 512 hash 34d327ebe2274a9c -> block 1136 (stored)
[cas    ] put len 320 hash e8653bb668f9e6b5 -> block 1147 (stored)
[cas    ] put len 512 hash 49fcf22859a42f44 -> block 1148 (stored)
[cas    ] put len 336 hash 2b72ec6e126e2cc5 -> block 1119 (stored)
[cas    ] put len 512 hash be2cb525a5585148 -> block 1136 (stored)
[cas    ] put len 352 hash 69f125f2aa375d05 -> block 1147 (stored)
[cas    ] put len 512 hash 5fc7b871f2fda5cc -> block 1148 (stored)
[cas    ] put len 368 hash 8001959e09891d05 -> block 1119 (stored)
[cas    ] put len 512 hash b51b983722b2f64c -> block 1136 (stored)
[cas    ] put len 384 hash 3265e405a74add05 -> block 1147 (stored)
[cas    ] put len 512 hash 5e0a2d2b185ca59b -> block 1148 (stored)
[cas    ] put len 400 hash ffe4dd24aaa1c855 -> block 1119 (stored)
[cas    ] put len 512 hash 3cf7ada1e0f6d048 -> block 1136 (stored)
[cas    ] put len 416 hash de86f732f77e9265 -> block 1147 (stored)
[cas    ] put len 512 hash ba7add242df3ebe3 -> block 1148 (stored)
[cas    ] put len 432 hash 83edd67c0ca90a65 -> block 1119 (stored)
[cas    ] put len 512 hash 4532141c14ca321c -> block 1136 (stored)
[cas    ] put len 448 hash fa92056a3fb18265 -> block 1147 (stored)
[cas    ] put len 512 hash 9da07241f8ebbdbe -> block 1148 (stored)
[cas    ] put len 464 hash 2d5e10fde3722ca5 -> block 1119 (stored)
[cas    ] put len 512 hash 643a86db11b0059a -> block 1136 (stored)
[cas    ] put len 480 hash 7192c20dfa4c4c75 -> block 1147 (stored)
[cas    ] put len 512 hash 65acdece9862df85 -> block 1148 (stored)
[cas    ] put len 496 hash 97f75459b7f30705 -> block 1119 (stored)
[cas    ] put len 512 hash 6aec2170db241c11 -> block 1136 (stored)
[cas    ] put len 512 hash 93c8667736911f45 -> block 1147 (stored)
[cas    ] put len 512 hash 767195a5e5bacd7b -> block 1148 (stored)
[cas    ] put len 16 hash 8d7ba9ae6caf0af5 -> block 1119 (stored)
[cas    ] put len 512 hash a97299242561adba -> block 1136 (stored)
[cas    ] put len 32 hash 66a8bc342f646f85 -> block 1148 (stored)
[cas    ] put len 512 hash 3befcfd627a0dca8 -> block 1149 (stored)
[cas    ] put len 48 hash b9e87a4dfec909c5 -> block 1119 (stored)
[cas    ] put len 512 hash 9f0865d04040d4a2 -> block 1136 (stored)
[cas    ] put len 64 hash 59a4386e8c9409c5 -> block 1148 (stored)
[cas    ] put len 512 hash 0d71890c0ebe6918 -> block 1149 (stored)
[cas    ] put len 80 hash f2ec3ea4951f09c5 -> block 1119 (stored)
[cas    ] put len 512 hash 6f798c166b1a8219 -> block 1136 (stored)
[cas    ] put len 96 hash 3773e790c86a09c5 -> block 1148 (stored)
[cas    ] put len 512 hash 886de9edaa023504 -> block 1149 (stored)
[cas    ] put len 112 hash 338b2346b9093a95 -> block 1119 (stored)
[cas    ] put len 512 hash 7e2accd9f53e6c1f -> block 1136 (stored)
[cas    ] put len 128 hash 7c3a1075a7f53895 -> block 1148 (stored)
[cas    ] put len 512 hash 63fefbc61e134931 -> block 1149 (stored)
[cas    ] put len 144 hash 9775abeaa5c55a25 -> block 1119 (stored)
[cas    ] put len 512 hash e7dcc8c1b4b54965 -> block 1136 (stored)
[cas    ] put len 160 hash 7030e4dcc74801f5 -> block 1148 (stored)
[cas    ] put len 512 hash 6db2e31104b26354 -> block 1149 (stored)
[cas    ] put len 176 hash a583dc58ca632685 -> block 1119 (stored)
[cas    ] put len 512 hash 8b9563f2795e7381 -> block 1136 (stored)
[cas    ] put len 192 hash 2312a89b3d9d80c5 -> block 1148 (stored)
[cas    ] put len 512 hash 7a1ff908c6548b94 -> block 1149 (stored)
[cas    ] put len 208 hash 607988f911427195 -> block 1119 (stored)
[cas    ] put len 512 hash 2b108d0fade8a238 -> block 1136 (stored)
[cas    ] put len 224 hash e0a438376e4dc5d5 -> block 1148 (stored)
[cas    ] put len 512 hash 4508c2afe5125621 -> block 1149 (stored)
[cas    ] put len 240 hash d4c83f5e04bdefe5 -> block 1119 (stored)
[cas    ] put len 512 hash a8a830ad269fe939 -> block 1136 (stored)
[cas    ] put len 256 hash cda971717feca825 -> block 1148 (stored)
[cas    ] put len 512 hash ce6a499bc56b1fcb -> block 1149 (stored)
[cas    ] put len 272 hash d4afd7cc0b669025 -> block 1119 (stored)
[cas    ] put len 512 hash 5fc5b44e2701b243 -> block 1136 (stored)
[cas    ] put len 288 hash 7bf50f14eb1a7825 -> block 1148 (stored)
[cas    ] put len 512 hash 996eba799367ed30 -> block 1149 (stored)
[cas    ] put len 304 hash dba73697daaf5665 -> block 1119 (stored)
[cas    ] put len 512 hash 4d5b67e4405ac3be -> block 1136 (stored)
[cas    ] put len 320 hash fbc95cec15a51b35 -> block 1148 (stored)
[cas    ] put len 512 hash d18fc673026b891d -> block 1149 (stored)
[cas    ] put len 336 hash b6fa3857fa656535 -> block 1119 (stored)
[cas    ] put len 512 hash 2b4e9f008ea583c5 -> block 1136 (stored)
[cas    ] put len 352 hash bd13e57328282f35 -> block 1148 (stored)
[cas    ] put len 512 hash a82c1903d9bad3ff -> block 1149 (stored)
[cas    ] put len 368 hash 10336b9c9b8d7935 -> block 1119 (stored)
[cas    ] put len 512 hash 1ca17729199119bb -> block 1136 (stored)
[cas    ] put len 384 hash 16f32ac179354335 -> block 1148 (stored)
[cas    ] put len 512 hash 83ce7bc9fd3cd6bb -> block 1149 (stored)
[cas    ] put len 400 hash cedee929ee483475 -> block 1119 (stored)
[cas    ] put len 512 hash ae355773972f689a -> block 1136 (stored)
[cas    ] put len 416 hash 10383ab443b30e75 -> block 1148 (stored)
[cas    ] put len 512 hash 0e12ff32b851d8e8 -> block 1149 (stored)
[cas    ] put len 432 hash b3f572de5d0f5685 -> block 1119 (stored)
[cas    ] put len 512 hash 91b9b0c786828660 -> block 1136 (stored)
[cas    ] put len 448 hash 3acb87639f5f8685 -> block 1148 (stored)
[cas    ] put len 512 hash d38c4cda5eb3a0e5 -> block 1149 (stored)
[cas    ] put len 464 hash 3ac77eaf8af62a55 -> block 1119 (stored)
[cas    ] put len 512 hash f2b8fb9ef4ba1888 -> block 1136 (stored)
[cas    ] put len 480 hash f9675f0d9eb6d855 -> block 1148 (stored)
[cas    ] put len 512 hash 650084ec32ab7766 -> block 1149 (stored)
[cas    ] put len 496 hash 60eed5ccb6e422e5 -> block 1119 (stored)
[cas    ] put len 512 hash 35656774c6946d27 -> block 1136 (stored)
[cas    ] put len 512 hash ed498fcfce83c5b5 -> block 1148 (stored)
[cas    ] put len 512 hash f9cce597f154cb44 -> block 1149 (stored)
[cas    ] put len 16 hash d3bb65f874a9c165 -> block 1119 (stored)
[cas    ] put len 512 hash b486171f7e72210a -> block 1136 (stored)
[cas    ] put len 32 hash ec1f425e6f424635 -> block 1149 (stored)
[cas    ] put len 512 hash 6e38e32c0d5f3803 -> block 1150 (stored)
[cas    ] put len 48 hash ecd41d5fdeddf775 -> block 1119 (stored)
[cas    ] put len 512 hash 276b07e219126d27 -> block 1136 (stored)
[cas    ] put len 64 hash a9a6bcb663019175 -> block 1149 (stored)
[cas    ] put len 512 hash ab6b424ed5de6f01 -> block 1150 (stored)
[cas    ] put len 80 hash e666b5eaf5718c05 -> block 1119 (stored)
[cas    ] put len 512 hash cd06c8376e650c06 -> block 1136 (stored)
[cas    ] put len 96 hash 1971215b9928e445 -> block 1149 (stored)
[cas    ] put len 512 hash 5391384a9afce2d4 -> block 1150 (stored)
[cas    ] put len 112 hash a6b3b28331ca7445 -> block 1119 (stored)
[cas    ] put len 512 hash 64951fa0a6fa135c -> block 1136 (stored)
[cas    ] put len 128 hash d06b1acea6d7b995 -> block 1149 (stored)
[cas    ] put len 512 hash ccc9c4e4099068b8 -> block 1150 (stored)
[cas    ] put len 144 hash 70d7b5a1d04b7795 -> block 1119 (stored)
[cas    ] put len 512 hash 2dbffad89c8dba4a -> block 1136 (stored)
[cas    ] put len 160 hash 89c6301b4aed81a5 -> block 1149 (stored)
[cas    ] put len 512 hash 46a8ddc724dd89f7 -> block 1150 (stored)
[cas    ] put len 176 hash 72bd1d08161069a5 -> block 1119 (stored)
[cas    ] put len 512 hash da2740bc07dd2320 -> block 1136 (stored)
[cas    ] put len 192 hash 8272f947f7ad51a5 -> block 1149 (stored)
[cas    ] put len 512 hash 92bcbba5a0501e56 -> block 1150 (stored)
[cas    ] put len 208 hash ed7aa35bb1c8b175 -> block 1119 (stored)
[cas    ] put len 512 hash 1b54f43353d2dcfe -> block 1136 (stored)
[cas    ] put len 224 hash b371667c340acb75 -> block 1149 (stored)
[cas    ] put len 512 hash 36d62890183779a8 -> block 1150 (stored)
[cas    ] put len 240 hash 807fe54d9b436575 -> block 1119 (stored)
[cas    ] put len 512 hash f5b7c4e6d28c0939 -> block 1136 (stored)
[cas    ] put len 256 hash e021014f43dd6d85 -> block 1149 (stored)
[cas    ] put len 512 hash 09fd8cbe1677326b -> block 1150 (stored)
[cas    ] put len 272 hash 7506a8e05f5187c5 -> block 1119 (stored)
[cas    ] put len 512 hash 829756bf4117a205 -> block 1136 (stored)
[cas    ] put len 288 hash 00d04132310c07c5 -> block 1149 (stored)
[cas    ] put len 512 hash a30fb09ce6275dd6 -> block 1150 (stored)
[cas    ] put len 304 hash 66bd1d2bb82cb315 -> block 1119 (stored)
[cas    ] put len 512 hash d659ac233f1aac93 -> block 1136 (stored)
[cas    ] put len 320 hash c0ed24e5497d7955 -> block 1149 (stored)
[cas    ] put len 512 hash cedb2a2e4fd76f8c -> block 1150 (stored)
[cas    ] put len 336 hash 854900862979e755 -> block 1119 (stored)
[cas    ] put len 512 hash 92b484df2bb0e8c6 -> block 1136 (stored)
[cas    ] put len 352 hash d911c0dffa467165 -> block 1149 (stored)
[cas    ] put len 512 hash 6c9b33ca7eb6a6b3 -> block 1150 (stored)
[cas    ] put len 368 hash 110b8304e8fee9b5 -> block 1119 (stored)
[cas    ] put len 512 hash ccbc7ae0892ed4f1 -> block 1136 (stored)
[cas    ] put len 384 hash 28a0a79a6b2e22f5 -> block 1149 (stored)
[cas    ] put len 512 hash 62b60b9f9dae94f7 -> block 1150 (stored)
[cas    ] put len 400 hash a9e714cf4e75dcf5 -> block 1119 (stored)
[cas    ] put len 512 hash 83f7e8583b872559 -> block 1136 (stored)
[cas    ] put len 416 hash d6e2199ef74ab235 -> block 1149 (stored)
[cas    ] put len 512 hash e7c3bdca60832009 -> block 1150 (stored)
[cas    ] put len 432 hash 1c1fabb52e98bc35 -> block 1119 (stored)
[cas    ] put len 512 hash 9201996748fe54d0 -> block 1136 (stored)
[cas    ] put len 448 hash a02afcad5c594635 -> block 1149 (stored)
[cas    ] put len 512 hash 9204adbfa9b25019 -> block 1150 (stored)
[cas    ] put len 464 hash 2ee8e3dbc66d9a45 -> block 1119 (stored)
[cas    ] put len 512 hash aabb1472416497c0 -> block 1136 (stored)
[cas    ] put len 480 hash deb60e035fc73c85 -> block 1149 (stored)
[cas    ] put len 512 hash c1f0cfea5400f2fe -> block 1150 (stored)
[cas    ] put len 496 hash d98d21c45c1716c5 -> block 1119 (stored)
[cas    ] put len 512 hash db82959bccd95ee1 -> block 1136 (stored)
[cas    ] put len 512 hash d3cde856ea638215 -> block 1149 (stored)
[cas    ] put len 512 hash 6a4f7c6e547bec6c -> block 1150 (stored)
[cas    ] put len 16 hash d3bb65f874a9c165 -> block 1119 (stored)
[cas    ] put len 512 hash dc969c9f6be00222 -> block 1136 (stored)
[cas    ] put len 32 hash 65b5ab64bc07f965 -> block 1150 (stored)
[cas    ] put len 512 hash decda36369a5e3de -> block 1151 (stored)
[cas    ] put len 48 hash b4250b7648343165 -> block 1119 (stored)
[cas    ] put len 512 hash 8cb2889357712f9c -> block 1136 (stored)
[cas    ] put len 64 hash a88a943dbc5ca9b5 -> block 1150 (stored)
[cas    ] put len 512 hash 44bb8f639b625c15 -> block 1151 (stored)
[cas    ] put len 80 hash 7cd8a6c99ffbe2f5 -> block 1119 (stored)
[cas    ] put len 512 hash c0b5058f99863a2a -> block 1136 (stored)
[cas    ] put len 96 hash 5d53e6dfc0b39cf5 -> block 1150 (stored)
[cas    ] put len 512 hash 13c43bc3a091d833 -> block 1151 (stored)
[cas    ] put len 112 hash 81780b92341b8f05 -> block 1119 (stored)
[cas    ] put len 512 hash 5fdcbd1940b5b0a3 -> block 1136 (stored)
[cas    ] put len 128 hash da7c277b8b29cf05 -> block 1150 (stored)
[cas    ] put len 512 hash cb0f88c4cbeb55bc -> block 1151 (stored)
[cas    ] put len 144 hash 212150cf3bc80f05 -> block 1119 (stored)
[cas    ] put len 512 hash 3b79fd71e199a8e0 -> block 1136 (stored)
[cas    ] put len 160 hash abac5f443b6d66d5 -> block 1150 (stored)
[cas    ] put len 512 hash 8e4fdbb04f961c0b -> block 1151 (stored)
[cas    ] put len 176 hash 2ab04b7f5ac9b4d5 -> block 1119 (stored)
[cas    ] put len 512 hash 32b46d193d208512 -> block 1136 (stored)
[cas    ] put len 192 hash 03852dcf5e8982d5 -> block 1150 (stored)
[cas    ] put len 512 hash 4f2fb711594cd5fc -> block 1151 (stored)
[cas    ] put len 208 hash 95609f80338cd0d5 -> block 1119 (stored)
[cas    ] put len 512 hash 0efd11cdd79e7fe2 -> block 1136 (stored)
[cas    ] put len 224 hash 470c27de8440e115 -> block 1150 (stored)
[cas    ] put len 512 hash a7ad1f6ebe18f7d0 -> block 1151 (stored)
[cas    ] put len 240 hash 707387fcfb907f15 -> block 1119 (stored)
[cas    ] put len 512 hash ffbf7f6895840d77 -> block 1136 (stored)
[cas    ] put len 256 hash ab9fdd515ba18925 -> block 1150 (stored)
[cas    ] put len 512 hash bf299bec2cd463fe -> block 1151 (stored)
[cas    ] put len 272 hash 7ace72c53e6bb125 -> block 1119 (stored)
[cas    ] put len 512 hash a7c5b459865f72e0 -> block 1136 (stored)
[cas    ] put len 288 hash c3331e020f7fd925 -> block 1150 (stored)
[cas    ] put len 512 hash 6b6a6ea94b733dba -> block 1151 (stored)
[cas    ] put len 304 hash 53f16d8bf279f775 -> block 1119 (stored)
[cas    ] put len 512 hash 9073f47c9312e2af -> block 1136 (stored)
[cas    ] put len 320 hash edf0f4a6c5052cb5 -> block 1150 (stored)
[cas    ] put len 512 hash 13f1894a1924601e -> block 1151 (stored)
[cas    ] put len 336 hash fcf93fd37eff96b5 -> block 1119 (stored)
[cas    ] put len 512 hash 7824feade5285901 -> block 1136 (stored)
[cas    ] put len 352 hash 13ee2f06e38480b5 -> block 1150 (stored)
[cas    ] put len 512 hash fc96d3ef1a14cd54 -> block 1151 (stored)
[cas    ] put len 368 hash 1c5f1d6ee0fb1a45 -> block 1119 (stored)
[cas    ] put len 512 hash c453c389632c919e -> block 1136 (stored)
[cas    ] put len 384 hash 3d3624f5e1b4bc85 -> block 1150 (stored)
[cas    ] put len 512 hash e4100419501d00ba -> block 1151 (stored)
[cas    ] put len 400 hash e646cbef2cee6c85 -> block 1119 (stored)
[cas    ] put len 512 hash b7a444dba27dfdc1 -> block 1136 (stored)
[cas    ] put len 416 hash b6b284141f141c85 -> block 1150 (stored)
[cas    ] put len 512 hash 44d28110e07eb534 -> block 1151 (stored)
[cas    ] put len 432 hash 9576446b33e04055 -> block 1119 (stored)
[cas    ] put len 512 hash aaadae93d10636aa -> block 1136 (stored)
[cas    ] put len 448 hash 86ee965f42366e55 -> block 1150 (stored)
[cas    ] put len 512 hash d7cbc0f73429e592 -> block 1151 (stored)
[cas    ] put len 464 hash bb36c8a983e11895 -> block 1119 (stored)
[cas    ] put len 512 hash c563acd609e0e7bb -> block 1136 (stored)
[vfsstrs] .. append-smp waiting ticks=14125 live=5
[cas    ] put len 480 hash 5e546abe9b949695 -> block 1150 (stored)
[cas    ] put len 512 hash 077331b4c2bb8918 -> block 1151 (stored)
[cas    ] put len 496 hash f5e5af54280c3825 -> block 1119 (stored)
[cas    ] put len 512 hash da828a8b35230622 -> block 1136 (stored)
[cas    ] put len 512 hash 6753706280ea2025 -> block 1150 (stored)
[cas    ] put len 512 hash d140460fc81a350b -> block 1151 (stored)
[cas    ] put len 16 hash 928d4cc8d89ec175 -> block 1119 (stored)
[cas    ] put len 512 hash 475a892e795898e0 -> block 1136 (stored)
[cas    ] put len 32 hash 82d5c4b3394c76b5 -> block 1151 (stored)
[cas    ] put len 512 hash 2247ca3dd5d1ca1b -> block 1152 (stored)
[cas    ] put len 48 hash 8c1b56e495d09045 -> block 1119 (stored)
[cas    ] put len 512 hash 5fed040a9e882858 -> block 1136 (stored)
[cas    ] put len 64 hash 1407ad802c7d2045 -> block 1151 (stored)
[cas    ] put len 512 hash bac224db3d89afd3 -> block 1152 (stored)
[cas    ] put len 80 hash a29ce08abc484285 -> block 1119 (stored)
[cas    ] put len 512 hash f7bf8d03c0c25cac -> block 1136 (stored)
[cas    ] put len 96 hash 879ff2447ef37285 -> block 1151 (stored)
[cas    ] put len 512 hash 813912bac8be95f1 -> block 1152 (stored)
[vfsstrs] .. append-smp waiting ticks=14325 live=4
[cas    ] put len 112 hash bea74d23e71357d5 -> block 1119 (stored)
[cas    ] put len 512 hash 42e405a2b3f8ef64 -> block 1136 (stored)
[cas    ] put len 128 hash 0332c551c9112815 -> block 1151 (stored)
[cas    ] put len 512 hash 64ead4d76a56dd45 -> block 1152 (stored)
[cas    ] put len 144 hash e7b9bd1f005e21a5 -> block 1119 (stored)
[cas    ] put len 512 hash f20ba91d4e8063ff -> block 1136 (stored)
[cas    ] put len 160 hash 1d14b9b4e8b417f5 -> block 1151 (stored)
[cas    ] put len 512 hash 76dae7e4637d5597 -> block 1152 (stored)
[cas    ] put len 176 hash 13abdbdccd9fad35 -> block 1119 (stored)
[cas    ] put len 512 hash 5bc57a828d63abd2 -> block 1136 (stored)
[cas    ] put len 192 hash e34dfdf195f5c145 -> block 1151 (stored)
[cas    ] put len 512 hash 473fd83e98b2c68d -> block 1152 (stored)
[cas    ] put len 208 hash 53d0cbbf8723ec15 -> block 1119 (stored)
[cas    ] put len 512 hash dc9c6462c8b4ad13 -> block 1136 (stored)
[cas    ] put len 224 hash 5d4cc4e41981e5a5 -> block 1151 (stored)
[cas    ] put len 512 hash 8199f7209030ad34 -> block 1152 (stored)
[cas    ] put len 240 hash 3144ce665bab49e5 -> block 1119 (stored)
[cas    ] put len 512 hash 87a359df3f7cbba8 -> block 1136 (stored)
[vfsstrs] .. append-smp waiting ticks=14525 live=4
[cas    ] put len 256 hash 3c527f174e4641e5 -> block 1151 (stored)
[cas    ] put len 512 hash e6f4317ad3260189 -> block 1152 (stored)
[cas    ] put len 272 hash 059f34a6ad397a25 -> block 1119 (stored)
[cas    ] put len 512 hash 1bae377d9d4d8f80 -> block 1136 (stored)
[cas    ] put len 288 hash 92e178342ec421f5 -> block 1151 (stored)
[cas    ] put len 512 hash 55ff37fec05be050 -> block 1152 (stored)
[cas    ] put len 304 hash 5b25db6af2739bf5 -> block 1119 (stored)
[cas    ] put len 512 hash 57fd0b980f392829 -> block 1136 (stored)
[cas    ] put len 320 hash 23ed921e177195f5 -> block 1151 (stored)
[cas    ] put len 512 hash ee940739adadce01 -> block 1152 (stored)
[cas    ] put len 336 hash e99842d72ed1ba85 -> block 1119 (stored)
[cas    ] put len 512 hash e461dae35b66f9b9 -> block 1136 (stored)
[cas    ] put len 352 hash 80369a2b3f9114c5 -> block 1151 (stored)
[cas    ] put len 512 hash 2742092a50858645 -> block 1152 (stored)
[vfsstrs] .. append-smp waiting ticks=14725 live=4
[cas    ] put len 368 hash 3fa43baf89fb0595 -> block 1119 (stored)
[cas    ] put len 512 hash 68e45983b1a210de -> block 1136 (stored)
[cas    ] put len 384 hash 2d8bc4900761c395 -> block 1151 (stored)
[cas    ] put len 512 hash 10ad1e45b86df943 -> block 1152 (stored)
[cas    ] put len 400 hash 822cdc399ab6cda5 -> block 1119 (stored)
[cas    ] put len 512 hash 358eef35bd3f4f4e -> block 1136 (stored)
[cas    ] put len 416 hash 4b5285c827da31e5 -> block 1151 (stored)
[cas    ] put len 512 hash 9dd001183b105956 -> block 1152 (stored)
[cas    ] put len 432 hash 3392108ac96594b5 -> block 1119 (stored)
[cas    ] put len 512 hash bf2057406bd492ed -> block 1136 (stored)
[cas    ] put len 448 hash 7f5f78c22d39feb5 -> block 1151 (stored)
[cas    ] put len 512 hash c0cad17219ed8972 -> block 1152 (stored)
[cas    ] put len 464 hash 73025922f1e01845 -> block 1119 (stored)
[cas    ] put len 512 hash 889ac9edb3d34947 -> block 1136 (stored)
[cas    ] put len 480 hash 25bae052e7b65d95 -> block 1151 (stored)
[cas    ] put len 512 hash a135e66559ea2cf9 -> block 1152 (stored)
[vfsstrs] .. append-smp waiting ticks=14925 live=3
[cas    ] put len 496 hash 20a164281bdcb1d5 -> block 1119 (stored)
[cas    ] put len 512 hash cafa789957599da9 -> block 1136 (stored)
[cas    ] put len 512 hash df4ba1cbbf7ae265 -> block 1151 (stored)
[cas    ] put len 512 hash dc0c877f0931f2a5 -> block 1152 (stored)
[cas    ] put len 16 hash 8d7ba9ae6caf0af5 -> block 1119 (stored)
[cas    ] put len 512 hash 64c3b4c4baaec1d4 -> block 1136 (stored)
[cas    ] put len 32 hash 448e7a35c61f6035 -> block 1152 (stored)
[cas    ] put len 512 hash 05610b5892cd1070 -> block 1153 (stored)
[cas    ] put len 48 hash 5ae13e97562a3445 -> block 1119 (stored)
[cas    ] put len 512 hash 3709d76969b94bea -> block 1136 (stored)
[cas    ] put len 64 hash a98940b0ae3d1f15 -> block 1152 (stored)
[cas    ] put len 512 hash 89d79b101fd06250 -> block 1153 (stored)
[cas    ] put len 80 hash 5ff2681629c8e555 -> block 1119 (stored)
[cas    ] put len 512 hash 01e166752bc971c5 -> block 1136 (stored)
[vfsstrs] .. append-smp waiting ticks=15125 live=2
[cas    ] put len 96 hash 2b2cdfcc4c24ef65 -> block 1152 (stored)
[cas    ] put len 512 hash e178e9c3b68bd531 -> block 1153 (stored)
[cas    ] put len 112 hash 923e739ccff8d9a5 -> block 1119 (stored)
[cas    ] put len 512 hash 7382f4315803fec7 -> block 1136 (stored)
[cas    ] put len 128 hash 75ca4077d9b63975 -> block 1152 (stored)
[cas    ] put len 512 hash 04cb6400e2021548 -> block 1153 (stored)
[cas    ] put len 144 hash bdc5a1118b81eeb5 -> block 1119 (stored)
[cas    ] put len 512 hash 0acc01cf65623cba -> block 1136 (stored)
[cas    ] put len 160 hash c01f98d750a40845 -> block 1152 (stored)
[cas    ] put len 512 hash 72c2e9429624a804 -> block 1153 (stored)
[cas    ] put len 176 hash f801e77797e92a85 -> block 1119 (stored)
[cas    ] put len 512 hash 840cf7c2bfe63fbd -> block 1136 (stored)
[cas    ] put len 192 hash e9a97d850148ce55 -> block 1152 (stored)
[cas    ] put len 512 hash 78e4366e113aa9e9 -> block 1153 (stored)
[vfsstrs] .. append-smp waiting ticks=15325 live=2
[cas    ] put len 208 hash 1dd90ccaa08b7895 -> block 1119 (stored)
[cas    ] put len 512 hash 2fbfc80bfd551ef3 -> block 1136 (stored)
[cas    ] put len 224 hash b52cc2514045c2a5 -> block 1152 (stored)
[cas    ] put len 512 hash dd42a3b82d795607 -> block 1153 (stored)
[cas    ] put len 240 hash 04e0c237b11e66e5 -> block 1119 (stored)
[cas    ] put len 512 hash 4d86171cf1b67ffa -> block 1136 (stored)
[cas    ] put len 256 hash 4e52984261af09b5 -> block 1152 (stored)
[cas    ] put len 512 hash 9877516189d12f21 -> block 1153 (stored)
[cas    ] put len 272 hash 2be3c85932e642f5 -> block 1119 (stored)
[cas    ] put len 512 hash 001f2db394718b6d -> block 1136 (stored)
[cas    ] put len 288 hash 856ca3d548a9a785 -> block 1152 (stored)
[cas    ] put len 512 hash fd288d646c3e6053 -> block 1153 (stored)
[cas    ] put len 304 hash 21dc8af22ee08b55 -> block 1119 (stored)
[cas    ] put len 512 hash a0fe8d5b9a662fa8 -> block 1136 (stored)
[cas    ] put len 320 hash f7755a42eeca7595 -> block 1152 (stored)
[cas    ] put len 512 hash 24e9e9f8439a3147 -> block 1153 (stored)
[vfsstrs] .. append-smp waiting ticks=15525 live=2
[cas    ] put len 336 hash 37c37524c6fbffa5 -> block 1119 (stored)
[cas    ] put len 512 hash cb38a17c86301651 -> block 1136 (stored)
[cas    ] put len 352 hash 63a23a07fc1be3e5 -> block 1152 (stored)
[cas    ] put len 512 hash cf29af34d685aef0 -> block 1153 (stored)
[cas    ] put len 368 hash 319f2a3f70c3c6b5 -> block 1119 (stored)
[cas    ] put len 512 hash a62718d8075f552c -> block 1136 (stored)
[cas    ] put len 384 hash d39a01be79e23ff5 -> block 1152 (stored)
[cas    ] put len 512 hash 28304e665af9a6fa -> block 1153 (stored)
[cas    ] put len 400 hash 9044e3a6af5ce485 -> block 1119 (stored)
[cas    ] put len 512 hash 1859a2a2e194c092 -> block 1136 (stored)
[cas    ] put len 416 hash 6595c2f9111b0855 -> block 1152 (stored)
[cas    ] put len 512 hash 2542bc2327ac1055 -> block 1153 (stored)
[cas    ] put len 432 hash 320ac74b1c5c3295 -> block 1119 (stored)
[cas    ] put len 512 hash d1e1f10ec8ea1664 -> block 1136 (stored)
[vfsstrs] .. append-smp waiting ticks=15725 live=2
[cas    ] put len 448 hash bb571e7983b4fca5 -> block 1152 (stored)
[cas    ] put len 512 hash f553c9880dd91c64 -> block 1153 (stored)
[cas    ] put len 464 hash 753c0830ffcc20e5 -> block 1119 (stored)
[cas    ] put len 512 hash 9a8eb545c1c26826 -> block 1136 (stored)
[cas    ] put len 480 hash 72ef2459981f1925 -> block 1152 (stored)
[cas    ] put len 512 hash 79265dc4c286ce88 -> block 1153 (stored)
[cas    ] put len 496 hash 25715e946cf43765 -> block 1119 (stored)
[cas    ] put len 512 hash 0af0293a8457817d -> block 1136 (stored)
[cas    ] put len 512 hash dd37bad97b5a21a5 -> block 1152 (stored)
[cas    ] put len 512 hash 7ccee69a45ce7553 -> block 1153 (stored)
[vfsstrs]  PASS  append-oversub: every worker reached a terminal state (no watchdog)
[vfsstrs]  PASS  append-oversub: no worker FAILED — deadline expiry is counted separately and tolerated, because a slow host must not be decoded as a defect; a worker that actually lost an append is caught by the byte-level checks below, which are unchanged and still fatal
[vfsstrs] append-oversub: 32 worker(s) on 8 core(s) x 32 appends x 16 B — file is 16384 B (want 16384), read 16384, 15989 tick(s), cores 0x00000000000000ff
[vfsstrs]  PASS  append-oversub: the file is EXACTLY workers x iterations x payload bytes under PREEMPTION (a writer stopped mid-syscall must not lose its append)
[vfsstrs] append-oversub: per-pattern block counts 256/256/256/256, 837 interleave transition(s)
[vfsstrs]  PASS  append-oversub: every payload block is INTACT — no block holds bytes from two workers, even with writers preempted mid-syscall
[vfsstrs]  PASS  append-oversub: every worker's appends are ALL present, exactly once each (counts computed from the worker-to-pattern mapping)
[vfsstrs]  PASS  append-oversub: the appends genuinely INTERLEAVED (with more workers than cores, zero transitions would mean they never overlapped and this phase tested nothing)
[cas    ] put len 16 hash 2e373913e5ad677d -> block 1119 (stored)
[cas    ] put len 32 hash 01527c9731f0ff55 -> block 1120 (stored)
[cas    ] put len 48 hash 739c3bcfed16eaed -> block 1119 (stored)
[cas    ] put len 64 hash ec631990456e2f45 -> block 1120 (stored)
[cas    ] put len 80 hash 04972276127af39d -> block 1119 (stored)
[cas    ] put len 96 hash 13d2bea689e762f5 -> block 1120 (stored)
[cas    ] put len 112 hash ca5aae5aa4d44b8d -> block 1119 (stored)
[cas    ] put len 128 hash 9e49f7fadc58e265 -> block 1120 (stored)
[vfsstrs] journal irq: 8 append(s), 9 journal commit(s), 9 of them PREEMPTIBLE (interrupts on), read back 128/128 byte(s), control IF=1
[vfsstrs]  PASS  journal irq: the append workload actually REACHED the journal (without this every count below is zero for the uninteresting reason)
[vfsstrs]  PASS  journal irq: the instrument CAN report interrupts-on - sampled outside every klock it reads IF set (a sampler stuck at one value would satisfy the next check whatever the kernel did)
[vfsstrs]  PASS  journal irq: every journal commit was PREEMPTIBLE - klock reopens IF after the rank check, so this path is NOT protected by interrupt masking, which is what makes the append-oversub result above a real preemption test
[vfsstrs]  PASS  journal irq: every appended byte is present and correct ANYWAY - O_APPEND atomicity rests on mutual exclusion via g_vfs_lock, not on interrupts being masked
[kernel ] spawned pid 582 'metaw' caps 0000000000000020 — private PML4 @ phys 0000000001aef000
[elf    ] PT_LOAD vaddr 0000500000000000 filesz 000000000001b280 memsz 000000000001b280 (ro) -> mapped USER (bounds ok)
[elf    ] PT_LOAD vaddr 000050000001c000 filesz 0000000000003f1e memsz 0000000000003f1e (ro) -> mapped USER (bounds ok)
[elf    ] PT_LOAD vaddr 0000500000020000 filesz 0000000000000284 memsz 0000000000037fe0 (rw) -> mapped USER (bounds ok)
[cas    ] put len 4 hash 4320e9a2e32eac38 -> block 1119 (stored)
[cas    ] put len 4 hash 80be0aaf7fd02258 -> block 1120 (stored)
[kernel ] spawned pid 583 'metaw' caps 0000000000000020 — private PML4 @ phys 0000000001d96000
[vfsstrs]  PASS  VFS metadata from ring 3: chmod/chown judge the EFFECTIVE uid (a process that dropped with seteuid is refused root's file), mtime moves on write but not on read, atime moves on read, and rename carries content to the new name
[vfsstrs] tmp ownership: 0 live slot(s), 83 permission decision(s), 5 refusal(s)
[vfsstrs] cas reclaim: 1676 block(s) freed, 18687 reference drop(s), 0 underflow(s); volume 1119/8192 blocks used
[vfsstrs]  PASS  CAS reclamation actually ran this boot (blocks freed > 0; zero would make every reclamation claim above INCONCLUSIVE)
[vfsstrs]  PASS  no CAS block was ever released twice (reference-count underflow == 0)
[vfsstrs]  PASS  the free-block accounting still reconciles after reclamation (used_blocks agrees with the bitmap)
[vfsstrs] cas residual: 2 allocated data block(s) unreferenced by any live file (budget 32; direct cas_put callers with no dirent — cmd_cas, validation)
[vfsstrs]  PASS  blocks allocated but named by no live file stay within a small fixed budget (a climbing count is a reclamation leak; a small steady one is the boot suites' own direct CAS content)
[vfsstrs]  PASS  the tmp ownership rule was exercised this boot (permission decisions > 0; zero would make every tmp permission claim below INCONCLUSIVE)
[vfsstrs]  PASS  the rule refused at least one access (refusals > 0: a boot in which nobody was ever refused has not tested a refusal)
[cas    ] put len 512 hash 3c190ee5aa5af325 -> block 1119 (stored)
[cas    ] put len 88 hash 9da463d5c09aeb15 -> block 1120 (stored)
[cas    ] put len 512 hash 52085ae572178b25 -> block 1121 (stored)
[cas    ] put len 512 hash 861b99a37affb125 -> block 1122 (stored)
[cas    ] put len 512 hash ee5c9c73bf9c9f25 -> block 1123 (stored)
[cas    ] put len 512 hash 40ad87dda6c3ff25 -> block 1124 (stored)
[cas    ] put len 512 hash 0f7d54d3abfc0325 -> block 1125 (stored)
[cas    ] put len 512 hash 1b698ed3b7cc2d25 -> block 1126 (stored)
[cas    ] put len 512 hash bceeb493ca6d1b25 -> block 1127 (stored)
[cas    ] put len 512 hash 445f4826aa603f25 -> block 1128 (stored)
[cas    ] put len 512 hash 54597ff9fdc25725 -> block 1129 (stored)
[cas    ] put len 512 hash 26f0e1f412f9ad25 -> block 1130 (stored)
[cas    ] put len 512 hash 982097951d108325 -> block 1131 (stored)
[cas    ] put len 512 hash 989ff9b7ee59cb25 -> block 1132 (stored)
[cas    ] put len 512 hash 490221406aa5db25 -> block 1133 (stored)
[cas    ] put len 512 hash 38b9724d1a068125 -> block 1134 (stored)
[cas    ] put len 512 hash 687c63dcfa5df325 -> block 1135 (stored)
[cas    ] put len 512 hash d8d09a97a572bf25 -> block 1136 (stored)
[cas    ] put len 512 hash 5a2127b7a679e725 -> block 1137 (stored)
[cas    ] put len 512 hash f910d8d145c19525 -> block 1138 (stored)
[cas    ] put len 512 hash f17884d5fde46325 -> block 1139 (stored)
[cas    ] put len 512 hash f6a6f34e50d3af25 -> block 1140 (stored)
[cas    ] put len 512 hash 2698eb703b98af25 -> block 1141 (stored)
[cas    ] put len 512 hash 8a109345c79acd25 -> block 1142 (stored)
[cas    ] put len 512 hash 4ac3167683f4db25 -> block 1143 (stored)
[cas    ] put len 512 hash dcde0b9d92cab725 -> block 1144 (stored)
[cas    ] put len 512 hash def208e6ae4631db -> block 1145 (stored)
[cas    ] put len 512 hash 3c190ee5aa5af325 -> DEDUP to block 1119 (no write)
[cas    ] put len 88 hash 9da463d5c09aeb15 -> DEDUP to block 1120 (no write)
[vfsstrs] reclaim baseline: unreferenced 2 -> 2, used_blocks 1119 -> 1119 (3 files created and unlinked: direct, indirect, shared)
[vfsstrs]  PASS  a full create-and-unlink cycle returns the unreferenced-block count to its EXACT pre-workload baseline (reclamation is complete, not merely working)
[vfsstrs] cas gen: 1703 block(s) freed this mount, 1703 bump(s), sum(gen)=1703 wrap(s)=0, 469 referenced block(s) checked, 0 referenced-but-UNALLOCATED
[vfsstrs]  PASS  cas gen: the workload actually RETURNED blocks to the pool this mount (without this every equality below is 0 == 0)
[vfsstrs]  PASS  cas gen: generation bumps and block frees stay EXACTLY synchronised — sum(gen) + wraps == bumps == blocks_freed, three counters kept at different points in cas_free() under one lock
[vfsstrs]  PASS  cas gen: every block a live dirent references is ALLOCATED — refs > 0 with a clear bitmap bit is a block freed while something still named it
[vfsstrs] cas gen reset: 3 rebuild(s) this boot, 0 left residue, worst sum(gen) after a reset was 0
[vfsstrs]  PASS  cas gen reset: the boot performed MORE THAN ONE rebuild, so the check below covers a warm remount and not merely the BSS-zeroed first mount (a broken reset is invisible at first mount — the table starts zero either way)
[vfsstrs]  PASS  cas gen reset: EVERY rebuild left sum(gen), bumps, wraps and blocks_freed all at zero — the per-boot bound holds because the reset is complete, not because nothing was carried
[cas    ] put len 512 hash feb4c45ed19eeb25 -> block 1119 (stored)
[vfsstrs] cas tally: derived 798 ref(s) weight 691173, live 798 ref(s) weight 691173
[vfsstrs]  PASS  the live CAS reference table still agrees with the directory (every retain and release since the last rebuild balanced; a mismatch is a leak or a premature-free risk, caught before either becomes corruption)
[vfsstrs] RESULT: 66 passed, 0 failed
[vfsstrs] VFS STRESS VERIFIED — journaling, reclamation and multi-volume mounts all leak-free and crash-safe
-- done --
-- GPU STRESS: real virtio-gpu 2D resource/scanout/flush churn, incl. client faults --
[kernel ] spawned pid 584 'gpu-driver' caps 0000000000000400 — private PML4 @ phys 0000000001aef000
[elf    ] PT_LOAD vaddr 0000500000000000 filesz 000000000001b280 memsz 000000000001b280 (ro) -> mapped USER (bounds ok)
[elf    ] PT_LOAD vaddr 000050000001c000 filesz 0000000000003f1e memsz 0000000000003f1e (ro) -> mapped USER (bounds ok)
[elf    ] PT_LOAD vaddr 0000500000020000 filesz 0000000000000284 memsz 0000000000037fe0 (rw) -> mapped USER (bounds ok)
[kernel ] spawned pid 585 'gpu-driver' caps 0000000000000400 — private PML4 @ phys 0000000001aef000
[elf    ] PT_LOAD vaddr 0000500000000000 filesz 000000000001b280 memsz 000000000001b280 (ro) -> mapped USER (bounds ok)
[elf    ] PT_LOAD vaddr 000050000001c000 filesz 0000000000003f1e memsz 0000000000003f1e (ro) -> mapped USER (bounds ok)
[elf    ] PT_LOAD vaddr 0000500000020000 filesz 0000000000000284 memsz 0000000000037fe0 (rw) -> mapped USER (bounds ok)
[kernel ] spawned pid 586 'gpu-driver' caps 0000000000000400 — private PML4 @ phys 0000000001aef000
[elf    ] PT_LOAD vaddr 0000500000000000 filesz 000000000001b280 memsz 000000000001b280 (ro) -> mapped USER (bounds ok)
[elf    ] PT_LOAD vaddr 000050000001c000 filesz 0000000000003f1e memsz 0000000000003f1e (ro) -> mapped USER (bounds ok)
[elf    ] PT_LOAD vaddr 0000500000020000 filesz 0000000000000284 memsz 0000000000037fe0 (rw) -> mapped USER (bounds ok)
[kernel ] spawned pid 587 'gpu-driver' caps 0000000000000400 — private PML4 @ phys 0000000001aef000
[elf    ] PT_LOAD vaddr 0000500000000000 filesz 000000000001b280 memsz 000000000001b280 (ro) -> mapped USER (bounds ok)
[elf    ] PT_LOAD vaddr 000050000001c000 filesz 0000000000003f1e memsz 0000000000003f1e (ro) -> mapped USER (bounds ok)
[elf    ] PT_LOAD vaddr 0000500000020000 filesz 0000000000000284 memsz 0000000000037fe0 (rw) -> mapped USER (bounds ok)

[fault  ] ring-3 pid 587 fault (vec 14) cr2=0000000000000001 rip=0000500000000f21 err=7 pte=8000000000000023 — task terminated
[gpustrs] round 4/16 clean
[kernel ] spawned pid 588 'gpu-driver' caps 0000000000000400 — private PML4 @ phys 0000000001aef000
[elf    ] PT_LOAD vaddr 0000500000000000 filesz 000000000001b280 memsz 000000000001b280 (ro) -> mapped USER (bounds ok)
[elf    ] PT_LOAD vaddr 000050000001c000 filesz 0000000000003f1e memsz 0000000000003f1e (ro) -> mapped USER (bounds ok)
[elf    ] PT_LOAD vaddr 0000500000020000 filesz 0000000000000284 memsz 0000000000037fe0 (rw) -> mapped USER (bounds ok)
[kernel ] spawned pid 589 'gpu-driver' caps 0000000000000400 — private PML4 @ phys 0000000001aef000
[elf    ] PT_LOAD vaddr 0000500000000000 filesz 000000000001b280 memsz 000000000001b280 (ro) -> mapped USER (bounds ok)
[elf    ] PT_LOAD vaddr 000050000001c000 filesz 0000000000003f1e memsz 0000000000003f1e (ro) -> mapped USER (bounds ok)
[elf    ] PT_LOAD vaddr 0000500000020000 filesz 0000000000000284 memsz 0000000000037fe0 (rw) -> mapped USER (bounds ok)
[kernel ] spawned pid 590 'gpu-driver' caps 0000000000000400 — private PML4 @ phys 0000000001aef000
[elf    ] PT_LOAD vaddr 0000500000000000 filesz 000000000001b280 memsz 000000000001b280 (ro) -> mapped USER (bounds ok)
[elf    ] PT_LOAD vaddr 000050000001c000 filesz 0000000000003f1e memsz 0000000000003f1e (ro) -> mapped USER (bounds ok)
[elf    ] PT_LOAD vaddr 0000500000020000 filesz 0000000000000284 memsz 0000000000037fe0 (rw) -> mapped USER (bounds ok)
[kernel ] spawned pid 591 'gpu-driver' caps 0000000000000400 — private PML4 @ phys 0000000001aef000
[elf    ] PT_LOAD vaddr 0000500000000000 filesz 000000000001b280 memsz 000000000001b280 (ro) -> mapped USER (bounds ok)
[elf    ] PT_LOAD vaddr 000050000001c000 filesz 0000000000003f1e memsz 0000000000003f1e (ro) -> mapped USER (bounds ok)
[elf    ] PT_LOAD vaddr 0000500000020000 filesz 0000000000000284 memsz 0000000000037fe0 (rw) -> mapped USER (bounds ok)

[fault  ] ring-3 pid 591 fault (vec 14) cr2=0000000000000001 rip=0000500000000f21 err=7 pte=8000000000000023 — task terminated
[gpustrs] round 8/16 clean
[kernel ] spawned pid 592 'gpu-driver' caps 0000000000000400 — private PML4 @ phys 0000000001aef000
[elf    ] PT_LOAD vaddr 0000500000000000 filesz 000000000001b280 memsz 000000000001b280 (ro) -> mapped USER (bounds ok)
[elf    ] PT_LOAD vaddr 000050000001c000 filesz 0000000000003f1e memsz 0000000000003f1e (ro) -> mapped USER (bounds ok)
[elf    ] PT_LOAD vaddr 0000500000020000 filesz 0000000000000284 memsz 0000000000037fe0 (rw) -> mapped USER (bounds ok)
[kernel ] spawned pid 593 'gpu-driver' caps 0000000000000400 — private PML4 @ phys 0000000001aef000
[elf    ] PT_LOAD vaddr 0000500000000000 filesz 000000000001b280 memsz 000000000001b280 (ro) -> mapped USER (bounds ok)
[elf    ] PT_LOAD vaddr 000050000001c000 filesz 0000000000003f1e memsz 0000000000003f1e (ro) -> mapped USER (bounds ok)
[elf    ] PT_LOAD vaddr 0000500000020000 filesz 0000000000000284 memsz 0000000000037fe0 (rw) -> mapped USER (bounds ok)
[kernel ] spawned pid 594 'gpu-driver' caps 0000000000000400 — private PML4 @ phys 0000000001aef000
[elf    ] PT_LOAD vaddr 0000500000000000 filesz 000000000001b280 memsz 000000000001b280 (ro) -> mapped USER (bounds ok)
[elf    ] PT_LOAD vaddr 000050000001c000 filesz 0000000000003f1e memsz 0000000000003f1e (ro) -> mapped USER (bounds ok)
[elf    ] PT_LOAD vaddr 0000500000020000 filesz 0000000000000284 memsz 0000000000037fe0 (rw) -> mapped USER (bounds ok)
[kernel ] spawned pid 595 'gpu-driver' caps 0000000000000400 — private PML4 @ phys 0000000001aef000
[elf    ] PT_LOAD vaddr 0000500000000000 filesz 000000000001b280 memsz 000000000001b280 (ro) -> mapped USER (bounds ok)
[elf    ] PT_LOAD vaddr 000050000001c000 filesz 0000000000003f1e memsz 0000000000003f1e (ro) -> mapped USER (bounds ok)
[elf    ] PT_LOAD vaddr 0000500000020000 filesz 0000000000000284 memsz 0000000000037fe0 (rw) -> mapped USER (bounds ok)

[fault  ] ring-3 pid 595 fault (vec 14) cr2=0000000000000001 rip=0000500000000f21 err=7 pte=8000000000000023 — task terminated
[gpustrs] round 12/16 clean
[kernel ] spawned pid 596 'gpu-driver' caps 0000000000000400 — private PML4 @ phys 0000000001aef000
[elf    ] PT_LOAD vaddr 0000500000000000 filesz 000000000001b280 memsz 000000000001b280 (ro) -> mapped USER (bounds ok)
[elf    ] PT_LOAD vaddr 000050000001c000 filesz 0000000000003f1e memsz 0000000000003f1e (ro) -> mapped USER (bounds ok)
[elf    ] PT_LOAD vaddr 0000500000020000 filesz 0000000000000284 memsz 0000000000037fe0 (rw) -> mapped USER (bounds ok)
[kernel ] spawned pid 597 'gpu-driver' caps 0000000000000400 — private PML4 @ phys 0000000001aef000
[elf    ] PT_LOAD vaddr 0000500000000000 filesz 000000000001b280 memsz 000000000001b280 (ro) -> mapped USER (bounds ok)
[elf    ] PT_LOAD vaddr 000050000001c000 filesz 0000000000003f1e memsz 0000000000003f1e (ro) -> mapped USER (bounds ok)
[elf    ] PT_LOAD vaddr 0000500000020000 filesz 0000000000000284 memsz 0000000000037fe0 (rw) -> mapped USER (bounds ok)
[kernel ] spawned pid 598 'gpu-driver' caps 0000000000000400 — private PML4 @ phys 0000000001aef000
[elf    ] PT_LOAD vaddr 0000500000000000 filesz 000000000001b280 memsz 000000000001b280 (ro) -> mapped USER (bounds ok)
[elf    ] PT_LOAD vaddr 000050000001c000 filesz 0000000000003f1e memsz 0000000000003f1e (ro) -> mapped USER (bounds ok)
[elf    ] PT_LOAD vaddr 0000500000020000 filesz 0000000000000284 memsz 0000000000037fe0 (rw) -> mapped USER (bounds ok)
[kernel ] spawned pid 599 'gpu-driver' caps 0000000000000400 — private PML4 @ phys 0000000001aef000
[elf    ] PT_LOAD vaddr 0000500000000000 filesz 000000000001b280 memsz 000000000001b280 (ro) -> mapped USER (bounds ok)
[elf    ] PT_LOAD vaddr 000050000001c000 filesz 0000000000003f1e memsz 0000000000003f1e (ro) -> mapped USER (bounds ok)
[elf    ] PT_LOAD vaddr 0000500000020000 filesz 0000000000000284 memsz 0000000000037fe0 (rw) -> mapped USER (bounds ok)

[fault  ] ring-3 pid 599 fault (vec 14) cr2=0000000000000001 rip=0000500000000f21 err=7 pte=8000000000000023 — task terminated
[gpustrs] round 16/16 clean
[gpustrs]  PASS  every round completed without a watchdog timeout (no deadlock across preemption)
[gpustrs]  PASS  every clean-round driver exited normally (create/draw/scanout/flush/fence all verified in ring 3)
[gpustrs]  PASS  every fault-round driver actually died via the fault path (not its own SYS_EXIT)
[gpustrs]  PASS  no DMA grant survived past any round's teardown (clean OR faulted)
[gpustrs]  PASS  no GPU resource-table slot survived past any round's teardown (clean OR faulted)
[gpustrs]  PASS  scanout ownership was released by every round's teardown (clean OR faulted)
[gpustrs] 16 rounds (4 faulted): +1664 freed, +1600 reused; global depth 3168
[gpustrs]  PASS  free-frame count reconciles (g_frame_free_depth == lifetime freed - reused)
[gpustrs]  PASS  the frame allocator's leaf lock never triggered a rank violation (no double-free race)
[gpustrs] RESULT: 8 passed, 0 failed
[gpustrs] GPU STRESS VERIFIED — 2D resource/scanout/flush leak-free across clean AND faulted driver churn
-- done --
-- AUDIO STRESS: real virtio-sound PCM configure/write churn, incl. client faults --
[audstrs] SKIPPED — no virtio-sound device present on this boot
-- NET STRESS: real ring-3 datagram-socket bind/connect/send/recv churn, incl. client faults --
[kernel ] spawned pid 600 'net-driver' caps 0000000000000010 — private PML4 @ phys 0000000001aef000
[elf    ] PT_LOAD vaddr 0000500000000000 filesz 000000000001b280 memsz 000000000001b280 (ro) -> mapped USER (bounds ok)
[elf    ] PT_LOAD vaddr 000050000001c000 filesz 0000000000003f1e memsz 0000000000003f1e (ro) -> mapped USER (bounds ok)
[elf    ] PT_LOAD vaddr 0000500000020000 filesz 0000000000000284 memsz 0000000000037fe0 (rw) -> mapped USER (bounds ok)
[kernel ] spawned pid 601 'net-driver' caps 0000000000000010 — private PML4 @ phys 0000000001aef000
[elf    ] PT_LOAD vaddr 0000500000000000 filesz 000000000001b280 memsz 000000000001b280 (ro) -> mapped USER (bounds ok)
[elf    ] PT_LOAD vaddr 000050000001c000 filesz 0000000000003f1e memsz 0000000000003f1e (ro) -> mapped USER (bounds ok)
[elf    ] PT_LOAD vaddr 0000500000020000 filesz 0000000000000284 memsz 0000000000037fe0 (rw) -> mapped USER (bounds ok)
[kernel ] spawned pid 602 'net-driver' caps 0000000000000010 — private PML4 @ phys 0000000001aef000
[elf    ] PT_LOAD vaddr 0000500000000000 filesz 000000000001b280 memsz 000000000001b280 (ro) -> mapped USER (bounds ok)
[elf    ] PT_LOAD vaddr 000050000001c000 filesz 0000000000003f1e memsz 0000000000003f1e (ro) -> mapped USER (bounds ok)
[elf    ] PT_LOAD vaddr 0000500000020000 filesz 0000000000000284 memsz 0000000000037fe0 (rw) -> mapped USER (bounds ok)
[kernel ] spawned pid 603 'net-driver' caps 0000000000000010 — private PML4 @ phys 0000000001aef000
[elf    ] PT_LOAD vaddr 0000500000000000 filesz 000000000001b280 memsz 000000000001b280 (ro) -> mapped USER (bounds ok)
[elf    ] PT_LOAD vaddr 000050000001c000 filesz 0000000000003f1e memsz 0000000000003f1e (ro) -> mapped USER (bounds ok)
[elf    ] PT_LOAD vaddr 0000500000020000 filesz 0000000000000284 memsz 0000000000037fe0 (rw) -> mapped USER (bounds ok)

[fault  ] ring-3 pid 603 fault (vec 14) cr2=0000000000000001 rip=0000500000001142 err=7 pte=8000000000000023 — task terminated
[netstrs] round 4/16 clean
[kernel ] spawned pid 604 'net-driver' caps 0000000000000010 — private PML4 @ phys 0000000001aef000
[elf    ] PT_LOAD vaddr 0000500000000000 filesz 000000000001b280 memsz 000000000001b280 (ro) -> mapped USER (bounds ok)
[elf    ] PT_LOAD vaddr 000050000001c000 filesz 0000000000003f1e memsz 0000000000003f1e (ro) -> mapped USER (bounds ok)
[elf    ] PT_LOAD vaddr 0000500000020000 filesz 0000000000000284 memsz 0000000000037fe0 (rw) -> mapped USER (bounds ok)
[kernel ] spawned pid 605 'net-driver' caps 0000000000000010 — private PML4 @ phys 0000000001aef000
[elf    ] PT_LOAD vaddr 0000500000000000 filesz 000000000001b280 memsz 000000000001b280 (ro) -> mapped USER (bounds ok)
[elf    ] PT_LOAD vaddr 000050000001c000 filesz 0000000000003f1e memsz 0000000000003f1e (ro) -> mapped USER (bounds ok)
[elf    ] PT_LOAD vaddr 0000500000020000 filesz 0000000000000284 memsz 0000000000037fe0 (rw) -> mapped USER (bounds ok)
[kernel ] spawned pid 606 'net-driver' caps 0000000000000010 — private PML4 @ phys 0000000001aef000
[elf    ] PT_LOAD vaddr 0000500000000000 filesz 000000000001b280 memsz 000000000001b280 (ro) -> mapped USER (bounds ok)
[elf    ] PT_LOAD vaddr 000050000001c000 filesz 0000000000003f1e memsz 0000000000003f1e (ro) -> mapped USER (bounds ok)
[elf    ] PT_LOAD vaddr 0000500000020000 filesz 0000000000000284 memsz 0000000000037fe0 (rw) -> mapped USER (bounds ok)
[kernel ] spawned pid 607 'net-driver' caps 0000000000000010 — private PML4 @ phys 0000000001aef000
[elf    ] PT_LOAD vaddr 0000500000000000 filesz 000000000001b280 memsz 000000000001b280 (ro) -> mapped USER (bounds ok)
[elf    ] PT_LOAD vaddr 000050000001c000 filesz 0000000000003f1e memsz 0000000000003f1e (ro) -> mapped USER (bounds ok)
[elf    ] PT_LOAD vaddr 0000500000020000 filesz 0000000000000284 memsz 0000000000037fe0 (rw) -> mapped USER (bounds ok)

[fault  ] ring-3 pid 607 fault (vec 14) cr2=0000000000000001 rip=0000500000001142 err=7 pte=8000000000000023 — task terminated
[netstrs] round 8/16 clean
[kernel ] spawned pid 608 'net-driver' caps 0000000000000010 — private PML4 @ phys 0000000001aef000
[elf    ] PT_LOAD vaddr 0000500000000000 filesz 000000000001b280 memsz 000000000001b280 (ro) -> mapped USER (bounds ok)
[elf    ] PT_LOAD vaddr 000050000001c000 filesz 0000000000003f1e memsz 0000000000003f1e (ro) -> mapped USER (bounds ok)
[elf    ] PT_LOAD vaddr 0000500000020000 filesz 0000000000000284 memsz 0000000000037fe0 (rw) -> mapped USER (bounds ok)
[kernel ] spawned pid 609 'net-driver' caps 0000000000000010 — private PML4 @ phys 0000000001aef000
[elf    ] PT_LOAD vaddr 0000500000000000 filesz 000000000001b280 memsz 000000000001b280 (ro) -> mapped USER (bounds ok)
[elf    ] PT_LOAD vaddr 000050000001c000 filesz 0000000000003f1e memsz 0000000000003f1e (ro) -> mapped USER (bounds ok)
[elf    ] PT_LOAD vaddr 0000500000020000 filesz 0000000000000284 memsz 0000000000037fe0 (rw) -> mapped USER (bounds ok)
[kernel ] spawned pid 610 'net-driver' caps 0000000000000010 — private PML4 @ phys 0000000001aef000
[elf    ] PT_LOAD vaddr 0000500000000000 filesz 000000000001b280 memsz 000000000001b280 (ro) -> mapped USER (bounds ok)
[elf    ] PT_LOAD vaddr 000050000001c000 filesz 0000000000003f1e memsz 0000000000003f1e (ro) -> mapped USER (bounds ok)
[elf    ] PT_LOAD vaddr 0000500000020000 filesz 0000000000000284 memsz 0000000000037fe0 (rw) -> mapped USER (bounds ok)
[kernel ] spawned pid 611 'net-driver' caps 0000000000000010 — private PML4 @ phys 0000000001aef000
[elf    ] PT_LOAD vaddr 0000500000000000 filesz 000000000001b280 memsz 000000000001b280 (ro) -> mapped USER (bounds ok)
[elf    ] PT_LOAD vaddr 000050000001c000 filesz 0000000000003f1e memsz 0000000000003f1e (ro) -> mapped USER (bounds ok)
[elf    ] PT_LOAD vaddr 0000500000020000 filesz 0000000000000284 memsz 0000000000037fe0 (rw) -> mapped USER (bounds ok)

[fault  ] ring-3 pid 611 fault (vec 14) cr2=0000000000000001 rip=0000500000001142 err=7 pte=8000000000000023 — task terminated
[netstrs] round 12/16 clean
[kernel ] spawned pid 612 'net-driver' caps 0000000000000010 — private PML4 @ phys 0000000001aef000
[elf    ] PT_LOAD vaddr 0000500000000000 filesz 000000000001b280 memsz 000000000001b280 (ro) -> mapped USER (bounds ok)
[elf    ] PT_LOAD vaddr 000050000001c000 filesz 0000000000003f1e memsz 0000000000003f1e (ro) -> mapped USER (bounds ok)
[elf    ] PT_LOAD vaddr 0000500000020000 filesz 0000000000000284 memsz 0000000000037fe0 (rw) -> mapped USER (bounds ok)
[kernel ] spawned pid 613 'net-driver' caps 0000000000000010 — private PML4 @ phys 0000000001aef000
[elf    ] PT_LOAD vaddr 0000500000000000 filesz 000000000001b280 memsz 000000000001b280 (ro) -> mapped USER (bounds ok)
[elf    ] PT_LOAD vaddr 000050000001c000 filesz 0000000000003f1e memsz 0000000000003f1e (ro) -> mapped USER (bounds ok)
[elf    ] PT_LOAD vaddr 0000500000020000 filesz 0000000000000284 memsz 0000000000037fe0 (rw) -> mapped USER (bounds ok)
[kernel ] spawned pid 614 'net-driver' caps 0000000000000010 — private PML4 @ phys 0000000001aef000
[elf    ] PT_LOAD vaddr 0000500000000000 filesz 000000000001b280 memsz 000000000001b280 (ro) -> mapped USER (bounds ok)
[elf    ] PT_LOAD vaddr 000050000001c000 filesz 0000000000003f1e memsz 0000000000003f1e (ro) -> mapped USER (bounds ok)
[elf    ] PT_LOAD vaddr 0000500000020000 filesz 0000000000000284 memsz 0000000000037fe0 (rw) -> mapped USER (bounds ok)
[kernel ] spawned pid 615 'net-driver' caps 0000000000000010 — private PML4 @ phys 0000000001aef000
[elf    ] PT_LOAD vaddr 0000500000000000 filesz 000000000001b280 memsz 000000000001b280 (ro) -> mapped USER (bounds ok)
[elf    ] PT_LOAD vaddr 000050000001c000 filesz 0000000000003f1e memsz 0000000000003f1e (ro) -> mapped USER (bounds ok)
[elf    ] PT_LOAD vaddr 0000500000020000 filesz 0000000000000284 memsz 0000000000037fe0 (rw) -> mapped USER (bounds ok)

[fault  ] ring-3 pid 615 fault (vec 14) cr2=0000000000000001 rip=0000500000001142 err=7 pte=8000000000000023 — task terminated
[netstrs] round 16/16 clean
[netstrs]  PASS  every round completed without a watchdog timeout (no deadlock across preemption)
[netstrs]  PASS  every clean-round driver exited normally (socket/bind/connect/send/recv all verified in ring 3)
[netstrs]  PASS  every fault-round driver actually died via the fault path (not its own SYS_EXIT)
[netstrs]  PASS  no socket slot survived past any round's teardown (clean OR faulted)
[netstrs] 16 rounds (4 faulted): 48 loopback datagrams delivered
[netstrs]  PASS  loopback delivered every clean round's datagrams (send->recv round-trip proven)
[netstrs] +1552 freed, +1552 reused; global depth 3168
[netstrs]  PASS  free-frame count reconciles (g_frame_free_depth == lifetime freed - reused)
[netstrs]  PASS  the frame allocator's leaf lock never triggered a rank violation (no double-free race)
[netstrs] RESULT: 7 passed, 0 failed
[netstrs] NET STRESS VERIFIED — socket create/bind/connect/send/recv leak-free across clean AND faulted churn
-- done --
-- USERSSTRS: process credentials, file ownership and permission --
[usersstrs]  PASS  owner may read and write its own 0640 file
[usersstrs]  PASS  the group may read a 0640 file but not write it
[usersstrs]  PASS  a stranger may do neither to a 0640 file
[usersstrs]  PASS  root bypasses the mode entirely
[usersstrs]  PASS  a 0046 file denies its OWNER a write it grants a stranger
[usersstrs]  PASS  and the group triple beats `other` even when `other` is more permissive
[usersstrs]  PASS  a legacy dirent (mode 0) reads as the default, not as no-access
[kernel ] spawned pid 616 'u-alice' caps 0000000000000020 — private PML4 @ phys 0000000001aef000
[kernel ] spawned pid 617 'u-bob' caps 0000000000000020 — private PML4 @ phys 0000000001e36000
[usersstrs]  PASS  a file created by a user is owned by that user
[usersstrs]  PASS  a newly created file gets the default mode
[usersstrs]  PASS  a stranger CAN open another user's 0644 file for reading
[usersstrs]  PASS  but the stranger has no write right to it
[usersstrs]  PASS  while the owner does
[usersstrs]  PASS  after chmod 0600 the stranger can no longer open it at all
[usersstrs]  PASS  and the owner still can
[kernel ] spawned pid 618 'u-root' caps 0000000000000020 — private PML4 @ phys 0000000001af1000
[usersstrs]  PASS  root opens a 0600 file it does not own
[usersstrs]  PASS  the suite returned every descriptor it took
[usersstrs]  PASS  the initial process runs as root
[kernel ] spawned pid 619 'u-recycle' caps 0000000000000020 — private PML4 @ phys 0000000001e1a000
[usersstrs]  PASS  a recycled process slot does not inherit the dead occupant's uid
[kernel ] spawned pid 620 'u-privdrop' caps 0000000000002000 — private PML4 @ phys 0000000001e2e000
[elf    ] PT_LOAD vaddr 0000500000000000 filesz 000000000001b280 memsz 000000000001b280 (ro) -> mapped USER (bounds ok)
[elf    ] PT_LOAD vaddr 000050000001c000 filesz 0000000000003f1e memsz 0000000000003f1e (ro) -> mapped USER (bounds ok)
[elf    ] PT_LOAD vaddr 0000500000020000 filesz 0000000000000284 memsz 0000000000037fe0 (rw) -> mapped USER (bounds ok)
[kernel ] spawned pid 621 'u-privdrop' caps 0000000000002000 — private PML4 @ phys 0000000001e30000
[usersstrs]  PASS  a ring-3 process drops gid then uid and CANNOT climb back (setuid/seteuid/setgid/setegid all refused, and its fork inherits the drop)
[usersstrs] RESULT: 19 passed, 0 failed
[usersstrs] CREDENTIALS VERIFIED — identity, ownership, mode enforcement and legacy compatibility
-- done --
-- WIMP STRESS: ring-3 window create/manage/close churn + WM logic, incl. client faults --
[gfx    ] framebuffer 1024x768 mapped; backbuffer @ 0000000001e37000 (double-buffered)
[kernel ] spawned pid 622 'wimp-app' caps 0000000000001000 — private PML4 @ phys 0000000001e2f000
[elf    ] PT_LOAD vaddr 0000500000000000 filesz 000000000001b280 memsz 000000000001b280 (ro) -> mapped USER (bounds ok)
[elf    ] PT_LOAD vaddr 000050000001c000 filesz 0000000000003f1e memsz 0000000000003f1e (ro) -> mapped USER (bounds ok)
[elf    ] PT_LOAD vaddr 0000500000020000 filesz 0000000000000284 memsz 0000000000037fe0 (rw) -> mapped USER (bounds ok)
[kernel ] spawned pid 623 'wimp-app' caps 0000000000001000 — private PML4 @ phys 0000000001e2f000
[elf    ] PT_LOAD vaddr 0000500000000000 filesz 000000000001b280 memsz 000000000001b280 (ro) -> mapped USER (bounds ok)
[elf    ] PT_LOAD vaddr 000050000001c000 filesz 0000000000003f1e memsz 0000000000003f1e (ro) -> mapped USER (bounds ok)
[elf    ] PT_LOAD vaddr 0000500000020000 filesz 0000000000000284 memsz 0000000000037fe0 (rw) -> mapped USER (bounds ok)
[kernel ] spawned pid 624 'wimp-app' caps 0000000000001000 — private PML4 @ phys 0000000001e2f000
[elf    ] PT_LOAD vaddr 0000500000000000 filesz 000000000001b280 memsz 000000000001b280 (ro) -> mapped USER (bounds ok)
[elf    ] PT_LOAD vaddr 000050000001c000 filesz 0000000000003f1e memsz 0000000000003f1e (ro) -> mapped USER (bounds ok)
[elf    ] PT_LOAD vaddr 0000500000020000 filesz 0000000000000284 memsz 0000000000037fe0 (rw) -> mapped USER (bounds ok)
[kernel ] spawned pid 625 'wimp-app' caps 0000000000001000 — private PML4 @ phys 0000000001e2f000
[elf    ] PT_LOAD vaddr 0000500000000000 filesz 000000000001b280 memsz 000000000001b280 (ro) -> mapped USER (bounds ok)
[elf    ] PT_LOAD vaddr 000050000001c000 filesz 0000000000003f1e memsz 0000000000003f1e (ro) -> mapped USER (bounds ok)
[elf    ] PT_LOAD vaddr 0000500000020000 filesz 0000000000000284 memsz 0000000000037fe0 (rw) -> mapped USER (bounds ok)

[fault  ] ring-3 pid 625 fault (vec 14) cr2=0000000000000001 rip=0000500000001a8c err=7 pte=8000000000000023 — task terminated
[wimpstrs] round 4/16 clean
[kernel ] spawned pid 626 'wimp-app' caps 0000000000001000 — private PML4 @ phys 0000000001e2f000
[elf    ] PT_LOAD vaddr 0000500000000000 filesz 000000000001b280 memsz 000000000001b280 (ro) -> mapped USER (bounds ok)
[elf    ] PT_LOAD vaddr 000050000001c000 filesz 0000000000003f1e memsz 0000000000003f1e (ro) -> mapped USER (bounds ok)
[elf    ] PT_LOAD vaddr 0000500000020000 filesz 0000000000000284 memsz 0000000000037fe0 (rw) -> mapped USER (bounds ok)
[kernel ] spawned pid 627 'wimp-app' caps 0000000000001000 — private PML4 @ phys 0000000001e2f000
[elf    ] PT_LOAD vaddr 0000500000000000 filesz 000000000001b280 memsz 000000000001b280 (ro) -> mapped USER (bounds ok)
[elf    ] PT_LOAD vaddr 000050000001c000 filesz 0000000000003f1e memsz 0000000000003f1e (ro) -> mapped USER (bounds ok)
[elf    ] PT_LOAD vaddr 0000500000020000 filesz 0000000000000284 memsz 0000000000037fe0 (rw) -> mapped USER (bounds ok)
[kernel ] spawned pid 628 'wimp-app' caps 0000000000001000 — private PML4 @ phys 0000000001e2f000
[elf    ] PT_LOAD vaddr 0000500000000000 filesz 000000000001b280 memsz 000000000001b280 (ro) -> mapped USER (bounds ok)
[elf    ] PT_LOAD vaddr 000050000001c000 filesz 0000000000003f1e memsz 0000000000003f1e (ro) -> mapped USER (bounds ok)
[elf    ] PT_LOAD vaddr 0000500000020000 filesz 0000000000000284 memsz 0000000000037fe0 (rw) -> mapped USER (bounds ok)
[kernel ] spawned pid 629 'wimp-app' caps 0000000000001000 — private PML4 @ phys 0000000001e2f000
[elf    ] PT_LOAD vaddr 0000500000000000 filesz 000000000001b280 memsz 000000000001b280 (ro) -> mapped USER (bounds ok)
[elf    ] PT_LOAD vaddr 000050000001c000 filesz 0000000000003f1e memsz 0000000000003f1e (ro) -> mapped USER (bounds ok)
[elf    ] PT_LOAD vaddr 0000500000020000 filesz 0000000000000284 memsz 0000000000037fe0 (rw) -> mapped USER (bounds ok)

[fault  ] ring-3 pid 629 fault (vec 14) cr2=0000000000000001 rip=0000500000001a8c err=7 pte=8000000000000023 — task terminated
[wimpstrs] round 8/16 clean
[kernel ] spawned pid 630 'wimp-app' caps 0000000000001000 — private PML4 @ phys 0000000001e2f000
[elf    ] PT_LOAD vaddr 0000500000000000 filesz 000000000001b280 memsz 000000000001b280 (ro) -> mapped USER (bounds ok)
[elf    ] PT_LOAD vaddr 000050000001c000 filesz 0000000000003f1e memsz 0000000000003f1e (ro) -> mapped USER (bounds ok)
[elf    ] PT_LOAD vaddr 0000500000020000 filesz 0000000000000284 memsz 0000000000037fe0 (rw) -> mapped USER (bounds ok)
[kernel ] spawned pid 631 'wimp-app' caps 0000000000001000 — private PML4 @ phys 0000000001e2f000
[elf    ] PT_LOAD vaddr 0000500000000000 filesz 000000000001b280 memsz 000000000001b280 (ro) -> mapped USER (bounds ok)
[elf    ] PT_LOAD vaddr 000050000001c000 filesz 0000000000003f1e memsz 0000000000003f1e (ro) -> mapped USER (bounds ok)
[elf    ] PT_LOAD vaddr 0000500000020000 filesz 0000000000000284 memsz 0000000000037fe0 (rw) -> mapped USER (bounds ok)
[kernel ] spawned pid 632 'wimp-app' caps 0000000000001000 — private PML4 @ phys 0000000001e2f000
[elf    ] PT_LOAD vaddr 0000500000000000 filesz 000000000001b280 memsz 000000000001b280 (ro) -> mapped USER (bounds ok)
[elf    ] PT_LOAD vaddr 000050000001c000 filesz 0000000000003f1e memsz 0000000000003f1e (ro) -> mapped USER (bounds ok)
[elf    ] PT_LOAD vaddr 0000500000020000 filesz 0000000000000284 memsz 0000000000037fe0 (rw) -> mapped USER (bounds ok)
[kernel ] spawned pid 633 'wimp-app' caps 0000000000001000 — private PML4 @ phys 0000000001e2f000
[elf    ] PT_LOAD vaddr 0000500000000000 filesz 000000000001b280 memsz 000000000001b280 (ro) -> mapped USER (bounds ok)
[elf    ] PT_LOAD vaddr 000050000001c000 filesz 0000000000003f1e memsz 0000000000003f1e (ro) -> mapped USER (bounds ok)
[elf    ] PT_LOAD vaddr 0000500000020000 filesz 0000000000000284 memsz 0000000000037fe0 (rw) -> mapped USER (bounds ok)

[fault  ] ring-3 pid 633 fault (vec 14) cr2=0000000000000001 rip=0000500000001a8c err=7 pte=8000000000000023 — task terminated
[wimpstrs] round 12/16 clean
[kernel ] spawned pid 634 'wimp-app' caps 0000000000001000 — private PML4 @ phys 0000000001e2f000
[elf    ] PT_LOAD vaddr 0000500000000000 filesz 000000000001b280 memsz 000000000001b280 (ro) -> mapped USER (bounds ok)
[elf    ] PT_LOAD vaddr 000050000001c000 filesz 0000000000003f1e memsz 0000000000003f1e (ro) -> mapped USER (bounds ok)
[elf    ] PT_LOAD vaddr 0000500000020000 filesz 0000000000000284 memsz 0000000000037fe0 (rw) -> mapped USER (bounds ok)
[kernel ] spawned pid 635 'wimp-app' caps 0000000000001000 — private PML4 @ phys 0000000001e2f000
[elf    ] PT_LOAD vaddr 0000500000000000 filesz 000000000001b280 memsz 000000000001b280 (ro) -> mapped USER (bounds ok)
[elf    ] PT_LOAD vaddr 000050000001c000 filesz 0000000000003f1e memsz 0000000000003f1e (ro) -> mapped USER (bounds ok)
[elf    ] PT_LOAD vaddr 0000500000020000 filesz 0000000000000284 memsz 0000000000037fe0 (rw) -> mapped USER (bounds ok)
[kernel ] spawned pid 636 'wimp-app' caps 0000000000001000 — private PML4 @ phys 0000000001e2f000
[elf    ] PT_LOAD vaddr 0000500000000000 filesz 000000000001b280 memsz 000000000001b280 (ro) -> mapped USER (bounds ok)
[elf    ] PT_LOAD vaddr 000050000001c000 filesz 0000000000003f1e memsz 0000000000003f1e (ro) -> mapped USER (bounds ok)
[elf    ] PT_LOAD vaddr 0000500000020000 filesz 0000000000000284 memsz 0000000000037fe0 (rw) -> mapped USER (bounds ok)
[kernel ] spawned pid 637 'wimp-app' caps 0000000000001000 — private PML4 @ phys 0000000001e2f000
[elf    ] PT_LOAD vaddr 0000500000000000 filesz 000000000001b280 memsz 000000000001b280 (ro) -> mapped USER (bounds ok)
[elf    ] PT_LOAD vaddr 000050000001c000 filesz 0000000000003f1e memsz 0000000000003f1e (ro) -> mapped USER (bounds ok)
[elf    ] PT_LOAD vaddr 0000500000020000 filesz 0000000000000284 memsz 0000000000037fe0 (rw) -> mapped USER (bounds ok)

[fault  ] ring-3 pid 637 fault (vec 14) cr2=0000000000000001 rip=0000500000001a8c err=7 pte=8000000000000023 — task terminated
[wimpstrs] round 16/16 clean
[wimpstrs]  PASS  every round completed without a watchdog timeout (no deadlock across preemption)
[wimpstrs]  PASS  every clean-round app exited normally (window create/damage/poll all verified in ring 3)
[wimpstrs]  PASS  every fault-round app actually died via the fault path (not its own SYS_EXIT)
[wimpstrs]  PASS  no window slot survived past any round's teardown (clean OR faulted)
[wimpstrs]  PASS  no DMA grant survived past any round teardown (surface pages reclaimed via page_free_tree)
[wimpstrs]  PASS  focus was reset off every dead process's window
[wimpstrs]  PASS  three windows seeded
[wimpstrs]  PASS  hit-test picks the higher-z window in an overlap
[wimpstrs]  PASS  hit-test picks the sole window under a non-overlapping point
[wimpstrs]  PASS  hit-test returns -1 over empty desktop
[wimpstrs]  PASS  no widget outlived the ring-3 process that declared it (clean OR faulted)
[wimpstrs]  PASS  a window can be seeded for the widget fixture
[wimpstrs]  PASS  a button and a checkbox can be declared on a window
[wimpstrs]  PASS  a widget that would not fit the content rect is refused
[wimpstrs]  PASS  clicking a button delivers a WIDGET event naming that button
[wimpstrs]  PASS  clicking a checkbox toggles it, and the state reads back
[wimpstrs]  PASS  a disabled widget does not fire; the click falls through as content
[wimpstrs]  PASS  a click on bare content is delivered as a plain click
[wimpstrs]  PASS  widgets were created and clicks were counted
[wimpstrs]  PASS  the compositor painted this window's widgets
[wimpstrs]  PASS  a text entry can be declared
[wimpstrs]  PASS  clicking a text entry gives it keyboard focus
[wimpstrs]  PASS  typing into a focused entry inserts the characters
[wimpstrs]  PASS  backspace removes the last character
[wimpstrs]  PASS  a full entry caps its text and stays NUL-terminated
[wimpstrs]  PASS  a disabled entry ignores keystrokes
[wimpstrs]  PASS  clicking bare content clears widget focus
[wimpstrs]  PASS  a key with no widget focused is NOT consumed (the app still gets it)
[wimpstrs]  PASS  Tab moves focus between the enabled controls and skips the disabled one
[wimpstrs]  PASS  Enter on a focused checkbox toggles it and reports a WIDGET event
[wimpstrs]  PASS  destroying a window releases every widget it owned
[wimpstrs]  PASS  a title-bar click raises + focuses the clicked window to the front
[wimpstrs]  PASS  title-bar drag moves the window and release ends the drag
[wimpstrs]  PASS  minimize box hides the window from compositing + hit-testing
[wimpstrs]  PASS  cyber-compositor composed a frame (compose counter advanced)
[wimpstrs]  PASS  composited window pixels overwrote the desktop background
[wimpstrs]  PASS  close box destroys the window; WM returns to baseline occupancy
[wimpstrs] 16 rounds (4 faulted): +2624 freed, +2624 reused; 2 composes; global depth 3160
[wimpstrs]  PASS  free-frame count reconciles (g_frame_free_depth == lifetime freed - reused)
[wimpstrs]  PASS  the frame allocator's leaf lock never triggered a rank violation (no double-free race)
[wimpstrs] RESULT: 39 passed, 0 failed
[wimpstrs] WIMP STRESS VERIFIED — window mgmt, z-order, drag, close + compositor leak-free across clean AND faulted churn
-- done --
-- APPS STRESS: concurrent ring-3 GUI applications (terminal / sysmon / filer) --
[kernel ] spawned pid 638 'gui-app' caps 0000000000001020 — private PML4 @ phys 0000000001e2f000
[elf    ] PT_LOAD vaddr 0000500000000000 filesz 000000000001b280 memsz 000000000001b280 (ro) -> mapped USER (bounds ok)
[elf    ] PT_LOAD vaddr 000050000001c000 filesz 0000000000003f1e memsz 0000000000003f1e (ro) -> mapped USER (bounds ok)
[elf    ] PT_LOAD vaddr 0000500000020000 filesz 0000000000000284 memsz 0000000000037fe0 (rw) -> mapped USER (bounds ok)
[kernel ] spawned pid 639 'gui-app' caps 0000000000001020 — private PML4 @ phys 0000000001e27000
[elf    ] PT_LOAD vaddr 0000500000000000 filesz 000000000001b280 memsz 000000000001b280 (ro) -> mapped USER (bounds ok)
[elf    ] PT_LOAD vaddr 000050000001c000 filesz 0000000000003f1e memsz 0000000000003f1e (ro) -> mapped USER (bounds ok)
[elf    ] PT_LOAD vaddr 0000500000020000 filesz 0000000000000284 memsz 0000000000037fe0 (rw) -> mapped USER (bounds ok)
[kernel ] spawned pid 640 'gui-app' caps 0000000000001020 — private PML4 @ phys 0000000001dd1000
[elf    ] PT_LOAD vaddr 0000500000000000 filesz 000000000001b280 memsz 000000000001b280 (ro) -> mapped USER (bounds ok)
[elf    ] PT_LOAD vaddr 000050000001c000 filesz 0000000000003f1e memsz 0000000000003f1e (ro) -> mapped USER (bounds ok)
[elf    ] PT_LOAD vaddr 0000500000020000 filesz 0000000000000284 memsz 0000000000037fe0 (rw) -> mapped USER (bounds ok)
unknown command 'ps' — try 'help'
[kernel ] spawned pid 641 'gui-app' caps 0000000000001020 — private PML4 @ phys 0000000001e2f000
[elf    ] PT_LOAD vaddr 0000500000000000 filesz 000000000001b280 memsz 000000000001b280 (ro) -> mapped USER (bounds ok)
[elf    ] PT_LOAD vaddr 000050000001c000 filesz 0000000000003f1e memsz 0000000000003f1e (ro) -> mapped USER (bounds ok)
[elf    ] PT_LOAD vaddr 0000500000020000 filesz 0000000000000284 memsz 0000000000037fe0 (rw) -> mapped USER (bounds ok)
[kernel ] spawned pid 642 'gui-app' caps 0000000000001020 — private PML4 @ phys 0000000001afc000
[elf    ] PT_LOAD vaddr 0000500000000000 filesz 000000000001b280 memsz 000000000001b280 (ro) -> mapped USER (bounds ok)
[elf    ] PT_LOAD vaddr 000050000001c000 filesz 0000000000003f1e memsz 0000000000003f1e (ro) -> mapped USER (bounds ok)
[elf    ] PT_LOAD vaddr 0000500000020000 filesz 0000000000000284 memsz 0000000000037fe0 (rw) -> mapped USER (bounds ok)
[kernel ] spawned pid 643 'gui-app' caps 0000000000001020 — private PML4 @ phys 0000000001a50000
[elf    ] PT_LOAD vaddr 0000500000000000 filesz 000000000001b280 memsz 000000000001b280 (ro) -> mapped USER (bounds ok)
[elf    ] PT_LOAD vaddr 000050000001c000 filesz 0000000000003f1e memsz 0000000000003f1e (ro) -> mapped USER (bounds ok)
[elf    ] PT_LOAD vaddr 0000500000020000 filesz 0000000000000284 memsz 0000000000037fe0 (rw) -> mapped USER (bounds ok)
unknown command 'ps' — try 'help'
[kernel ] spawned pid 644 'gui-app' caps 0000000000001020 — private PML4 @ phys 0000000001e2f000
[elf    ] PT_LOAD vaddr 0000500000000000 filesz 000000000001b280 memsz 000000000001b280 (ro) -> mapped USER (bounds ok)
[elf    ] PT_LOAD vaddr 000050000001c000 filesz 0000000000003f1e memsz 0000000000003f1e (ro) -> mapped USER (bounds ok)
[elf    ] PT_LOAD vaddr 0000500000020000 filesz 0000000000000284 memsz 0000000000037fe0 (rw) -> mapped USER (bounds ok)
[kernel ] spawned pid 645 'gui-app' caps 0000000000001020 — private PML4 @ phys 0000000001e2b000
[elf    ] PT_LOAD vaddr 0000500000000000 filesz 000000000001b280 memsz 000000000001b280 (ro) -> mapped USER (bounds ok)
[elf    ] PT_LOAD vaddr 000050000001c000 filesz 0000000000003f1e memsz 0000000000003f1e (ro) -> mapped USER (bounds ok)
[elf    ] PT_LOAD vaddr 0000500000020000 filesz 0000000000000284 memsz 0000000000037fe0 (rw) -> mapped USER (bounds ok)
[kernel ] spawned pid 646 'gui-app' caps 0000000000001020 — private PML4 @ phys 0000000001d9e000
[elf    ] PT_LOAD vaddr 0000500000000000 filesz 000000000001b280 memsz 000000000001b280 (ro) -> mapped USER (bounds ok)
[elf    ] PT_LOAD vaddr 000050000001c000 filesz 0000000000003f1e memsz 0000000000003f1e (ro) -> mapped USER (bounds ok)
[elf    ] PT_LOAD vaddr 0000500000020000 filesz 0000000000000284 memsz 0000000000037fe0 (rw) -> mapped USER (bounds ok)
unknown command 'ps' — try 'help'
[kernel ] spawned pid 647 'gui-app' caps 0000000000001020 — private PML4 @ phys 0000000001e2f000
[elf    ] PT_LOAD vaddr 0000500000000000 filesz 000000000001b280 memsz 000000000001b280 (ro) -> mapped USER (bounds ok)
[elf    ] PT_LOAD vaddr 000050000001c000 filesz 0000000000003f1e memsz 0000000000003f1e (ro) -> mapped USER (bounds ok)
[elf    ] PT_LOAD vaddr 0000500000020000 filesz 0000000000000284 memsz 0000000000037fe0 (rw) -> mapped USER (bounds ok)
[kernel ] spawned pid 648 'gui-app' caps 0000000000001020 — private PML4 @ phys 0000000001b4c000
[elf    ] PT_LOAD vaddr 0000500000000000 filesz 000000000001b280 memsz 000000000001b280 (ro) -> mapped USER (bounds ok)
[elf    ] PT_LOAD vaddr 000050000001c000 filesz 0000000000003f1e memsz 0000000000003f1e (ro) -> mapped USER (bounds ok)
[elf    ] PT_LOAD vaddr 0000500000020000 filesz 0000000000000284 memsz 0000000000037fe0 (rw) -> mapped USER (bounds ok)
[kernel ] spawned pid 649 'gui-app' caps 0000000000001020 — private PML4 @ phys 0000000001b01000
[elf    ] PT_LOAD vaddr 0000500000000000 filesz 000000000001b280 memsz 000000000001b280 (ro) -> mapped USER (bounds ok)
[elf    ] PT_LOAD vaddr 000050000001c000 filesz 0000000000003f1e memsz 0000000000003f1e (ro) -> mapped USER (bounds ok)
[elf    ] PT_LOAD vaddr 0000500000020000 filesz 0000000000000284 memsz 0000000000037fe0 (rw) -> mapped USER (bounds ok)
[kernel ] spawned pid 650 'gui-crash' caps 0000000000001020 — private PML4 @ phys 0000000001bb2000
[elf    ] PT_LOAD vaddr 0000500000000000 filesz 000000000001b280 memsz 000000000001b280 (ro) -> mapped USER (bounds ok)
[elf    ] PT_LOAD vaddr 000050000001c000 filesz 0000000000003f1e memsz 0000000000003f1e (ro) -> mapped USER (bounds ok)
[elf    ] PT_LOAD vaddr 0000500000020000 filesz 0000000000000284 memsz 0000000000037fe0 (rw) -> mapped USER (bounds ok)

[fault  ] ring-3 pid 650 fault (vec 14) cr2=0000000000000001 rip=000050000001a541 err=7 pte=8000000000000023 — task terminated
unknown command 'ps' — try 'help'
[kernel ] spawned pid 651 'gui-app' caps 0000000000001020 — private PML4 @ phys 0000000001e2f000
[elf    ] PT_LOAD vaddr 0000500000000000 filesz 000000000001b280 memsz 000000000001b280 (ro) -> mapped USER (bounds ok)
[elf    ] PT_LOAD vaddr 000050000001c000 filesz 0000000000003f1e memsz 0000000000003f1e (ro) -> mapped USER (bounds ok)
[elf    ] PT_LOAD vaddr 0000500000020000 filesz 0000000000000284 memsz 0000000000037fe0 (rw) -> mapped USER (bounds ok)
[kernel ] spawned pid 652 'gui-app' caps 0000000000001020 — private PML4 @ phys 0000000001e30000
[elf    ] PT_LOAD vaddr 0000500000000000 filesz 000000000001b280 memsz 000000000001b280 (ro) -> mapped USER (bounds ok)
[elf    ] PT_LOAD vaddr 000050000001c000 filesz 0000000000003f1e memsz 0000000000003f1e (ro) -> mapped USER (bounds ok)
[elf    ] PT_LOAD vaddr 0000500000020000 filesz 0000000000000284 memsz 0000000000037fe0 (rw) -> mapped USER (bounds ok)
[kernel ] spawned pid 653 'gui-app' caps 0000000000001020 — private PML4 @ phys 0000000001df5000
[elf    ] PT_LOAD vaddr 0000500000000000 filesz 000000000001b280 memsz 000000000001b280 (ro) -> mapped USER (bounds ok)
[elf    ] PT_LOAD vaddr 000050000001c000 filesz 0000000000003f1e memsz 0000000000003f1e (ro) -> mapped USER (bounds ok)
[elf    ] PT_LOAD vaddr 0000500000020000 filesz 0000000000000284 memsz 0000000000037fe0 (rw) -> mapped USER (bounds ok)
unknown command 'ps' — try 'help'
[kernel ] spawned pid 654 'gui-app' caps 0000000000001020 — private PML4 @ phys 0000000001e2f000
[elf    ] PT_LOAD vaddr 0000500000000000 filesz 000000000001b280 memsz 000000000001b280 (ro) -> mapped USER (bounds ok)
[elf    ] PT_LOAD vaddr 000050000001c000 filesz 0000000000003f1e memsz 0000000000003f1e (ro) -> mapped USER (bounds ok)
[elf    ] PT_LOAD vaddr 0000500000020000 filesz 0000000000000284 memsz 0000000000037fe0 (rw) -> mapped USER (bounds ok)
[kernel ] spawned pid 655 'gui-app' caps 0000000000001020 — private PML4 @ phys 0000000001e35000
[elf    ] PT_LOAD vaddr 0000500000000000 filesz 000000000001b280 memsz 000000000001b280 (ro) -> mapped USER (bounds ok)
[elf    ] PT_LOAD vaddr 000050000001c000 filesz 0000000000003f1e memsz 0000000000003f1e (ro) -> mapped USER (bounds ok)
[elf    ] PT_LOAD vaddr 0000500000020000 filesz 0000000000000284 memsz 0000000000037fe0 (rw) -> mapped USER (bounds ok)
[kernel ] spawned pid 656 'gui-app' caps 0000000000001020 — private PML4 @ phys 0000000001dfd000
[elf    ] PT_LOAD vaddr 0000500000000000 filesz 000000000001b280 memsz 000000000001b280 (ro) -> mapped USER (bounds ok)
[elf    ] PT_LOAD vaddr 000050000001c000 filesz 0000000000003f1e memsz 0000000000003f1e (ro) -> mapped USER (bounds ok)
[elf    ] PT_LOAD vaddr 0000500000020000 filesz 0000000000000284 memsz 0000000000037fe0 (rw) -> mapped USER (bounds ok)
unknown command 'ps' — try 'help'
[appsstrs] 6 cycles complete (18 app launches)
[appsstrs]  PASS  every cycle ran its 3 apps to completion without a watchdog timeout
[appsstrs]  PASS  every app in every cycle owned its OWN window (3+ windowed apps per cycle)
[appsstrs]  PASS  apps genuinely overlapped in ring 3 across cores (SMP concurrency)
[appsstrs]  PASS  an app that CRASHED holding a live window still died via the fault path
[appsstrs]  PASS  no window slot survived any cycle (clean OR crashed apps)
[appsstrs]  PASS  no DMA grant survived any cycle (surface pages reclaimed by page_free_tree)
[appsstrs]  PASS  the compositor kept composing after every cycle (never wedged by a crash)
[appsstrs] +3440 freed, +3440 reused; 6 composes this suite; global depth 3160
[appsstrs]  PASS  free-frame count reconciles (g_frame_free_depth == lifetime freed - reused)
[appsstrs]  PASS  the frame allocator's leaf lock never triggered a rank violation
[appsstrs] RESULT: 9 passed, 0 failed
[appsstrs] APPS STRESS VERIFIED — concurrent GUI apps, event loops and surfaces leak-free across clean AND crashed churn
-- done --
-- POSIX STRESS: fork/exec chains, signal frames, pthread mutexes --
[kernel ] spawned pid 657 'posix-w' caps 0000000000000020 — private PML4 @ phys 0000000001e2f000
[elf    ] PT_LOAD vaddr 0000500000000000 filesz 000000000001b280 memsz 000000000001b280 (ro) -> mapped USER (bounds ok)
[elf    ] PT_LOAD vaddr 000050000001c000 filesz 0000000000003f1e memsz 0000000000003f1e (ro) -> mapped USER (bounds ok)
[elf    ] PT_LOAD vaddr 0000500000020000 filesz 0000000000000284 memsz 0000000000037fe0 (rw) -> mapped USER (bounds ok)
[kernel ] spawned pid 658 'posix-w' caps 0000000000000020 — private PML4 @ phys 0000000001845000
[elf    ] PT_LOAD vaddr 0000500000000000 filesz 000000000001b280 memsz 000000000001b280 (ro) -> mapped USER (bounds ok)
[elf    ] PT_LOAD vaddr 000050000001c000 filesz 0000000000003f1e memsz 0000000000003f1e (ro) -> mapped USER (bounds ok)
[elf    ] PT_LOAD vaddr 0000500000020000 filesz 0000000000000284 memsz 0000000000037fe0 (rw) -> mapped USER (bounds ok)
[kernel ] spawned pid 659 'posix-w' caps 0000000000000020 — private PML4 @ phys 0000000001af0000
[elf    ] PT_LOAD vaddr 0000500000000000 filesz 000000000001b280 memsz 000000000001b280 (ro) -> mapped USER (bounds ok)
[elf    ] PT_LOAD vaddr 000050000001c000 filesz 0000000000003f1e memsz 0000000000003f1e (ro) -> mapped USER (bounds ok)
[elf    ] PT_LOAD vaddr 0000500000020000 filesz 0000000000000284 memsz 0000000000037fe0 (rw) -> mapped USER (bounds ok)
[kernel ] spawned pid 660 'posix-w' caps 0000000000000020 — private PML4 @ phys 000000000181a000
[elf    ] PT_LOAD vaddr 0000500000000000 filesz 000000000001b280 memsz 000000000001b280 (ro) -> mapped USER (bounds ok)
[elf    ] PT_LOAD vaddr 000050000001c000 filesz 0000000000003f1e memsz 0000000000003f1e (ro) -> mapped USER (bounds ok)
[elf    ] PT_LOAD vaddr 0000500000020000 filesz 0000000000000284 memsz 0000000000037fe0 (rw) -> mapped USER (bounds ok)
[kernel ] spawned pid 661 'posix-w' caps 0000000000000020 — private PML4 @ phys 0000000001823000
[elf    ] PT_LOAD vaddr 0000500000000000 filesz 000000000001b280 memsz 000000000001b280 (ro) -> mapped USER (bounds ok)
[elf    ] PT_LOAD vaddr 000050000001c000 filesz 0000000000003f1e memsz 0000000000003f1e (ro) -> mapped USER (bounds ok)
[elf    ] PT_LOAD vaddr 0000500000020000 filesz 0000000000000284 memsz 0000000000037fe0 (rw) -> mapped USER (bounds ok)
[kernel ] spawned pid 662 'posix-w' caps 0000000000000020 — private PML4 @ phys 0000000001bdb000
[elf    ] PT_LOAD vaddr 0000500000000000 filesz 000000000001b280 memsz 000000000001b280 (ro) -> mapped USER (bounds ok)
[elf    ] PT_LOAD vaddr 000050000001c000 filesz 0000000000003f1e memsz 0000000000003f1e (ro) -> mapped USER (bounds ok)
[elf    ] PT_LOAD vaddr 0000500000020000 filesz 0000000000000284 memsz 0000000000037fe0 (rw) -> mapped USER (bounds ok)
[kernel ] spawned pid 663 'posix-w' caps 0000000000000020 — private PML4 @ phys 0000000001e0f000
[elf    ] PT_LOAD vaddr 0000500000000000 filesz 000000000001b280 memsz 000000000001b280 (ro) -> mapped USER (bounds ok)
[elf    ] PT_LOAD vaddr 000050000001c000 filesz 0000000000003f1e memsz 0000000000003f1e (ro) -> mapped USER (bounds ok)
[elf    ] PT_LOAD vaddr 0000500000020000 filesz 0000000000000284 memsz 0000000000037fe0 (rw) -> mapped USER (bounds ok)
[kernel ] spawned pid 664 'posix-w' caps 0000000000000020 — private PML4 @ ph  [posix ] stdout via fd 1ys 0000000001d70000
  [posix ] stderr via fd 2
[elf    ] PT_LOAD vaddr 0000500000000000 filesz 000000000001b280 memsz 00000000
0001b280 (ro) -> mapped USER (bounds ok)  [posix ] forked child alive at ring 3 (inherited stdout)
[elf    ] PT_LOAD vaddr 000050000001c000 filesz 0000000000003f1e memsz 00000000
  [posix ] waitpid on the forked child returned after 1 tick(s)00003f1e (ro) -> mapped USER (bounds ok)

[elf    ] PT_LOAD vaddr 0000500000020000 filesz 0000000000000284 memsz 0000000000037fe0 (rw) -> mapped USER (bounds ok)
[kernel ] spawned pid 669 'posix-w' caps 0000000000000020 — private PML4 @ phys 0000000001d97000
[elf    ] PT_LOAD vaddr 0000500000000000 filesz 000000000001b280 memsz 00000000  [posix ] child wrote through the inherited stdout mapping
0001b280 (ro) -> mapped USER (bounds ok)
[elf    ] PT_LOAD vaddr 000050000001c000 filesz 0000000000003f1e memsz 0000000000003f1e (ro) -> mapped USER (bounds ok)
[elf    ] PT_LOAD vaddr 0000500000020000 filesz 0000000000000284 memsz 0000000000037fe0 (rw) -> mapped USER (bounds ok)
[exec   ] pid 663 exec'd '/bin/init' (137360 bytes from CAS) -> entry 000050000000009f
  [posix ] /bin/init re-exec'd FROM THE VFS BY PATH, argv+envp intact
[kernel ] spawned pid 670 'posix-w' caps 0000000000000020 — private PML4 @ phys 0000000001af0000
[elf    ] PT_LOAD vaddr 0000500000000000 filesz 000000000001b280 memsz 000000000001b280 (ro) -> mapped USER (bounds ok)
[elf    ] PT_LOAD vaddr 000050000001c000 filesz 0000000000003f1e memsz 0000000000003f1e (ro) -> mapped USER (bounds ok)
[elf    ] PT_LOAD vaddr 0000500000020000 filesz 0000000000000284 memsz 0000000000037fe0 (rw) -> mapped USER (bounds ok)
[kernel ] spawned pid 671 'posix-w' caps 0000000000000020 — private PML4 @ phys 0000000001dea000
[elf    ] PT_LOAD vaddr 0000500000000000 filesz 000000000001b280 memsz 000000000001b280 (ro) -> mapped USER (bounds ok)
[elf    ] PT_LOAD vaddr 000050000001c000 filesz 0000000000003f1e memsz 0000000000003f1e (ro) -> mapped USER (bounds ok)
[elf    ] PT_LOAD vaddr 0000500000020000 filesz 0000000000000284 memsz 0000000000037fe0 (rw) -> mapped USER (bounds ok)
[kernel ] spawned pid 672 'posix-w' caps 0000000000000020 — private PML4 @ phys 0000000001dd7000
[elf    ] PT_LOAD vaddr 0000500000000000 filesz 000000000001b280 memsz 000000000001b280 (ro) -> mapped USER (bounds ok)
[elf    ] PT_LOAD vaddr 000050000001c000 filesz 0000000000003f1e memsz 0000000000003f1e (ro) -> mapped USER (bounds ok)
[elf    ] PT_LOAD vaddr 0000500000020000 filesz 0000000000000284 memsz 0000000000037fe0 (rw) -> mapped USER (bounds ok)
[kernel ] spawned pid 673 'posix-w' caps 0000000000000020 — private PML4 @ phys 0000000001a68000
[elf    ] PT_LOAD vaddr 0000500000000000 filesz 000000000001b280 memsz 000000000001b280 (ro) -> mapped USER (bounds ok)
[elf    ] PT_LOAD vaddr 000050000001c000 filesz 0000000000003f1e memsz 0000000000003f1e (ro) -> mapped USER (bounds ok)
[elf    ] PT_LOAD vaddr 0000500000020000 filesz 0000000000000284 memsz 0000000000037fe0 (rw) -> mapped USER (bounds ok)
[kernel ] spawned pid 674 'posix-w' caps 0000000000000020 — private PML4 @ phys 0000000001d51000
[elf    ] PT_LOAD vaddr 0000500000000000 filesz 000000000001b280 memsz 000000000001b280 (ro) -> mapped USER (bounds ok)
[elf    ] PT_LOAD vaddr 000050000001c000 filesz 0000000000003f1e memsz 0000000000003f1e (ro) -> mapped USER (bounds ok)
[elf    ] PT_LOAD vaddr 0000500000020000 filesz 0000000000000284 memsz 0000000000037fe0 (rw) -> mapped USER (bounds ok)
[kernel ] spawned pid 675 'posix-w' caps 0000000000000020 — private PML4 @ phys 0000000001808000
[elf    ] PT_LOAD vaddr 0000500000000000 filesz 000000000001b280 memsz 000000000001b280 (ro) -> mapped USER (bounds ok)
[elf    ] PT_LOAD vaddr 000050000001c000 filesz 0000000000003f1e memsz 0000000000003f1e (ro) -> mapped USER (bounds ok)
[elf    ] PT_LOAD vaddr 0000500000020000 filesz 0000000000000284 memsz 0000000000037fe0 (rw) -> mapped USER (bounds ok)
[kernel ] spawned pid 676 'posix-w' caps 0000000000000020 — private PML4 @ phys 0000000001a5f000
[elf    ] PT_LOAD vaddr 0000500000000000 filesz 000000000001b280 memsz 000000000001b280 (ro) -> mapped USER (bounds ok)
[elf    ] PT_LOAD vaddr 000050000001c000 filesz 0000000000003f1e memsz 0000000000003f1e (ro) -> mapped USER (bounds ok)
[elf    ] PT_LOAD vaddr 0000500000020000 filesz 0000000000000284 memsz 0000000000037fe0 (rw) -> mapped USER (bounds ok)
  [posix ] stdout via fd 1[kernel ] spawned pid 677 'posix-w' caps 0000000000000020 — private PML4 @
  [posix ] stderr via fd 2 phys 0000000001cda000

[elf    ] PT_LOAD vaddr 0000500000000000 filesz 000000000001b280 memsz 00000000  [posix ] forked child alive at ring 3 (inherited stdout)0001b280 (ro) -> mapped USER (bounds ok)
  [posix ] waitpid on the forked child returned after 4 tick(s)
[elf    ] PT_LOAD vaddr 000050000001c000 filesz 0000000000003f1e memsz 00000000
00003f1e (ro) -> mapped USER (bounds ok)
[elf    ] PT_LOAD vaddr 0000500000020000 filesz 0000000000000284 memsz 0000000000037fe0 (rw) -> mapped USER (bounds ok)
[elf    ] PT_LOAD vaddr 0000500000000000 filesz 000000000001b280 memsz 000000000001b280 (ro) -> mapped USER (bounds ok)
[kernel ] spawned pid 682 'posix-w' caps 0000000000000020 — private PML4 @ phys 0000000001df4000
[elf    ] PT_LOAD vaddr 000050000001c000 filesz 0000000000003f1e memsz 0000000000003f1e (ro) -> mapped USER (bounds ok)  [posix ] child wrote through the inherited stdout mapping

[elf    ] PT_LOAD vaddr 0000500000020000 filesz 0000000000000284 memsz 0000000000037fe0 (rw) -> mapped USER (bounds ok)
[exec   ] pid 676 exec'd '/bin/init' (137360 bytes from CAS) -> entry 000050000000009f
  [posix ] /bin/init re-exec'd FROM THE VFS BY PATH, argv+envp intact
[kernel ] spawned pid 683 'posix-w' caps 0000000000000020 — private PML4 @ phys 0000000001dd7000
[elf    ] PT_LOAD vaddr 0000500000000000 filesz 000000000001b280 memsz 000000000001b280 (ro) -> mapped USER (bounds ok)
[elf    ] PT_LOAD vaddr 000050000001c000 filesz 0000000000003f1e memsz 0000000000003f1e (ro) -> mapped USER (bounds ok)
[elf    ] PT_LOAD vaddr 0000500000020000 filesz 0000000000000284 memsz 0000000000037fe0 (rw) -> mapped USER (bounds ok)
[kernel ] spawned pid 684 'posix-w' caps 0000000000000020 — private PML4 @ phys 0000000001d6b000
[elf    ] PT_LOAD vaddr 0000500000000000 filesz 000000000001b280 memsz 000000000001b280 (ro) -> mapped USER (bounds ok)
[elf    ] PT_LOAD vaddr 000050000001c000 filesz 0000000000003f1e memsz 0000000000003f1e (ro) -> mapped USER (bounds ok)
[elf    ] PT_LOAD vaddr 0000500000020000 filesz 0000000000000284 memsz 0000000000037fe0 (rw) -> mapped USER (bounds ok)
[kernel ] spawned pid 685 'posix-w' caps 0000000000000020 — private PML4 @ phys 0000000001af8000
[elf    ] PT_LOAD vaddr 0000500000000000 filesz 000000000001b280 memsz 000000000001b280 (ro) -> mapped USER (bounds ok)
[elf    ] PT_LOAD vaddr 000050000001c000 filesz 0000000000003f1e memsz 0000000000003f1e (ro) -> mapped USER (bounds ok)
[elf    ] PT_LOAD vaddr 0000500000020000 filesz 0000000000000284 memsz 0000000000037fe0 (rw) -> mapped USER (bounds ok)
[kernel ] spawned pid 686 'posix-w' caps 0000000000000020 — private PML4 @ phys 00000000017f2000
[elf    ] PT_LOAD vaddr 0000500000000000 filesz 000000000001b280 memsz 000000000001b280 (ro) -> mapped USER (bounds ok)
[elf    ] PT_LOAD vaddr 000050000001c000 filesz 0000000000003f1e memsz 0000000000003f1e (ro) -> mapped USER (bounds ok)
[elf    ] PT_LOAD vaddr 0000500000020000 filesz 0000000000000284 memsz 0000000000037fe0 (rw) -> mapped USER (bounds ok)
[kernel ] spawned pid 687 'posix-w' caps 0000000000000020 — private PML4 @ phys 0000000001d47000
[elf    ] PT_LOAD vaddr 0000500000000000 filesz 000000000001b280 memsz 000000000001b280 (ro) -> mapped USER (bounds ok)
[elf    ] PT_LOAD vaddr 000050000001c000 filesz 0000000000003f1e memsz 0000000000003f1e (ro) -> mapped USER (bounds ok)
[elf    ] PT_LOAD vaddr 0000500000020000 filesz 0000000000000284 memsz 0000000000037fe0 (rw) -> mapped USER (bounds ok)
[kernel ] spawned pid 688 'posix-w' caps 0000000000000020 — private PML4 @ phys 0000000001d10000
[elf    ] PT_LOAD vaddr 0000500000000000 filesz 000000000001b280 memsz 000000000001b280 (ro) -> mapped USER (bounds ok)
[elf    ] PT_LOAD vaddr 000050000001c000 filesz 0000000000003f1e memsz 0000000000003f1e (ro) -> mapped USER (bounds ok)
[elf    ] PT_LOAD vaddr 0000500000020000 filesz 0000000000000284 memsz 0000000000037fe0 (rw) -> mapped USER (bounds ok)
[kernel ] spawned pid 689 'posix-w' caps 0000000000000020 — private PML4 @ phys 0000000001b35000
[elf    ] PT_LOAD vaddr 0000500000000000 filesz 000000000001b280 memsz 000000000001b280 (ro) -> mapped USER (bounds ok)
[elf    ] PT_LOAD vaddr 000050000001c000 filesz 0000000000003f1e memsz 0000000000003f1e (ro) -> mapped USER (bounds ok)
[elf    ] PT_LOAD vaddr 0000500000020000 filesz 0000000000000284 memsz 0000000000037fe0 (rw) -> mapped USER (bounds ok)
[kernel ] spawned pid   [posix ] stdout via fd 16
  [posix ] stderr via fd 290 'posix-w' caps 0000000000000020 — private PML4 @ phys 0000000001bd6000

[elf    ] PT_LOAD vaddr 0000500000000000 filesz 000000000001b280 memsz 000000000001b280 (ro) -> mapped USER (bounds ok)  [posix ] forked child alive at ring 3 (inherited stdout)
[elf    ] PT_LOAD vaddr 000050000001c000 filesz 0000000000003f1e memsz 00000000
  [posix ] waitpid on the forked child returned after 1 tick(s)
00003f1e (ro) -> mapped USER (bounds ok)
[elf    ] PT_LOAD vaddr 0000500000020000 filesz 0000000000000284 memsz 0000000000037fe0 (rw) -> mapped USER (bounds ok)
[elf    ] PT_LOAD vaddr 0000500000000000 filesz 000000000001b280 memsz 000000000001b280 (ro) -> mapped USER (bounds ok)
[kernel ] spawned pid 695 'posix-w' caps 0000000000000020 — private PML4 @ phys 0000000001d7d000
[elf    ] PT_LOAD vaddr 000050000001c000 filesz 0000000000003f1e memsz 0000000000003f1e (ro) -> mapped USER (bounds ok)  [posix ] child wrote through the inherited stdout mapping

[elf    ] PT_LOAD vaddr 0000500000020000 filesz 0000000000000284 memsz 0000000000037fe0 (rw) -> mapped USER (bounds ok)
[exec   ] pid 689 exec'd '/bin/init' (137360 bytes from CAS) -> entry 000050000000009f
  [posix ] /bin/init re-exec'd FROM THE VFS BY PATH, argv+envp intact
[kernel ] spawned pid 696 'posix-orph' caps 0000000000000020 — private PML4 @ phys 0000000001af8000
[elf    ] PT_LOAD vaddr 0000500000000000 filesz 000000000001b280 memsz 000000000001b280 (ro) -> mapped USER (bounds ok)
[elf    ] PT_LOAD vaddr 000050000001c000 filesz 0000000000003f1e memsz 0000000000003f1e (ro) -> mapped USER (bounds ok)
[elf    ] PT_LOAD vaddr 0000500000020000 filesz 0000000000000284 memsz 0000000000037fe0 (rw) -> mapped USER (bounds ok)
[kernel ] spawned pid 697 'posix-orph' caps 0000000000000020 — private PML4 @ phys 0000000001a89000
[kernel ] spawned pid 698 'posix-orph' caps 0000000000000020 — private PML4 @ phys 0000000001b27000
[kernel ] spawned pid 699 'posix-orph' caps 0000000000000020 — private PML4 @ phys 0000000001a89000
[kernel ] spawned pid 700 'posix-orph' caps 0000000000000020 — private PML4 @ phys 0000000001a89000
[kernel ] spawned pid 701 'posix-orph' caps 0000000000000020 — private PML4 @ phys 0000000001a89000
[kernel ] spawned pid 702 'posix-orph' caps 0000000000000020 — private PML4 @ phys 0000000001a89000
[posixstrs] orphan phase: orphan pid 698 exited 42
[posixstrs]  PASS  every round ran all 7 POSIX workers to a terminal state (no watchdog timeout)
[posixstrs]  PASS  the cross-generation orphan experiment ran end to end (worker, doomed parent and orphan all terminal)
[posixstrs]  PASS  the doomed parent's slot really was recycled while the orphan still pointed at it (positive control)
[posixstrs]  PASS  getppid() across that recycle answered orphan (0), never a stranger's pid
[posixstrs]  PASS  ppid_live()'s generation guard was actually exercised this boot (stale links detected > 0)
[posixstrs]  PASS  no stale parent link was ever resolved to a live slot
[posixstrs]  PASS  every worker's ring-3 assertions passed (exit code == its success sentinel)
[posixstrs]  PASS  fork() produced real children: distinct pid AND distinct cr3 from the parent
[posixstrs]  PASS  every forked child ran its own image and exited 42
[posixstrs]  PASS  every child's address space was fully reclaimed; no thread group left accounted live
[posixstrs] this suite: 12 fork(s), 6 execve(s), 12 thread(s), 5 child kproc(s)
[posixstrs] fork enqueue->first dispatch: n=17  max=1 tick(s)  avg=0 tick(s)
[posixstrs]  PASS  fork/exec/thread counters all advanced (the syscalls really ran)
[posixstrs] signals: +17 raised, +15 delivered to ring 3, +9 sigreturns
[posixstrs]  PASS  signal deliveries into ring 3 advanced (>= 5 per round)
[posixstrs]  PASS  SYS_SIGRETURN restored real frames (>= 3 per round: SIGINT, SIGALRM, SIGCHLD)
[posixstrs]  PASS  POSIX workers genuinely overlapped in ring 3 across cores (SMP)
[posixstrs]  PASS  no descriptor leaked across the storm (incl. fds inherited by forked children)
[posixstrs] +2908 freed, +2908 reused; global depth 3160
[posixstrs]  PASS  free-frame count reconciles (g_frame_free_depth == lifetime freed - reused)
[posixstrs]  PASS  no lock-rank violation anywhere in the POSIX paths
[posixstrs] CONTROL duplicate-pid pairs now live = 0
[posixstrs] stale parent links DETECTED (all builds) = 24
[posixstrs] stale parent links RESOLVED ANYWAY (the bug) = 0
[posixstrs] RESULT: 17 passed, 0 failed
[posixstrs] POSIX STRESS VERIFIED — fork/exec/waitpid, signal frames and pthread mutexes leak-free
-- done --
-- SHASTRS: SHA-256 against FIPS 180-4 / NIST CAVP vectors --
[shastrs]  PASS  FIPS 180-4: the empty message
[shastrs]  PASS  FIPS 180-4 B.1: "abc" (one block)
[shastrs]  PASS  FIPS 180-4 B.2: 56-byte message (padding spills to a 2nd block)
[shastrs]  PASS  NIST CAVP: 112-byte message (multi-block)
[shastrs]  PASS  FIPS 180-4 B.3: one million 'a' (streamed, 8,000,000-bit length)
[shastrs] streaming equivalence: 3417 splits checked, 0 mismatched
[shastrs]  PASS  chunked update() equals one-shot for every length 0..200 x chunk 1..17
[shastrs]  PASS  a one-bit input change alters most of the digest (>= 16 of 32 bytes)
[shastrs]  PASS  the same input hashes to the same digest twice
[shastrs]  PASS  RFC 4231 TC1: 20-byte 0x0b key, "Hi There"
[shastrs]  PASS  RFC 4231 TC2: short ASCII key ("Jefe")
[shastrs]  PASS  RFC 4231 TC3: 20-byte 0xaa key, 50 bytes of 0xdd
[shastrs]  PASS  RFC 4231 TC6: 131-byte key (longer than the block: hashed first)
[shastrs]  PASS  PBKDF2-HMAC-SHA256 c=1  ("password","salt",dkLen=32)
[shastrs]  PASS  PBKDF2-HMAC-SHA256 c=2  (proves U1^..^Uc, not just Uc)
[shastrs]  PASS  PBKDF2-HMAC-SHA256 c=4096 (the count UDB uses)
[shastrs]  PASS  legacy udb_kdf("correct horse") still matches PBKDF2 c=4096 through the multi-block code
[shastrs]  PASS  legacy udb_kdf("correct horsf") — the one-character neighbour
[shastrs]  PASS  legacy udb_kdf("") — the empty password derives normally
[shastrs]  PASS  udb_kdf() now derives with scrypt, NOT the legacy PBKDF2 digest
[shastrs]  PASS  udb_kdf() is deterministic for the same password and salt
[shastrs]  PASS  UDB_HASH_LEN equals the SHA-256 digest size — no truncation
[shastrs] RESULT: 21 passed, 0 failed
[shastrs] SHA-256 VERIFIED — FIPS 180-4 vectors, streaming equivalence, 1M-byte length field
-- done --
-- AUTHSTRS: password KDF, account lockout, and credential transitions --
[authstrs]  PASS  two generated salts differ
[authstrs]  PASS  the KDF is deterministic for one password and salt
[authstrs]  PASS  the SAME password under a different salt gives a different digest
[authstrs]  PASS  a one-character password change changes the digest
[authstrs]  PASS  the constant-time compare rejects a difference in the LAST byte
[authstrs]  PASS  and one in the FIRST byte
[cas    ] put len 512 hash 1282c146944ddd39 -> block 1119 (stored)
[cas    ] put len 512 hash 846fbc402acb36f3 -> block 1120 (stored)
[cas    ] put len 512 hash 950e9eb0edc184ca -> block 1121 (stored)
[udb    ] saved generation 1 to slot A (1536 bytes)
[authstrs]  PASS  root can create an account
[cas    ] put len 512 hash b688c7504cd73884 -> block 1122 (stored)
[cas    ] put len 512 hash beaaae4fd6e86ecb -> block 1123 (stored)
[cas    ] put len 512 hash 98af8e4e11c643f5 -> block 1124 (stored)
[udb    ] saved generation 2 to slot B (1536 bytes)
[authstrs]  PASS  a second, distinct account
[authstrs]  PASS  a duplicate account name is refused
[authstrs]  PASS  an empty account name is refused
[cas    ] put len 512 hash 2f911511a9995f14 -> block 1125 (stored)
[cas    ] put len 512 hash 4765158361d4c5f0 -> block 1126 (stored)
[cas    ] put len 512 hash 72b203a1a145e34a -> block 1127 (stored)
[udb    ] saved generation 3 to slot A (1536 bytes)
[authstrs]  PASS  two accounts sharing a password hold different digests
[authstrs]  PASS  the right password authenticates and returns the uid
[authstrs]  PASS  the wrong password is refused
[authstrs]  PASS  an unknown user is refused with the SAME code as a wrong password
[authstrs]  PASS  a successful auth does not change the caller's credentials
[cas    ] put len 512 hash 49956a1551f8f7bf -> block 1119 (stored)
[cas    ] put len 512 hash 7a826205ee9aa32e -> block 1120 (stored)
[cas    ] put len 512 hash c570bfdf8e863c0a -> block 1121 (stored)
[udb    ] saved generation 4 to slot B (1536 bytes)
[authstrs]  PASS  a legacy PBKDF2 record can be constructed for the test
[udb    ] upgraded 'm80legacy' from PBKDF2 to scrypt on successful login
[cas    ] put len 512 hash 1f38c22d3f89d654 -> block 1122 (stored)
[cas    ] put len 512 hash 696b232fbfe80f25 -> block 1123 (stored)
[cas    ] put len 512 hash 924ecceef79b80e1 -> block 1124 (stored)
[udb    ] saved generation 5 to slot A (1536 bytes)
[authstrs]  PASS  a PBKDF2-era account still authenticates after the KDF change
[authstrs]  PASS  ...and is transparently upgraded to scrypt by that login
[authstrs]  PASS  the upgraded record still accepts the same password
[authstrs]  PASS  the upgraded record still refuses the wrong one
[authstrs]  PASS  a second login does not upgrade again
[authstrs]  PASS  two failures short of the limit do not lock the account
[authstrs]  PASS  a success clears the consecutive-failure count
[auth   ] account 'm74bob' LOCKED after 3 consecutive failures
[authstrs]  PASS  UDB_MAX_FAILS consecutive failures lock the account
[authstrs]  PASS  the lockout was counted
[authstrs]  PASS  a LOCKED account refuses even the correct password
[authstrs]  PASS  and the other accounts are unaffected by it
[kernel ] spawned pid 703 'u-cred' caps 0000000000000020 — private PML4 @ phys 0000000001af8000
[authstrs]  PASS  a fresh process is root in all six ids
[authstrs]  PASS  root may seteuid to an unprivileged id
[authstrs]  PASS  ...which moves ONLY the effective id
[authstrs]  PASS  ...and the process is no longer privileged
[authstrs]  PASS  it may return to the SAVED id
[authstrs]  PASS  an unprivileged process may NOT seteuid to an unrelated id
[authstrs]  PASS  ...but may return to its real id
[authstrs]  PASS  privileged setuid sets all three ids
[authstrs]  PASS  after a permanent drop, root cannot be regained by setuid
[authstrs]  PASS  nor by seteuid
[authstrs]  PASS  egid 0 does NOT make a process privileged for setgid
[authstrs]  PASS  SYS_GETUID reports the real id and SYS_GETEUID the effective
[authstrs]  PASS  an unprivileged process may not create an account
[kernel ] spawned pid 704 'u-credrecyc' caps 0000000000000020 — private PML4 @ phys 0000000001dad000
[authstrs]  PASS  a recycled slot inherits no effective or saved id
[authstrs]  PASS  a serialised image verifies its own digest
[authstrs]  PASS  the generation survives serialisation
[authstrs]  PASS  two writes of the same accounts produce DIFFERENT bytes (no dedup)
[authstrs]  PASS  EVERY 512-byte segment differs between writes (per-chunk nonce)
[authstrs]  PASS  a single flipped body byte fails the digest
[authstrs]  PASS  a wrong magic is rejected
[authstrs]  PASS  the on-disk image size is independent of account count
[authstrs]  PASS  lockout state is never persisted — it comes back clear
[cas    ] put len 512 hash 43cd8746463982eb -> block 1125 (stored)
[cas    ] put len 512 hash 42e12aa5ce300c2e -> block 1126 (stored)
[cas    ] put len 512 hash 018d506a11455f9e -> block 1127 (stored)
[udb    ] saved generation 6 to slot B (1536 bytes)
[authstrs] RESULT: 49 passed, 0 failed
[authstrs] AUTH VERIFIED — salted KDF, constant-time verify, lockout, and a one-way privilege door
-- done --
-- TOOLCHAIN STRESS: author -> compile -> run, natively in ring 3 --
[toolstrs]  PASS  the SDK is installed in the VFS (7 headers + runtime + README)
[toolstrs] SDK listing: 7 under /usr/include/, 2 under /usr/lib/
[toolstrs]  PASS  readdir over the flat namespace enumerates /usr/include and /usr/lib
[toolstrs] /usr/lib/libc.oc: 7683 bytes, 7/7 required definitions
[toolstrs]  PASS  /usr/lib/libc.oc defines every runtime symbol the SDK headers declare
[kernel ] spawned pid 705 'selfhost' caps 0000000000000020 — private PML4 @ phys 0000000001dac000
[elf    ] PT_LOAD vaddr 0000500000000000 filesz 000000000001b280 memsz 000000000001b280 (ro) -> mapped USER (bounds ok)
[elf    ] PT_LOAD vaddr 000050000001c000 filesz 0000000000003f1e memsz 0000000000003f1e (ro) -> mapped USER (bounds ok)
[elf    ] PT_LOAD vaddr 0000500000020000 filesz 0000000000000284 memsz 0000000000037fe0 (rw) -> mapped USER (bounds ok)
[cas    ] put len 247 hash 4cfe7155ffc43e08 -> block 1119 (stored)
[cas    ] put len 512 hash ea0fd3fd3a0aad89 -> DEDUP to block 877 (no write)
[cas    ] put len 512 hash 966f4dd399921622 -> DEDUP to block 878 (no write)
[cas    ] put len 512 hash 9f7d60c3d7a4022f -> DEDUP to block 879 (no write)
[cas    ] put len 512 hash 2e8a82bd010987a6 -> DEDUP to block 880 (no write)
[cas    ] put len 312 hash 8dfd0546824ab966 -> block 1120 (stored)
[cas    ] put len 102 hash 2e64e942ff8a2ddf -> block 1121 (stored)
[kernel ] spawned pid 706 'selfhost' caps 0000000000000020 — private PML4 @ phys 0000000001be0000
[elf    ] PT_LOAD vaddr 0000500000000000 filesz 000000000001b280 memsz 000000000001b280 (ro) -> mapped USER (bounds ok)
[elf    ] PT_LOAD vaddr 000050000001c000 filesz 0000000000003f1e memsz 0000000000003f1e (ro) -> mapped USER (bounds ok)
[elf    ] PT_LOAD vaddr 0000500000020000 filesz 0000000000000284 memsz 0000000000037fe0 (rw) -> mapped USER (bounds ok)
[exec   ] pid 706 exec'd '/bin/occ' (137360 bytes from CAS) -> entry 000050000000009f
occ: 2 input files compiled as one translation unit
[cas    ] put len 512 hash 0b99aa59d8779c6f -> block 1128 (stored)
[cas    ] put len 512 hash 13d095491a38d98a -> block 1129 (stored)
[cas    ] put len 512 hash 9eae54915267aef6 -> block 1130 (stored)
[cas    ] put len 512 hash 295fad540c80c323 -> block 1131 (stored)
[cas    ] put len 512 hash 35e71effbad0c75c -> block 1132 (stored)
[cas    ] put len 512 hash b37e205af910a336 -> block 1133 (stored)
[cas    ] put len 512 hash f0eac512cea00366 -> block 1134 (stored)
[cas    ] put len 512 hash 437aeea26de71a3e -> block 1135 (stored)
[cas    ] put len 512 hash 07f3149dc32f5da5 -> block 1136 (stored)
[cas    ] put len 512 hash 43619f3a099935e2 -> block 1137 (stored)
[cas    ] put len 512 hash e547d3b10357b3a0 -> block 1138 (stored)
[cas    ] put len 512 hash 5a5fe65b62017bfb -> block 1139 (stored)
[cas    ] put len 512 hash 05fbee9601d791ac -> block 1140 (stored)
[cas    ] put len 512 hash f18e177ab231b30a -> block 1141 (stored)
[cas    ] put len 512 hash 45fa3068ab7d8575 -> block 1142 (stored)
[cas    ] put len 512 hash b92083e67c36f1cf -> block 1143 (stored)
[cas    ] put len 512 hash 16178331c79ed545 -> block 1144 (stored)
[cas    ] put len 512 hash 48a204f6c92b0af7 -> block 1145 (stored)
[cas    ] put len 512 hash 590d4c8e892d70b3 -> block 1146 (stored)
[cas    ] put len 512 hash b32c9ed454d9e606 -> block 1147 (stored)
[cas    ] put len 512 hash b2c7320d1ba717d8 -> block 1148 (stored)
[cas    ] put len 512 hash cf581ba636d0572e -> block 1149 (stored)
[cas    ] put len 512 hash 3b8d9de5b747552e -> block 1150 (stored)
[cas    ] put len 512 hash fe426f21d4cb0509 -> block 1151 (stored)
[posixstrs] .. waiting spins=3679 ticks=30571 (+200) rq0=0: pid 705(role 38,thr 1 pstate 1 rip 0000500000001fc0 pend 0000000000000000 msk 0000000000000000 sfsp 0000000000000000) child 706 
[cas    ] put len 379 hash f29975807af61dea -> block 1152 (stored)
[cas    ] put len 512 hash 0e47952cade19430 -> block 1153 (stored)
  [occ   ] compiled OK
[kernel ] spawned pid 707 'selfhost' caps 0000000000000020 — private PML4 @ phys 0000000001afb000
[elf    ] PT_LOAD vaddr 0000500000000000 filesz 0000000000002fcb memsz 0000000000002fcb (ro) -> mapped USER (bounds ok)
[elf    ] PT_LOAD vaddr 0000500000200000 filesz 00000000000000c0 memsz 00000000000000c0 (ro) -> mapped USER (bounds ok)
[elf    ] PT_LOAD vaddr 0000500000400000 filesz 0000000000000000 memsz 0000000000000000 (rw) -> mapped USER (bounds ok)
[exec   ] pid 707 exec'd '/bin/t.elf' (12667 bytes from CAS) -> entry 0000500000000000
  [a.out ] SYS_WRITE came from <outrun_abi.h>
  [a.out ] compiled by occ against /usr/lib/libc.oc; main returns 147
  [self  ] authored, compiled and RAN a program without a host toolchain
[toolstrs] round 0: occ emitted /bin/t.elf, 12667 bytes, 25 chunk(s)
[kernel ] spawned pid 708 'selfhost' caps 0000000000000020 — private PML4 @ phys 0000000001dac000
[elf    ] PT_LOAD vaddr 0000500000000000 filesz 000000000001b280 memsz 000000000001b280 (ro) -> mapped USER (bounds ok)
[elf    ] PT_LOAD vaddr 000050000001c000 filesz 0000000000003f1e memsz 0000000000003f1e (ro) -> mapped USER (bounds ok)
[elf    ] PT_LOAD vaddr 0000500000020000 filesz 0000000000000284 memsz 0000000000037fe0 (rw) -> mapped USER (bounds ok)
[cas    ] put len 247 hash 4cfe7155ffc43e08 -> block 1119 (stored)
[cas    ] put len 512 hash ea0fd3fd3a0aad89 -> DEDUP to block 877 (no write)
[cas    ] put len 512 hash 966f4dd399921622 -> DEDUP to block 878 (no write)
[cas    ] put len 512 hash 9f7d60c3d7a4022f -> DEDUP to block 879 (no write)
[cas    ] put len 512 hash 2e8a82bd010987a6 -> DEDUP to block 880 (no write)
[cas    ] put len 312 hash 8dfd0546824ab966 -> block 1120 (stored)
[cas    ] put len 102 hash 2e64e942ff8a2ddf -> block 1121 (stored)
[kernel ] spawned pid 709 'selfhost' caps 0000000000000020 — private PML4 @ phys 0000000001c0c000
[elf    ] PT_LOAD vaddr 0000500000000000 filesz 000000000001b280 memsz 000000000001b280 (ro) -> mapped USER (bounds ok)
[elf    ] PT_LOAD vaddr 000050000001c000 filesz 0000000000003f1e memsz 0000000000003f1e (ro) -> mapped USER (bounds ok)
[elf    ] PT_LOAD vaddr 0000500000020000 filesz 0000000000000284 memsz 0000000000037fe0 (rw) -> mapped USER (bounds ok)
[exec   ] pid 709 exec'd '/bin/occ' (137360 bytes from CAS) -> entry 000050000000009f
occ: 2 input files compiled as one translation unit
[cas    ] put len 512 hash 0b99aa59d8779c6f -> block 1128 (stored)
[cas    ] put len 512 hash 13d095491a38d98a -> block 1129 (stored)
[cas    ] put len 512 hash 9eae54915267aef6 -> block 1130 (stored)
[cas    ] put len 512 hash 295fad540c80c323 -> block 1131 (stored)
[cas    ] put len 512 hash 35e71effbad0c75c -> block 1132 (stored)
[cas    ] put len 512 hash b37e205af910a336 -> block 1133 (stored)
[cas    ] put len 512 hash f0eac512cea00366 -> block 1134 (stored)
[cas    ] put len 512 hash 437aeea26de71a3e -> block 1135 (stored)
[cas    ] put len 512 hash 07f3149dc32f5da5 -> block 1136 (stored)
[cas    ] put len 512 hash 43619f3a099935e2 -> block 1137 (stored)
[cas    ] put len 512 hash e547d3b10357b3a0 -> block 1138 (stored)
[cas    ] put len 512 hash 5a5fe65b62017bfb -> block 1139 (stored)
[cas    ] put len 512 hash 05fbee9601d791ac -> block 1140 (stored)
[cas    ] put len 512 hash f18e177ab231b30a -> block 1141 (stored)
[cas    ] put len 512 hash 45fa3068ab7d8575 -> block 1142 (stored)
[cas    ] put len 512 hash b92083e67c36f1cf -> block 1143 (stored)
[cas    ] put len 512 hash 16178331c79ed545 -> block 1144 (stored)
[cas    ] put len 512 hash 48a204f6c92b0af7 -> block 1145 (stored)
[cas    ] put len 512 hash 590d4c8e892d70b3 -> block 1146 (stored)
[cas    ] put len 512 hash b32c9ed454d9e606 -> block 1147 (stored)
[cas    ] put len 512 hash b2c7320d1ba717d8 -> block 1148 (stored)
[cas    ] put len 512 hash cf581ba636d0572e -> block 1149 (stored)
[posixstrs] .. waiting spins=3575 ticks=30881 (+200) rq0=0: pid 708(role 38,thr 1 pstate 1 rip 0000500000001fc0 pend 0000000000000000 msk 0000000000000000 sfsp 0000000000000000) child 709 
[cas    ] put len 512 hash 3b8d9de5b747552e -> block 1150 (stored)
[cas    ] put len 512 hash fe426f21d4cb0509 -> block 1151 (stored)
[cas    ] put len 379 hash f29975807af61dea -> block 1152 (stored)
[cas    ] put len 512 hash 0e47952cade19430 -> block 1153 (stored)
  [occ   ] compiled OK
[kernel ] spawned pid 710 'selfhost' caps 0000000000000020 — private PML4 @ phys 0000000001b4b000
[elf    ] PT_LOAD vaddr 0000500000000000 filesz 0000000000002fcb memsz 0000000000002fcb (ro) -> mapped USER (bounds ok)
[elf    ] PT_LOAD vaddr 0000500000200000 filesz 00000000000000c0 memsz 00000000000000c0 (ro) -> mapped USER (bounds ok)
[elf    ] PT_LOAD vaddr 0000500000400000 filesz 0000000000000000 memsz 0000000000000000 (rw) -> mapped USER (bounds ok)
[exec   ] pid 710 exec'd '/bin/t.elf' (12667 bytes from CAS) -> entry 0000500000000000
  [a.out ] SYS_WRITE came from <outrun_abi.h>
  [a.out ] compiled by occ against /usr/lib/libc.oc; main returns 147
  [self  ] authored, compiled and RAN a program without a host toolchain
[toolstrs] round 1: occ emitted /bin/t.elf, 12667 bytes, 25 chunk(s)
[toolstrs]  PASS  every round authored, compiled and ran a program (driver exited 940)
[toolstrs]  PASS  the compiler produced a new executable in the VFS
[toolstrs]  PASS  its output is a well-formed 3-segment x86-64 ELF (R+X, R, R+W)
[toolstrs]  PASS  NO segment it emits is both writable and executable (W^X holds for compiler output)
[toolstrs] +820 freed, +820 reused; global depth 3158
[toolstrs]  PASS  free-frame count reconciles (g_frame_free_depth == lifetime freed - reused)
[toolstrs]  PASS  no lock-rank violation across the toolchain paths
[toolstrs] RESULT: 9 passed, 0 failed
[toolstrs] SELF-HOSTING VERIFIED — OutRun compiled and ran a program with no host toolchain
-- done --
-- COMPILER STRESS: preprocessor, struct layout, multi-unit, and refusals --
[kernel ] spawned pid 711 'compstr' caps 0000000000000020 — private PML4 @ phys 0000000001dac000
[elf    ] PT_LOAD vaddr 0000500000000000 filesz 000000000001b280 memsz 000000000001b280 (ro) -> mapped USER (bounds ok)
[elf    ] PT_LOAD vaddr 000050000001c000 filesz 0000000000003f1e memsz 0000000000003f1e (ro) -> mapped USER (bounds ok)
[elf    ] PT_LOAD vaddr 0000500000020000 filesz 0000000000000284 memsz 0000000000037fe0 (rw) -> mapped USER (bounds ok)
[cas    ] put len 392 hash 3093456a4c932555 -> block 1154 (stored)
[cas    ] put len 512 hash d07af1c51c0ae345 -> block 1155 (stored)
[cas    ] put len 512 hash c8825dadfcc9e6e4 -> block 1156 (stored)
[cas    ] put len 14 hash a2077f1f9871efd5 -> block 1157 (stored)
[cas    ] put len 76 hash d3dd314bfe7e6cfc -> block 1158 (stored)
[kernel ] spawned pid 712 'compstr' caps 0000000000000020 — private PML4 @ phys 0000000001828000
[elf    ] PT_LOAD vaddr 0000500000000000 filesz 000000000001b280 memsz 000000000001b280 (ro) -> mapped USER (bounds ok)
[elf    ] PT_LOAD vaddr 000050000001c000 filesz 0000000000003f1e memsz 0000000000003f1e (ro) -> mapped USER (bounds ok)
[elf    ] PT_LOAD vaddr 0000500000020000 filesz 0000000000000284 memsz 0000000000037fe0 (rw) -> mapped USER (bounds ok)
[exec   ] pid 712 exec'd '/bin/occ' (137360 bytes from CAS) -> entry 000050000000009f
occ: 2 input files compiled as one translation unit
[cas    ] put len 512 hash 75422c3c38daf8fa -> block 1159 (stored)
[cas    ] put len 512 hash 13d095491a38d98a -> DEDUP to block 1129 (no write)
[cas    ] put len 512 hash 9eae54915267aef6 -> DEDUP to block 1130 (no write)
[cas    ] put len 512 hash 295fad540c80c323 -> DEDUP to block 1131 (no write)
[cas    ] put len 512 hash 35e71effbad0c75c -> DEDUP to block 1132 (no write)
[cas    ] put len 512 hash b37e205af910a336 -> DEDUP to block 1133 (no write)
[cas    ] put len 512 hash f0eac512cea00366 -> DEDUP to block 1134 (no write)
[cas    ] put len 512 hash 437aeea26de71a3e -> DEDUP to block 1135 (no write)
[cas    ] put len 512 hash 07f3149dc32f5da5 -> DEDUP to block 1136 (no write)
[cas    ] put len 512 hash 43619f3a099935e2 -> DEDUP to block 1137 (no write)
[cas    ] put len 512 hash e547d3b10357b3a0 -> DEDUP to block 1138 (no write)
[cas    ] put len 512 hash 5a5fe65b62017bfb -> DEDUP to block 1139 (no write)
[cas    ] put len 512 hash 05fbee9601d791ac -> DEDUP to block 1140 (no write)
[cas    ] put len 512 hash f18e177ab231b30a -> DEDUP to block 1141 (no write)
[cas    ] put len 512 hash 45fa3068ab7d8575 -> DEDUP to block 1142 (no write)
[cas    ] put len 512 hash f62f25e2bedaeee6 -> block 1160 (stored)
[cas    ] put len 512 hash ea8fc13ed54de0df -> block 1161 (stored)
[cas    ] put len 512 hash 9bb9d09049637435 -> block 1162 (stored)
[cas    ] put len 512 hash c4efd38063d3c352 -> block 1163 (stored)
[cas    ] put len 193 hash aa14d77e7da5eefe -> block 1164 (stored)
[cas    ] put len 512 hash 96e939132ecbcfdd -> block 1165 (stored)
  [occ   ] compiled OK
  [compst] compiled the two-unit build in 140 ds
[kernel ] spawned pid 713 'compstr' caps 0000000000000020 — private PML4 @ phys 0000000001e16000
[elf    ] PT_LOAD vaddr 0000500000000000 filesz 00000000000025d1 memsz 00000000000025d1 (ro) -> mapped USER (bounds ok)
[elf    ] PT_LOAD vaddr 0000500000200000 filesz 0000000000000000 memsz 0000000000000000 (ro) -> mapped USER (bounds ok)
[elf    ] PT_LOAD vaddr 0000500000400000 filesz 0000000000000000 memsz 0000000000000000 (rw) -> mapped USER (bounds ok)
[exec   ] pid 713 exec'd '/bin/cs.elf' (9921 bytes from CAS) -> entry 0000500000000000
  [compst] offsets, alignment, nesting and cross-unit calls all verified
[cas    ] put len 62 hash 3cdb9152cb8a6bc8 -> block 1166 (stored)
[kernel ] spawned pid 714 'compstr' caps 0000000000000020 — private PML4 @ phys 0000000001a7a000
[posixstrs] .. waiting spins=3921 ticks=31139 (+200) rq0=0: pid 711(role 39,thr 1 pstate 1 rip 0000500000017baa pend 0000000000000000 msk 0000000000000000 sfsp 0000000000000000) child 714 
[elf    ] PT_LOAD vaddr 0000500000000000 filesz 000000000001b280 memsz 000000000001b280 (ro) -> mapped USER (bounds ok)
[elf    ] PT_LOAD vaddr 000050000001c000 filesz 0000000000003f1e memsz 0000000000003f1e (ro) -> mapped USER (bounds ok)
[elf    ] PT_LOAD vaddr 0000500000020000 filesz 0000000000000284 memsz 0000000000037fe0 (rw) -> mapped USER (bounds ok)
[exec   ] pid 714 exec'd '/bin/occ' (137360 bytes from CAS) -> entry 000050000000009f
occ: /src/cs_n.c:3: '.' on a pointer; use '->' 'a'
occ: /src/cs_n.c:3: '.' on a pointer; use '->' 'a'
[cas    ] put len 51 hash 856c86cdfbc3be42 -> block 1166 (stored)
[kernel ] spawned pid 715 'compstr' caps 0000000000000020 — private PML4 @ phys 0000000001bdd000
[elf    ] PT_LOAD vaddr 0000500000000000 filesz 000000000001b280 memsz 000000000001b280 (ro) -> mapped USER (bounds ok)
[elf    ] PT_LOAD vaddr 000050000001c000 filesz 0000000000003f1e memsz 0000000000003f1e (ro) -> mapped USER (bounds ok)
[elf    ] PT_LOAD vaddr 0000500000020000 filesz 0000000000000284 memsz 0000000000037fe0 (rw) -> mapped USER (bounds ok)
[exec   ] pid 715 exec'd '/bin/occ' (137360 bytes from CAS) -> entry 000050000000009f
occ: /src/cs_n.c:3: function already defined 'main'
[cas    ] put len 69 hash 9f97b6166727a308 -> block 1166 (stored)
[kernel ] spawned pid 716 'compstr' caps 0000000000000020 — private PML4 @ phys 0000000001a63000
[posixstrs] .. waiting spins=10977 ticks=31339 (+400) rq0=0: pid 711(role 39,thr 1 pstate 1 rip 0000500000017baa pend 0000000000000000 msk 0000000000000000 sfsp 0000000000000000) child 716 
[elf    ] PT_LOAD vaddr 0000500000000000 filesz 000000000001b280 memsz 000000000001b280 (ro) -> mapped USER (bounds ok)
[elf    ] PT_LOAD vaddr 000050000001c000 filesz 0000000000003f1e memsz 0000000000003f1e (ro) -> mapped USER (bounds ok)
[elf    ] PT_LOAD vaddr 0000500000020000 filesz 0000000000000284 memsz 0000000000037fe0 (rw) -> mapped USER (bounds ok)
[exec   ] pid 716 exec'd '/bin/occ' (137360 bytes from CAS) -> entry 000050000000009f
occ: /src/cs_n.c:3: struct redefined with a DIFFERENT layout 'Q'
occ: /src/cs_n.c:4: no main() in any input file, building '/bin/cs_n.elf'
[cas    ] put len 63 hash 61a3996ef9809755 -> block 1166 (stored)
[kernel ] spawned pid 717 'compstr' caps 0000000000000020 — private PML4 @ phys 0000000001e01000
[elf    ] PT_LOAD vaddr 0000500000000000 filesz 000000000001b280 memsz 000000000001b280 (ro) -> mapped USER (bounds ok)
[elf    ] PT_LOAD vaddr 000050000001c000 filesz 0000000000003f1e memsz 0000000000003f1e (ro) -> mapped USER (bounds ok)
[elf    ] PT_LOAD vaddr 0000500000020000 filesz 0000000000000284 memsz 0000000000037fe0 (rw) -> mapped USER (bounds ok)
[exec   ] pid 717 exec'd '/bin/occ' (137360 bytes from CAS) -> entry 000050000000009f
occ: /src/cs_n.c:3: no such member 'zzz'
occ: /src/cs_n.c:3: no such member 'zzz'
  [compst] all four invalid programs were REFUSED, and none left an output file
[compstrs]  PASS  the driver authored, built, ran and validated a multi-unit project (exit 950)
[compstrs] /bin/cs.elf: 9921 bytes, 20 chunk(s), from TWO source units
[compstrs]  PASS  a multi-unit executable was produced in the VFS
[compstrs]  PASS  it is a well-formed 3-segment x86-64 ELF (R+X, R, R+W)
[compstrs]  PASS  NO segment is both writable and executable (W^X holds for multi-unit output)
[compstrs]  PASS  no output file survives from any REFUSED compile
[compstrs]  PASS  no descriptor leaked across seven compiler processes
[compstrs] +1101 freed, +1101 reused; global depth 3158
[compstrs]  PASS  free-frame count reconciles (g_frame_free_depth == lifetime freed - reused)
[compstrs]  PASS  no lock-rank violation across the compiler paths
[compstrs] RESULT: 8 passed, 0 failed
[compstrs] LANGUAGE VERIFIED — preprocessor, struct layout, multi-unit linkage, and refusals
-- done --
-- pipestrs: descriptor substrate, pipes, redirection, native shell --
[kernel ] spawned pid 718 'pipe' caps 0000000000002020 — private PML4 @ phys 0000000001dac000
[elf    ] PT_LOAD vaddr 0000500000000000 filesz 000000000001b280 memsz 000000000001b280 (ro) -> mapped USER (bounds ok)
[elf    ] PT_LOAD vaddr 000050000001c000 filesz 0000000000003f1e memsz 0000000000003f1e (ro) -> mapped USER (bounds ok)
[elf    ] PT_LOAD vaddr 0000500000020000 filesz 0000000000000284 memsz 0000000000037fe0 (rw) -> mapped USER (bounds ok)
[kernel ] spawned pid 719 'pipe' caps 0000000000002020 — private PML4 @ phys 0000000001da7000
[kernel ] spawned pid 720 'pipe' caps 0000000000002020 — private PML4 @ phys 0000000001dfc000
  [pipe  ] bounds, EAGAIN/EOF/EPIPE, fork inheritance, redirection and heap-across-fork all hold
[pipestrs]  PASS  pipe round trip, finite-buffer bound, EAGAIN/EOF/EPIPE and fork inheritance all behave as specified
[pipestrs]  PASS  SYS_PIPE was actually exercised (the suite is not vacuously passing)
[pipestrs]  PASS  stdout redirected to a FILE appends across writes rather than replacing (tmp/redir.txt holds both)
[kernel ] spawned pid 721 'vshbuild' caps 0000000000002020 — private PML4 @ phys 0000000001dac000
[elf    ] PT_LOAD vaddr 0000500000000000 filesz 000000000001b280 memsz 000000000001b280 (ro) -> mapped USER (bounds ok)
[elf    ] PT_LOAD vaddr 000050000001c000 filesz 0000000000003f1e memsz 0000000000003f1e (ro) -> mapped USER (bounds ok)
[elf    ] PT_LOAD vaddr 0000500000020000 filesz 0000000000000284 memsz 0000000000037fe0 (rw) -> mapped USER (bounds ok)
[cas    ] put len 44 hash 9b7577c215d3fb65 -> block 1167 (stored)
[cas    ] put len 196 hash b4b51765947b68a0 -> block 1168 (stored)
[cas    ] put len 84 hash 62e57e234351c8df -> block 1169 (stored)
[kernel ] spawned pid 722 'vshbuild' caps 0000000000002020 — private PML4 @ phys 0000000001b4c000
[elf    ] PT_LOAD vaddr 0000500000000000 filesz 000000000001b280 memsz 000000000001b280 (ro) -> mapped USER (bounds ok)
[elf    ] PT_LOAD vaddr 000050000001c000 filesz 0000000000003f1e memsz 0000000000003f1e (ro) -> mapped USER (bounds ok)
[elf    ] PT_LOAD vaddr 0000500000020000 filesz 0000000000000284 memsz 0000000000037fe0 (rw) -> mapped USER (bounds ok)
[exec   ] pid 722 exec'd '/bin/occ' (137360 bytes from CAS) -> entry 000050000000009f
[cas    ] put len 512 hash e0998c0c59d6b0e6 -> block 1170 (stored)
[cas    ] put len 512 hash 13d095491a38d98a -> DEDUP to block 1129 (no write)
[cas    ] put len 512 hash 9eae54915267aef6 -> DEDUP to block 1130 (no write)
[cas    ] put len 512 hash 295fad540c80c323 -> DEDUP to block 1131 (no write)
[cas    ] put len 512 hash 35e71effbad0c75c -> DEDUP to block 1132 (no write)
[cas    ] put len 512 hash b37e205af910a336 -> DEDUP to block 1133 (no write)
[cas    ] put len 512 hash f0eac512cea00366 -> DEDUP to block 1134 (no write)
[cas    ] put len 512 hash 437aeea26de71a3e -> DEDUP to block 1135 (no write)
[cas    ] put len 512 hash 07f3149dc32f5da5 -> DEDUP to block 1136 (no write)
[cas    ] put len 512 hash 43619f3a099935e2 -> DEDUP to block 1137 (no write)
[cas    ] put len 512 hash e547d3b10357b3a0 -> DEDUP to block 1138 (no write)
[cas    ] put len 512 hash 5a5fe65b62017bfb -> DEDUP to block 1139 (no write)
[cas    ] put len 512 hash 05fbee9601d791ac -> DEDUP to block 1140 (no write)
[cas    ] put len 512 hash f18e177ab231b30a -> DEDUP to block 1141 (no write)
[cas    ] put len 512 hash 45fa3068ab7d8575 -> DEDUP to block 1142 (no write)
[cas    ] put len 512 hash e998d0e5687a6b70 -> block 1171 (stored)
[cas    ] put len 512 hash 84b47845b8a2d728 -> block 1172 (stored)
[cas    ] put len 512 hash 4f3679cdaed99b44 -> block 1173 (stored)
[cas    ] put len 512 hash 47b54da4f991c372 -> block 1174 (stored)
[cas    ] put len 512 hash 9d743f97d2142f65 -> block 1175 (stored)
[cas    ] put len 512 hash 737d34c460c066b0 -> block 1176 (stored)
[cas    ] put len 512 hash f0af643c3f65d1bf -> block 1177 (stored)
[cas    ] put len 512 hash 7d6210542240e480 -> block 1178 (stored)
[cas    ] put len 512 hash 0cff4be759b3dfe6 -> block 1179 (stored)
[cas    ] put len 512 hash af5e04d3cc47d40f -> block 1180 (stored)
[cas    ] put len 512 hash fe27b1429b1f50f2 -> block 1181 (stored)
[cas    ] put len 512 hash 5561c8596044b222 -> block 1182 (stored)
[cas    ] put len 512 hash 1216fb43e8e8c229 -> block 1183 (stored)
[cas    ] put len 512 hash 50fe6d2659380d72 -> block 1184 (stored)
[cas    ] put len 512 hash cf2d39f43cb51dfc -> block 1185 (stored)
[cas    ] put len 512 hash 6b1390a1c481b546 -> block 1186 (stored)
[cas    ] put len 512 hash bea17c1415c72a65 -> block 1187 (stored)
[posixstrs] .. waiting spins=3597 ticks=31688 (+200) rq0=0: pid 721(role 41,thr 1 pstate 1 rip 0000500000001fc0 pend 0000000000000000 msk 0000000000000000 sfsp 0000000000000000) child 722 
[cas    ] put len 512 hash 692b77bc67399125 -> block 1188 (stored)
[cas    ] put len 512 hash 9341b93054358d9e -> block 1189 (stored)
[cas    ] put len 512 hash b9a2e4a1d401652c -> block 1190 (stored)
[cas    ] put len 512 hash 71c224cf2597f92a -> block 1191 (stored)
[cas    ] put len 512 hash 224363faf9b46e0d -> block 1192 (stored)
[cas    ] put len 512 hash bb6123b617aecb01 -> block 1193 (stored)
[cas    ] put len 512 hash 347e009c5eaa4a30 -> block 1194 (stored)
[cas    ] put len 512 hash 2ad208cca2a6ba9e -> block 1195 (stored)
[cas    ] put len 512 hash a1afa58ef60d8105 -> block 1196 (stored)
[cas    ] put len 259 hash e61318c8909208cd -> block 1197 (stored)
[cas    ] put len 512 hash da17f8cd6b314201 -> block 1198 (stored)
  [occ   ] compiled OK
[kernel ] spawned pid 723 'vshbuild' caps 0000000000002020 — private PML4 @ phys 0000000001b17000
[elf    ] PT_LOAD vaddr 0000500000000000 filesz 000000000001b280 memsz 000000000001b280 (ro) -> mapped USER (bounds ok)
[elf    ] PT_LOAD vaddr 000050000001c000 filesz 0000000000003f1e memsz 0000000000003f1e (ro) -> mapped USER (bounds ok)
[elf    ] PT_LOAD vaddr 0000500000020000 filesz 0000000000000284 memsz 0000000000037fe0 (rw) -> mapped USER (bounds ok)
[exec   ] pid 723 exec'd '/bin/occ' (137360 bytes from CAS) -> entry 000050000000009f
[cas    ] put len 512 hash a3f41c65daae2efe -> block 1199 (stored)
[cas    ] put len 512 hash 13d095491a38d98a -> DEDUP to block 1129 (no write)
[cas    ] put len 512 hash 9eae54915267aef6 -> DEDUP to block 1130 (no write)
[cas    ] put len 512 hash 295fad540c80c323 -> DEDUP to block 1131 (no write)
[cas    ] put len 512 hash 35e71effbad0c75c -> DEDUP to block 1132 (no write)
[cas    ] put len 512 hash b37e205af910a336 -> DEDUP to block 1133 (no write)
[cas    ] put len 512 hash f0eac512cea00366 -> DEDUP to block 1134 (no write)
[cas    ] put len 512 hash 437aeea26de71a3e -> DEDUP to block 1135 (no write)
[cas    ] put len 512 hash 07f3149dc32f5da5 -> DEDUP to block 1136 (no write)
[cas    ] put len 512 hash 43619f3a099935e2 -> DEDUP to block 1137 (no write)
[cas    ] put len 512 hash e547d3b10357b3a0 -> DEDUP to block 1138 (no write)
[cas    ] put len 512 hash 5a5fe65b62017bfb -> DEDUP to block 1139 (no write)
[cas    ] put len 512 hash 05fbee9601d791ac -> DEDUP to block 1140 (no write)
[cas    ] put len 512 hash f18e177ab231b30a -> DEDUP to block 1141 (no write)
[cas    ] put len 512 hash 45fa3068ab7d8575 -> DEDUP to block 1142 (no write)
[cas    ] put len 512 hash d1b7c290aaf0df8e -> block 1200 (stored)
[cas    ] put len 9 hash 2d2f8441b6b2b86c -> block 1201 (stored)
[cas    ] put len 512 hash e5b6571065fe8798 -> block 1202 (stored)
  [occ   ] compiled OK
[kernel ] spawned pid 724 'vshbuild' caps 0000000000002020 — private PML4 @ phys 0000000001a80000
[posixstrs] .. waiting spins=8023 ticks=31888 (+400) rq0=0: pid 721(role 41,thr 1 pstate 1 rip 0000500000001fc0 pend 0000000000000000 msk 0000000000000000 sfsp 0000000000000000) child 724 
[elf    ] PT_LOAD vaddr 0000500000000000 filesz 000000000001b280 memsz 000000000001b280 (ro) -> mapped USER (bounds ok)
[elf    ] PT_LOAD vaddr 000050000001c000 filesz 0000000000003f1e memsz 0000000000003f1e (ro) -> mapped USER (bounds ok)
[elf    ] PT_LOAD vaddr 0000500000020000 filesz 0000000000000284 memsz 0000000000037fe0 (rw) -> mapped USER (bounds ok)
[exec   ] pid 724 exec'd '/bin/occ' (137360 bytes from CAS) -> entry 000050000000009f
[cas    ] put len 512 hash 11daee114b03b17b -> block 1203 (stored)
[cas    ] put len 512 hash 13d095491a38d98a -> DEDUP to block 1129 (no write)
[cas    ] put len 512 hash 9eae54915267aef6 -> DEDUP to block 1130 (no write)
[cas    ] put len 512 hash 295fad540c80c323 -> DEDUP to block 1131 (no write)
[cas    ] put len 512 hash 35e71effbad0c75c -> DEDUP to block 1132 (no write)
[cas    ] put len 512 hash b37e205af910a336 -> DEDUP to block 1133 (no write)
[cas    ] put len 512 hash f0eac512cea00366 -> DEDUP to block 1134 (no write)
[cas    ] put len 512 hash 437aeea26de71a3e -> DEDUP to block 1135 (no write)
[cas    ] put len 512 hash 07f3149dc32f5da5 -> DEDUP to block 1136 (no write)
[cas    ] put len 512 hash 43619f3a099935e2 -> DEDUP to block 1137 (no write)
[cas    ] put len 512 hash e547d3b10357b3a0 -> DEDUP to block 1138 (no write)
[cas    ] put len 512 hash 5a5fe65b62017bfb -> DEDUP to block 1139 (no write)
[cas    ] put len 512 hash 05fbee9601d791ac -> DEDUP to block 1140 (no write)
[cas    ] put len 512 hash f18e177ab231b30a -> DEDUP to block 1141 (no write)
[cas    ] put len 512 hash 45fa3068ab7d8575 -> DEDUP to block 1142 (no write)
[cas    ] put len 512 hash aed93da65c76e937 -> block 1204 (stored)
[cas    ] put len 268 hash 2f21d6e22818744a -> block 1205 (stored)
[cas    ] put len 512 hash 7517d19c4ed2139f -> block 1206 (stored)
  [occ   ] compiled OK
  [vsh   ] occ built /bin/vsh, /bin/emit and /bin/wcx from source
[kernel ] spawned pid 725 'vshbuild' caps 0000000000002020 — private PML4 @ phys 0000000001bb5000
[elf    ] PT_LOAD vaddr 0000500000000000 filesz 0000000000004f4b memsz 0000000000004f4b (ro) -> mapped USER (bounds ok)
[elf    ] PT_LOAD vaddr 0000500000200000 filesz 00000000000002b0 memsz 00000000000002b0 (ro) -> mapped USER (bounds ok)
[elf    ] PT_LOAD vaddr 0000500000400000 filesz 0000000000000018 memsz 0000000000000018 (rw) -> mapped USER (bounds ok)
[exec   ] pid 725 exec'd '/bin/vsh' (21251 bytes from CAS) -> entry 0000500000000000
[kernel ] spawned pid 726 'vshbuild' caps 0000000000002020 — private PML4 @ phys 0000000001bb6000
[elf    ] PT_LOAD vaddr 0000500000000000 filesz 0000000000001f09 memsz 0000000000001f09 (ro) -> mapped USER (bounds ok)
[elf    ] PT_LOAD vaddr 0000500000200000 filesz 0000000000000010 memsz 0000000000000010 (ro) -> mapped USER (bounds ok)
[elf    ] PT_LOAD vaddr 0000500000400000 filesz 0000000000000000 memsz 0000000000000000 (rw) -> mapped USER (bounds ok)
[exec   ] pid 726 exec'd '/bin/emit' (8201 bytes from CAS) -> entry 0000500000000000
[kernel ] spawned pid 727 'vshbuild' caps 0000000000002020 — private PML4 @ phys 0000000001e2d000
[kernel ] spawned pid 728 'vshbuild' caps 0000000000002020 — private PML4 @ phys 0000000001d2e000
[elf    ] PT_LOAD vaddr 0000500000000000 filesz 0000000000001f09 memsz 0000000000001f09 (ro) -> mapped USER (bounds ok)
[elf    ] PT_LOAD vaddr 0000500000200000 filesz 0000000000000010 memsz 0000000000000010 (ro) -> mapped USER (bounds ok)
[elf    ] PT_LOAD vaddr 0000500000400000 filesz 0000000000000000 memsz 0000000000000000 (rw) -> mapped USER (bounds ok)
[exec   ] pid 727 exec'd '/bin/emit' (8201 bytes from CAS) -> entry 0000500000000000
[elf    ] PT_LOAD vaddr 0000500000000000 filesz 000000000000201c memsz 000000000000201c (ro) -> mapped USER (bounds ok)
[elf    ] PT_LOAD vaddr 0000500000200000 filesz 0000000000000000 memsz 0000000000000000 (ro) -> mapped USER (bounds ok)
[elf    ] PT_LOAD vaddr 0000500000400000 filesz 0000000000000000 memsz 0000000000000000 (rw) -> mapped USER (bounds ok)
[exec   ] pid 728 exec'd '/bin/wcx' (8460 bytes from CAS) -> entry 0000500000000000
  [vsh   ] /bin/vsh ran a script using '>' and '|'
[pipestrs]  PASS  occ compiled /src/vsh.c — the shipped shell source, unmodified — together with two filter programs
[pipestrs]  PASS  /bin/vsh exists in the filesystem and is a non-trivial image
[pipestrs] /bin/vsh: 21251 bytes, 42 chunk(s)
[pipestrs]  PASS  vsh's '>' captured a program's stdout into a file (tmp/one.txt == "PIPEDATA")
[pipestrs]  PASS  vsh's '|' carried one program's stdout into another's stdin (tmp/two.txt == "8", the byte count wcx read from emit)
[pipestrs]  PASS  no descriptor leaked across the suite (owner_mask emptied on every exit, including fds shared with forked children)
[pipestrs]  PASS  every pipe object was reclaimed (both ends closed, pool empty)
[pipestrs]  PASS  no live process was left holding a redirection to a closed descriptor
[pipestrs] +890 freed, +890 reused; global depth 3158; 5 pipe(s) made, 1066 byte(s) through them
[pipestrs]  PASS  free-frame count reconciles (g_frame_free_depth == lifetime freed - reused)
[pipestrs]  PASS  no lock-rank violation across the pipe, redirect and shell paths
[pipestrs] RESULT: 12 passed, 0 failed
[pipestrs] PIPES AND THE NATIVE SHELL VERIFIED — a ring-3 shell built by this system's own compiler runs redirected, piped pipelines
-- done --
-- LANGUAGE STRESS: sizeof, for-init, switch/case, unsigned, and omake --
[kernel ] spawned pid 729 'langstr' caps 0000000000000020 — private PML4 @ phys 0000000001dac000
[elf    ] PT_LOAD vaddr 0000500000000000 filesz 000000000001b280 memsz 000000000001b280 (ro) -> mapped USER (bounds ok)
[elf    ] PT_LOAD vaddr 000050000001c000 filesz 0000000000003f1e memsz 0000000000003f1e (ro) -> mapped USER (bounds ok)
[elf    ] PT_LOAD vaddr 0000500000020000 filesz 0000000000000284 memsz 0000000000037fe0 (rw) -> mapped USER (bounds ok)
[cas    ] put len 512 hash 24c858f6f51a1e3e -> block 1207 (stored)
[cas    ] put len 512 hash 5fa1f920ad95fdfb -> block 1208 (stored)
[cas    ] put len 512 hash 3edaed64fa6b9838 -> block 1209 (stored)
[cas    ] put len 512 hash faf89ead77790c97 -> block 1210 (stored)
[cas    ] put len 465 hash fd8083a0de91a6a2 -> block 1211 (stored)
  [lang  ] toolchain round starting on 8 cpu(s), clock-based budgets
[kernel ] spawned pid 730 'langstr' caps 0000000000000020 — private PML4 @ phys 0000000001d02000
[elf    ] PT_LOAD vaddr 0000500000000000 filesz 000000000001b280 memsz 000000000001b280 (ro) -> mapped USER (bounds ok)
[elf    ] PT_LOAD vaddr 000050000001c000 filesz 0000000000003f1e memsz 0000000000003f1e (ro) -> mapped USER (bounds ok)
[elf    ] PT_LOAD vaddr 0000500000020000 filesz 0000000000000284 memsz 0000000000037fe0 (rw) -> mapped USER (bounds ok)
[exec   ] pid 730 exec'd '/bin/occ' (137360 bytes from CAS) -> entry 000050000000009f
[cas    ] put len 512 hash 00ca8090eca304df -> block 1212 (stored)
[cas    ] put len 512 hash 13d095491a38d98a -> DEDUP to block 1129 (no write)
[cas    ] put len 512 hash 9eae54915267aef6 -> DEDUP to block 1130 (no write)
[cas    ] put len 512 hash 295fad540c80c323 -> DEDUP to block 1131 (no write)
[cas    ] put len 512 hash 35e71effbad0c75c -> DEDUP to block 1132 (no write)
[cas    ] put len 512 hash b37e205af910a336 -> DEDUP to block 1133 (no write)
[cas    ] put len 512 hash f0eac512cea00366 -> DEDUP to block 1134 (no write)
[cas    ] put len 512 hash 437aeea26de71a3e -> DEDUP to block 1135 (no write)
[cas    ] put len 512 hash 07f3149dc32f5da5 -> DEDUP to block 1136 (no write)
[cas    ] put len 512 hash 43619f3a099935e2 -> DEDUP to block 1137 (no write)
[cas    ] put len 512 hash e547d3b10357b3a0 -> DEDUP to block 1138 (no write)
[cas    ] put len 512 hash 5a5fe65b62017bfb -> DEDUP to block 1139 (no write)
[cas    ] put len 512 hash 05fbee9601d791ac -> DEDUP to block 1140 (no write)
[cas    ] put len 512 hash f18e177ab231b30a -> DEDUP to block 1141 (no write)
[cas    ] put len 512 hash 45fa3068ab7d8575 -> DEDUP to block 1142 (no write)
[cas    ] put len 512 hash 5797f7ee9305bd99 -> block 1213 (stored)
[cas    ] put len 512 hash 72049617ccb807a7 -> block 1214 (stored)
[cas    ] put len 512 hash bbccdb939edf6492 -> block 1215 (stored)
[cas    ] put len 512 hash 08371371190b62d4 -> block 1216 (stored)
[cas    ] put len 512 hash fa9861d5bacf563b -> block 1217 (stored)
[cas    ] put len 512 hash 482f7c84ccbe06db -> block 1218 (stored)
[cas    ] put len 512 hash 6f7f1499e3d77844 -> block 1219 (stored)
[cas    ] put len 512 hash 91e20dec6aaeb08d -> block 1220 (stored)
[cas    ] put len 411 hash 745964a70bb1eddd -> block 1221 (stored)
[cas    ] put len 512 hash 96806708419a9677 -> block 1222 (stored)
  [occ   ] compiled OK
  [lang  ] compiled /src/lang.c in 13 ds
[kernel ] spawned pid 731 'langstr' caps 0000000000000020 — private PML4 @ phys 0000000001bb5000
[elf    ] PT_LOAD vaddr 0000500000000000 filesz 0000000000002eab memsz 0000000000002eab (ro) -> mapped USER (bounds ok)
[elf    ] PT_LOAD vaddr 0000500000200000 filesz 0000000000000000 memsz 0000000000000000 (ro) -> mapped USER (bounds ok)
[elf    ] PT_LOAD vaddr 0000500000400000 filesz 0000000000000000 memsz 0000000000000000 (rw) -> mapped USER (bounds ok)
[exec   ] pid 731 exec'd '/bin/lang.elf' (12187 bytes from CAS) -> entry 0000500000000000
  [lang  ] sizeof, for-init scope, switch/case, unsigned arithmetic and break/continue all verified
[cas    ] put len 33 hash d0e93ad6067a9799 -> block 1223 (stored)
[kernel ] spawned pid 732 'langstr' caps 0000000000000020 — private PML4 @ phys 0000000001a75000
[posixstrs] .. waiting spins=4789 ticks=32245 (+200) rq0=0: pid 729(role 42,thr 1 pstate 1 rip 0000500000018b65 pend 0000000000000000 msk 0000000000000000 sfsp 0000000000000000) child 732 
[elf    ] PT_LOAD vaddr 0000500000000000 filesz 000000000001b280 memsz 000000000001b280 (ro) -> mapped USER (bounds ok)
[elf    ] PT_LOAD vaddr 000050000001c000 filesz 0000000000003f1e memsz 0000000000003f1e (ro) -> mapped USER (bounds ok)
[elf    ] PT_LOAD vaddr 0000500000020000 filesz 0000000000000284 memsz 0000000000037fe0 (rw) -> mapped USER (bounds ok)
[exec   ] pid 732 exec'd '/bin/occ' (137360 bytes from CAS) -> entry 000050000000009f
occ: /src/lang_n.c:2: break outside a loop or switch
[cas    ] put len 63 hash e7365ebbbd2bb59d -> block 1223 (stored)
[kernel ] spawned pid 733 'langstr' caps 0000000000000020 — private PML4 @ phys 0000000001dfc000
[elf    ] PT_LOAD vaddr 0000500000000000 filesz 000000000001b280 memsz 000000000001b280 (ro) -> mapped USER (bounds ok)
[elf    ] PT_LOAD vaddr 000050000001c000 filesz 0000000000003f1e memsz 0000000000003f1e (ro) -> mapped USER (bounds ok)
[elf    ] PT_LOAD vaddr 0000500000020000 filesz 0000000000000284 memsz 0000000000037fe0 (rw) -> mapped USER (bounds ok)
[exec   ] pid 733 exec'd '/bin/occ' (137360 bytes from CAS) -> entry 000050000000009f
occ: /src/lang_n.c:2: more than one default in one switch
occ: /src/lang_n.c:2: expected '}'
  [lang  ] a stray break and a duplicated default were both REFUSED
[kernel ] spawned pid 734 'langstr' caps 0000000000000020 — private PML4 @ phys 0000000001d2a000
[posixstrs] .. waiting spins=11843 ticks=32445 (+400) rq0=0: pid 729(role 42,thr 1 pstate 1 rip 0000500000001fc0 pend 0000000000000000 msk 0000000000000000 sfsp 0000000000000000) child 734 
[elf    ] PT_LOAD vaddr 0000500000000000 filesz 000000000001b280 memsz 000000000001b280 (ro) -> mapped USER (bounds ok)
[elf    ] PT_LOAD vaddr 000050000001c000 filesz 0000000000003f1e memsz 0000000000003f1e (ro) -> mapped USER (bounds ok)
[elf    ] PT_LOAD vaddr 0000500000020000 filesz 0000000000000284 memsz 0000000000037fe0 (rw) -> mapped USER (bounds ok)
[exec   ] pid 734 exec'd '/bin/occ' (137360 bytes from CAS) -> entry 000050000000009f
[cas    ] put len 512 hash 632aa0cf1d95e38a -> block 1207 (stored)
[cas    ] put len 512 hash 13d095491a38d98a -> DEDUP to block 1129 (no write)
[cas    ] put len 512 hash 9eae54915267aef6 -> DEDUP to block 1130 (no write)
[cas    ] put len 512 hash 295fad540c80c323 -> DEDUP to block 1131 (no write)
[cas    ] put len 512 hash 35e71effbad0c75c -> DEDUP to block 1132 (no write)
[cas    ] put len 512 hash b37e205af910a336 -> DEDUP to block 1133 (no write)
[cas    ] put len 512 hash f0eac512cea00366 -> DEDUP to block 1134 (no write)
[cas    ] put len 512 hash 437aeea26de71a3e -> DEDUP to block 1135 (no write)
[cas    ] put len 512 hash 07f3149dc32f5da5 -> DEDUP to block 1136 (no write)
[cas    ] put len 512 hash 43619f3a099935e2 -> DEDUP to block 1137 (no write)
[cas    ] put len 512 hash e547d3b10357b3a0 -> DEDUP to block 1138 (no write)
[cas    ] put len 512 hash 5a5fe65b62017bfb -> DEDUP to block 1139 (no write)
[cas    ] put len 512 hash 05fbee9601d791ac -> DEDUP to block 1140 (no write)
[cas    ] put len 512 hash f18e177ab231b30a -> DEDUP to block 1141 (no write)
[cas    ] put len 512 hash 45fa3068ab7d8575 -> DEDUP to block 1142 (no write)
[cas    ] put len 512 hash 6573f9dacd4041ce -> block 1208 (stored)
[cas    ] put len 512 hash b301750cecd163ac -> block 1209 (stored)
[cas    ] put len 512 hash 347b62c95207d788 -> block 1210 (stored)
[cas    ] put len 512 hash 897b2acf0e3c339c -> block 1211 (stored)
[cas    ] put len 512 hash dd9a315aecffd629 -> block 1223 (stored)
[cas    ] put len 512 hash 1565bcf72b4b8b30 -> block 1224 (stored)
[cas    ] put len 512 hash 68e18bcd3202b39d -> block 1225 (stored)
[cas    ] put len 512 hash e14cd69e9d69df8b -> block 1226 (stored)
[cas    ] put len 512 hash b4001a362279a45b -> block 1227 (stored)
[cas    ] put len 512 hash b2808370d7755eea -> block 1228 (stored)
[cas    ] put len 512 hash 4e4ead55c74d7b09 -> block 1229 (stored)
[cas    ] put len 512 hash 7799e60925ea57c2 -> block 1230 (stored)
[cas    ] put len 512 hash a1db0e8afef5cca5 -> block 1231 (stored)
[cas    ] put len 512 hash 60cbe926b9dc8468 -> block 1232 (stored)
[cas    ] put len 512 hash 4e5578a03c2b5c39 -> block 1233 (stored)
[cas    ] put len 512 hash 5292d7ba3be6a664 -> block 1234 (stored)
[cas    ] put len 512 hash 6ea96c97df0ff458 -> block 1235 (stored)
[cas    ] put len 512 hash a0614e7eda297a7e -> block 1236 (stored)
[cas    ] put len 512 hash d3209d8ec4f703c2 -> block 1237 (stored)
[cas    ] put len 512 hash aafb3f84e72d870a -> block 1238 (stored)
[cas    ] put len 512 hash 44028889c31c2922 -> block 1239 (stored)
[cas    ] put len 512 hash 989a47f47758ad61 -> block 1240 (stored)
[cas    ] put len 512 hash 8a6e244c86bf3119 -> block 1241 (stored)
[cas    ] put len 512 hash 5107e702b0904834 -> block 1242 (stored)
[cas    ] put len 512 hash f5f1da6ab7665c4c -> block 1243 (stored)
[cas    ] put len 512 hash 63425807940e1de2 -> block 1244 (stored)
[cas    ] put len 512 hash 019cfd87ee223367 -> block 1245 (stored)
[cas    ] put len 512 hash 1c8e4326ec5111b7 -> block 1246 (stored)
[cas    ] put len 512 hash c99e78daf41e3f5d -> block 1247 (stored)
[cas    ] put len 512 hash 07d2c46638d8d517 -> block 1248 (stored)
[cas    ] put len 512 hash ec2187250a211565 -> block 1249 (stored)
[cas    ] put len 512 hash cf2cabb0a0c91e1c -> block 1250 (stored)
[cas    ] put len 512 hash 6d1468ea3df76f34 -> block 1251 (stored)
[cas    ] put len 512 hash a497e3bad150838f -> block 1252 (stored)
[cas    ] put len 512 hash deb44136c5d52520 -> block 1253 (stored)
[cas    ] put len 512 hash bffd900e45433f66 -> block 1254 (stored)
[cas    ] put len 512 hash 833cbc6e0e8df842 -> block 1255 (stored)
[cas    ] put len 512 hash d98be00bffbecc77 -> block 1256 (stored)
[cas    ] put len 512 hash 03ce4eb747586932 -> block 1257 (stored)
[cas    ] put len 512 hash 8995941c5127bfbe -> block 1258 (stored)
[cas    ] put len 512 hash 6df3bc4a8cf47d4c -> block 1259 (stored)
[cas    ] put len 512 hash ed77f82a07552a03 -> block 1260 (stored)
[cas    ] put len 512 hash 3755221d7e098534 -> block 1261 (stored)
[cas    ] put len 512 hash f68155792582d48d -> block 1262 (stored)
[posixstrs] .. waiting spins=13961 ticks=32645 (+600) rq0=0: pid 729(role 42,thr 1 pstate 1 rip 0000500000001fc0 pend 0000000000000000 msk 0000000000000000 sfsp 0000000000000000) child 734 
[cas    ] put len 512 hash 2468aa0e5d3a3914 -> block 1263 (stored)
[cas    ] put len 512 hash d4960201e47e8ef0 -> block 1264 (stored)
[cas    ] put len 512 hash 8b57f78d9b2a0c97 -> block 1265 (stored)
[cas    ] put len 512 hash 95339607169c0206 -> block 1266 (stored)
[cas    ] put len 512 hash e062e44597a6d1c3 -> block 1267 (stored)
[cas    ] put len 512 hash 7b2c218aa2cb7eaf -> block 1268 (stored)
[cas    ] put len 512 hash 5e3fcdb7bcd16cf8 -> block 1269 (stored)
[cas    ] put len 512 hash ba0e204a0d690a67 -> block 1270 (stored)
[cas    ] put len 512 hash a57a9117fc343d0f -> block 1271 (stored)
[cas    ] put len 512 hash b25a1be45266e1f5 -> block 1272 (stored)
[cas    ] put len 512 hash 5edf1a372876ff63 -> block 1273 (stored)
[cas    ] put len 512 hash 5c19000e05a626b0 -> block 1274 (stored)
[cas    ] put len 210 hash 51d8f4040b006a2d -> block 1275 (stored)
[cas    ] put len 512 hash b8901db9c89383d4 -> block 1276 (stored)
  [occ   ] compiled OK
  [lang  ] compiled /src/omake.c in 31 ds
[kernel ] spawned pid 735 'langstr' caps 0000000000000020 — private PML4 @ phys 0000000001b0b000
[elf    ] PT_LOAD vaddr 0000500000000000 filesz 0000000000008972 memsz 0000000000008972 (ro) -> mapped USER (bounds ok)
[elf    ] PT_LOAD vaddr 0000500000200000 filesz 0000000000000318 memsz 0000000000000318 (ro) -> mapped USER (bounds ok)
[elf    ] PT_LOAD vaddr 0000500000400000 filesz 0000000000000158 memsz 0000000000000158 (rw) -> mapped USER (bounds ok)
[exec   ] pid 735 exec'd '/bin/omake' (36562 bytes from CAS) -> entry 0000500000000000
omake: /src/demo.mk: 2 rule(s), 4 variable(s); goal 'all'
  omake> echo building /bin/hello.elf
building /bin/hello.elf
  omake> occ /src/hello_a.c /src/hello_b.c -o /bin/hello.elf
[kernel ] spawned pid 736 'langstr' caps 0000000000000020 — private PML4 @ phys 0000000001a38000
[elf    ] PT_LOAD vaddr 0000500000000000 filesz 000000000001b280 memsz 000000000001b280 (ro) -> mapped USER (bounds ok)
[elf    ] PT_LOAD vaddr 000050000001c000 filesz 0000000000003f1e memsz 0000000000003f1e (ro) -> mapped USER (bounds ok)
[elf    ] PT_LOAD vaddr 0000500000020000 filesz 0000000000000284 memsz 0000000000037fe0 (rw) -> mapped USER (bounds ok)
[exec   ] pid 736 exec'd '/bin/occ' (137360 bytes from CAS) -> entry 000050000000009f
occ: 2 input files compiled as one translation unit
[cas    ] put len 512 hash 8fa2e3c8f7390763 -> block 1277 (stored)
[cas    ] put len 512 hash 13d095491a38d98a -> DEDUP to block 1129 (no write)
[cas    ] put len 512 hash 9eae54915267aef6 -> DEDUP to block 1130 (no write)
[cas    ] put len 512 hash 295fad540c80c323 -> DEDUP to block 1131 (no write)
[cas    ] put len 512 hash 35e71effbad0c75c -> DEDUP to block 1132 (no write)
[cas    ] put len 512 hash b37e205af910a336 -> DEDUP to block 1133 (no write)
[cas    ] put len 512 hash f0eac512cea00366 -> DEDUP to block 1134 (no write)
[cas    ] put len 512 hash 437aeea26de71a3e -> DEDUP to block 1135 (no write)
[cas    ] put len 512 hash 07f3149dc32f5da5 -> DEDUP to block 1136 (no write)
[cas    ] put len 512 hash 43619f3a099935e2 -> DEDUP to block 1137 (no write)
[cas    ] put len 512 hash e547d3b10357b3a0 -> DEDUP to block 1138 (no write)
[cas    ] put len 512 hash 5a5fe65b62017bfb -> DEDUP to block 1139 (no write)
[cas    ] put len 512 hash 05fbee9601d791ac -> DEDUP to block 1140 (no write)
[cas    ] put len 512 hash f18e177ab231b30a -> DEDUP to block 1141 (no write)
[cas    ] put len 512 hash 45fa3068ab7d8575 -> DEDUP to block 1142 (no write)
[cas    ] put len 512 hash 7020d77a11ca82c4 -> block 1278 (stored)
[cas    ] put len 164 hash c65c70a0507d7a25 -> block 1279 (stored)
[cas    ] put len 512 hash e6b878a5ff4f0f31 -> block 1280 (stored)
[posixstrs] .. waiting spins=18312 ticks=32845 (+800) rq0=0: pid 729(role 42,thr 1 pstate 1 rip 0000500000001fc0 pend 0000000000000000 msk 0000000000000000 sfsp 0000000000000000) child 735 
  [occ   ] compiled OK
[cas    ] put len 33 hash b4a78c3f13e7a73f -> block 1281 (stored)
  [omake ] 1 built, 0 up to date, 2 command(s) run
  [lang  ] omake ran in 15 ds
  [lang  ] omake parsed a makefile and drove occ to build /bin/hello.elf
[kernel ] spawned pid 737 'langstr' caps 0000000000000020 — private PML4 @ phys 00000000017f1000
[elf    ] PT_LOAD vaddr 0000500000000000 filesz 0000000000001f6c memsz 0000000000001f6c (ro) -> mapped USER (bounds ok)
[elf    ] PT_LOAD vaddr 0000500000200000 filesz 0000000000000048 memsz 0000000000000048 (ro) -> mapped USER (bounds ok)
[elf    ] PT_LOAD vaddr 0000500000400000 filesz 0000000000000000 memsz 0000000000000000 (rw) -> mapped USER (bounds ok)
[exec   ] pid 737 exec'd '/bin/hello.elf' (8356 bytes from CAS) -> entry 0000500000000000
  [hello ] a program omake built, running on the system that built it
[langstrs]  PASS  the driver compiled, ran and validated the language program (exit 970)
[langstrs] /bin/lang.elf: 12187 bytes, 24 chunk(s)
[langstrs]  PASS  the language program was produced in the VFS
[langstrs]  PASS  it is a well-formed 3-segment x86-64 ELF (R+X, R, R+W)
[langstrs]  PASS  no segment is both writable and executable
[langstrs]  PASS  no output survives from either REFUSED program
[langstrs] /bin/omake: 36562 bytes, 72 chunk(s), compiled by occ on this system
[langstrs]  PASS  occ compiled /src/omake.c — the shipped build tool, unmodified
[langstrs] /bin/hello.elf: 8356 bytes, built by omake from TWO units
[langstrs]  PASS  omake drove occ and the target it was asked for actually appeared
[langstrs]  PASS  no descriptor leaked across the compiler and build-tool processes
[langstrs] +1169 freed, +1169 reused; global depth 3158
[langstrs]  PASS  free-frame count reconciles (g_frame_free_depth == lifetime freed - reused)
[langstrs]  PASS  no lock-rank violation across the language and toolchain paths
[langstrs] RESULT: 10 passed, 0 failed
[langstrs] LANGUAGE AND TOOLCHAIN VERIFIED — sizeof, for-init, switch, unsigned, and a native make
-- done --
-- THREAD STRESS: ring-3 threads across cores, futex blocking, kernel join --
[kernel ] spawned pid 738 'threadstr' caps 0000000000000020 — private PML4 @ phys 0000000001dac000
[elf    ] PT_LOAD vaddr 0000500000000000 filesz 000000000001b280 memsz 000000000001b280 (ro) -> mapped USER (bounds ok)
[elf    ] PT_LOAD vaddr 000050000001c000 filesz 0000000000003f1e memsz 0000000000003f1e (ro) -> mapped USER (bounds ok)
[elf    ] PT_LOAD vaddr 0000500000020000 filesz 0000000000000284 memsz 0000000000037fe0 (rw) -> mapped USER (bounds ok)
[posixstrs] .. waiting spins=369 ticks=33100 (+200) rq0=0: pid 738(role 43,thr 1 pstate 1 rip 000050000000b8ad pend 0000000000000000 msk 0000000000000000 sfsp 0000000000000000) 
[posixstrs] .. waiting spins=765 ticks=33300 (+400) rq0=0: pid 738(role 43,thr 1 pstate 1 rip 000050000000b8ad pend 0000000000000000 msk 0000000000000000 sfsp 0000000000000000) 
[threadstrs] PASS: the driver created, synchronised and joined its threads (exit 960)
[threadstrs] threads released 6, stack pages reclaimed 20, ran_on mask ff (cores online 8)
[threadstrs] PASS: every thread released its own slot (6 created, 6 released)
[threadstrs] PASS: each kernel-allocated thread stack came back, and the caller's did not
[threadstrs] PASS: threads were dispatched on MORE THAN ONE core
[threadstrs] PASS: at least two cores were inside ring 3 simultaneously
[threadstrs] futex: +21 parked, +24 woken, +1 timed out, +4 woken mid-arming
[threadstrs] PASS: threads genuinely PARKED rather than spinning
[threadstrs] PASS: parked threads were woken by SYS_FUTEX_WAKE
[threadstrs] PASS: the deliberate no-waker wait expired through the timeout watchdog
[threadstrs] PASS: nothing is left parked on a futex when the round is over
[threadstrs] PASS: no thread slot is left un-torn-down
[threadstrs] PASS: the thread group's refcount reconciled to zero
[threadstrs] PASS: no descriptor leaked across the thread group
[threadstrs] exec staging buffer: 1 contended acquisition(s)
[threadstrs] +139 freed, +139 reused; global depth 3158
[threadstrs] PASS: free-frame count reconciles (g_frame_free_depth == lifetime freed - reused)
[threadstrs] PASS: no lock-rank violation across the threading paths
[threadstrs] RESULT: 14 passed, 0 failed
[threadstrs] RING-3 THREADS VERIFIED — scheduled on every core, blocking without spinning
-- done --
-- PTHREADS SMP: mutex contention and a condition variable across cores --
[kernel ] spawned pid 745 'pthreadsmp' caps 0000000000000020 — private PML4 @ phys 0000000001dac000
[elf    ] PT_LOAD vaddr 0000500000000000 filesz 000000000001b280 memsz 000000000001b280 (ro) -> mapped USER (bounds ok)
[elf    ] PT_LOAD vaddr 000050000001c000 filesz 0000000000003f1e memsz 0000000000003f1e (ro) -> mapped USER (bounds ok)
[elf    ] PT_LOAD vaddr 0000500000020000 filesz 0000000000000284 memsz 0000000000037fe0 (rw) -> mapped USER (bounds ok)
[pthreads_smp] PASS: mutex contention, condvar broadcast and joins all behaved (exit 940)
[pthreads_smp] threads released 4, stack pages 16, ran_on mask a7; futex +46 parked, +46 woken
[pthreads_smp] PASS: every worker thread released its own slot and stack
[pthreads_smp] PASS: threads PARKED on the mutex and the condvar rather than spinning
[pthreads_smp] PASS: no futex park in this suite timed out (every park got its wake)
[pthreads_smp] PASS: worker threads were dispatched on MORE THAN ONE core
[pthreads_smp] PASS: free-frame count reconciles (no leak across the thread group)
[pthreads_smp] PASS: no lock-rank violation across the pthread paths
[pthreads_smp] +116 freed, +116 reused; global depth 3158
[pthreads_smp] RESULT: 7 passed, 0 failed
[pthreads_smp] POSIX THREADS VERIFIED — exclusive under contention, and able to sleep
-- done --
-- SIGSTRS: signal masks, dispositions, and process-group delivery --
[kernel ] spawned pid 750 'sigstr' caps 0000000000000020 — private PML4 @ phys 0000000001dac000
[elf    ] PT_LOAD vaddr 0000500000000000 filesz 000000000001b280 memsz 000000000001b280 (ro) -> mapped USER (bounds ok)
[elf    ] PT_LOAD vaddr 000050000001c000 filesz 0000000000003f1e memsz 0000000000003f1e (ro) -> mapped USER (bounds ok)
[elf    ] PT_LOAD vaddr 0000500000020000 filesz 0000000000000284 memsz 0000000000037fe0 (rw) -> mapped USER (bounds ok)
[sigstrs] PASS: an interrupt with NO foreground group signals nobody
[sigstrs] PASS: the console interrupt reaches the foreground process group
[sigstrs] PASS: a process leads its own group by default
[kernel ] spawned pid 751 'sigstr' caps 0000000000000020 — private PML4 @ phys 0000000001be0000
[kernel ] spawned pid 752 'sigstr' caps 0000000000000020 — private PML4 @ phys 0000000001deb000
[sigstrs] PASS: handlers, masks, SIG_IGN and group delivery all behaved (exit 950)
[sigstrs] signals: +7 raised, +2 delivered, +2 returned; 1 tty interrupt(s)
[sigstrs] PASS: every delivered signal was answered by a SIGRETURN
[sigstrs] PASS: signals were actually delivered (the suite is not vacuously passing)
[sigstrs] PASS: no lock-rank violation across the signal paths
[sigstrs] RESULT: 7 passed, 0 failed
[sigstrs] SIGNALS VERIFIED — masks hold, groups deliver, contexts come back
-- done --
-- MMAPSTRS: demand-zero paging, mprotect, and munmap --
[kernel ] spawned pid 753 'mmapstr' caps 0000000000000020 — private PML4 @ phys 0000000001dac000
[elf    ] PT_LOAD vaddr 0000500000000000 filesz 000000000001b280 memsz 000000000001b280 (ro) -> mapped USER (bounds ok)
[elf    ] PT_LOAD vaddr 000050000001c000 filesz 0000000000003f1e memsz 0000000000003f1e (ro) -> mapped USER (bounds ok)
[elf    ] PT_LOAD vaddr 0000500000020000 filesz 0000000000000284 memsz 0000000000037fe0 (rw) -> mapped USER (bounds ok)
[mmapstrs] PASS: mapping, demand-zero, protection changes and release all behaved (exit 980)
[mmapstrs] mmap 3, munmap 3, mprotect 2; 11 demand-zero fault(s)
[mmapstrs] PASS: pages were backed ON FAULT, not at mmap time (some faults, far fewer than mapped)
[mmapstrs] PASS: mmap/munmap/mprotect were all actually exercised
[mmapstrs] frames in use 5345 -> 5345 (delta 0)
[mmapstrs] PASS: free-frame count reconciles (g_frame_free_depth == lifetime freed - reused)
[mmapstrs] PASS: no lock-rank violation across the VM paths
[mmapstrs] +111 freed, +111 reused
[mmapstrs] RESULT: 5 passed, 0 failed
[mmapstrs] VIRTUAL MEMORY VERIFIED — mapped lazily, protected, and given back
-- done --
-- SHMSTRS: copy-on-write fork and zero-copy shared memory --
[kernel ] spawned pid 754 'shmstr' caps 00000000000000a0 — private PML4 @ phys 0000000001dac000
[elf    ] PT_LOAD vaddr 0000500000000000 filesz 000000000001b280 memsz 000000000001b280 (ro) -> mapped USER (bounds ok)
[elf    ] PT_LOAD vaddr 000050000001c000 filesz 0000000000003f1e memsz 0000000000003f1e (ro) -> mapped USER (bounds ok)
[elf    ] PT_LOAD vaddr 0000500000020000 filesz 0000000000000284 memsz 0000000000037fe0 (rw) -> mapped USER (bounds ok)
[kernel ] spawned pid 755 'shmstr' caps 00000000000000a0 — private PML4 @ phys 000000000180b000
[kernel ] spawned pid 756 'shmstr' caps 00000000000000a0 — private PML4 @ phys 0000000001d9e000
[shmstrs] PASS: COW fork and zero-copy sharing both behaved (exit 970)
[shmstrs] frames shared +188, COW faults +5 (of which copied 4); shm created 1, mapped 2
[shmstrs] PASS: fork SHARED its pages instead of copying them up front
[shmstrs] PASS: a write after fork actually triggered copy-on-write
[shmstrs] PASS: shared segments were created and mapped by more than one process
[shmstrs] PASS: no shared segment outlived its last mapper
[shmstrs] PASS: free-frame count reconciles (g_frame_free_depth == lifetime freed - reused)
[shmstrs] PASS: no lock-rank violation across the COW and shm paths
[shmstrs] +119 freed, +119 reused; global depth 3158
[shmstrs] RESULT: 7 passed, 0 failed
[shmstrs] COW AND SHARED MEMORY VERIFIED — forks are cheap, sharing is real
-- done --
-- EPOLLSTRS: event-driven readiness, eventfd counters, and EOF --
[kernel ] spawned pid 757 'epollstr' caps 0000000000000020 — private PML4 @ phys 0000000001dac000
[elf    ] PT_LOAD vaddr 0000500000000000 filesz 000000000001b280 memsz 000000000001b280 (ro) -> mapped USER (bounds ok)
[elf    ] PT_LOAD vaddr 000050000001c000 filesz 0000000000003f1e memsz 0000000000003f1e (ro) -> mapped USER (bounds ok)
[elf    ] PT_LOAD vaddr 0000500000020000 filesz 0000000000000284 memsz 0000000000037fe0 (rw) -> mapped USER (bounds ok)
[epollstrs] PASS: readiness, cookies, deletion and end-of-file all behaved (exit 920)
[epollstrs] epoll: 1 created, 13 waits (1 parked); eventfd: 1 created, 5 writes, 2 reads
[epollstrs] PASS: the epoll and eventfd paths were actually exercised
[epollstrs] PASS: a waiter with nothing ready PARKED rather than spinning
[epollstrs] PASS: the parked waiter was woken by another thread's write, not by its deadline
[epollstrs] PASS: a queued keystroke makes the console readable, and draining it clears that
[epollstrs] PASS: no descriptor leaked across the suite
[epollstrs] PASS: every epoll instance and eventfd was reclaimed with its descriptor
[epollstrs] PASS: no lock-rank violation across the epoll paths
[epollstrs] RESULT: 8 passed, 0 failed
[epollstrs] EVENT-DRIVEN I/O VERIFIED — readiness is computed, not remembered
-- done --
-- NETEPOLLSTRS: non-blocking sockets, sessions, and epoll over the network stack --
[kernel ] spawned pid 759 'netepoll' caps 0000000000000010 — private PML4 @ phys 0000000001dac000
[elf    ] PT_LOAD vaddr 0000500000000000 filesz 000000000001b280 memsz 000000000001b280 (ro) -> mapped USER (bounds ok)
[elf    ] PT_LOAD vaddr 000050000001c000 filesz 0000000000003f1e memsz 0000000000003f1e (ro) -> mapped USER (bounds ok)
[elf    ] PT_LOAD vaddr 0000500000020000 filesz 0000000000000284 memsz 0000000000037fe0 (rw) -> mapped USER (bounds ok)
[netepollstrs] PASS: non-blocking sockets, sessions, echo and edges all behaved (exit 1400)
[netepollstrs] sockets: 1 sessions offered, 1 accepted, 5 EAGAIN; epoll: 10 waits (1 parked)
[netepollstrs] PASS: the non-blocking path was genuinely exercised (EAGAIN was returned)
[netepollstrs] PASS: a peer session was offered by a listener and accepted
[netepollstrs] PASS: a waiter with no datagram ready PARKED rather than spinning
[netepollstrs] PASS: the parked waiter was woken by an arriving datagram, not by its deadline
[netepollstrs] PASS: no descriptor leaked across the suite
[netepollstrs] PASS: every socket was reclaimed with its descriptor
[netepollstrs] PASS: no lock-rank violation across the socket and epoll paths
[netepollstrs] RESULT: 8 passed, 0 failed
[netepollstrs] ASYNC NETWORK I/O VERIFIED — sockets are descriptors, and waiting is sleeping
-- done --
-- MMAPFILESTRS: file-backed mappings, shared pages, and writeback --
[mmapfilestrs] PASS: the fixture file exists (seeded before the VFS directory filled)
[kernel ] spawned pid 761 'mmapfile' caps 0000000000000020 — private PML4 @ phys 0000000001dac000
[elf    ] PT_LOAD vaddr 0000500000000000 filesz 000000000001b280 memsz 000000000001b280 (ro) -> mapped USER (bounds ok)
[elf    ] PT_LOAD vaddr 000050000001c000 filesz 0000000000003f1e memsz 0000000000003f1e (ro) -> mapped USER (bounds ok)
[elf    ] PT_LOAD vaddr 0000500000020000 filesz 0000000000000284 memsz 0000000000037fe0 (rw) -> mapped USER (bounds ok)
[cas    ] put len 512 hash 9dd5be6159ad728f -> block 1282 (stored)
[cas    ] put len 512 hash 6404ff35e8dec725 -> DEDUP to block 1089 (no write)
[cas    ] put len 512 hash 6404ff35e8dec725 -> DEDUP to block 1089 (no write)
[cas    ] put len 512 hash 6404ff35e8dec725 -> DEDUP to block 1089 (no write)
[cas    ] put len 512 hash 6404ff35e8dec725 -> DEDUP to block 1089 (no write)
[cas    ] put len 512 hash 6404ff35e8dec725 -> DEDUP to block 1089 (no write)
[cas    ] put len 512 hash 6404ff35e8dec725 -> DEDUP to block 1089 (no write)
[cas    ] put len 512 hash 6404ff35e8dec725 -> DEDUP to block 1089 (no write)
[cas    ] put len 512 hash 6ef707a291ede197 -> block 1283 (stored)
[cas    ] put len 512 hash 6404ff35e8dec725 -> DEDUP to block 1089 (no write)
[cas    ] put len 512 hash 6404ff35e8dec725 -> DEDUP to block 1089 (no write)
[cas    ] put len 512 hash 6404ff35e8dec725 -> DEDUP to block 1089 (no write)
[cas    ] put len 512 hash 6404ff35e8dec725 -> DEDUP to block 1089 (no write)
[cas    ] put len 512 hash 6404ff35e8dec725 -> DEDUP to block 1089 (no write)
[cas    ] put len 512 hash 6404ff35e8dec725 -> DEDUP to block 1089 (no write)
[cas    ] put len 512 hash 6404ff35e8dec725 -> DEDUP to block 1089 (no write)
[cas    ] put len 512 hash 6404ff35e8dec725 -> DEDUP to block 1089 (no write)
[cas    ] put len 512 hash 6404ff35e8dec725 -> DEDUP to block 1089 (no write)
[cas    ] put len 512 hash 6404ff35e8dec725 -> DEDUP to block 1089 (no write)
[cas    ] put len 512 hash 6404ff35e8dec725 -> DEDUP to block 1089 (no write)
[cas    ] put len 512 hash 6404ff35e8dec725 -> DEDUP to block 1089 (no write)
[cas    ] put len 512 hash 6404ff35e8dec725 -> DEDUP to block 1089 (no write)
[cas    ] put len 512 hash 6404ff35e8dec725 -> DEDUP to block 1089 (no write)
[cas    ] put len 512 hash 6404ff35e8dec725 -> DEDUP to block 1089 (no write)
[cas    ] put len 512 hash 6404ff35e8dec725 -> DEDUP to block 1089 (no write)
[cas    ] put len 512 hash 6404ff35e8dec725 -> DEDUP to block 1089 (no write)
[cas    ] put len 512 hash 6404ff35e8dec725 -> DEDUP to block 1089 (no write)
[cas    ] put len 512 hash 6404ff35e8dec725 -> DEDUP to block 1089 (no write)
[cas    ] put len 512 hash 6404ff35e8dec725 -> DEDUP to block 1089 (no write)
[cas    ] put len 512 hash 6404ff35e8dec725 -> DEDUP to block 1089 (no write)
[cas    ] put len 512 hash 6404ff35e8dec725 -> DEDUP to block 1089 (no write)
[cas    ] put len 512 hash 6404ff35e8dec725 -> DEDUP to block 1089 (no write)
[cas    ] put len 512 hash 95855603ad6f2f65 -> DEDUP to block 1095 (no write)
[kernel ] spawned pid 762 'mmapfile' caps 0000000000000020 — private PML4 @ phys 0000000001dfb000
[cas    ] put len 512 hash f4d751fdb67e2015 -> block 1284 (stored)
[cas    ] put len 512 hash 6404ff35e8dec725 -> DEDUP to block 1089 (no write)
[cas    ] put len 512 hash 6404ff35e8dec725 -> DEDUP to block 1089 (no write)
[cas    ] put len 512 hash 6404ff35e8dec725 -> DEDUP to block 1089 (no write)
[cas    ] put len 512 hash 6404ff35e8dec725 -> DEDUP to block 1089 (no write)
[cas    ] put len 512 hash 6404ff35e8dec725 -> DEDUP to block 1089 (no write)
[cas    ] put len 512 hash 6404ff35e8dec725 -> DEDUP to block 1089 (no write)
[cas    ] put len 512 hash 6404ff35e8dec725 -> DEDUP to block 1089 (no write)
[cas    ] put len 512 hash 6ef707a291ede197 -> DEDUP to block 1283 (no write)
[cas    ] put len 512 hash 6404ff35e8dec725 -> DEDUP to block 1089 (no write)
[cas    ] put len 512 hash 6404ff35e8dec725 -> DEDUP to block 1089 (no write)
[cas    ] put len 512 hash 6404ff35e8dec725 -> DEDUP to block 1089 (no write)
[cas    ] put len 512 hash 6404ff35e8dec725 -> DEDUP to block 1089 (no write)
[cas    ] put len 512 hash 6404ff35e8dec725 -> DEDUP to block 1089 (no write)
[cas    ] put len 512 hash 6404ff35e8dec725 -> DEDUP to block 1089 (no write)
[cas    ] put len 512 hash 6404ff35e8dec725 -> DEDUP to block 1089 (no write)
[cas    ] put len 512 hash 6404ff35e8dec725 -> DEDUP to block 1089 (no write)
[cas    ] put len 512 hash 6404ff35e8dec725 -> DEDUP to block 1089 (no write)
[cas    ] put len 512 hash 6404ff35e8dec725 -> DEDUP to block 1089 (no write)
[cas    ] put len 512 hash 6404ff35e8dec725 -> DEDUP to block 1089 (no write)
[cas    ] put len 512 hash 6404ff35e8dec725 -> DEDUP to block 1089 (no write)
[cas    ] put len 512 hash 6404ff35e8dec725 -> DEDUP to block 1089 (no write)
[cas    ] put len 512 hash 6404ff35e8dec725 -> DEDUP to block 1089 (no write)
[cas    ] put len 512 hash 6404ff35e8dec725 -> DEDUP to block 1089 (no write)
[cas    ] put len 512 hash 6404ff35e8dec725 -> DEDUP to block 1089 (no write)
[cas    ] put len 512 hash 6404ff35e8dec725 -> DEDUP to block 1089 (no write)
[cas    ] put len 512 hash 6404ff35e8dec725 -> DEDUP to block 1089 (no write)
[cas    ] put len 512 hash 6404ff35e8dec725 -> DEDUP to block 1089 (no write)
[cas    ] put len 512 hash 6404ff35e8dec725 -> DEDUP to block 1089 (no write)
[cas    ] put len 512 hash 6404ff35e8dec725 -> DEDUP to block 1089 (no write)
[cas    ] put len 512 hash 6404ff35e8dec725 -> DEDUP to block 1089 (no write)
[cas    ] put len 512 hash 6404ff35e8dec725 -> DEDUP to block 1089 (no write)
[cas    ] put len 512 hash 95855603ad6f2f65 -> DEDUP to block 1095 (no write)
[cas    ] put len 512 hash f4d751fdb67e2015 -> DEDUP to block 1284 (no write)
[cas    ] put len 512 hash 6404ff35e8dec725 -> DEDUP to block 1089 (no write)
[cas    ] put len 512 hash 6404ff35e8dec725 -> DEDUP to block 1089 (no write)
[cas    ] put len 512 hash 6404ff35e8dec725 -> DEDUP to block 1089 (no write)
[cas    ] put len 512 hash 6404ff35e8dec725 -> DEDUP to block 1089 (no write)
[cas    ] put len 512 hash 6404ff35e8dec725 -> DEDUP to block 1089 (no write)
[cas    ] put len 512 hash 6404ff35e8dec725 -> DEDUP to block 1089 (no write)
[cas    ] put len 512 hash 6404ff35e8dec725 -> DEDUP to block 1089 (no write)
[cas    ] put len 512 hash 6ef707a291ede197 -> DEDUP to block 1283 (no write)
[cas    ] put len 512 hash 6404ff35e8dec725 -> DEDUP to block 1089 (no write)
[cas    ] put len 512 hash 6404ff35e8dec725 -> DEDUP to block 1089 (no write)
[cas    ] put len 512 hash 6404ff35e8dec725 -> DEDUP to block 1089 (no write)
[cas    ] put len 512 hash 6404ff35e8dec725 -> DEDUP to block 1089 (no write)
[cas    ] put len 512 hash 6404ff35e8dec725 -> DEDUP to block 1089 (no write)
[cas    ] put len 512 hash 6404ff35e8dec725 -> DEDUP to block 1089 (no write)
[cas    ] put len 512 hash 6404ff35e8dec725 -> DEDUP to block 1089 (no write)
[cas    ] put len 512 hash 6404ff35e8dec725 -> DEDUP to block 1089 (no write)
[cas    ] put len 512 hash 6404ff35e8dec725 -> DEDUP to block 1089 (no write)
[cas    ] put len 512 hash 6404ff35e8dec725 -> DEDUP to block 1089 (no write)
[cas    ] put len 512 hash 6404ff35e8dec725 -> DEDUP to block 1089 (no write)
[cas    ] put len 512 hash 6404ff35e8dec725 -> DEDUP to block 1089 (no write)
[cas    ] put len 512 hash 6404ff35e8dec725 -> DEDUP to block 1089 (no write)
[cas    ] put len 512 hash 6404ff35e8dec725 -> DEDUP to block 1089 (no write)
[cas    ] put len 512 hash 6404ff35e8dec725 -> DEDUP to block 1089 (no write)
[cas    ] put len 512 hash 6404ff35e8dec725 -> DEDUP to block 1089 (no write)
[cas    ] put len 512 hash 6404ff35e8dec725 -> DEDUP to block 1089 (no write)
[cas    ] put len 512 hash 6404ff35e8dec725 -> DEDUP to block 1089 (no write)
[cas    ] put len 512 hash 6404ff35e8dec725 -> DEDUP to block 1089 (no write)
[cas    ] put len 512 hash 6404ff35e8dec725 -> DEDUP to block 1089 (no write)
[cas    ] put len 512 hash 6404ff35e8dec725 -> DEDUP to block 1089 (no write)
[cas    ] put len 512 hash 6404ff35e8dec725 -> DEDUP to block 1089 (no write)
[cas    ] put len 512 hash 6404ff35e8dec725 -> DEDUP to block 1089 (no write)
[cas    ] put len 512 hash 95855603ad6f2f65 -> DEDUP to block 1095 (no write)
[mmapfilestrs] PASS: file-backed mapping, privacy, sharing and writeback all behaved (exit 1500)
[mmapfilestrs] 7 file faults, 1 page-cache hits, 3 writebacks
[mmapfilestrs] PASS: pages were demand-faulted from the file, not eagerly copied
[mmapfilestrs] PASS: the page cache served a second mapper of the same page
[mmapfilestrs] PASS: dirty pages were written back
[mmapfilestrs] PASS: the file is still readable through the ordinary path after mapping
[mmapfilestrs] PASS: writeback left the driver's bytes, and only those
[mmapfilestrs] PASS: the file kept its length — a page-rounded mapping did not grow it
[mmapfilestrs] PASS: every file mapping was released with its process
[mmapfilestrs] PASS: no lock-rank violation across the mapping and writeback paths
[mmapfilestrs] RESULT: 10 passed, 0 failed
[mmapfilestrs] FILE-BACKED VM VERIFIED — shared pages are one page, and writes reach the file
-- done --
-- IOMMU (INTEL VT-d) STATUS + DMA ISOLATION --
[virt   ] CPUID.1:ECX.VMX = 0 (no VT-x — TCG emulation, guest execution unavailable)
[iommu  ] no remapping hardware on this platform (run QEMU with -device intel-iommu)
-- done --
-- CAPABILITY-BOUND DMA DOMAINS --
[capdma ] no IOMMU on this platform — run with -device intel-iommu
-- done --
-- RING-3 USERSPACE DEVICE DRIVER --
[kernel ] spawned pid 763 'nic-driver' caps 0000000000000011 — private PML4 @ phys 0000000001dac000
[drv    ] handing 'virtio-net' to unprivileged pid 763 (kernel leaves the data path)
[elf    ] loading 'nic-driver' from ISO module image at phys 00000000004da000 (0000000000021890 bytes)
[elf    ] PT_LOAD vaddr 0000500000000000 filesz 000000000001b280 memsz 000000000001b280 (ro) -> mapped USER (bounds ok)
[elf    ] PT_LOAD vaddr 000050000001c000 filesz 0000000000003f1e memsz 0000000000003f1e (ro) -> mapped USER (bounds ok)
[elf    ] PT_LOAD vaddr 0000500000020000 filesz 0000000000000284 memsz 0000000000037fe0 (rw) -> mapped USER (bounds ok)

[kernel ] --> RING 3 as pid 763 'nic-driver' (entry 000050000000009f, caps 0000000000000011, cr3 0000000001dac000)
  [drv:r3] ==== USERSPACE virtio-net DRIVER starting at ring 3 ====
[hw     ] GRANT  pid 763 'nic-driver' -> 'virtio-net': phys 00000000fe808000 mapped at vaddr 000040bec0000000 (4 pages)
  [drv:r3] NIC registers mapped into this process at vaddr 000040bec0000000
  [drv:r3] own DMA memory: vaddr 0000520000000000 -> phys 0000000002137000
  [drv:r3] negotiated features, FEATURES_OK accepted by device
  [drv:r3] TX virtqueue live in our own pages; DRIVER_OK set
  [drv:r3] *** TX COMPLETED BY HARDWARE *** used.idx=0000000000000001
  [drv:r3] the NIC read the descriptor and frame from THIS PROCESS's
  [drv:r3] memory via DMA, inside its capability-bound IOMMU domain.
[kernel ] <-- RING 0: 'nic-driver' returned via SYS_EXIT
-- done --
-- TCPSTRS: three-way handshake, byte streams, retransmission and FIN --
[kernel ] spawned pid 764 'tcpstr' caps 0000000000000010 — private PML4 @ phys 0000000001dfc000
[elf    ] PT_LOAD vaddr 0000500000000000 filesz 000000000001b280 memsz 000000000001b280 (ro) -> mapped USER (bounds ok)
[elf    ] PT_LOAD vaddr 000050000001c000 filesz 0000000000003f1e memsz 0000000000003f1e (ro) -> mapped USER (bounds ok)
[elf    ] PT_LOAD vaddr 0000500000020000 filesz 0000000000000284 memsz 0000000000037fe0 (rw) -> mapped USER (bounds ok)
[tcpstrs] PASS: handshake, byte stream, bidirectional traffic and FIN all behaved (exit 1600)
[tcpstrs] 19 segments out, 15 in, 2 connections, 2 dropped, 2 retransmits
[tcpstrs] PASS: real segments were exchanged in both directions
[tcpstrs] PASS: connections reached ESTABLISHED through a three-way handshake
[tcpstrs] PASS: the injected segment loss actually happened
[tcpstrs] PASS: RETRANSMISSION recovered the dropped segments
[tcpstrs] PASS: every stream socket was reclaimed with its descriptor
[tcpstrs] PASS: no descriptor leaked across the suite
[tcpstrs] PASS: no lock-rank violation across the TCP paths
[tcpstrs] PASS: the built frame is Ethernet + IPv4 + TCP of the right length
[tcpstrs] PASS: the IPv4 header checksum verifies
[tcpstrs] PASS: a frame this kernel built parses back, checksum and all
[tcpstrs] PASS: every header field survived the round trip
[tcpstrs] PASS: the payload survived the round trip byte for byte
[tcpstrs] PASS: a single flipped payload bit is REJECTED by the checksum
[tcpstrs] PASS: and it parses again once the bit is restored
[tcpstrs] PASS: the ARP request is a well-formed Ethernet ARP frame
[tcpstrs] PASS: an ARP reply is learned into the cache, MAC intact
[tcpstrs] PASS: a segment to a resolved peer is addressed to its MAC, not broadcast
[tcpstrs] PASS: an ARP request for THIS host is answered
[tcpstrs] PASS: an ARP request for SOMEBODY ELSE is not answered
[tcpstrs] arp: 4 learned, 0 requests out, 1 replies out, 4 hits, 0 misses
[tcpstrs] wire: 1 frames out, 0 in, 0 rejected
[tcpstrs] PASS: a segment for a non-loopback peer was built and TRANSMITTED
[tcpstrs] PASS: a FIN in FIN_WAIT2 enters TIME_WAIT with its 2*MSL clock ARMED
[tcpstrs] PASS: TIME_WAIT ends on the CLOCK, not on a descriptor close
[tcpstrs] PASS: a send is capped by the peer's advertised window, not by the buffer
[tcpstrs] PASS: a ZERO window stops the sender completely
[tcpstrs] PASS: a segment arriving past a hole is QUEUED, not dropped
[tcpstrs] PASS: filling the hole releases what was queued behind it
[tcpstrs] PASS: and the reassembled bytes are in the right order
[tcpstrs] v0.73: 1 timewait expiries, 2 window stalls, 1 ooo queued/1 merged/0 dropped
[tcpstrs] RESULT: 28 passed, 0 failed
[tcpstrs] TCP VERIFIED — a handshake, an ordered byte stream, and an announced end
-- done --
[mouse  ] PS/2 mouse online: id 3, 4-byte packets (wheel), IRQ 12
-- Metropolis-Terminal compositor: animated physics loop --
[gfx    ] animated 150 frames (glitch-in + spring + collision), settled. center=00000000000b0f16
-- done (screendump to view) --
-- RING-3 APPLICATION SURFACE (first-class scheduler thread) --
[kernel ] spawned pid 765 'surface-app' caps 0000000000000040 — private PML4 @ phys 0000000001dfc000
[elf    ] PT_LOAD vaddr 0000500000000000 filesz 000000000001b280 memsz 000000000001b280 (ro) -> mapped USER (bounds ok)
[elf    ] PT_LOAD vaddr 000050000001c000 filesz 0000000000003f1e memsz 0000000000003f1e (ro) -> mapped USER (bounds ok)
[elf    ] PT_LOAD vaddr 0000500000020000 filesz 0000000000000284 memsz 0000000000037fe0 (rw) -> mapped USER (bounds ok)
[uthread] spawned 'surface-app': pid 765 = tid 2 (role 2) — scheduled, not entered
[surface] handing canvas window 4 to unprivileged pid 765
[uthread] tid 2 --> RING 3 as pid 765 'surface-app' (entry 000050000000009f, cr3 0000000001dfc000)
  [app:r3] ==== RING-3 SURFACE THREAD: live event/render loop ====
[surface] pid 765 owns surface 4 (200x120) DOUBLE-BUFFERED at user vaddr 0000530000000000 (+24 pages back)
  [app:r3] got double-buffered surface at 0000530000000000 — drawing back buffers, publishing via SYS_SURFACE_FLIP
[surface] slot 4 bound=1 owner=pid 765 — compositor will place its pixels; the app KEEPS RUNNING
-- done --
-- RING-3 PROCESSES AS FIRST-CLASS SCHEDULER THREADS --
[kernel ] spawned pid 766 'ident-A' caps 0000000000000020 — private PML4 @ phys 0000000001b4c000
[elf    ] PT_LOAD vaddr 0000500000000000 filesz 000000000001b280 memsz 000000000001b280 (ro) -> mapped USER (bounds ok)
[elf    ] PT_LOAD vaddr 000050000001c000 filesz 0000000000003f1e memsz 0000000000003f1e (ro) -> mapped USER (bounds ok)
[elf    ] PT_LOAD vaddr 0000500000020000 filesz 0000000000000284 memsz 0000000000037fe0 (rw) -> mapped USER (bounds ok)
[uthread] spawned 'ident-A': pid 766 = tid 3 (role 4) — scheduled, not entered
[kernel ] spawned pid 767 'ident-B' caps 0000000000000000 — private PML4 @ phys 0000000001dd4000
[elf    ] PT_LOAD vaddr 0000500000000000 filesz 000000000001b280 memsz 000000000001b280 (ro) -> mapped USER (bounds ok)
[elf    ] PT_LOAD vaddr 000050000001c000 filesz 0000000000003f1e memsz 0000000000003f1e (ro) -> mapped USER (bounds ok)
[elf    ] PT_LOAD vaddr 0000500000020000 filesz 0000000000000284 memsz 0000000000037fe0 (rw) -> mapped USER (bounds ok)
[uthread] spawned 'ident-B': pid 767 = tid 4 (role 4) — scheduled, not entered
[uthread] tid 3 --> RING 3 as pid 766 'ident-A' (entry 000050000000009f, cr3 0000000001b4c000)
[uthread] tid 4 --> RING 3 as pid 767 'ident-B' (entry 000050000000009f, cr3 0000000001dd4000)
[uthread] tid 3 pid 766 'ident-A' exited (code 0) — thread reaped, 97 frame(s) reclaimed
[uthread] tid 4 pid 767 'ident-B' exited (code 0) — thread reaped, 97 frame(s) reclaimed
[threads]  PASS  two ring-3 threads ran to completion CONCURRENTLY with the kernel main thread
[threads]  PASS  per-thread process identity survived every context switch (both probers exit 0)
[threads]  PASS  SYS_EXIT reaps the thread (PCB slots returned to the scheduler)
[kernel ] spawned pid 768 'surf-exit' caps 0000000000000040 — private PML4 @ phys 0000000001dd4000
[elf    ] PT_LOAD vaddr 0000500000000000 filesz 000000000001b280 memsz 000000000001b280 (ro) -> mapped USER (bounds ok)
[elf    ] PT_LOAD vaddr 000050000001c000 filesz 0000000000003f1e memsz 0000000000003f1e (ro) -> mapped USER (bounds ok)
[elf    ] PT_LOAD vaddr 0000500000020000 filesz 0000000000000284 memsz 0000000000037fe0 (rw) -> mapped USER (bounds ok)
[uthread] spawned 'surf-exit': pid 768 = tid 3 (role 3) — scheduled, not entered
[uthread] tid 3 --> RING 3 as pid 768 'surf-exit' (entry 000050000000009f, cr3 0000000001dd4000)
[surface] pid 768 owns surface 3 (64x64) DOUBLE-BUFFERED at user vaddr 0000530000000000 (+4 pages back) (recycled pixel buffers)
  [x3 :r3] surface slot 3 live; exiting so the kernel reclaims it
[surface] slot 3 reclaimed on owner exit — 8 pages (phys 00000000014cb000) back on the free list
[uthread] tid 3 pid 768 'surf-exit' exited (code 0) — thread reaped, 100 frame(s) reclaimed
[threads]  PASS  surface reclaimed when its owner exits (slot unbound, buffer on free list)
[kernel ] spawned pid 769 'surf-exit2' caps 0000000000000040 — private PML4 @ phys 0000000001dd4000
[elf    ] PT_LOAD vaddr 0000500000000000 filesz 000000000001b280 memsz 000000000001b280 (ro) -> mapped USER (bounds ok)
[elf    ] PT_LOAD vaddr 000050000001c000 filesz 0000000000003f1e memsz 0000000000003f1e (ro) -> mapped USER (bounds ok)
[elf    ] PT_LOAD vaddr 0000500000020000 filesz 0000000000000284 memsz 0000000000037fe0 (rw) -> mapped USER (bounds ok)
[uthread] spawned 'surf-exit2': pid 769 = tid 3 (role 3) — scheduled, not entered
[uthread] tid 3 --> RING 3 as pid 769 'surf-exit2' (entry 000050000000009f, cr3 0000000001dd4000)
[surface] pid 769 owns surface 3 (64x64) DOUBLE-BUFFERED at user vaddr 0000530000000000 (+4 pages back) (recycled pixel buffers)
  [x3 :r3] surface slot 3 live; exiting so the kernel reclaims it
[surface] slot 3 reclaimed on owner exit — 8 pages (phys 00000000014cb000) back on the free list
[uthread] tid 3 pid 769 'surf-exit2' exited (code 0) — thread reaped, 100 frame(s) reclaimed
[threads]  PASS  reclaimed pixel buffer is RECYCLED by the next surface create (same phys)
[kernel ] spawned pid 770 'stack-bomb-t' caps 0000000000000000 — private PML4 @ phys 0000000001dd4000
[uthread] tid 3 --> RING 3 as pid 770 'stack-bomb-t' (entry 0000500000000000, cr3 0000000001dd4000)

[guard  ] STACK OVERFLOW: ring-3 pid 770 hit guard page @ 0000500000fefff8 — task terminated
[uthread] faulting tid 3 terminated — siblings and kernel unaffected, 10 frame(s) reclaimed
[threads]  PASS  faulting ring-3 thread hit the guard page and was terminated (not unwound)
[threads]  PASS  kernel and sibling threads survive the fault (surface app still bound)
[threads] RESULT: 7 passed, 0 failed
[threads] FIRST-CLASS RING-3 THREADS VERIFIED — concurrent, isolated, reaped
-- done --
-- DOUBLE-BUFFERED SURFACES: page flip vs tearing --
[kernel ] spawned pid 771 'tear-test' caps 0000000000000040 — private PML4 @ phys 0000000001dd4000
[elf    ] PT_LOAD vaddr 0000500000000000 filesz 000000000001b280 memsz 000000000001b280 (ro) -> mapped USER (bounds ok)
[elf    ] PT_LOAD vaddr 000050000001c000 filesz 0000000000003f1e memsz 0000000000003f1e (ro) -> mapped USER (bounds ok)
[elf    ] PT_LOAD vaddr 0000500000020000 filesz 0000000000000284 memsz 0000000000037fe0 (rw) -> mapped USER (bounds ok)
[uthread] spawned 'tear-test': pid 771 = tid 3 (role 5) — scheduled, not entered
[uthread] tid 3 --> RING 3 as pid 771 'tear-test' (entry 000050000000009f, cr3 0000000001dd4000)
[surface] pid 771 owns surface 5 (64x64) DOUBLE-BUFFERED at user vaddr 0000530000000000 (+4 pages back) (recycled pixel buffers)
  [tt :r3] tear-test live: 400 alternating full frames via SYS_SURFACE_FLIP
[flip   ]  PASS  ring-3 thread created a double-buffered surface (front+back pair)
[flip   ]  PASS  both buffers are user-mapped in the owner (and only 2*bufpages of them)
[flip   ]  PASS  flips on a slot with NO consumer complete immediately (producer never parks)
[flip   ]  PASS  sibling surface thread kept running while another slot was consumed
[flip   ] consumed 200 published frames: 0 torn, 100/100 color A/B
[flip   ]  PASS  200 frames published through SYS_SURFACE_FLIP under preemption
[flip   ]  PASS  ZERO torn frames: every published front buffer is a COMPLETE frame
[flip   ]  PASS  frames alternate strictly (each flip is exactly one finished frame)
[surface] slot 5 reclaimed on owner exit — 8 pages (phys 00000000014cb000) back on the free list
[uthread] tid 3 pid 771 'tear-test' exited (code 0) — thread reaped, 100 frame(s) reclaimed
[flip   ]  PASS  double buffer reclaimed as one chunk when the owner exits
[flip   ] RESULT: 8 passed, 0 failed
[flip   ] PAGE FLIP VERIFIED — the compositor can no longer observe a half-drawn frame
-- done --
-- CURSOR COORDINATE TRANSLATION INVARIANTS --
[cursor ]  PASS  screen->world->screen round-trip exact at all zooms (<=1 px)
[cursor ] worst round-trip error across 150 samples: 1 px
[cursor ]  PASS  world->screen->world round-trip stable
[cursor ]  PASS  zoom-at-cursor keeps the world point pinned under the pointer
[cursor ] worst anchor drift across 150 zoom ops: 0 world units
[cursor ]  PASS  panning preserves projected size (no drift)
[cursor ]  PASS  2x zoom doubles projected size
[cursor ]  PASS  hit-testing matches rendering (centre of each window picks it)
[cursor ] RESULT: 6 passed, 0 failed
[cursor ] COORDINATE TRANSLATION LOCKED DOWN
-- done --
-- KINETIC CAMERA INVARIANTS --
[kinetic]  PASS  a flick imparts momentum (camera keeps moving after input stops)
[kinetic]  PASS  friction brings the camera to a complete rest
[kinetic] flick settled in 48 frames; glide distance 193 world units
[kinetic]  PASS  glide distance is bounded (no runaway)
[kinetic]  PASS  eased zoom converges to its target
[kinetic]  PASS  anchor stays pinned on EVERY frame of the eased zoom
[kinetic] worst mid-transition anchor drift over 4 zooms: 0 world units
[kinetic]  PASS  commanded glide converges exactly on its target
[kinetic] glide-to-focus converged in 25 frames
[kinetic]  PASS  eased zoom does not overshoot its target
[kinetic]  PASS  zoom stays clamped to 12.5%..400% under repeated impulses
[kinetic]  PASS  dt grouping is EXACT: 100 frames @ dt=2 == 200 frames @ dt=1 (bit-identical)
[kinetic]  PASS  irregular frame times (1..5 ticks) land on the identical camera state
[kinetic]  PASS  window-spring dt grouping is EXACT (60 frames @ dt=2 == 120 @ dt=1)
[kinetic]  PASS  window springs under irregular frame times land on the identical state
[kinetic] RESULT: 12 passed, 0 failed
[kinetic] KINETIC CAMERA VERIFIED — momentum settles, anchor never slips
-- done --
-- METROPOLIS-TERMINAL: spatial canvas (interactive) --
[canvas ] 300 frames | camera world (-30,0) zoom 88% | focus 'TIME-STREAM' | hud closed
-- done --
-- INPUT ROUTING TO A LIVE RING-3 THREAD (single canvas pass) --
[canvas ] frame 30: click synthesized at screen (470,400)
  [app:r3] click at surface-local (000000000000001f,0000000000000014) — repainting NOW, mid-pass
[canvas ] frame 60: click synthesized at screen (560,440)
  [app:r3] click at surface-local (000000000000005b,0000000000000040) — repainting NOW, mid-pass
[canvas ] frame 90: click synthesized at screen (660,470)
  [app:r3] click at surface-local (000000000000009d,0000000000000061) — repainting NOW, mid-pass
[canvas ] 150 frames | camera world (-30,0) zoom 88% | focus 'VIDEO-EDITOR' | hud closed
[surfin ] app repainted DURING the pass: 447 hit-marker pixels (0000000000f06a18) in its surface
-- done --
-- KEYBOARD ROUTING TO RING-3 SURFACES (type=2) --
[canvas ] 30 frames | camera world (164,0) zoom 88% | focus 'VIDEO-EDITOR' | hud closed
[keys   ]  PASS  navigation-mode keys steer the camera, none leak to the app
  [app:r3] key event code 0000000000000048 — echoing into our pixels
  [app:r3] key event code 0000000000000049 — echoing into our pixels
  [app:r3] key event code 0000000000000020 — echoing into our pixels
  [app:r3] key event code 0000000000000052 — echoing into our pixels
  [app:r3] key event code 0000000000000033 — echoing into our pixels
[canvas ] 90 frames | camera world (171,0) zoom 88% | focus 'VIDEO-EDITOR' | hud closed
[keys   ]  PASS  Enter armed type-to-app and 5 keys were routed to the focused surface
[keys   ]  PASS  Esc returned the keyboard to canvas navigation
[keys   ] pixel-decoded from the published front buffer: "HI R3"
[keys   ]  PASS  app painted the typed text — pixels decode back to "HI R3"
[canvas ] 30 frames | camera world (365,0) zoom 88% | focus 'VIDEO-EDITOR' | hud closed
[keys   ]  PASS  post-Esc keys move the camera again and the app receives none
[keys   ] RESULT: 5 passed, 0 failed
[keys   ] KEYBOARD ROUTING VERIFIED — the focused app owns the keys, end to end
-- done --
-- METROPOLIS-TERMINAL: spatial canvas (interactive) --
[canvas ] 120 frames | camera world (0,0) zoom 100% | focus 'TIME-STREAM' | hud closed
-- done --
-- genuine ring-3 user mode: capability passthrough via SYSCALL trap --
[kernel ] demo device: REAL 'virtio-net' (virtio MMIO @ phys 00000000fe808000)
[kernel ] spawned pid 772 'stream-app' caps 0000000000000011 — private PML4 @ phys 0000000001dd4000
[kernel ] spawned pid 773 'sketchy-app' caps 0000000000000020 — private PML4 @ phys 0000000001e27000
[kernel ] user program source: ELF module loaded from ISO
[elf    ] loading 'stream-app' from ISO module image at phys 00000000004da000 (0000000000021890 bytes)
[elf    ] PT_LOAD vaddr 0000500000000000 filesz 000000000001b280 memsz 000000000001b280 (ro) -> mapped USER (bounds ok)
[elf    ] PT_LOAD vaddr 000050000001c000 filesz 0000000000003f1e memsz 0000000000003f1e (ro) -> mapped USER (bounds ok)
[elf    ] PT_LOAD vaddr 0000500000020000 filesz 0000000000000284 memsz 0000000000037fe0 (rw) -> mapped USER (bounds ok)

[kernel ] --> RING 3 as pid 772 'stream-app' (entry 000050000000009f, caps 0000000000000011, cr3 0000000001dd4000)
  [elf:r3] user_init.elf alive at ring 3
00000000005ec0de  [elf:r3] callee-saved regs survive SYSCALL: PASS
  [elf:r3] requesting virtio MMIO window via SYSCALL...
[hw     ] GRANT  pid 772 'stream-app' -> 'virtio-net': phys 00000000fe808000 mapped at vaddr 000040c100000000 (4 pages)
  [elf:r3] virtio-net MAC read from device registers: 0000525400abcdef
  [elf:r3] opening "motd" via sys_open...
  [elf:r3] file access DENIED (this process lacks CAP_FILESYSTEM)
  [elf:r3] framebuffer access DENIED (no CAP_FRAMEBUFFER)
[kernel ] <-- RING 0: 'stream-app' returned via SYS_EXIT
[elf    ] loading 'sketchy-app' from ISO module image at phys 00000000004da000 (0000000000021890 bytes)
[elf    ] PT_LOAD vaddr 0000500000000000 filesz 000000000001b280 memsz 000000000001b280 (ro) -> mapped USER (bounds ok)
[elf    ] PT_LOAD vaddr 000050000001c000 filesz 0000000000003f1e memsz 0000000000003f1e (ro) -> mapped USER (bounds ok)
[elf    ] PT_LOAD vaddr 0000500000020000 filesz 0000000000000284 memsz 0000000000037fe0 (rw) -> mapped USER (bounds ok)

[kernel ] --> RING 3 as pid 773 'sketchy-app' (entry 000050000000009f, caps 0000000000000020, cr3 0000000001e27000)
  [elf:r3] user_init.elf alive at ring 3
00000000005ec0de  [elf:r3] callee-saved regs survive SYSCALL: PASS
  [elf:r3] requesting virtio MMIO window via SYSCALL...
[hw     ] DENIED pid 773 'sketchy-app' -> 'virtio-net': lacks CAP_HW_PASSTHROUGH
  [elf:r3] passthrough DENIED, code fffffffffffffffe
  [elf:r3] opening "motd" via sys_open...
  [elf:r3] read from VFS -> motd v2 - overwritten content.
  [elf:r3] framebuffer access DENIED (no CAP_FRAMEBUFFER)
[kernel ] <-- RING 0: 'sketchy-app' returned via SYS_EXIT
[cas    ] put len 512 hash cb049d9ab47d32ce -> DEDUP to block 650 (no write)
[cas    ] put len 512 hash 74fde0ba14acbbb6 -> DEDUP to block 651 (no write)
[cas    ] put len 512 hash 549298c50fdbd1fe -> DEDUP to block 652 (no write)
[cas    ] put len 512 hash bd123c2163f46d8d -> DEDUP to block 653 (no write)
[cas    ] put len 512 hash 1f837e34bc74f83e -> DEDUP to block 654 (no write)
[cas    ] put len 512 hash f4d57d21ee971b0e -> DEDUP to block 655 (no write)
[cas    ] put len 512 hash 3ff7dd6f6240a0c6 -> DEDUP to block 656 (no write)
[cas    ] put len 512 hash bac7b7e9c318fe80 -> DEDUP to block 657 (no write)
[cas    ] put len 512 hash 50d603b7dedb2e94 -> DEDUP to block 658 (no write)
[cas    ] put len 512 hash ca87ada26a4383d1 -> DEDUP to block 659 (no write)
[cas    ] put len 512 hash 1a33bff36f212ddf -> DEDUP to block 660 (no write)
[cas    ] put len 512 hash 552fdeb721c253f2 -> DEDUP to block 661 (no write)
[cas    ] put len 512 hash e21be967b069b4be -> DEDUP to block 662 (no write)
[cas    ] put len 512 hash 181330c62c219a0a -> DEDUP to block 663 (no write)
[cas    ] put len 512 hash 1b24812c91e881f3 -> DEDUP to block 664 (no write)
[cas    ] put len 512 hash 7c21c18cefd8754a -> DEDUP to block 665 (no write)
[cas    ] put len 512 hash d0a4e6d5f82d3617 -> DEDUP to block 666 (no write)
[cas    ] put len 512 hash 8182fdb2d49a764d -> DEDUP to block 667 (no write)
[cas    ] put len 512 hash 805ba60b1ee45198 -> DEDUP to block 668 (no write)
[cas    ] put len 512 hash 9e11fa65caab22c9 -> DEDUP to block 669 (no write)
[cas    ] put len 512 hash 6d763aee56740376 -> DEDUP to block 670 (no write)
[cas    ] put len 512 hash d40294dfdc14556a -> DEDUP to block 671 (no write)
[cas    ] put len 512 hash 12e38d2cc09dc0d9 -> DEDUP to block 672 (no write)
[cas    ] put len 512 hash 10b9843bd1f9ff7b -> DEDUP to block 673 (no write)
[cas    ] put len 512 hash 72ff90a4885373be -> DEDUP to block 674 (no write)
[cas    ] put len 512 hash bdb43bc9d08e3261 -> DEDUP to block 675 (no write)
[cas    ] put len 512 hash e1cec4a31dc4f5b9 -> DEDUP to block 676 (no write)
[cas    ] put len 512 hash 4dedf00f4682836c -> DEDUP to block 677 (no write)
[cas    ] put len 512 hash 64100964eff12b85 -> DEDUP to block 678 (no write)
[cas    ] put len 512 hash 9068016c157f439f -> DEDUP to block 679 (no write)
[cas    ] put len 512 hash 65cc1d92e9ef409e -> DEDUP to block 680 (no write)
[cas    ] put len 512 hash 205cfcc4ff17eed9 -> DEDUP to block 681 (no write)
[cas    ] put len 512 hash 0c7595d5e60e5c42 -> DEDUP to block 682 (no write)
[cas    ] put len 512 hash 3f156594b60b2ea1 -> DEDUP to block 683 (no write)
[cas    ] put len 512 hash f9c0dd24844d0674 -> DEDUP to block 684 (no write)
[cas    ] put len 512 hash 49fc733d5117112a -> DEDUP to block 685 (no write)
[cas    ] put len 512 hash 534c365be165ee7e -> DEDUP to block 686 (no write)
[cas    ] put len 512 hash 455f12a23bbf47e0 -> DEDUP to block 687 (no write)
[cas    ] put len 512 hash fb7af756ff84a1ef -> DEDUP to block 688 (no write)
[cas    ] put len 512 hash f699cf84b16a7803 -> DEDUP to block 689 (no write)
[cas    ] put len 512 hash 20dc2a002c502d13 -> DEDUP to block 690 (no write)
[cas    ] put len 512 hash a00d92e7613600df -> DEDUP to block 691 (no write)
[cas    ] put len 512 hash 518da76accb6172e -> DEDUP to block 692 (no write)
[cas    ] put len 512 hash fe33d9f883f4b034 -> DEDUP to block 693 (no write)
[cas    ] put len 512 hash 1c4d89a8c3f1932d -> DEDUP to block 694 (no write)
[cas    ] put len 512 hash 11d7ce6f5d24a86d -> DEDUP to block 695 (no write)
[cas    ] put len 512 hash 98ac926c021d3806 -> DEDUP to block 696 (no write)
[cas    ] put len 512 hash b7364cf80c53794b -> DEDUP to block 697 (no write)
[cas    ] put len 512 hash 9b753db2b25fdc49 -> DEDUP to block 698 (no write)
[cas    ] put len 512 hash e244b88b2541b827 -> DEDUP to block 699 (no write)
[cas    ] put len 512 hash 8e144cbfbbac9aea -> DEDUP to block 700 (no write)
[cas    ] put len 512 hash f5770b12bde9e29d -> DEDUP to block 701 (no write)
[cas    ] put len 512 hash b76aebbcb10796b7 -> DEDUP to block 702 (no write)
[cas    ] put len 512 hash cdfeaa860e7b7653 -> DEDUP to block 703 (no write)
[cas    ] put len 512 hash 06533b0cccf5984c -> DEDUP to block 704 (no write)
[cas    ] put len 512 hash 35e852ac7fc68968 -> DEDUP to block 705 (no write)
[cas    ] put len 512 hash a4d009f00535a96c -> DEDUP to block 706 (no write)
[cas    ] put len 512 hash c784dcf8c687bcaf -> DEDUP to block 707 (no write)
[cas    ] put len 512 hash b66dc150e10b50d4 -> DEDUP to block 708 (no write)
[cas    ] put len 512 hash 496de50c8d805489 -> DEDUP to block 709 (no write)
[cas    ] put len 512 hash 06ff8aa4f4b7a652 -> DEDUP to block 710 (no write)
[cas    ] put len 512 hash beb08bb3736d5109 -> DEDUP to block 711 (no write)
[cas    ] put len 512 hash 8dc6d84bf32f4aaf -> DEDUP to block 712 (no write)
[cas    ] put len 512 hash 59fec655207d24b0 -> DEDUP to block 713 (no write)
[cas    ] put len 512 hash 51f05eac88e2fe1d -> DEDUP to block 714 (no write)
[cas    ] put len 512 hash 7b8fd1101d158ec3 -> DEDUP to block 715 (no write)
[cas    ] put len 512 hash a53bdb72a0fc4a1b -> DEDUP to block 716 (no write)
[cas    ] put len 512 hash e80e64d49f744991 -> DEDUP to block 717 (no write)
[cas    ] put len 512 hash 8e75a22a7fb2b404 -> DEDUP to block 718 (no write)
[cas    ] put len 512 hash 6c75ae4cae75ee80 -> DEDUP to block 719 (no write)
[cas    ] put len 512 hash 861aeaa82070257c -> DEDUP to block 720 (no write)
[cas    ] put len 512 hash a9551d44080f8fa0 -> DEDUP to block 721 (no write)
[cas    ] put len 512 hash ab34ed9d5ef99796 -> DEDUP to block 722 (no write)
[cas    ] put len 512 hash 1c58e88b623e4667 -> DEDUP to block 723 (no write)
[cas    ] put len 512 hash 8f767b05d5b45ac2 -> DEDUP to block 724 (no write)
[cas    ] put len 512 hash f1b5b1633672fa02 -> DEDUP to block 725 (no write)
[cas    ] put len 512 hash 2b53186aae58ecc5 -> DEDUP to block 726 (no write)
[cas    ] put len 512 hash 276935224de959ff -> DEDUP to block 727 (no write)
[cas    ] put len 512 hash 7e0766a111101583 -> DEDUP to block 728 (no write)
[cas    ] put len 512 hash c8d7bf2836c5de53 -> DEDUP to block 729 (no write)
[cas    ] put len 512 hash 155348f5bed3dc0d -> DEDUP to block 730 (no write)
[cas    ] put len 512 hash 3dc1d62de63fa424 -> DEDUP to block 731 (no write)
[cas    ] put len 512 hash d69ced1b4fbaa366 -> DEDUP to block 732 (no write)
[cas    ] put len 512 hash 80478a13a7bfd015 -> DEDUP to block 733 (no write)
[cas    ] put len 512 hash 015da332096a84f9 -> DEDUP to block 734 (no write)
[cas    ] put len 512 hash e543889ddda45b25 -> DEDUP to block 735 (no write)
[cas    ] put len 512 hash a6fc35d52285e091 -> DEDUP to block 736 (no write)
[cas    ] put len 512 hash aa7d83fac7e912ac -> DEDUP to block 737 (no write)
[cas    ] put len 512 hash 26b35985a9664f3a -> DEDUP to block 738 (no write)
[cas    ] put len 512 hash ae6420694bb45e78 -> DEDUP to block 739 (no write)
[cas    ] put len 512 hash bf74743f377d546a -> DEDUP to block 740 (no write)
[cas    ] put len 512 hash 6b317a14034d2af2 -> DEDUP to block 741 (no write)
[cas    ] put len 512 hash ab67e36ca07d22f4 -> DEDUP to block 742 (no write)
[cas    ] put len 512 hash fde0087272b287d9 -> DEDUP to block 743 (no write)
[cas    ] put len 512 hash 71290aa289b48de4 -> DEDUP to block 744 (no write)
[cas    ] put len 512 hash 6261d7b179284a02 -> DEDUP to block 745 (no write)
[cas    ] put len 512 hash 9fbf934ea0fd42db -> DEDUP to block 746 (no write)
[cas    ] put len 512 hash 461a68dc00bba7c7 -> DEDUP to block 747 (no write)
[cas    ] put len 512 hash 17551b48c941c4ff -> DEDUP to block 748 (no write)
[cas    ] put len 512 hash 83aeabab6472cef8 -> DEDUP to block 749 (no write)
[cas    ] put len 512 hash 2a57159a3f9b5b73 -> DEDUP to block 750 (no write)
[cas    ] put len 512 hash 7a51b7d1378fc1df -> DEDUP to block 751 (no write)
[cas    ] put len 512 hash fbef5b0a9e291c52 -> DEDUP to block 752 (no write)
[cas    ] put len 512 hash 9189cb5a32da272e -> DEDUP to block 753 (no write)
[cas    ] put len 512 hash c60c168bbfdea88e -> DEDUP to block 754 (no write)
[cas    ] put len 512 hash fc86440863f24de4 -> DEDUP to block 755 (no write)
[cas    ] put len 512 hash 2421ce05ff50625e -> DEDUP to block 756 (no write)
[cas    ] put len 512 hash 6b3f5c07560ed066 -> DEDUP to block 757 (no write)
[cas    ] put len 512 hash 2d707bcd074a024f -> DEDUP to block 758 (no write)
[cas    ] put len 512 hash cae6a53aec96943b -> DEDUP to block 759 (no write)
[cas    ] put len 512 hash 2f1d937e7676ff91 -> DEDUP to block 760 (no write)
[cas    ] put len 512 hash 01b842284f3d4c41 -> DEDUP to block 761 (no write)
[cas    ] put len 512 hash 59168b05660da34e -> DEDUP to block 762 (no write)
[cas    ] put len 512 hash 218c22bdaa15b537 -> DEDUP to block 763 (no write)
[cas    ] put len 512 hash 59e7751dab70735d -> DEDUP to block 764 (no write)
[cas    ] put len 512 hash 37a7cc8c71fbd546 -> DEDUP to block 765 (no write)
[cas    ] put len 512 hash d64c5a7cc99c4a19 -> DEDUP to block 766 (no write)
[cas    ] put len 512 hash 5564a26741a486fc -> DEDUP to block 767 (no write)
[cas    ] put len 512 hash 99b2edd92e6997ed -> DEDUP to block 768 (no write)
[cas    ] put len 512 hash 6c44a20450546d69 -> DEDUP to block 769 (no write)
[cas    ] put len 512 hash 4fab1f747fec95bd -> DEDUP to block 770 (no write)
[cas    ] put len 512 hash 4243e2ecd4d22eda -> DEDUP to block 771 (no write)
[cas    ] put len 512 hash f9b349d1c155387c -> DEDUP to block 772 (no write)
[cas    ] put len 512 hash 4f99777730212fe9 -> DEDUP to block 773 (no write)
[cas    ] put len 512 hash ecf9dcc758ff2e21 -> DEDUP to block 774 (no write)
[cas    ] put len 512 hash 26737a09871c3ece -> DEDUP to block 775 (no write)
[cas    ] put len 512 hash 6777171360bc6ff5 -> DEDUP to block 776 (no write)
[cas    ] put len 512 hash 07435d37e893b360 -> DEDUP to block 777 (no write)
[cas    ] put len 512 hash 693e054d1377913b -> DEDUP to block 778 (no write)
[cas    ] put len 512 hash 4092338b57a1b943 -> DEDUP to block 779 (no write)
[cas    ] put len 512 hash 661d9ed3165c6fc0 -> DEDUP to block 780 (no write)
[cas    ] put len 512 hash e62595199ecca322 -> DEDUP to block 781 (no write)
[cas    ] put len 512 hash 446fd5228c15ce45 -> DEDUP to block 782 (no write)
[cas    ] put len 512 hash 662400ac3b9e8fac -> DEDUP to block 783 (no write)
[cas    ] put len 512 hash d214f0624d9e0f13 -> DEDUP to block 784 (no write)
[cas    ] put len 512 hash 7da5b1c30b9b5fd1 -> DEDUP to block 785 (no write)
[cas    ] put len 512 hash db90a97bcdcc26f7 -> DEDUP to block 786 (no write)
[cas    ] put len 512 hash 3b7d8cf12e92fe88 -> DEDUP to block 787 (no write)
[cas    ] put len 512 hash c10832d43fc1007f -> DEDUP to block 788 (no write)
[cas    ] put len 512 hash 6a72d00192d3ecb6 -> DEDUP to block 789 (no write)
[cas    ] put len 512 hash 61f269fcd37fc094 -> DEDUP to block 790 (no write)
[cas    ] put len 512 hash e79c29c233f7da07 -> DEDUP to block 791 (no write)
[cas    ] put len 512 hash cab98b0221e256c5 -> DEDUP to block 792 (no write)
[cas    ] put len 512 hash 16d348f2d430842f -> DEDUP to block 793 (no write)
[cas    ] put len 512 hash 76c522074c95a6b9 -> DEDUP to block 794 (no write)
[cas    ] put len 512 hash 3447a5d6850ecb87 -> DEDUP to block 795 (no write)
[cas    ] put len 512 hash aeea77cebb84bb68 -> DEDUP to block 796 (no write)
[cas    ] put len 512 hash 29f8c426c81130c2 -> DEDUP to block 797 (no write)
[cas    ] put len 512 hash 37fa07888bcbfb48 -> DEDUP to block 798 (no write)
[cas    ] put len 512 hash d7862d828914a83f -> DEDUP to block 799 (no write)
[cas    ] put len 512 hash 2c965e7e60834133 -> DEDUP to block 800 (no write)
[cas    ] put len 512 hash d39c98bdeb6a9aa0 -> DEDUP to block 801 (no write)
[cas    ] put len 512 hash d019a6d770bd6d29 -> DEDUP to block 802 (no write)
[cas    ] put len 512 hash b9b3630a8734be28 -> DEDUP to block 803 (no write)
[cas    ] put len 512 hash ed867e1f7161b474 -> DEDUP to block 804 (no write)
[cas    ] put len 512 hash 630f40c2c8b054d9 -> DEDUP to block 805 (no write)
[cas    ] put len 512 hash 51c87f9b668cc21d -> DEDUP to block 806 (no write)
[cas    ] put len 512 hash 32f2633908c8bd26 -> DEDUP to block 807 (no write)
[cas    ] put len 512 hash fb8210b171e629a8 -> DEDUP to block 808 (no write)
[cas    ] put len 512 hash da26a3ad4a041e52 -> DEDUP to block 809 (no write)
[cas    ] put len 512 hash 527f1f0b5148a0f2 -> DEDUP to block 810 (no write)
[cas    ] put len 512 hash 2fc502eb8b6608d8 -> DEDUP to block 811 (no write)
[cas    ] put len 512 hash 2f66a0643e54ac1c -> DEDUP to block 812 (no write)
[cas    ] put len 512 hash 1bba0492ef249b6e -> DEDUP to block 813 (no write)
[cas    ] put len 512 hash be5b73c858a69c3f -> DEDUP to block 814 (no write)
[cas    ] put len 512 hash eabb040700654302 -> DEDUP to block 815 (no write)
[cas    ] put len 512 hash e409c376f054cd31 -> DEDUP to block 816 (no write)
[cas    ] put len 512 hash 2b522e99baf924fe -> DEDUP to block 817 (no write)
[cas    ] put len 512 hash 83294d706dea784a -> DEDUP to block 818 (no write)
[cas    ] put len 512 hash b93429248cbfe0b4 -> DEDUP to block 819 (no write)
[cas    ] put len 512 hash 4609dd07de19dbff -> DEDUP to block 820 (no write)
[cas    ] put len 512 hash 24e3cef710113b14 -> DEDUP to block 821 (no write)
[cas    ] put len 512 hash 203c48d724f3e515 -> DEDUP to block 822 (no write)
[cas    ] put len 512 hash acd374af0757745f -> DEDUP to block 823 (no write)
[cas    ] put len 512 hash d0e5d6f3e3170287 -> DEDUP to block 824 (no write)
[cas    ] put len 512 hash 9452262d087b0e58 -> DEDUP to block 825 (no write)
[cas    ] put len 512 hash 54c945da49245e8f -> DEDUP to block 826 (no write)
[cas    ] put len 512 hash ace1792c3a31f9dd -> DEDUP to block 827 (no write)
[cas    ] put len 512 hash b1733f7a71c398ec -> DEDUP to block 828 (no write)
[cas    ] put len 512 hash 1364eac47edf6b59 -> DEDUP to block 829 (no write)
[cas    ] put len 512 hash d68f6bd604a4834e -> DEDUP to block 830 (no write)
[cas    ] put len 512 hash 660baa674c1d0b9c -> DEDUP to block 831 (no write)
[cas    ] put len 512 hash a4a2c995ed13dff8 -> DEDUP to block 832 (no write)
[cas    ] put len 512 hash 6f384f20d5552884 -> DEDUP to block 833 (no write)
[cas    ] put len 512 hash 7435166e7b7c5127 -> DEDUP to block 834 (no write)
[cas    ] put len 512 hash 99f6cbc201d5cb13 -> DEDUP to block 835 (no write)
[cas    ] put len 512 hash f7c543825daf32d6 -> DEDUP to block 836 (no write)
[cas    ] put len 512 hash 9fac9e5ab8dbfe2e -> DEDUP to block 837 (no write)
[cas    ] put len 512 hash 1956582b88e7dead -> DEDUP to block 838 (no write)
[cas    ] put len 512 hash 26c5453945aa18dc -> DEDUP to block 839 (no write)
[cas    ] put len 512 hash 4f47e4b082169e38 -> DEDUP to block 840 (no write)
[cas    ] put len 512 hash f0cbfe44cddd4fad -> DEDUP to block 841 (no write)
[cas    ] put len 512 hash 2f187a95520a887c -> DEDUP to block 842 (no write)
[cas    ] put len 512 hash 57f1adb18a0fe4a6 -> DEDUP to block 843 (no write)
[cas    ] put len 512 hash d5df4cfa21de7f43 -> DEDUP to block 844 (no write)
[cas    ] put len 512 hash bc90eee697f15ff0 -> DEDUP to block 845 (no write)
[cas    ] put len 512 hash cf51636096c4a06e -> DEDUP to block 846 (no write)
[cas    ] put len 512 hash ffa1990c776639be -> DEDUP to block 847 (no write)
[cas    ] put len 512 hash 6b5c50235a0b29b0 -> DEDUP to block 848 (no write)
[cas    ] put len 512 hash f8557e50f3f44fd1 -> DEDUP to block 849 (no write)
[cas    ] put len 512 hash c841a2c57a162fd9 -> DEDUP to block 850 (no write)
[cas    ] put len 512 hash 940c1a790c234998 -> DEDUP to block 851 (no write)
[cas    ] put len 512 hash 1db750237b539e1c -> DEDUP to block 852 (no write)
[cas    ] put len 512 hash a8e134254456d4c2 -> DEDUP to block 853 (no write)
[cas    ] put len 512 hash 719a4fb9ec077c47 -> DEDUP to block 854 (no write)
[cas    ] put len 512 hash 884bc36039cd5aad -> DEDUP to block 855 (no write)
[cas    ] put len 512 hash 51aa4c26c8066cc2 -> DEDUP to block 856 (no write)
[cas    ] put len 512 hash 5c5f2ee14a874b51 -> DEDUP to block 857 (no write)
[cas    ] put len 512 hash ea83d63435194c49 -> DEDUP to block 858 (no write)
[cas    ] put len 512 hash 4741ed08c336fa95 -> DEDUP to block 859 (no write)
[cas    ] put len 512 hash de9352a4c808e2c5 -> DEDUP to block 860 (no write)
[cas    ] put len 512 hash e213785f9ccbc387 -> DEDUP to block 861 (no write)
[cas    ] put len 512 hash 4d188281ed943faa -> DEDUP to block 862 (no write)
[cas    ] put len 512 hash 664ea0181c2bc4bd -> DEDUP to block 863 (no write)
[cas    ] put len 512 hash 1cf7b8646c6f9968 -> DEDUP to block 864 (no write)
[cas    ] put len 512 hash a2e015e5b660fcf6 -> DEDUP to block 865 (no write)
[cas    ] put len 512 hash 5663a0e2c4ccd66b -> DEDUP to block 866 (no write)
[cas    ] put len 512 hash 0649d03eb3834c8b -> DEDUP to block 867 (no write)
[cas    ] put len 512 hash 570fb336b58b9f63 -> DEDUP to block 868 (no write)
[cas    ] put len 512 hash b2b02b4bd0c36a18 -> DEDUP to block 869 (no write)
[cas    ] put len 512 hash 22967a87a0af5217 -> DEDUP to block 870 (no write)
[cas    ] put len 512 hash b67b1ec2a9cac5f6 -> DEDUP to block 871 (no write)
[cas    ] put len 512 hash 420ac3b8f70cb496 -> DEDUP to block 872 (no write)
[cas    ] put len 512 hash 2bab9c1589c4a5b1 -> DEDUP to block 873 (no write)
[cas    ] put len 512 hash 03aa00191c02e5e8 -> DEDUP to block 874 (no write)
[cas    ] put len 512 hash 904f5675ce38c585 -> DEDUP to block 875 (no write)
[cas    ] put len 512 hash 9761d812bdde625c -> DEDUP to block 876 (no write)
[cas    ] put len 512 hash ea0fd3fd3a0aad89 -> DEDUP to block 877 (no write)
[cas    ] put len 512 hash 966f4dd399921622 -> DEDUP to block 878 (no write)
[cas    ] put len 512 hash 9f7d60c3d7a4022f -> DEDUP to block 879 (no write)
[cas    ] put len 512 hash 2e8a82bd010987a6 -> DEDUP to block 880 (no write)
[cas    ] put len 512 hash 112167a3993970ef -> DEDUP to block 881 (no write)
[cas    ] put len 512 hash f605c3b475cc2271 -> DEDUP to block 882 (no write)
[cas    ] put len 512 hash 1edeaa529fbf2abd -> DEDUP to block 883 (no write)
[cas    ] put len 512 hash d5d11d0f946b895c -> DEDUP to block 884 (no write)
[cas    ] put len 512 hash 411f2e0c4fc352e1 -> DEDUP to block 885 (no write)
[cas    ] put len 512 hash 80bfa9934dc294bd -> DEDUP to block 886 (no write)
[cas    ] put len 512 hash 3d5185e462f372b8 -> DEDUP to block 887 (no write)
[cas    ] put len 512 hash 7f697b516c7e65b0 -> DEDUP to block 888 (no write)
[cas    ] put len 512 hash 142d69602f3227bf -> DEDUP to block 889 (no write)
[cas    ] put len 512 hash 489e0699a10e23b1 -> DEDUP to block 890 (no write)
[cas    ] put len 512 hash c5e40b10a691d17f -> DEDUP to block 891 (no write)
[cas    ] put len 512 hash 7051755971e53e07 -> DEDUP to block 892 (no write)
[cas    ] put len 512 hash 501ff2ff2ff1a7fb -> DEDUP to block 893 (no write)
[cas    ] put len 512 hash 1b371cd9f36dad15 -> DEDUP to block 894 (no write)
[cas    ] put len 512 hash f1a13d76a1f405a2 -> DEDUP to block 895 (no write)
[cas    ] put len 512 hash e93f2a0d8ea7daf3 -> DEDUP to block 896 (no write)
[cas    ] put len 512 hash f9bb1f8f8f7a479d -> DEDUP to block 897 (no write)
[cas    ] put len 512 hash 628869b9c89b3e5e -> DEDUP to block 898 (no write)
[cas    ] put len 512 hash d4b557820fe1a59d -> DEDUP to block 899 (no write)
[cas    ] put len 512 hash 4b7827b6d9dbecad -> DEDUP to block 900 (no write)
[cas    ] put len 512 hash 082d6d73e614833b -> DEDUP to block 901 (no write)
[cas    ] put len 512 hash 919bbb8023695a59 -> DEDUP to block 902 (no write)
[cas    ] put len 512 hash 4aa61315f38bbbf0 -> DEDUP to block 903 (no write)
[cas    ] put len 512 hash a4d7032695f57bcf -> DEDUP to block 904 (no write)
[cas    ] put len 512 hash 71f8d5259c44a119 -> DEDUP to block 905 (no write)
[cas    ] put len 512 hash 90323063c4b966f6 -> DEDUP to block 906 (no write)
[cas    ] put len 512 hash 6a73a77f1e9c9de4 -> DEDUP to block 907 (no write)
[cas    ] put len 512 hash 8d24f4366c3bdf7e -> DEDUP to block 908 (no write)
[cas    ] put len 512 hash bb5313a49f13bae0 -> DEDUP to block 909 (no write)
[cas    ] put len 512 hash 7dc9186f5cbc40f4 -> DEDUP to block 910 (no write)
[cas    ] put len 512 hash de0d02180a1aa5e2 -> DEDUP to block 911 (no write)
[cas    ] put len 512 hash 8e924bd0cecb75d2 -> DEDUP to block 912 (no write)
[cas    ] put len 512 hash 25fd509da9b91355 -> DEDUP to block 913 (no write)
[cas    ] put len 512 hash fb75fe9e2f1c9c59 -> DEDUP to block 914 (no write)
[cas    ] put len 512 hash 9d5a9de4f6b9d2c9 -> DEDUP to block 915 (no write)
[cas    ] put len 512 hash de1e043ee8476dcd -> DEDUP to block 916 (no write)
[cas    ] put len 512 hash 0953bc328f120617 -> DEDUP to block 917 (no write)
[cas    ] put len 144 hash a8449f85cc33d2e4 -> DEDUP to block 918 (no write)
[cas    ] put len 512 hash 91564c338c789e51 -> DEDUP to block 919 (no write)
[cas    ] put len 512 hash a8551aa023b2ae04 -> DEDUP to block 920 (no write)
[cas    ] put len 512 hash 8cefa0214020f763 -> DEDUP to block 921 (no write)
[cas    ] put len 512 hash ff00b67cbc8dd5d3 -> DEDUP to block 922 (no write)
[cas    ] put len 512 hash 361f610ccc280ec5 -> DEDUP to block 923 (no write)
[kernel ] spawned pid 774 'cas-exec' caps 0000000000000071 — private PML4 @ phys 00000000017f4000

[kernel ] exec-from-storage: running 'init' loaded from CAS (not GRUB)
[exec   ] read 137360 ELF bytes from CAS (file_hash d21c8e172ed69e5f) — not a GRUB module
[elf    ] PT_LOAD vaddr 0000500000000000 filesz 000000000001b280 memsz 000000000001b280 (ro) -> mapped USER (bounds ok)
[elf    ] PT_LOAD vaddr 000050000001c000 filesz 0000000000003f1e memsz 0000000000003f1e (ro) -> mapped USER (bounds ok)
[elf    ] PT_LOAD vaddr 0000500000020000 filesz 0000000000000284 memsz 0000000000037fe0 (rw) -> mapped USER (bounds ok)

[kernel ] --> RING 3 as pid 774 'init' (entry 000050000000009f, caps 0000000000000071, cr3 00000000017f4000)
  [elf:r3] user_init.elf alive at ring 3
00000000005ec0de  [elf:r3] callee-saved regs survive SYSCALL: PASS
  [elf:r3] requesting virtio MMIO window via SYSCALL...
[hw     ] GRANT  pid 774 'cas-exec' -> 'virtio-net': phys 00000000fe808000 mapped at vaddr 000040c180000000 (4 pages)
  [elf:r3] virtio-net MAC read from device registers: 0000525400abcdef
  [elf:r3] opening "motd" via sys_open...
  [elf:r3] read from VFS -> motd v2 - overwritten content.
[gfx    ] sys_map_framebuffer: mapped 3072 KiB of FB into pid 774 at user vaddr 0000550000000000
  [elf:r3] mapped framebuffer; drawing a ring-3 marker
[kernel ] <-- RING 0: 'init' returned via SYS_EXIT
-- done: capabilities decided per-process — hardware for one, files
   for another, both for the CAS-loaded process. --
[excur  ] BSP thread switches during a live ring-3 excursion: 291642
[klock  ] rank violations=0 underflow=0 mismatch=0
[klock  ] KERNEL_DEBUG off: ownership and context checks NOT compiled in
[connect] apyield=0 stale=0

Type 'help' for commands, 'demo' for the capability walk-through.
outrun> 